tag_type,tag_id,time_utc,rssi,lat,lon,sync,family,payload,voltage,temp_c
bluetooth,13323C65,2025-05-27 19:17:05.273046Z,-65,39.001103,-74.914262,55068,1,0,2984,23.07
bluetooth,5504D31A,2025-05-27 19:17:05.321779Z,-79,39.001103,-74.914262,11603,2,0,1560,26.73
radio434mhz,071E6661,2025-05-27 19:17:05.323403Z,-98,39.001103,-74.914262
bluetooth,D7510A57,2025-05-27 19:17:05.468019Z,-66,39.001103,-74.914262,21676,1,0,1949,24.41
bluetooth,870614B1,2025-05-27 19:17:05.760570Z,-37,39.001103,-74.914262,20705,2,0,1559,20.09
bluetooth,E2A807D7,2025-05-27 19:17:05.809266Z,-82,39.001103,-74.914262,12535,1,0,1913,25.24
bluetooth,81D187E3,2025-05-27 19:17:06.053094Z,-72,39.001104,-74.914262,58176,1,0,2962,24.86
bluetooth,13323C65,2025-05-27 19:17:06.345537Z,-67,39.001104,-74.914262,29707,1,0,2984,23.04
bluetooth,D7510A57,2025-05-27 19:17:06.491878Z,-63,39.001104,-74.914262,35409,1,0,1949,24.43
bluetooth,2172633A,2025-05-27 19:17:06.637801Z,-71,39.001104,-74.914262,13329,2,0,1565,25.29
bluetooth,81D187E3,2025-05-27 19:17:07.029146Z,-78,39.001104,-74.914262,10570,1,0,2962,25.04
bluetooth,367E0F4A,2025-05-27 19:17:07.076782Z,-79,39.001107,-74.914265,16010,1,0,2956,24.79
bluetooth,59FE8D30,2025-05-27 19:17:07.417907Z,-59,39.001107,-74.914265,51176,1,0,1926,23.02
bluetooth,D7510A57,2025-05-27 19:17:07.564117Z,-63,39.001107,-74.914265,22252,1,0,1949,24.54
radio434mhz,614C192D,2025-05-27 19:17:07.565997Z,-105,39.001107,-74.914265
bluetooth,23D9727E,2025-05-27 19:17:07.856882Z,-32,39.001107,-74.914265,44595,2,0,1554,37.05
bluetooth,81D187E3,2025-05-27 19:17:08.051648Z,-75,39.001108,-74.914266,22701,1,0,2963,24.91
radio434mhz,1E336107,2025-05-27 19:17:08.148720Z,-65,39.001108,-74.914266
bluetooth,A648A0E7,2025-05-27 19:17:08.295588Z,-75,39.001108,-74.914266,53339,1,0,2983,23.63
bluetooth,0000006E,2025-05-27 19:17:08.344396Z,-68,39.001108,-74.914266,51962,1,0,1912,24.38
bluetooth,13323C65,2025-05-27 19:17:08.346442Z,-66,39.001108,-74.914266,15597,1,0,2984,22.87
radio434mhz,071E6661,2025-05-27 19:17:08.539518Z,-97,39.001108,-74.914266
bluetooth,E85FB74C,2025-05-27 19:17:08.685351Z,-85,39.001108,-74.914266,3986,2,0,1528,26.56
bluetooth,870614B1,2025-05-27 19:17:08.785738Z,-38,39.001108,-74.914266,10454,2,0,1558,20.06
bluetooth,81D187E3,2025-05-27 19:17:09.172978Z,-81,39.001109,-74.914267,17511,1,0,2962,25.19
bluetooth,A648A0E7,2025-05-27 19:17:09.271094Z,-79,39.001109,-74.914267,46368,1,0,2983,23.73
bluetooth,13323C65,2025-05-27 19:17:09.368106Z,-68,39.001109,-74.914267,62990,1,0,2983,23.09
bluetooth,D7510A57,2025-05-27 19:17:09.514307Z,-68,39.001109,-74.914267,17938,1,0,1949,24.59
userLocation,user,2025-05-27 19:17:10.026060Z,0,39.001109,-74.914268
bluetooth,59FE8D30,2025-05-27 19:17:10.440720Z,-73,39.001109,-74.914268,62276,1,0,1926,22.99
bluetooth,D7510A57,2025-05-27 19:17:10.537947Z,-66,39.001109,-74.914268,64243,1,0,1949,24.33
bluetooth,23D9727E,2025-05-27 19:17:10.928095Z,-33,39.001109,-74.914268,43098,2,0,1554,36.97
bluetooth,81D187E3,2025-05-27 19:17:11.075979Z,-82,39.001114,-74.914277,64736,1,0,2963,24.97
bluetooth,3F9E3319,2025-05-27 19:17:11.366853Z,-83,39.001114,-74.914277,61123,1,0,1810,28.05
bluetooth,59FE8D30,2025-05-27 19:17:11.415806Z,-67,39.001114,-74.914277,4922,1,0,1926,22.99
radio434mhz,071E6661,2025-05-27 19:17:11.707817Z,-92,39.001114,-74.914277
radio434mhz,19332A07,2025-05-27 19:17:11.756346Z,-102,39.001114,-74.914277
bluetooth,870614B1,2025-05-27 19:17:11.854339Z,-39,39.001114,-74.914277,44277,2,0,1554,19.99
bluetooth,81D187E3,2025-05-27 19:17:12.098148Z,-80,39.001119,-74.914282,8684,1,0,2962,24.94
bluetooth,A648A0E7,2025-05-27 19:17:12.294362Z,-75,39.001119,-74.914282,45042,1,0,2983,23.80
bluetooth,59FE8D30,2025-05-27 19:17:12.390522Z,-75,39.001119,-74.914282,1339,1,0,1925,22.94
bluetooth,D7510A57,2025-05-27 19:17:12.536490Z,-68,39.001119,-74.914282,59047,1,0,1949,24.48
bluetooth,2172633A,2025-05-27 19:17:12.683396Z,-72,39.001119,-74.914282,63775,2,0,1563,25.55
radio434mhz,614C192D,2025-05-27 19:17:13.121582Z,-106,39.001123,-74.914302
radio434mhz,1E336107,2025-05-27 19:17:13.366504Z,-64,39.001123,-74.914302
bluetooth,59FE8D30,2025-05-27 19:17:13.414243Z,-60,39.001123,-74.914302,36228,1,0,1925,22.99
bluetooth,13323C65,2025-05-27 19:17:13.463649Z,-81,39.001123,-74.914302,11339,1,0,2984,23.17
bluetooth,D7510A57,2025-05-27 19:17:13.706852Z,-72,39.001123,-74.914302,35808,1,0,1949,24.56
bluetooth,23D9727E,2025-05-27 19:17:13.999336Z,-49,39.001123,-74.914302,39097,2,0,1554,36.94
bluetooth,13323C65,2025-05-27 19:17:14.486892Z,-78,39.001098,-74.914267,32869,1,0,2984,23.15
bluetooth,D7510A57,2025-05-27 19:17:14.535661Z,-63,39.001098,-74.914267,63638,1,0,1949,24.69
radio434mhz,071E6661,2025-05-27 19:17:14.827945Z,-96,39.001098,-74.914267
bluetooth,13323C65,2025-05-27 19:17:15.510469Z,-78,39.001102,-74.914274,192,1,0,2984,23.27
bluetooth,D7510A57,2025-05-27 19:17:15.608047Z,-71,39.001102,-74.914274,46069,1,0,1949,24.56
bluetooth,367E0F4A,2025-05-27 19:17:16.292069Z,-76,39.001106,-74.914284,42791,1,0,2955,25.02
bluetooth,A648A0E7,2025-05-27 19:17:16.387947Z,-74,39.001106,-74.914284,41562,1,0,2982,23.78
bluetooth,D7510A57,2025-05-27 19:17:16.583378Z,-72,39.001106,-74.914284,45163,1,0,1949,24.26
bluetooth,3F9E3319,2025-05-27 19:17:17.314624Z,-84,39.001106,-74.914298,11727,1,0,1809,27.95
bluetooth,59FE8D30,2025-05-27 19:17:17.315810Z,-65,39.001106,-74.914298,28791,1,0,1926,22.99
bluetooth,A648A0E7,2025-05-27 19:17:17.411928Z,-73,39.001106,-74.914298,41628,1,0,2984,23.52
bluetooth,D7510A57,2025-05-27 19:17:17.607251Z,-70,39.001106,-74.914298,6763,1,0,1948,24.46
bluetooth,E197FE3E,2025-05-27 19:17:17.655615Z,-82,39.001106,-74.914298,34640,1,0,1802,28.45
bluetooth,870614B1,2025-05-27 19:17:17.802201Z,-47,39.001106,-74.914298,36640,2,0,1504,19.48
radio434mhz,071E6661,2025-05-27 19:17:18.094967Z,-98,39.001107,-74.914309
bluetooth,A648A0E7,2025-05-27 19:17:18.438352Z,-76,39.001107,-74.914309,4365,1,0,2983,23.75
radio434mhz,1E336107,2025-05-27 19:17:18.533383Z,-63,39.001107,-74.914309
bluetooth,81D187E3,2025-05-27 19:17:19.118215Z,-78,39.001110,-74.914320,23349,1,0,2961,24.89
bluetooth,59FE8D30,2025-05-27 19:17:19.362005Z,-70,39.001110,-74.914320,51269,1,0,1926,22.92
bluetooth,13323C65,2025-05-27 19:17:19.557Z,-74,39.001110,-74.914320,7508,1,0,2983,23.09
bluetooth,D7510A57,2025-05-27 19:17:19.605669Z,-70,39.001110,-74.914320,60872,1,0,1949,24.33
bluetooth,07F9389E,2025-05-27 19:17:19.654421Z,-81,39.001110,-74.914320,37392,2,0,1542,25.75
userLocation,user,2025-05-27 19:17:20.027977Z,0,39.001110,-74.914330
bluetooth,367E0F4A,2025-05-27 19:17:20.385765Z,-75,39.001110,-74.914330,47294,1,0,2956,24.76
bluetooth,59FE8D30,2025-05-27 19:17:20.387098Z,-69,39.001110,-74.914330,53240,1,0,1925,22.79
bluetooth,A648A0E7,2025-05-27 19:17:20.387401Z,-74,39.001110,-74.914330,6997,1,0,2983,23.80
bluetooth,13323C65,2025-05-27 19:17:20.532532Z,-70,39.001110,-74.914330,14578,1,0,2985,23.12
bluetooth,D7510A57,2025-05-27 19:17:20.580638Z,-74,39.001110,-74.914330,20213,1,0,1949,24.59
bluetooth,77AAF9E2,2025-05-27 19:17:20.678698Z,-81,39.001110,-74.914330,3528,1,0,1754,26.61
bluetooth,870614B1,2025-05-27 19:17:20.824380Z,-44,39.001110,-74.914330,35570,2,0,1502,19.61
bluetooth,81D187E3,2025-05-27 19:17:21.116944Z,-76,39.001110,-74.914345,43546,1,0,2962,24.94
radio434mhz,071E6661,2025-05-27 19:17:21.166142Z,-89,39.001110,-74.914345
bluetooth,59FE8D30,2025-05-27 19:17:21.409413Z,-71,39.001110,-74.914345,33326,1,0,1925,22.77
bluetooth,D7510A57,2025-05-27 19:17:21.556361Z,-64,39.001110,-74.914345,45461,1,0,1948,24.61
radio434mhz,19332A07,2025-05-27 19:17:22.237936Z,-105,39.001110,-74.914353
bluetooth,B78FE24A,2025-05-27 19:17:22.287047Z,-79,39.001110,-74.914353,17031,1,0,1897,25.75
bluetooth,59FE8D30,2025-05-27 19:17:22.579669Z,-68,39.001110,-74.914353,63481,1,0,1925,23.09
bluetooth,367E0F4A,2025-05-27 19:17:22.580413Z,-76,39.001110,-74.914353,5996,1,0,2957,24.66
bluetooth,A648A0E7,2025-05-27 19:17:22.580816Z,-75,39.001110,-74.914353,57993,1,0,2983,23.80
bluetooth,D7510A57,2025-05-27 19:17:22.628218Z,-70,39.001110,-74.914353,50456,1,0,1948,24.54
bluetooth,77AAF9E2,2025-05-27 19:17:22.629327Z,-83,39.001110,-74.914353,27037,1,0,1753,26.99
bluetooth,59FE8D30,2025-05-27 19:17:23.360376Z,-69,39.001108,-74.914364,25437,1,0,1926,22.84
bluetooth,D7510A57,2025-05-27 19:17:23.603269Z,-70,39.001108,-74.914364,55870,1,0,1948,24.59
bluetooth,13323C65,2025-05-27 19:17:23.604745Z,-78,39.001108,-74.914364,52155,1,0,2983,23.15
radio434mhz,1E336107,2025-05-27 19:17:23.748876Z,-63,39.001108,-74.914364
radio434mhz,614C192D,2025-05-27 19:17:23.993023Z,-107,39.001108,-74.914364
radio434mhz,071E6661,2025-05-27 19:17:24.334255Z,-94,39.001105,-74.914376
bluetooth,367E0F4A,2025-05-27 19:17:24.431724Z,-73,39.001105,-74.914376,24429,1,0,2956,24.76
bluetooth,A648A0E7,2025-05-27 19:17:24.433037Z,-72,39.001105,-74.914376,44434,1,0,2984,23.55
bluetooth,D7510A57,2025-05-27 19:17:24.578355Z,-70,39.001105,-74.914376,35618,1,0,1948,24.48
bluetooth,59FE8D30,2025-05-27 19:17:25.407527Z,-73,39.001100,-74.914383,22958,1,0,1925,22.94
bluetooth,367E0F4A,2025-05-27 19:17:25.456312Z,-79,39.001100,-74.914383,49582,1,0,2956,24.76
bluetooth,13323C65,2025-05-27 19:17:25.651407Z,-76,39.001100,-74.914383,18144,1,0,2984,23.30
bluetooth,367E0F4A,2025-05-27 19:17:26.528185Z,-77,39.001083,-74.914349,27475,1,0,2955,24.76
bluetooth,870614B1,2025-05-27 19:17:26.820878Z,-47,39.001083,-74.914349,55213,2,0,1508,19.33
bluetooth,59FE8D30,2025-05-27 19:17:27.406313Z,-77,39.001080,-74.914357,47336,1,0,1925,23.02
radio434mhz,071E6661,2025-05-27 19:17:27.503311Z,-108,39.001080,-74.914357
bluetooth,59FE8D30,2025-05-27 19:17:28.430121Z,-70,39.001072,-74.914359,63087,1,0,1925,23.02
radio434mhz,1E336107,2025-05-27 19:17:28.916614Z,-64,39.001072,-74.914359
bluetooth,81D187E3,2025-05-27 19:17:29.161405Z,-82,39.001063,-74.914363,31530,1,0,2961,24.94
bluetooth,0000006E,2025-05-27 19:17:29.258830Z,-82,39.001063,-74.914363,54777,1,0,1911,24.18
radio434mhz,614C192D,2025-05-27 19:17:29.404751Z,-105,39.001063,-74.914363
bluetooth,23D9727E,2025-05-27 19:17:29.406536Z,-46,39.001063,-74.914363,7402,2,0,1555,36.54
bluetooth,367E0F4A,2025-05-27 19:17:29.550529Z,-74,39.001063,-74.914363,38590,1,0,2956,24.69
bluetooth,870614B1,2025-05-27 19:17:29.892880Z,-49,39.001063,-74.914363,65490,2,0,1514,19.13
userLocation,user,2025-05-27 19:17:30.029549Z,0,39.001055,-74.914362
bluetooth,59FE8D30,2025-05-27 19:17:30.428949Z,-83,39.001055,-74.914362,53875,1,0,1925,22.92
bluetooth,367E0F4A,2025-05-27 19:17:30.720971Z,-73,39.001055,-74.914362,26989,1,0,2956,24.64
bluetooth,D7510A57,2025-05-27 19:17:30.722902Z,-75,39.001055,-74.914362,38515,1,0,1947,24.54
bluetooth,13323C65,2025-05-27 19:17:30.723546Z,-82,39.001055,-74.914362,14433,1,0,2983,23.02
bluetooth,59FE8D30,2025-05-27 19:17:31.403633Z,-74,39.001048,-74.914364,28586,1,0,1925,22.82
bluetooth,23D9727E,2025-05-27 19:17:32.476405Z,-54,39.001048,-74.914364,11446,2,0,1554,36.77
bluetooth,367E0F4A,2025-05-27 19:17:32.622098Z,-79,39.001048,-74.914364,8186,1,0,2956,24.69
bluetooth,870614B1,2025-05-27 19:17:32.866421Z,-50,39.001048,-74.914364,31622,2,0,1526,19.51
bluetooth,59FE8D30,2025-05-27 19:17:33.450910Z,-69,39.001030,-74.914340,52609,1,0,1925,22.74
bluetooth,D7510A57,2025-05-27 19:17:33.646403Z,-77,39.001030,-74.914340,49160,1,0,1948,24.71
bluetooth,367E0F4A,2025-05-27 19:17:33.647692Z,-75,39.001030,-74.914340,23862,1,0,2956,24.81
radio434mhz,071E6661,2025-05-27 19:17:33.841397Z,-94,39.001030,-74.914340
radio434mhz,1E336107,2025-05-27 19:17:34.084120Z,-65,39.001022,-74.914339
bluetooth,59FE8D30,2025-05-27 19:17:34.524030Z,-73,39.001022,-74.914339,37729,1,0,1926,22.89
bluetooth,367E0F4A,2025-05-27 19:17:34.718922Z,-77,39.001022,-74.914339,63230,1,0,2956,24.71
bluetooth,E2A807D7,2025-05-27 19:17:34.767660Z,-86,39.001022,-74.914339,5353,1,0,1911,25.32
bluetooth,23D9727E,2025-05-27 19:17:35.645179Z,-52,39.001017,-74.914342,11884,2,0,1553,36.52
bluetooth,367E0F4A,2025-05-27 19:17:35.742202Z,-76,39.001017,-74.914342,65246,1,0,2956,24.59
radio434mhz,342A074C,2025-05-27 19:17:35.888303Z,-108,39.001017,-74.914342
bluetooth,870614B1,2025-05-27 19:17:35.890318Z,-52,39.001017,-74.914342,46399,2,0,1544,19.15
bluetooth,59FE8D30,2025-05-27 19:17:36.425116Z,-70,39.001007,-74.914343,26198,1,0,1925,23.12
bluetooth,2172633A,2025-05-27 19:17:36.815121Z,-74,39.001007,-74.914343,46219,2,0,1564,25.22
bluetooth,13323C65,2025-05-27 19:17:36.864008Z,-82,39.001007,-74.914343,25622,1,0,2984,23.02
radio434mhz,334C4B61,2025-05-27 19:17:36.912540Z,-110,39.001007,-74.914343
radio434mhz,071E6661,2025-05-27 19:17:36.960552Z,-92,39.001007,-74.914343
bluetooth,81D187E3,2025-05-27 19:17:37.204644Z,-83,39.000998,-74.914348,19415,1,0,2962,24.89
bluetooth,D7510A57,2025-05-27 19:17:37.643874Z,-71,39.000998,-74.914348,2216,1,0,1949,24.31
bluetooth,367E0F4A,2025-05-27 19:17:37.692516Z,-75,39.000998,-74.914348,63583,1,0,2956,24.64
bluetooth,13323C65,2025-05-27 19:17:37.839123Z,-77,39.000998,-74.914348,43518,1,0,2983,22.94
bluetooth,0000006E,2025-05-27 19:17:38.180405Z,-72,39.000993,-74.914358,55797,1,0,1912,24.13
bluetooth,59FE8D30,2025-05-27 19:17:38.423356Z,-69,39.000993,-74.914358,18960,1,0,1925,23.07
bluetooth,E85FB74C,2025-05-27 19:17:38.471979Z,-81,39.000993,-74.914358,42868,2,0,1527,26.10
bluetooth,367E0F4A,2025-05-27 19:17:38.766291Z,-78,39.000993,-74.914358,61058,1,0,2956,24.79
bluetooth,870614B1,2025-05-27 19:17:38.862218Z,-47,39.000993,-74.914358,29583,2,0,1552,19.41
bluetooth,13323C65,2025-05-27 19:17:38.863623Z,-74,39.000993,-74.914358,25511,1,0,2984,23.40
radio434mhz,1E336107,2025-05-27 19:17:39.300613Z,-64,39.000986,-74.914368
bluetooth,59FE8D30,2025-05-27 19:17:39.447003Z,-66,39.000986,-74.914368,11250,1,0,1925,22.87
bluetooth,D7510A57,2025-05-27 19:17:39.641952Z,-73,39.000986,-74.914368,29142,1,0,1948,24.56
userLocation,user,2025-05-27 19:17:40.028703Z,0,39.000980,-74.914382
bluetooth,81D187E3,2025-05-27 19:17:40.178536Z,-76,39.000980,-74.914382,1754,1,0,2962,24.94
bluetooth,B78FE24A,2025-05-27 19:17:40.276072Z,-74,39.000980,-74.914382,1840,1,0,1895,25.72
bluetooth,3F9E3319,2025-05-27 19:17:40.277736Z,-84,39.000980,-74.914382,38835,1,0,1807,27.92
radio434mhz,071E6661,2025-05-27 19:17:40.373178Z,-96,39.000980,-74.914382
bluetooth,59FE8D30,2025-05-27 19:17:40.422427Z,-70,39.000980,-74.914382,44902,1,0,1925,23.09
bluetooth,D7510A57,2025-05-27 19:17:40.616979Z,-73,39.000980,-74.914382,56751,1,0,1949,24.51
bluetooth,A648A0E7,2025-05-27 19:17:40.714643Z,-83,39.000980,-74.914382,19261,1,0,2983,23.60
bluetooth,367E0F4A,2025-05-27 19:17:40.763225Z,-84,39.000980,-74.914382,42235,1,0,2957,24.59
bluetooth,23D9727E,2025-05-27 19:17:41.689753Z,-53,39.000978,-74.914396,24450,2,0,1554,36.54
bluetooth,77AAF9E2,2025-05-27 19:17:41.690616Z,-79,39.000978,-74.914396,44475,1,0,1751,26.89
bluetooth,E2A807D7,2025-05-27 19:17:41.788434Z,-84,39.000978,-74.914396,31575,1,0,1913,25.22
bluetooth,367E0F4A,2025-05-27 19:17:41.835933Z,-78,39.000978,-74.914396,26829,1,0,2957,24.74
bluetooth,870614B1,2025-05-27 19:17:41.884497Z,-47,39.000978,-74.914396,54953,2,0,1556,19.10
bluetooth,13323C65,2025-05-27 19:17:41.933367Z,-80,39.000978,-74.914396,34562,1,0,2983,23.15
bluetooth,77AAF9E2,2025-05-27 19:17:42.713695Z,-78,39.000977,-74.914411,30979,1,0,1753,26.76
bluetooth,13323C65,2025-05-27 19:17:42.957348Z,-83,39.000977,-74.914411,31637,1,0,2983,23.20
bluetooth,81D187E3,2025-05-27 19:17:43.201145Z,-81,39.000973,-74.914425,53903,1,0,2962,25.04
bluetooth,59FE8D30,2025-05-27 19:17:43.396735Z,-79,39.000973,-74.914425,3735,1,0,1924,23.12
radio434mhz,071E6661,2025-05-27 19:17:43.542778Z,-97,39.000973,-74.914425
bluetooth,E2A807D7,2025-05-27 19:17:43.835435Z,-82,39.000973,-74.914425,47076,1,0,1911,25.02
bluetooth,367E0F4A,2025-05-27 19:17:43.981077Z,-77,39.000973,-74.914425,44378,1,0,2956,24.69
bluetooth,19836CFF,2025-05-27 19:17:43.982742Z,-85,39.000973,-74.914425,28827,1,0,1899,23.93
bluetooth,0000006E,2025-05-27 19:17:44.226845Z,-79,39.000974,-74.914424,50890,1,0,1911,24.13
radio434mhz,1E336107,2025-05-27 19:17:44.420311Z,-62,39.000974,-74.914424
bluetooth,07F9389E,2025-05-27 19:17:44.712257Z,-79,39.000974,-74.914424,51096,2,0,1543,25.90
bluetooth,23D9727E,2025-05-27 19:17:44.760747Z,-50,39.000974,-74.914424,21726,2,0,1554,36.77
bluetooth,870614B1,2025-05-27 19:17:44.861106Z,-50,39.000974,-74.914424,19478,2,0,1555,19.20
bluetooth,77AAF9E2,2025-05-27 19:17:45.737131Z,-78,39.000976,-74.914440,64512,1,0,1752,26.71
radio434mhz,614C192D,2025-05-27 19:17:45.882141Z,-110,39.000976,-74.914440
bluetooth,81D187E3,2025-05-27 19:17:46.174568Z,-84,39.000979,-74.914459,48097,1,0,2962,25.02
bluetooth,E2A807D7,2025-05-27 19:17:46.809328Z,-83,39.000979,-74.914459,49428,1,0,1910,25.24
bluetooth,13323C65,2025-05-27 19:17:47.052933Z,-82,39.000985,-74.914471,46055,1,0,2984,23.15
bluetooth,0000006E,2025-05-27 19:17:47.247972Z,-71,39.000985,-74.914471,16020,1,0,1911,24.13
bluetooth,B78FE24A,2025-05-27 19:17:47.296774Z,-76,39.000985,-74.914471,41521,1,0,1894,26.08
radio434mhz,334C4B61,2025-05-27 19:17:47.638680Z,-108,39.000985,-74.914471
bluetooth,E197FE3E,2025-05-27 19:17:47.688875Z,-84,39.000985,-74.914471,25769,1,0,1800,28.50
bluetooth,23D9727E,2025-05-27 19:17:47.832580Z,-48,39.000985,-74.914471,19825,2,0,1554,36.44
bluetooth,59FE8D30,2025-05-27 19:17:48.418057Z,-74,39.000993,-74.914483,31841,1,0,1923,22.99
bluetooth,19836CFF,2025-05-27 19:17:48.953752Z,-83,39.000993,-74.914483,51806,1,0,1899,23.90
bluetooth,13323C65,2025-05-27 19:17:49.099891Z,-80,39.001003,-74.914494,11027,1,0,2984,23.17
bluetooth,B78FE24A,2025-05-27 19:17:49.295582Z,-86,39.001003,-74.914494,40003,1,0,1895,25.85
radio434mhz,1E336107,2025-05-27 19:17:49.635996Z,-59,39.001003,-74.914494
bluetooth,D7510A57,2025-05-27 19:17:49.636992Z,-75,39.001003,-74.914494,63005,1,0,1948,24.56
bluetooth,A648A0E7,2025-05-27 19:17:49.832884Z,-81,39.001003,-74.914494,10687,1,0,2982,23.70
radio434mhz,071E6661,2025-05-27 19:17:49.880470Z,-102,39.001003,-74.914494
bluetooth,367E0F4A,2025-05-27 19:17:49.978379Z,-74,39.001003,-74.914494,15786,1,0,2956,24.79
userLocation,user,2025-05-27 19:17:50.027343Z,0,39.001013,-74.914498
bluetooth,13323C65,2025-05-27 19:17:50.074933Z,-79,39.001013,-74.914498,31630,1,0,2983,22.99
bluetooth,0000006E,2025-05-27 19:17:50.221442Z,-78,39.001013,-74.914498,14480,1,0,1911,24.21
bluetooth,59FE8D30,2025-05-27 19:17:50.416341Z,-83,39.001013,-74.914498,32699,1,0,1924,22.82
bluetooth,D7510A57,2025-05-27 19:17:50.660116Z,-76,39.001013,-74.914498,1734,1,0,1947,24.26
bluetooth,81D187E3,2025-05-27 19:17:52.268722Z,-83,39.001036,-74.914500,1196,1,0,2962,24.97
bluetooth,59FE8D30,2025-05-27 19:17:52.366217Z,-78,39.001036,-74.914500,18536,1,0,1924,22.82
bluetooth,D7510A57,2025-05-27 19:17:52.658915Z,-74,39.001036,-74.914500,41811,1,0,1947,24.18
bluetooth,77AAF9E2,2025-05-27 19:17:52.756267Z,-78,39.001036,-74.914500,47604,1,0,1752,26.56
bluetooth,E2A807D7,2025-05-27 19:17:53.829461Z,-79,39.001046,-74.914499,64932,1,0,1911,25.14
bluetooth,870614B1,2025-05-27 19:17:53.926971Z,-49,39.001046,-74.914499,48689,2,0,1554,19.41
bluetooth,23D9727E,2025-05-27 19:17:54.024237Z,-50,39.001046,-74.914499,28925,2,0,1554,36.62
bluetooth,B3DA9765,2025-05-27 19:17:54.121534Z,-80,39.001056,-74.914503,62434,1,0,1635,25.14
bluetooth,13323C65,2025-05-27 19:17:54.170179Z,-77,39.001056,-74.914503,53786,1,0,2985,23.15
bluetooth,B78FE24A,2025-05-27 19:17:54.316379Z,-85,39.001056,-74.914503,37559,1,0,1893,26.00
bluetooth,59FE8D30,2025-05-27 19:17:54.462654Z,-73,39.001056,-74.914503,22463,1,0,1924,22.92
radio434mhz,1E336107,2025-05-27 19:17:54.803488Z,-63,39.001056,-74.914503
bluetooth,367E0F4A,2025-05-27 19:17:55.096500Z,-82,39.001065,-74.914506,53022,1,0,2956,24.61
bluetooth,D7510A57,2025-05-27 19:17:55.681632Z,-73,39.001065,-74.914506,34990,1,0,1948,24.64
bluetooth,E197FE3E,2025-05-27 19:17:55.730899Z,-79,39.001065,-74.914506,32092,1,0,1800,28.35
radio434mhz,071E6661,2025-05-27 19:17:56.217494Z,-104,39.001075,-74.914497
bluetooth,59FE8D30,2025-05-27 19:17:56.413211Z,-78,39.001075,-74.914497,62702,1,0,1924,22.79
bluetooth,E2A807D7,2025-05-27 19:17:56.852036Z,-82,39.001075,-74.914497,38560,1,0,1909,25.37
bluetooth,23D9727E,2025-05-27 19:17:57.046723Z,-47,39.001084,-74.914503,25027,2,0,1554,36.44
bluetooth,367E0F4A,2025-05-27 19:17:57.143760Z,-82,39.001084,-74.914503,56743,1,0,2955,24.59
bluetooth,13323C65,2025-05-27 19:17:57.241283Z,-80,39.001084,-74.914503,13312,1,0,2983,23.20
bluetooth,59FE8D30,2025-05-27 19:17:58.365438Z,-73,39.001094,-74.914523,27033,1,0,1923,23.04
radio434mhz,071E6661,2025-05-27 19:17:59.386351Z,-100,39.001101,-74.914528
radio434mhz,1E336107,2025-05-27 19:17:59.874544Z,-63,39.001101,-74.914528
bluetooth,870614B1,2025-05-27 19:17:59.922512Z,-51,39.001101,-74.914528,27017,2,0,1553,19.38
userLocation,user,2025-05-27 19:18:00.029256Z,0,39.001108,-74.914532
bluetooth,23D9727E,2025-05-27 19:18:00.166731Z,-49,39.001108,-74.914532,24781,2,0,1555,36.57
bluetooth,2172633A,2025-05-27 19:18:00.947186Z,-81,39.001108,-74.914532,16020,2,0,1564,25.17
bluetooth,367E0F4A,2025-05-27 19:18:01.239654Z,-77,39.001115,-74.914539,21472,1,0,2956,24.84
bluetooth,0000006E,2025-05-27 19:18:02.214257Z,-81,39.001115,-74.914539,22932,1,0,1909,24.18
bluetooth,13323C65,2025-05-27 19:18:02.312407Z,-80,39.001115,-74.914539,49663,1,0,2984,23.12
radio434mhz,071E6661,2025-05-27 19:18:02.603811Z,-103,39.001115,-74.914539
bluetooth,77AAF9E2,2025-05-27 19:18:02.750861Z,-78,39.001115,-74.914539,55538,1,0,1751,26.63
bluetooth,870614B1,2025-05-27 19:18:03.091778Z,-60,39.001127,-74.914541,44804,2,0,1556,19.43
bluetooth,23D9727E,2025-05-27 19:18:03.335260Z,-56,39.001127,-74.914541,44035,2,0,1554,36.64
bluetooth,367E0F4A,2025-05-27 19:18:03.337176Z,-85,39.001127,-74.914541,4904,1,0,2956,24.64
bluetooth,B78FE24A,2025-05-27 19:18:03.386702Z,-82,39.001127,-74.914541,18818,1,0,1893,25.62
bluetooth,E2A807D7,2025-05-27 19:18:03.823541Z,-80,39.001127,-74.914541,47588,1,0,1910,25.32
bluetooth,3F9E3319,2025-05-27 19:18:04.164597Z,-78,39.001134,-74.914549,52808,1,0,1807,27.67
bluetooth,367E0F4A,2025-05-27 19:18:04.408963Z,-80,39.001134,-74.914549,3870,1,0,2955,24.91
bluetooth,77AAF9E2,2025-05-27 19:18:04.749256Z,-78,39.001134,-74.914549,48600,1,0,1751,26.66
bluetooth,E197FE3E,2025-05-27 19:18:04.846630Z,-78,39.001134,-74.914549,11174,1,0,1799,28.45
radio434mhz,1E336107,2025-05-27 19:18:05.041920Z,-63,39.001138,-74.914557
bluetooth,367E0F4A,2025-05-27 19:18:05.286078Z,-76,39.001138,-74.914557,29828,1,0,2955,24.74
bluetooth,59FE8D30,2025-05-27 19:18:05.434878Z,-77,39.001138,-74.914557,49146,1,0,1923,22.92
radio434mhz,071E6661,2025-05-27 19:18:05.723905Z,-108,39.001138,-74.914557
bluetooth,E2A807D7,2025-05-27 19:18:05.821719Z,-83,39.001138,-74.914557,54763,1,0,1911,25.29
bluetooth,870614B1,2025-05-27 19:18:05.968051Z,-50,39.001138,-74.914557,52023,2,0,1556,19.38
bluetooth,23D9727E,2025-05-27 19:18:06.309593Z,-46,39.001142,-74.914566,46689,2,0,1555,36.52
bluetooth,81D187E3,2025-05-27 19:18:06.311488Z,-81,39.001142,-74.914566,29965,1,0,2961,24.89
bluetooth,367E0F4A,2025-05-27 19:18:06.311845Z,-74,39.001142,-74.914566,5674,1,0,2956,24.64
bluetooth,59FE8D30,2025-05-27 19:18:06.407543Z,-72,39.001142,-74.914566,43288,1,0,1923,22.89
bluetooth,D7510A57,2025-05-27 19:18:06.699406Z,-69,39.001142,-74.914566,63131,1,0,1947,24.61
bluetooth,77AAF9E2,2025-05-27 19:18:06.748476Z,-83,39.001142,-74.914566,125,1,0,1751,26.94
bluetooth,59FE8D30,2025-05-27 19:18:07.430577Z,-77,39.001143,-74.914577,4723,1,0,1922,22.79
bluetooth,D7510A57,2025-05-27 19:18:07.674466Z,-70,39.001143,-74.914577,49243,1,0,1947,24.59
radio434mhz,E1CC192D,2025-05-27 19:18:07.771512Z,-110,39.001143,-74.914577
bluetooth,B3DA9765,2025-05-27 19:18:07.820542Z,-81,39.001143,-74.914577,25001,1,0,1634,25.04
bluetooth,E2A807D7,2025-05-27 19:18:07.869250Z,-81,39.001143,-74.914577,54255,1,0,1910,25.19
bluetooth,0000006E,2025-05-27 19:18:08.113271Z,-74,39.001143,-74.914589,40571,1,0,1909,24.21
bluetooth,81D187E3,2025-05-27 19:18:08.259165Z,-80,39.001143,-74.914589,53682,1,0,2963,25.02
bluetooth,367E0F4A,2025-05-27 19:18:08.405812Z,-80,39.001143,-74.914589,8978,1,0,2956,24.86
bluetooth,59FE8D30,2025-05-27 19:18:08.552348Z,-79,39.001143,-74.914589,36736,1,0,1923,22.94
bluetooth,D7510A57,2025-05-27 19:18:08.698478Z,-79,39.001143,-74.914589,64553,1,0,1947,24.31
bluetooth,77AAF9E2,2025-05-27 19:18:08.747469Z,-79,39.001143,-74.914589,57437,1,0,1751,26.76
bluetooth,E197FE3E,2025-05-27 19:18:08.796612Z,-80,39.001143,-74.914589,55813,1,0,1799,28.58
radio434mhz,071E6661,2025-05-27 19:18:08.892811Z,-103,39.001143,-74.914589
bluetooth,870614B1,2025-05-27 19:18:08.990581Z,-47,39.001143,-74.914589,48587,2,0,1556,19.25
bluetooth,A648A0E7,2025-05-27 19:18:09.185625Z,-83,39.001144,-74.914600,45069,1,0,2983,23.80
bluetooth,81D187E3,2025-05-27 19:18:09.283086Z,-81,39.001144,-74.914600,21817,1,0,2962,24.84
bluetooth,23D9727E,2025-05-27 19:18:09.331865Z,-46,39.001144,-74.914600,46585,2,0,1555,36.34
bluetooth,59FE8D30,2025-05-27 19:18:09.429264Z,-79,39.001144,-74.914600,33416,1,0,1923,23.09
bluetooth,B3DA9765,2025-05-27 19:18:09.477995Z,-84,39.001144,-74.914600,48803,1,0,1634,24.91
bluetooth,07F9389E,2025-05-27 19:18:09.819496Z,-76,39.001144,-74.914600,36563,2,0,1543,25.80
bluetooth,19836CFF,2025-05-27 19:18:10.014213Z,-84,39.001144,-74.914600,33113,1,0,1897,24.00
userLocation,user,2025-05-27 19:18:10.030208Z,0,39.001143,-74.914614
bluetooth,A648A0E7,2025-05-27 19:18:10.160531Z,-86,39.001143,-74.914614,58491,1,0,2983,23.73
radio434mhz,1E336107,2025-05-27 19:18:10.209031Z,-59,39.001143,-74.914614
bluetooth,81D187E3,2025-05-27 19:18:10.355704Z,-83,39.001143,-74.914614,56229,1,0,2962,24.99
bluetooth,59FE8D30,2025-05-27 19:18:10.404204Z,-76,39.001143,-74.914614,9949,1,0,1923,22.92
bluetooth,13323C65,2025-05-27 19:18:10.501804Z,-79,39.001143,-74.914614,3925,1,0,2983,23.12
bluetooth,D7510A57,2025-05-27 19:18:10.697002Z,-76,39.001143,-74.914614,9916,1,0,1946,24.36
bluetooth,E2A807D7,2025-05-27 19:18:10.843483Z,-82,39.001143,-74.914614,6584,1,0,1910,25.19
bluetooth,D7510A57,2025-05-27 19:18:11.721284Z,-76,39.001140,-74.914623,26029,1,0,1948,24.31
radio434mhz,071E6661,2025-05-27 19:18:12.061697Z,-97,39.001132,-74.914629
bluetooth,23D9727E,2025-05-27 19:18:12.405087Z,-54,39.001132,-74.914629,36153,2,0,1555,36.44
bluetooth,367E0F4A,2025-05-27 19:18:12.405430Z,-85,39.001132,-74.914629,31603,1,0,2956,24.86
bluetooth,13323C65,2025-05-27 19:18:12.500610Z,-80,39.001132,-74.914629,737,1,0,2984,22.92
bluetooth,367E0F4A,2025-05-27 19:18:13.427004Z,-73,39.001125,-74.914629,59130,1,0,2956,24.59
bluetooth,13323C65,2025-05-27 19:18:13.524450Z,-82,39.001125,-74.914629,36753,1,0,2983,23.15
bluetooth,59FE8D30,2025-05-27 19:18:14.451114Z,-80,39.001112,-74.914607,14962,1,0,1923,22.97
bluetooth,D7510A57,2025-05-27 19:18:14.694501Z,-80,39.001112,-74.914607,34921,1,0,1947,24.36
radio434mhz,071E6661,2025-05-27 19:18:15.231159Z,-103,39.001105,-74.914623
radio434mhz,1E336107,2025-05-27 19:18:15.377244Z,-65,39.001105,-74.914623
bluetooth,23D9727E,2025-05-27 19:18:15.475111Z,-57,39.001105,-74.914623,38348,2,0,1554,36.54
bluetooth,367E0F4A,2025-05-27 19:18:16.499008Z,-84,39.001094,-74.914608,28746,1,0,2956,24.74
bluetooth,13323C65,2025-05-27 19:18:16.596403Z,-84,39.001094,-74.914608,31742,1,0,2984,22.82
bluetooth,870614B1,2025-05-27 19:18:17.960945Z,-50,39.001088,-74.914613,31022,2,0,1556,19.15
bluetooth,59FE8D30,2025-05-27 19:18:18.399436Z,-79,39.001078,-74.914612,60642,1,0,1922,22.89
bluetooth,23D9727E,2025-05-27 19:18:18.594818Z,-51,39.001078,-74.914612,40658,2,0,1554,36.67
bluetooth,13323C65,2025-05-27 19:18:18.596083Z,-78,39.001078,-74.914612,48170,1,0,2982,23.20
bluetooth,D7510A57,2025-05-27 19:18:18.692135Z,-80,39.001078,-74.914612,6525,1,0,1945,24.33
userLocation,user,2025-05-27 19:18:20.031228Z,0,39.001059,-74.914608
bluetooth,59FE8D30,2025-05-27 19:18:20.350255Z,-79,39.001059,-74.914608,12468,1,0,1923,22.94
radio434mhz,1E336107,2025-05-27 19:18:20.545247Z,-66,39.001059,-74.914608
bluetooth,870614B1,2025-05-27 19:18:20.983776Z,-49,39.001059,-74.914608,26374,2,0,1557,18.92
radio434mhz,071E6661,2025-05-27 19:18:21.519202Z,-97,39.001046,-74.914609
bluetooth,13323C65,2025-05-27 19:18:21.617037Z,-79,39.001046,-74.914609,47452,1,0,2984,23.07
bluetooth,D7510A57,2025-05-27 19:18:21.714684Z,-79,39.001046,-74.914609,52044,1,0,1947,24.16
bluetooth,59FE8D30,2025-05-27 19:18:22.446218Z,-72,39.001038,-74.914606,35422,1,0,1921,22.89
bluetooth,367E0F4A,2025-05-27 19:18:22.640676Z,-76,39.001038,-74.914606,2386,1,0,2956,24.76
bluetooth,D7510A57,2025-05-27 19:18:22.690122Z,-78,39.001038,-74.914606,55044,1,0,1946,24.51
bluetooth,E85FB74C,2025-05-27 19:18:23.129037Z,-82,39.001032,-74.914604,27831,2,0,1528,26.51
bluetooth,59FE8D30,2025-05-27 19:18:23.372213Z,-77,39.001032,-74.914604,63737,1,0,1922,22.87
bluetooth,B78FE24A,2025-05-27 19:18:23.421324Z,-82,39.001032,-74.914604,5441,1,0,1892,25.98
bluetooth,367E0F4A,2025-05-27 19:18:23.664714Z,-79,39.001032,-74.914604,11019,1,0,2956,24.66
bluetooth,870614B1,2025-05-27 19:18:24.006504Z,-48,39.001032,-74.914604,18625,2,0,1556,18.92
bluetooth,23D9727E,2025-05-27 19:18:24.688394Z,-53,39.001027,-74.914605,65126,2,0,1554,36.52
radio434mhz,071E6661,2025-05-27 19:18:24.690137Z,-98,39.001027,-74.914605
bluetooth,E197FE3E,2025-05-27 19:18:24.884347Z,-81,39.001027,-74.914605,27710,1,0,1799,28.45
bluetooth,07F9389E,2025-05-27 19:18:24.885215Z,-81,39.001027,-74.914605,13945,2,0,1542,25.77
bluetooth,59FE8D30,2025-05-27 19:18:25.371032Z,-70,39.001021,-74.914606,42189,1,0,1923,22.94
bluetooth,D7510A57,2025-05-27 19:18:25.712687Z,-67,39.001021,-74.914606,15991,1,0,1947,24.56
radio434mhz,1E336107,2025-05-27 19:18:25.714471Z,-66,39.001021,-74.914606
bluetooth,E197FE3E,2025-05-27 19:18:25.810236Z,-84,39.001021,-74.914606,61952,1,0,1798,28.40
bluetooth,367E0F4A,2025-05-27 19:18:26.736692Z,-79,39.001018,-74.914589,30436,1,0,2956,24.64
bluetooth,13323C65,2025-05-27 19:18:26.737772Z,-74,39.001018,-74.914589,35609,1,0,2984,22.99
bluetooth,19836CFF,2025-05-27 19:18:27.028834Z,-83,39.001018,-74.914589,56000,1,0,1896,23.90
bluetooth,13323C65,2025-05-27 19:18:27.759524Z,-78,39.001017,-74.914612,46872,1,0,2983,23.04
bluetooth,23D9727E,2025-05-27 19:18:27.761235Z,-45,39.001017,-74.914612,57600,2,0,1554,36.44
bluetooth,D7510A57,2025-05-27 19:18:28.685973Z,-71,39.001015,-74.914626,4307,1,0,1946,24.43
bluetooth,13323C65,2025-05-27 19:18:28.784208Z,-82,39.001015,-74.914626,26208,1,0,2983,23.20
bluetooth,59FE8D30,2025-05-27 19:18:29.368969Z,-81,39.001017,-74.914637,42138,1,0,1922,22.77
bluetooth,E2A807D7,2025-05-27 19:18:29.953695Z,-82,39.001017,-74.914637,450,1,0,1909,25.14
userLocation,user,2025-05-27 19:18:30.032397Z,0,39.001022,-74.914646
bluetooth,13323C65,2025-05-27 19:18:30.831220Z,-83,39.001022,-74.914646,44422,1,0,2983,23.27
radio434mhz,1E336107,2025-05-27 19:18:30.879816Z,-63,39.001022,-74.914646
radio434mhz,071E6661,2025-05-27 19:18:31.269463Z,-102,39.001027,-74.914656
bluetooth,81D187E3,2025-05-27 19:18:31.465118Z,-83,39.001027,-74.914656,54749,1,0,2961,24.84
bluetooth,59FE8D30,2025-05-27 19:18:31.466355Z,-80,39.001027,-74.914656,28030,1,0,1922,22.92
bluetooth,D7510A57,2025-05-27 19:18:32.683911Z,-77,39.001034,-74.914666,50637,1,0,1946,24.36
radio434mhz,071E6661,2025-05-27 19:18:34.438230Z,-100,39.001048,-74.914684
bluetooth,13323C65,2025-05-27 19:18:34.878080Z,-78,39.001048,-74.914684,20036,1,0,2984,22.99
bluetooth,13323C65,2025-05-27 19:18:35.949773Z,-78,39.001054,-74.914696,33227,1,0,2985,23.20
radio434mhz,1E336107,2025-05-27 19:18:36.049333Z,-63,39.001058,-74.914708
bluetooth,59FE8D30,2025-05-27 19:18:36.584073Z,-81,39.001058,-74.914708,8904,1,0,1922,22.94
bluetooth,D7510A57,2025-05-27 19:18:36.633027Z,-72,39.001058,-74.914708,3879,1,0,1945,24.36
bluetooth,E2A807D7,2025-05-27 19:18:36.925434Z,-85,39.001058,-74.914708,56947,1,0,1910,25.29
bluetooth,23D9727E,2025-05-27 19:18:36.974236Z,-69,39.001058,-74.914708,49343,2,0,1554,36.52
bluetooth,59FE8D30,2025-05-27 19:18:37.462314Z,-75,39.001059,-74.914718,5688,1,0,1921,22.92
radio434mhz,071E6661,2025-05-27 19:18:37.606933Z,-98,39.001059,-74.914718
bluetooth,81D187E3,2025-05-27 19:18:38.389444Z,-79,39.001054,-74.914701,2637,1,0,2963,24.94
bluetooth,59FE8D30,2025-05-27 19:18:38.485474Z,-72,39.001054,-74.914701,57333,1,0,1922,22.92
bluetooth,D7510A57,2025-05-27 19:18:38.631200Z,-77,39.001054,-74.914701,22447,1,0,1946,24.51
bluetooth,367E0F4A,2025-05-27 19:18:38.923750Z,-80,39.001054,-74.914701,29402,1,0,2956,24.76
bluetooth,870614B1,2025-05-27 19:18:39.021131Z,-49,39.001054,-74.914701,53460,2,0,1549,18.82
bluetooth,59FE8D30,2025-05-27 19:18:39.459985Z,-78,39.001049,-74.914736,50948,1,0,1921,22.94
bluetooth,D7510A57,2025-05-27 19:18:39.657048Z,-79,39.001049,-74.914736,28593,1,0,1945,24.38
userLocation,user,2025-05-27 19:18:40.027602Z,0,39.001041,-74.914748
bluetooth,81D187E3,2025-05-27 19:18:40.386756Z,-81,39.001041,-74.914748,8221,1,0,2961,25.02
bluetooth,59FE8D30,2025-05-27 19:18:40.435254Z,-80,39.001041,-74.914748,27019,1,0,1921,22.82
radio434mhz,614C192D,2025-05-27 19:18:40.581717Z,-107,39.001041,-74.914748
bluetooth,13323C65,2025-05-27 19:18:41.117967Z,-75,39.001034,-74.914755,62682,1,0,2985,23.04
radio434mhz,1E336107,2025-05-27 19:18:41.215228Z,-67,39.001034,-74.914755
bluetooth,D7510A57,2025-05-27 19:18:41.653923Z,-74,39.001034,-74.914755,18571,1,0,1945,24.54
bluetooth,870614B1,2025-05-27 19:18:42.044093Z,-52,39.001026,-74.914763,57046,2,0,1532,18.47
bluetooth,23D9727E,2025-05-27 19:18:43.214307Z,-48,39.001019,-74.914769,64607,2,0,1554,36.26
bluetooth,D7510A57,2025-05-27 19:18:43.653076Z,-73,39.001019,-74.914769,8862,1,0,1945,24.54
radio434mhz,071E6661,2025-05-27 19:18:43.944840Z,-101,39.001019,-74.914769
bluetooth,A648A0E7,2025-05-27 19:18:44.676281Z,-84,39.001015,-74.914769,28165,1,0,2981,23.93
bluetooth,07F9389E,2025-05-27 19:18:44.822644Z,-80,39.001015,-74.914769,18938,2,0,1542,25.85
bluetooth,870614B1,2025-05-27 19:18:45.017640Z,-55,39.001015,-74.914769,35658,2,0,1511,18.34
radio434mhz,614C192D,2025-05-27 19:18:45.944296Z,-110,39.001008,-74.914788
bluetooth,367E0F4A,2025-05-27 19:18:46.090620Z,-82,39.001004,-74.914799,28149,1,0,2956,24.84
bluetooth,23D9727E,2025-05-27 19:18:46.187872Z,-46,39.001004,-74.914799,57935,2,0,1554,36.19
radio434mhz,1E336107,2025-05-27 19:18:46.529195Z,-70,39.001004,-74.914799
bluetooth,B78FE24A,2025-05-27 19:18:46.577981Z,-83,39.001004,-74.914799,34786,1,0,1890,25.70
bluetooth,D7510A57,2025-05-27 19:18:46.723752Z,-79,39.001004,-74.914799,40303,1,0,1946,24.33
radio434mhz,071E6661,2025-05-27 19:18:47.114149Z,-108,39.001002,-74.914810
bluetooth,59FE8D30,2025-05-27 19:18:47.504383Z,-76,39.001002,-74.914810,31851,1,0,1920,22.92
bluetooth,D7510A57,2025-05-27 19:18:47.699155Z,-72,39.001002,-74.914810,54163,1,0,1946,24.43
bluetooth,870614B1,2025-05-27 19:18:48.040786Z,-51,39.001006,-74.914819,50596,2,0,1507,18.27
bluetooth,59FE8D30,2025-05-27 19:18:48.527664Z,-78,39.001006,-74.914819,52935,1,0,1921,22.94
bluetooth,D7510A57,2025-05-27 19:18:48.674515Z,-76,39.001006,-74.914819,51984,1,0,1944,24.46
bluetooth,23D9727E,2025-05-27 19:18:49.258823Z,-50,39.001016,-74.914827,60975,2,0,1555,36.29
bluetooth,07F9389E,2025-05-27 19:18:49.843929Z,-81,39.001016,-74.914827,54228,2,0,1542,25.93
userLocation,user,2025-05-27 19:18:50.031474Z,0,39.001027,-74.914797
bluetooth,13323C65,2025-05-27 19:18:51.160237Z,-79,39.001039,-74.914824,46448,1,0,2984,23.17
bluetooth,59FE8D30,2025-05-27 19:18:51.501091Z,-82,39.001039,-74.914824,62048,1,0,1921,23.07
radio434mhz,1E336107,2025-05-27 19:18:51.503391Z,-68,39.001039,-74.914824
bluetooth,367E0F4A,2025-05-27 19:18:52.232904Z,-80,39.001051,-74.914824,16722,1,0,2957,24.61
bluetooth,D7510A57,2025-05-27 19:18:52.769961Z,-75,39.001051,-74.914824,14765,1,0,1945,24.61
bluetooth,0000006E,2025-05-27 19:18:53.012687Z,-79,39.001051,-74.914824,3804,1,0,1910,23.98
bluetooth,367E0F4A,2025-05-27 19:18:53.256443Z,-83,39.001060,-74.914818,43408,1,0,2956,24.66
bluetooth,D7510A57,2025-05-27 19:18:53.695245Z,-76,39.001060,-74.914818,13742,1,0,1946,24.33
bluetooth,A648A0E7,2025-05-27 19:18:53.793776Z,-77,39.001060,-74.914818,11473,1,0,2982,23.93
bluetooth,2172633A,2025-05-27 19:18:55.207135Z,-76,39.001086,-74.914820,49469,2,0,1564,24.94
bluetooth,13323C65,2025-05-27 19:18:55.255929Z,-76,39.001086,-74.914820,33571,1,0,2983,23.17
bluetooth,23D9727E,2025-05-27 19:18:55.449936Z,-44,39.001086,-74.914820,51128,2,0,1554,36.21
bluetooth,0000006E,2025-05-27 19:18:56.035470Z,-80,39.001086,-74.914820,14621,1,0,1906,23.88
bluetooth,13323C65,2025-05-27 19:18:56.327750Z,-75,39.001096,-74.914821,46714,1,0,2985,23.27
radio434mhz,1E336107,2025-05-27 19:18:56.620558Z,-69,39.001096,-74.914821
bluetooth,D7510A57,2025-05-27 19:18:56.766365Z,-75,39.001096,-74.914821,10307,1,0,1945,24.26
bluetooth,870614B1,2025-05-27 19:18:57.059334Z,-47,39.001107,-74.914821,53685,2,0,1503,18.24
bluetooth,367E0F4A,2025-05-27 19:18:58.327210Z,-77,39.001116,-74.914822,13580,1,0,2955,24.86
bluetooth,D7510A57,2025-05-27 19:18:58.716905Z,-83,39.001116,-74.914822,9597,1,0,1944,24.46
bluetooth,13323C65,2025-05-27 19:18:59.350275Z,-84,39.001126,-74.914822,48847,1,0,2984,23.12
bluetooth,367E0F4A,2025-05-27 19:18:59.351218Z,-75,39.001126,-74.914822,57711,1,0,2956,24.71
bluetooth,59FE8D30,2025-05-27 19:18:59.545137Z,-76,39.001126,-74.914822,17248,1,0,1920,22.82
bluetooth,D7510A57,2025-05-27 19:18:59.691518Z,-79,39.001126,-74.914822,58841,1,0,1944,24.28
bluetooth,A648A0E7,2025-05-27 19:18:59.886498Z,-85,39.001126,-74.914822,48694,1,0,2983,23.47
userLocation,user,2025-05-27 19:19:00.034101Z,0,39.001136,-74.914819
bluetooth,367E0F4A,2025-05-27 19:19:00.374133Z,-75,39.001136,-74.914819,110,1,0,2956,24.61
bluetooth,81D187E3,2025-05-27 19:19:00.422786Z,-84,39.001136,-74.914819,63843,1,0,2962,24.94
bluetooth,59FE8D30,2025-05-27 19:19:00.471451Z,-81,39.001136,-74.914819,24768,1,0,1920,23.12
bluetooth,D7510A57,2025-05-27 19:19:00.764715Z,-75,39.001136,-74.914819,26231,1,0,1945,24.59
bluetooth,13323C65,2025-05-27 19:19:01.397815Z,-77,39.001145,-74.914818,53547,1,0,2983,23.22
radio434mhz,1E336107,2025-05-27 19:19:01.837017Z,-69,39.001145,-74.914818
bluetooth,367E0F4A,2025-05-27 19:19:02.424407Z,-84,39.001155,-74.914814,9729,1,0,2956,24.94
bluetooth,D7510A57,2025-05-27 19:19:02.714634Z,-73,39.001155,-74.914814,35325,1,0,1945,24.48
radio434mhz,071E6661,2025-05-27 19:19:02.909527Z,-107,39.001155,-74.914814
bluetooth,870614B1,2025-05-27 19:19:03.055826Z,-46,39.001166,-74.914814,58742,2,0,1503,18.52
bluetooth,367E0F4A,2025-05-27 19:19:03.445293Z,-77,39.001166,-74.914814,46089,1,0,2956,24.64
bluetooth,13323C65,2025-05-27 19:19:04.420351Z,-80,39.001175,-74.914812,32819,1,0,2983,23.09
bluetooth,23D9727E,2025-05-27 19:19:04.615342Z,-50,39.001175,-74.914812,48510,2,0,1554,36.34
bluetooth,D7510A57,2025-05-27 19:19:04.712858Z,-72,39.001175,-74.914812,58491,1,0,1944,24.26
bluetooth,0000006E,2025-05-27 19:19:05.103336Z,-80,39.001184,-74.914812,52611,1,0,1907,24.08
bluetooth,D7510A57,2025-05-27 19:19:05.736697Z,-70,39.001184,-74.914812,32941,1,0,1944,24.48
bluetooth,A648A0E7,2025-05-27 19:19:05.931753Z,-84,39.001184,-74.914812,11812,1,0,2984,23.60
bluetooth,870614B1,2025-05-27 19:19:06.078141Z,-52,39.001195,-74.914812,46842,2,0,1502,18.37
bluetooth,59FE8D30,2025-05-27 19:19:06.515931Z,-76,39.001195,-74.914812,35640,1,0,1920,22.99
bluetooth,367E0F4A,2025-05-27 19:19:06.518025Z,-79,39.001195,-74.914812,34947,1,0,2956,24.71
bluetooth,D7510A57,2025-05-27 19:19:06.711714Z,-74,39.001195,-74.914812,14246,1,0,1945,24.33
radio434mhz,1E336107,2025-05-27 19:19:06.906534Z,-69,39.001195,-74.914812
bluetooth,59FE8D30,2025-05-27 19:19:07.589167Z,-79,39.001202,-74.914815,20130,1,0,1920,22.89
bluetooth,367E0F4A,2025-05-27 19:19:07.590124Z,-83,39.001202,-74.914815,4710,1,0,2956,24.76
bluetooth,23D9727E,2025-05-27 19:19:07.686979Z,-45,39.001202,-74.914815,45084,2,0,1554,36.11
bluetooth,A648A0E7,2025-05-27 19:19:07.979278Z,-82,39.001202,-74.914815,29952,1,0,2984,23.68
bluetooth,0000006E,2025-05-27 19:19:08.125403Z,-75,39.001213,-74.914816,26944,1,0,1908,24.11
bluetooth,81D187E3,2025-05-27 19:19:08.515339Z,-84,39.001213,-74.914816,30071,1,0,2961,24.89
bluetooth,13323C65,2025-05-27 19:19:08.517236Z,-80,39.001213,-74.914816,43608,1,0,2983,23.20
bluetooth,367E0F4A,2025-05-27 19:19:08.564208Z,-78,39.001213,-74.914816,59658,1,0,2955,24.89
bluetooth,870614B1,2025-05-27 19:19:09.051695Z,-47,39.001224,-74.914817,52014,2,0,1501,18.42
bluetooth,59FE8D30,2025-05-27 19:19:09.539320Z,-73,39.001224,-74.914817,26091,1,0,1921,23.07
bluetooth,13323C65,2025-05-27 19:19:09.540169Z,-77,39.001224,-74.914817,4336,1,0,2984,23.12
bluetooth,D7510A57,2025-05-27 19:19:09.734239Z,-75,39.001224,-74.914817,16921,1,0,1945,24.33
bluetooth,07F9389E,2025-05-27 19:19:09.880392Z,-78,39.001224,-74.914817,31047,2,0,1543,25.95
userLocation,user,2025-05-27 19:19:10.031170Z,0,39.001233,-74.914817
bluetooth,2172633A,2025-05-27 19:19:10.271289Z,-77,39.001233,-74.914817,64363,2,0,1565,24.94
bluetooth,59FE8D30,2025-05-27 19:19:10.516362Z,-76,39.001233,-74.914817,58752,1,0,1919,23.04
bluetooth,13323C65,2025-05-27 19:19:10.562925Z,-79,39.001233,-74.914817,40990,1,0,2984,23.12
bluetooth,D7510A57,2025-05-27 19:19:10.758256Z,-71,39.001233,-74.914817,65118,1,0,1945,24.48
bluetooth,23D9727E,2025-05-27 19:19:10.764871Z,-45,39.001233,-74.914817,33316,2,0,1553,36.09
bluetooth,77AAF9E2,2025-05-27 19:19:10.855493Z,-81,39.001233,-74.914817,39400,1,0,1747,26.58
bluetooth,0000006E,2025-05-27 19:19:11.099262Z,-70,39.001242,-74.914814,32470,1,0,1907,24.11
bluetooth,59FE8D30,2025-05-27 19:19:11.488905Z,-79,39.001242,-74.914814,44235,1,0,1921,22.97
bluetooth,13323C65,2025-05-27 19:19:11.586800Z,-81,39.001242,-74.914814,13560,1,0,2984,22.97
bluetooth,367E0F4A,2025-05-27 19:19:11.588496Z,-76,39.001242,-74.914814,59434,1,0,2957,24.59
radio434mhz,1E336107,2025-05-27 19:19:12.073930Z,-67,39.001253,-74.914810
radio434mhz,071E6661,2025-05-27 19:19:12.415738Z,-111,39.001253,-74.914810
bluetooth,81D187E3,2025-05-27 19:19:12.464694Z,-79,39.001253,-74.914810,53108,1,0,2961,24.79
bluetooth,13323C65,2025-05-27 19:19:12.611153Z,-79,39.001253,-74.914810,64312,1,0,2985,23.02
bluetooth,D7510A57,2025-05-27 19:19:12.806209Z,-75,39.001253,-74.914810,19774,1,0,1944,24.28
bluetooth,2172633A,2025-05-27 19:19:13.293821Z,-82,39.001263,-74.914810,61986,2,0,1565,24.66
bluetooth,0000006E,2025-05-27 19:19:14.122337Z,-75,39.001270,-74.914811,28410,1,0,1908,24.28
bluetooth,D7510A57,2025-05-27 19:19:14.757814Z,-69,39.001270,-74.914811,31800,1,0,1945,24.51
bluetooth,07F9389E,2025-05-27 19:19:14.902389Z,-80,39.001270,-74.914811,64572,2,0,1543,25.93
bluetooth,870614B1,2025-05-27 19:19:15.097637Z,-44,39.001278,-74.914810,5214,2,0,1501,18.65
bluetooth,59FE8D30,2025-05-27 19:19:15.486481Z,-76,39.001278,-74.914810,8581,1,0,1921,22.97
radio434mhz,071E6661,2025-05-27 19:19:15.682325Z,-108,39.001278,-74.914810
bluetooth,367E0F4A,2025-05-27 19:19:15.731169Z,-75,39.001278,-74.914810,22775,1,0,2957,24.71
bluetooth,D7510A57,2025-05-27 19:19:15.779928Z,-74,39.001278,-74.914810,36778,1,0,1944,24.64
bluetooth,81D187E3,2025-05-27 19:19:16.512673Z,-78,39.001284,-74.914812,47655,1,0,2962,24.91
bluetooth,23D9727E,2025-05-27 19:19:16.901448Z,-45,39.001284,-74.914812,40501,2,0,1553,36.26
bluetooth,A648A0E7,2025-05-27 19:19:17.193332Z,-80,39.001289,-74.914813,61252,1,0,2982,23.88
radio434mhz,1E336107,2025-05-27 19:19:17.241422Z,-65,39.001289,-74.914813
bluetooth,13323C65,2025-05-27 19:19:17.680751Z,-83,39.001289,-74.914813,20532,1,0,2983,23.04
bluetooth,870614B1,2025-05-27 19:19:18.071310Z,-46,39.001303,-74.914811,7451,2,0,1501,18.57
radio434mhz,071E6661,2025-05-27 19:19:18.753966Z,-107,39.001303,-74.914811
bluetooth,D7510A57,2025-05-27 19:19:18.802707Z,-73,39.001303,-74.914811,33263,1,0,1945,24.38
bluetooth,59FE8D30,2025-05-27 19:19:19.534052Z,-80,39.001312,-74.914812,21456,1,0,1919,22.87
bluetooth,D7510A57,2025-05-27 19:19:19.825355Z,-72,39.001312,-74.914812,25639,1,0,1944,24.41
userLocation,user,2025-05-27 19:19:20.032585Z,0,39.001321,-74.914815
bluetooth,870614B1,2025-05-27 19:19:21.093272Z,-48,39.001332,-74.914815,40618,2,0,1500,18.60
bluetooth,A648A0E7,2025-05-27 19:19:21.142004Z,-73,39.001332,-74.914815,23073,1,0,2984,23.68
bluetooth,367E0F4A,2025-05-27 19:19:21.775515Z,-86,39.001332,-74.914815,5625,1,0,2956,24.66
radio434mhz,1E336107,2025-05-27 19:19:22.313242Z,-69,39.001341,-74.914815
bluetooth,367E0F4A,2025-05-27 19:19:22.800137Z,-77,39.001341,-74.914815,8645,1,0,2954,24.89
bluetooth,59FE8D30,2025-05-27 19:19:23.482172Z,-81,39.001350,-74.914812,4415,1,0,1920,22.97
bluetooth,23D9727E,2025-05-27 19:19:26.164074Z,-43,39.001366,-74.914790,18823,2,0,1554,36.06
radio434mhz,1E336107,2025-05-27 19:19:27.480046Z,-68,39.001366,-74.914777
radio434mhz,071E6661,2025-05-27 19:19:28.502936Z,-106,39.001365,-74.914763
bluetooth,23D9727E,2025-05-27 19:19:29.186285Z,-51,39.001361,-74.914752,28940,2,0,1555,36.24
userLocation,user,2025-05-27 19:19:30.027895Z,0,39.001358,-74.914740
radio434mhz,1E336107,2025-05-27 19:19:32.598114Z,-73,39.001352,-74.914715
bluetooth,870614B1,2025-05-27 19:19:33.134553Z,-57,39.001353,-74.914706,56260,2,0,1500,18.44
bluetooth,23D9727E,2025-05-27 19:19:35.328069Z,-60,39.001351,-74.914680,27568,2,0,1555,36.11
bluetooth,870614B1,2025-05-27 19:19:36.108643Z,-64,39.001351,-74.914668,16683,2,0,1500,18.42
radio434mhz,1E336107,2025-05-27 19:19:37.815080Z,-70,39.001354,-74.914659
bluetooth,23D9727E,2025-05-27 19:19:41.471640Z,-66,39.001358,-74.914607,2898,2,0,1555,36.21
bluetooth,870614B1,2025-05-27 19:19:42.154163Z,-66,39.001358,-74.914596,25263,2,0,1501,18.27
radio434mhz,1E336107,2025-05-27 19:19:42.885016Z,-78,39.001358,-74.914596
bluetooth,870614B1,2025-05-27 19:19:45.127642Z,-62,39.001361,-74.914568,12506,2,0,1500,18.24
bluetooth,367E0F4A,2025-05-27 19:19:46.297076Z,-82,39.001360,-74.914563,29872,1,0,2956,24.64
radio434mhz,1E336107,2025-05-27 19:19:48.003376Z,-73,39.001356,-74.914548
bluetooth,870614B1,2025-05-27 19:19:48.149964Z,-60,39.001357,-74.914527,21774,2,0,1500,18.22
userLocation,user,2025-05-27 19:19:50.028942Z,0,39.001360,-74.914511
radio434mhz,071E6661,2025-05-27 19:19:50.635870Z,-110,39.001360,-74.914511
bluetooth,23D9727E,2025-05-27 19:19:50.685372Z,-58,39.001360,-74.914511,9419,2,0,1555,35.76
bluetooth,870614B1,2025-05-27 19:19:51.172519Z,-57,39.001361,-74.914503,24209,2,0,1502,18.07
radio434mhz,1E336107,2025-05-27 19:19:53.170974Z,-73,39.001364,-74.914478
bluetooth,23D9727E,2025-05-27 19:19:53.756179Z,-53,39.001364,-74.914478,15414,2,0,1554,36.01
radio434mhz,071E6661,2025-05-27 19:19:53.805435Z,-102,39.001364,-74.914478
bluetooth,870614B1,2025-05-27 19:19:54.146341Z,-58,39.001363,-74.914468,40828,2,0,1504,18.19
bluetooth,23D9727E,2025-05-27 19:19:56.827867Z,-55,39.001343,-74.914436,14865,2,0,1554,35.63
radio434mhz,071E6661,2025-05-27 19:19:56.973543Z,-105,39.001343,-74.914436
bluetooth,870614B1,2025-05-27 19:19:57.169069Z,-62,39.001356,-74.914440,34805,2,0,1499,18.12
bluetooth,367E0F4A,2025-05-27 19:19:57.559254Z,-77,39.001356,-74.914440,12596,1,0,2956,24.84
radio434mhz,1E336107,2025-05-27 19:19:58.290073Z,-73,39.001358,-74.914432
bluetooth,367E0F4A,2025-05-27 19:19:59.560076Z,-77,39.001350,-74.914412,17130,1,0,2956,24.89
bluetooth,23D9727E,2025-05-27 19:19:59.996282Z,-55,39.001350,-74.914412,47375,2,0,1554,35.81
userLocation,user,2025-05-27 19:20:00.030822Z,0,39.001352,-74.914408
radio434mhz,071E6661,2025-05-27 19:20:00.191303Z,-106,39.001352,-74.914408
bluetooth,B78FE24A,2025-05-27 19:20:00.484123Z,-85,39.001352,-74.914408,2702,1,0,1886,26.05
bluetooth,367E0F4A,2025-05-27 19:20:00.630720Z,-77,39.001352,-74.914408,14045,1,0,2957,24.69
bluetooth,367E0F4A,2025-05-27 19:20:01.605569Z,-77,39.001353,-74.914396,4436,1,0,2956,24.79
bluetooth,23D9727E,2025-05-27 19:20:02.970624Z,-51,39.001355,-74.914383,48494,2,0,1555,35.66
bluetooth,870614B1,2025-05-27 19:20:03.165122Z,-53,39.001355,-74.914383,12156,2,0,1499,17.99
radio434mhz,1E336107,2025-05-27 19:20:03.457387Z,-73,39.001355,-74.914383
bluetooth,367E0F4A,2025-05-27 19:20:03.652439Z,-78,39.001355,-74.914383,57779,1,0,2956,24.66
bluetooth,23D9727E,2025-05-27 19:20:06.045087Z,-56,39.001351,-74.914322,41643,2,0,1555,35.66
bluetooth,870614B1,2025-05-27 19:20:06.188045Z,-56,39.001351,-74.914322,25668,2,0,1498,18.14
radio434mhz,1E336107,2025-05-27 19:20:08.624721Z,-67,39.001345,-74.914316
bluetooth,D7510A57,2025-05-27 19:20:08.967054Z,-83,39.001345,-74.914316,8383,1,0,1941,24.51
bluetooth,23D9727E,2025-05-27 19:20:09.112942Z,-47,39.001334,-74.914319,37471,2,0,1553,35.61
bluetooth,870614B1,2025-05-27 19:20:09.210442Z,-50,39.001334,-74.914319,39350,2,0,1500,17.99
radio434mhz,071E6661,2025-05-27 19:20:09.649434Z,-108,39.001334,-74.914319
bluetooth,A648A0E7,2025-05-27 19:20:09.893236Z,-82,39.001334,-74.914319,40334,1,0,2983,23.68
userLocation,user,2025-05-27 19:20:10.030287Z,0,39.001324,-74.914323
bluetooth,2172633A,2025-05-27 19:20:10.526397Z,-73,39.001324,-74.914323,2842,2,0,1564,24.48
bluetooth,A648A0E7,2025-05-27 19:20:10.916481Z,-82,39.001324,-74.914323,59302,1,0,2983,23.55
bluetooth,B3DA9765,2025-05-27 19:20:11.062641Z,-83,39.001310,-74.914323,27971,1,0,1633,24.94
bluetooth,B78FE24A,2025-05-27 19:20:11.550137Z,-76,39.001310,-74.914323,33753,1,0,1886,25.72
bluetooth,59FE8D30,2025-05-27 19:20:11.599023Z,-76,39.001310,-74.914323,7495,1,0,1918,22.89
bluetooth,E197FE3E,2025-05-27 19:20:13.013575Z,-83,39.001295,-74.914331,53618,1,0,1790,28.28
radio434mhz,071E6661,2025-05-27 19:20:13.061453Z,-102,39.001298,-74.914331
bluetooth,2172633A,2025-05-27 19:20:13.549179Z,-76,39.001298,-74.914331,12642,2,0,1565,24.38
bluetooth,59FE8D30,2025-05-27 19:20:13.597975Z,-76,39.001298,-74.914331,49630,1,0,1917,22.92
bluetooth,13323C65,2025-05-27 19:20:13.695924Z,-81,39.001298,-74.914331,56674,1,0,2985,23.02
bluetooth,B3DA9765,2025-05-27 19:20:13.696945Z,-79,39.001298,-74.914331,36400,1,0,1634,24.91
radio434mhz,1E336107,2025-05-27 19:20:13.743230Z,-67,39.001298,-74.914331
bluetooth,A648A0E7,2025-05-27 19:20:13.938895Z,-82,39.001298,-74.914331,54853,1,0,2983,23.70
bluetooth,D7510A57,2025-05-27 19:20:14.036329Z,-79,39.001292,-74.914328,3589,1,0,1941,24.31
bluetooth,367E0F4A,2025-05-27 19:20:14.963450Z,-81,39.001292,-74.914328,17933,1,0,2957,24.54
bluetooth,A648A0E7,2025-05-27 19:20:14.964687Z,-79,39.001292,-74.914328,39707,1,0,2984,23.40
bluetooth,07F9389E,2025-05-27 19:20:15.059985Z,-80,39.001282,-74.914318,7029,2,0,1542,25.70
bluetooth,23D9727E,2025-05-27 19:20:15.255750Z,-38,39.001282,-74.914318,33195,2,0,1554,35.45
bluetooth,13323C65,2025-05-27 19:20:15.694320Z,-77,39.001282,-74.914318,13527,1,0,2985,23.07
bluetooth,81D187E3,2025-05-27 19:20:15.695313Z,-84,39.001282,-74.914318,5735,1,0,2961,24.97
bluetooth,D7510A57,2025-05-27 19:20:16.037831Z,-81,39.001277,-74.914314,23271,1,0,1942,24.36
radio434mhz,071E6661,2025-05-27 19:20:16.181700Z,-101,39.001277,-74.914314
bluetooth,B78FE24A,2025-05-27 19:20:16.523525Z,-81,39.001277,-74.914314,5226,1,0,1885,25.50
bluetooth,2172633A,2025-05-27 19:20:16.620609Z,-75,39.001277,-74.914314,11081,2,0,1564,24.64
bluetooth,367E0F4A,2025-05-27 19:20:16.961800Z,-76,39.001277,-74.914314,587,1,0,2956,24.69
bluetooth,D7510A57,2025-05-27 19:20:17.010759Z,-75,39.001277,-74.914314,32504,1,0,1941,24.31
bluetooth,59FE8D30,2025-05-27 19:20:17.596693Z,-79,39.001270,-74.914314,33806,1,0,1917,22.77
bluetooth,D7510A57,2025-05-27 19:20:17.985319Z,-80,39.001270,-74.914314,52861,1,0,1942,24.36
bluetooth,A648A0E7,2025-05-27 19:20:18.033676Z,-73,39.001265,-74.914319,25033,1,0,2983,23.83
bluetooth,E2A807D7,2025-05-27 19:20:18.034429Z,-84,39.001265,-74.914319,41870,1,0,1904,25.12
bluetooth,23D9727E,2025-05-27 19:20:18.326349Z,-39,39.001265,-74.914319,59329,2,0,1554,35.63
radio434mhz,1E336107,2025-05-27 19:20:18.912011Z,-66,39.001265,-74.914319
radio434mhz,071E6661,2025-05-27 19:20:19.350517Z,-100,39.001261,-74.914319
bluetooth,2172633A,2025-05-27 19:20:19.545842Z,-73,39.001261,-74.914319,11844,2,0,1564,24.43
bluetooth,81D187E3,2025-05-27 19:20:19.788791Z,-77,39.001261,-74.914319,28854,1,0,2962,24.94
userLocation,user,2025-05-27 19:20:20.029044Z,0,39.001258,-74.914320
bluetooth,81D187E3,2025-05-27 19:20:20.715848Z,-78,39.001258,-74.914320,55369,1,0,2962,24.99
bluetooth,870614B1,2025-05-27 19:20:21.154659Z,-43,39.001255,-74.914322,20516,2,0,1500,17.31
bluetooth,23D9727E,2025-05-27 19:20:21.397766Z,-40,39.001255,-74.914322,58356,2,0,1554,35.50
bluetooth,59FE8D30,2025-05-27 19:20:21.738484Z,-78,39.001255,-74.914322,18418,1,0,1918,23.07
bluetooth,D7510A57,2025-05-27 19:20:21.982919Z,-76,39.001255,-74.914322,57326,1,0,1942,24.23
radio434mhz,071E6661,2025-05-27 19:20:22.567631Z,-105,39.001251,-74.914327
bluetooth,2172633A,2025-05-27 19:20:22.568565Z,-80,39.001251,-74.914327,42285,2,0,1563,24.56
bluetooth,59FE8D30,2025-05-27 19:20:22.665272Z,-74,39.001251,-74.914327,8213,1,0,1917,22.89
bluetooth,81D187E3,2025-05-27 19:20:22.714024Z,-84,39.001251,-74.914327,34019,1,0,2962,24.97
bluetooth,13323C65,2025-05-27 19:20:22.860321Z,-73,39.001251,-74.914327,59885,1,0,2983,23.09
bluetooth,0000006E,2025-05-27 19:20:23.104098Z,-79,39.001246,-74.914333,36246,1,0,1907,23.80
bluetooth,D7510A57,2025-05-27 19:20:24.030432Z,-82,39.001245,-74.914333,10052,1,0,1941,24.28
bluetooth,367E0F4A,2025-05-27 19:20:24.079732Z,-81,39.001245,-74.914333,8271,1,0,2956,24.69
radio434mhz,1E336107,2025-05-27 19:20:24.081692Z,-64,39.001245,-74.914333
bluetooth,870614B1,2025-05-27 19:20:24.225515Z,-45,39.001245,-74.914333,11049,2,0,1501,17.48
bluetooth,23D9727E,2025-05-27 19:20:24.469060Z,-41,39.001245,-74.914333,65039,2,0,1554,35.43
bluetooth,81D187E3,2025-05-27 19:20:24.713607Z,-86,39.001245,-74.914333,41677,1,0,2962,25.07
bluetooth,59FE8D30,2025-05-27 19:20:25.590368Z,-76,39.001247,-74.914333,54402,1,0,1917,22.77
bluetooth,2172633A,2025-05-27 19:20:25.597278Z,-79,39.001247,-74.914333,42797,2,0,1564,24.36
radio434mhz,071E6661,2025-05-27 19:20:25.688103Z,-93,39.001247,-74.914333
bluetooth,D7510A57,2025-05-27 19:20:26.028770Z,-69,39.001247,-74.914333,14879,1,0,1942,24.33
bluetooth,A648A0E7,2025-05-27 19:20:26.126240Z,-83,39.001240,-74.914332,16279,1,0,2983,23.90
bluetooth,59FE8D30,2025-05-27 19:20:26.566291Z,-80,39.001240,-74.914332,62501,1,0,1917,22.72
bluetooth,23D9727E,2025-05-27 19:20:27.491962Z,-38,39.001227,-74.914331,65126,2,0,1553,35.13
bluetooth,59FE8D30,2025-05-27 19:20:27.589719Z,-79,39.001227,-74.914331,57218,1,0,1917,22.69
bluetooth,367E0F4A,2025-05-27 19:20:28.174223Z,-82,39.001222,-74.914333,18365,1,0,2956,24.74
bluetooth,59FE8D30,2025-05-27 19:20:28.564244Z,-79,39.001222,-74.914333,16704,1,0,1917,22.92
radio434mhz,071E6661,2025-05-27 19:20:28.856447Z,-93,39.001222,-74.914333
bluetooth,13323C65,2025-05-27 19:20:28.954368Z,-85,39.001222,-74.914333,1793,1,0,2983,22.97
bluetooth,0000006E,2025-05-27 19:20:29.149253Z,-72,39.001221,-74.914337,12462,1,0,1907,23.93
bluetooth,367E0F4A,2025-05-27 19:20:29.197942Z,-71,39.001221,-74.914337,16480,1,0,2956,24.66
radio434mhz,1E336107,2025-05-27 19:20:29.246276Z,-64,39.001221,-74.914337
userLocation,user,2025-05-27 19:20:30.029736Z,0,39.001217,-74.914338
radio434mhz,614C192D,2025-05-27 19:20:30.075844Z,-108,39.001217,-74.914338
bluetooth,D7510A57,2025-05-27 19:20:30.077909Z,-81,39.001217,-74.914338,35420,1,0,1940,24.23
bluetooth,870614B1,2025-05-27 19:20:30.173514Z,-44,39.001217,-74.914338,10702,2,0,1500,17.56
bluetooth,23D9727E,2025-05-27 19:20:30.562804Z,-41,39.001217,-74.914338,52182,2,0,1553,35.18
bluetooth,59FE8D30,2025-05-27 19:20:30.611742Z,-81,39.001217,-74.914338,27180,1,0,1917,22.89
bluetooth,D7510A57,2025-05-27 19:20:31.050164Z,-63,39.001213,-74.914338,49509,1,0,1941,24.00
bluetooth,77AAF9E2,2025-05-27 19:20:31.148055Z,-82,39.001213,-74.914338,9215,1,0,1738,26.86
bluetooth,A648A0E7,2025-05-27 19:20:31.196723Z,-78,39.001213,-74.914338,58741,1,0,2983,23.73
bluetooth,59FE8D30,2025-05-27 19:20:31.635757Z,-70,39.001213,-74.914338,40966,1,0,1916,22.79
bluetooth,81D187E3,2025-05-27 19:20:31.781820Z,-82,39.001213,-74.914338,41611,1,0,2961,24.94
bluetooth,13323C65,2025-05-27 19:20:31.976552Z,-74,39.001213,-74.914338,51763,1,0,2984,23.35
bluetooth,E2A807D7,2025-05-27 19:20:32.074154Z,-81,39.001209,-74.914340,22825,1,0,1903,25.14
radio434mhz,071E6661,2025-05-27 19:20:32.075849Z,-94,39.001209,-74.914340
bluetooth,59FE8D30,2025-05-27 19:20:32.611058Z,-75,39.001209,-74.914340,18274,1,0,1916,22.77
bluetooth,81D187E3,2025-05-27 19:20:32.757256Z,-80,39.001209,-74.914340,45396,1,0,2961,24.84
bluetooth,D7510A57,2025-05-27 19:20:33.049200Z,-72,39.001204,-74.914344,32130,1,0,1941,24.31
bluetooth,59FE8D30,2025-05-27 19:20:33.634099Z,-70,39.001204,-74.914344,8787,1,0,1917,22.77
bluetooth,E2A807D7,2025-05-27 19:20:33.976358Z,-84,39.001204,-74.914344,43617,1,0,1903,24.97
bluetooth,A648A0E7,2025-05-27 19:20:34.317238Z,-77,39.001198,-74.914351,26766,1,0,2982,23.83
bluetooth,367E0F4A,2025-05-27 19:20:34.318921Z,-72,39.001198,-74.914351,35719,1,0,2956,24.59
radio434mhz,1E336107,2025-05-27 19:20:34.413929Z,-70,39.001198,-74.914351
bluetooth,81D187E3,2025-05-27 19:20:34.804912Z,-79,39.001198,-74.914351,17005,1,0,2961,24.97
bluetooth,07F9389E,2025-05-27 19:20:35.048628Z,-70,39.001194,-74.914360,39695,2,0,1543,25.85
bluetooth,13323C65,2025-05-27 19:20:35.145431Z,-75,39.001194,-74.914360,47275,1,0,2983,23.25
bluetooth,D7510A57,2025-05-27 19:20:35.146157Z,-65,39.001194,-74.914360,2543,1,0,1941,24.06
radio434mhz,071E6661,2025-05-27 19:20:35.243222Z,-98,39.001194,-74.914360
bluetooth,367E0F4A,2025-05-27 19:20:35.292047Z,-80,39.001194,-74.914360,13477,1,0,2956,24.84
radio434mhz,614C192D,2025-05-27 19:20:35.389410Z,-106,39.001194,-74.914360
bluetooth,13323C65,2025-05-27 19:20:36.071651Z,-74,39.001191,-74.914371,28456,1,0,2983,23.37
bluetooth,D7510A57,2025-05-27 19:20:36.120396Z,-67,39.001191,-74.914371,29593,1,0,1941,24.21
bluetooth,59FE8D30,2025-05-27 19:20:36.656887Z,-73,39.001191,-74.914371,47585,1,0,1917,22.67
bluetooth,E85FB74C,2025-05-27 19:20:37.144782Z,-83,39.001191,-74.914384,30158,2,0,1527,26.13
bluetooth,2172633A,2025-05-27 19:20:37.632109Z,-73,39.001191,-74.914384,40735,2,0,1564,24.46
bluetooth,59FE8D30,2025-05-27 19:20:37.680993Z,-66,39.001191,-74.914384,48310,1,0,1917,22.67
bluetooth,13323C65,2025-05-27 19:20:38.070864Z,-73,39.001191,-74.914395,37006,1,0,2984,23.25
bluetooth,A648A0E7,2025-05-27 19:20:38.364169Z,-77,39.001191,-74.914395,17846,1,0,2983,23.78
bluetooth,367E0F4A,2025-05-27 19:20:38.366847Z,-81,39.001191,-74.914395,48122,1,0,2956,24.74
radio434mhz,071E6661,2025-05-27 19:20:38.367122Z,-97,39.001191,-74.914395
bluetooth,59FE8D30,2025-05-27 19:20:38.657574Z,-64,39.001191,-74.914395,25602,1,0,1917,22.87
bluetooth,870614B1,2025-05-27 19:20:39.192731Z,-44,39.001191,-74.914408,41800,2,0,1499,17.18
bluetooth,19836CFF,2025-05-27 19:20:39.387162Z,-79,39.001191,-74.914408,42778,1,0,1888,23.98
radio434mhz,1E336107,2025-05-27 19:20:39.582075Z,-67,39.001191,-74.914408
bluetooth,59FE8D30,2025-05-27 19:20:39.679943Z,-64,39.001191,-74.914408,59033,1,0,1917,22.74
bluetooth,81D187E3,2025-05-27 19:20:39.777384Z,-82,39.001191,-74.914408,45074,1,0,2961,25.07
userLocation,user,2025-05-27 19:20:40.030213Z,0,39.001192,-74.914422
bluetooth,07F9389E,2025-05-27 19:20:40.069933Z,-76,39.001192,-74.914422,3135,2,0,1543,25.72
radio434mhz,342A074C,2025-05-27 19:20:40.313265Z,-109,39.001192,-74.914422
bluetooth,A648A0E7,2025-05-27 19:20:40.362323Z,-76,39.001192,-74.914422,24033,1,0,2983,23.65
bluetooth,367E0F4A,2025-05-27 19:20:40.411069Z,-78,39.001192,-74.914422,64410,1,0,2957,24.59
bluetooth,3F9E3319,2025-05-27 19:20:40.606686Z,-77,39.001192,-74.914422,30640,1,0,1789,27.82
bluetooth,B78FE24A,2025-05-27 19:20:40.608636Z,-79,39.001192,-74.914422,63435,1,0,1880,25.88
radio434mhz,614C192D,2025-05-27 19:20:40.946546Z,-106,39.001192,-74.914422
bluetooth,0000006E,2025-05-27 19:20:41.142424Z,-75,39.001192,-74.914434,17213,1,0,1906,24.06
bluetooth,19836CFF,2025-05-27 19:20:41.385553Z,-79,39.001192,-74.914434,13465,1,0,1888,23.80
radio434mhz,071E6661,2025-05-27 19:20:41.532142Z,-90,39.001192,-74.914434
bluetooth,3F9E3319,2025-05-27 19:20:41.581180Z,-81,39.001192,-74.914434,26153,1,0,1788,27.75
bluetooth,E197FE3E,2025-05-27 19:20:42.068714Z,-81,39.001192,-74.914446,58078,1,0,1786,28.45
bluetooth,D7510A57,2025-05-27 19:20:42.214059Z,-67,39.001192,-74.914446,9669,1,0,1940,24.13
bluetooth,13323C65,2025-05-27 19:20:42.215034Z,-75,39.001192,-74.914446,29692,1,0,2985,22.97
bluetooth,367E0F4A,2025-05-27 19:20:42.458159Z,-80,39.001192,-74.914446,37576,1,0,2955,24.56
bluetooth,B78FE24A,2025-05-27 19:20:42.604357Z,-79,39.001192,-74.914446,62543,1,0,1881,25.70
bluetooth,81D187E3,2025-05-27 19:20:42.848143Z,-83,39.001192,-74.914446,2420,1,0,2962,25.02
bluetooth,367E0F4A,2025-05-27 19:20:43.530787Z,-73,39.001191,-74.914457,65076,1,0,2956,24.69
bluetooth,2172633A,2025-05-27 19:20:43.676941Z,-72,39.001191,-74.914457,62511,2,0,1563,24.38
bluetooth,81D187E3,2025-05-27 19:20:43.823190Z,-77,39.001191,-74.914457,7883,1,0,2961,24.97
bluetooth,A648A0E7,2025-05-27 19:20:44.456974Z,-75,39.001190,-74.914469,14492,1,0,2982,23.45
bluetooth,367E0F4A,2025-05-27 19:20:44.505639Z,-75,39.001190,-74.914469,24095,1,0,2957,24.66
radio434mhz,071E6661,2025-05-27 19:20:44.749183Z,-91,39.001190,-74.914469
radio434mhz,1E336107,2025-05-27 19:20:44.750281Z,-67,39.001190,-74.914469
bluetooth,81D187E3,2025-05-27 19:20:44.799580Z,-83,39.001190,-74.914469,16783,1,0,2962,24.84
bluetooth,07F9389E,2025-05-27 19:20:45.091316Z,-74,39.001189,-74.914481,53476,2,0,1542,25.77
bluetooth,A648A0E7,2025-05-27 19:20:45.431810Z,-74,39.001189,-74.914481,24779,1,0,2983,23.80
bluetooth,81D187E3,2025-05-27 19:20:45.871136Z,-77,39.001189,-74.914481,12191,1,0,2962,24.97
bluetooth,23D9727E,2025-05-27 19:20:45.919947Z,-43,39.001189,-74.914481,1147,2,0,1554,34.92
bluetooth,E2A807D7,2025-05-27 19:20:45.968692Z,-81,39.001189,-74.914481,25552,1,0,1902,24.97
bluetooth,19836CFF,2025-05-27 19:20:46.406978Z,-83,39.001190,-74.914492,50059,1,0,1887,23.90
bluetooth,A648A0E7,2025-05-27 19:20:46.407801Z,-71,39.001190,-74.914492,44908,1,0,2984,23.60
bluetooth,367E0F4A,2025-05-27 19:20:46.601834Z,-83,39.001190,-74.914492,62668,1,0,2957,24.66
bluetooth,59FE8D30,2025-05-27 19:20:46.748254Z,-64,39.001190,-74.914492,36217,1,0,1917,22.72
bluetooth,0000006E,2025-05-27 19:20:47.186685Z,-70,39.001190,-74.914502,58550,1,0,1905,23.88
bluetooth,19836CFF,2025-05-27 19:20:47.381971Z,-81,39.001190,-74.914502,38206,1,0,1887,23.78
bluetooth,A648A0E7,2025-05-27 19:20:47.479560Z,-75,39.001190,-74.914502,12816,1,0,2983,23.70
bluetooth,B78FE24A,2025-05-27 19:20:47.576959Z,-85,39.001190,-74.914502,27781,1,0,1880,25.72
bluetooth,59FE8D30,2025-05-27 19:20:47.723522Z,-69,39.001190,-74.914502,62243,1,0,1915,22.99
bluetooth,81D187E3,2025-05-27 19:20:47.820621Z,-75,39.001190,-74.914502,59359,1,0,2961,25.04
radio434mhz,071E6661,2025-05-27 19:20:47.917901Z,-102,39.001190,-74.914502
bluetooth,870614B1,2025-05-27 19:20:48.161630Z,-46,39.001190,-74.914514,46070,2,0,1496,16.78
bluetooth,A648A0E7,2025-05-27 19:20:48.454493Z,-84,39.001190,-74.914514,36120,1,0,2983,23.65
bluetooth,3F9E3319,2025-05-27 19:20:48.551940Z,-80,39.001190,-74.914514,46360,1,0,1789,28.00
bluetooth,59FE8D30,2025-05-27 19:20:48.697803Z,-70,39.001190,-74.914514,27178,1,0,1916,22.69
bluetooth,23D9727E,2025-05-27 19:20:48.941981Z,-40,39.001190,-74.914514,12858,2,0,1554,34.80
bluetooth,59FE8D30,2025-05-27 19:20:49.673311Z,-78,39.001191,-74.914526,21072,1,0,1916,22.77
bluetooth,2172633A,2025-05-27 19:20:49.674204Z,-77,39.001191,-74.914526,58812,2,0,1564,24.31
bluetooth,81D187E3,2025-05-27 19:20:49.819572Z,-79,39.001191,-74.914526,61849,1,0,2961,24.94
radio434mhz,1E336107,2025-05-27 19:20:49.916692Z,-67,39.001191,-74.914526
bluetooth,B3DA9765,2025-05-27 19:20:50.014890Z,-84,39.001191,-74.914526,10032,1,0,1633,24.89
userLocation,user,2025-05-27 19:20:50.030270Z,0,39.001190,-74.914537
bluetooth,07F9389E,2025-05-27 19:20:50.063121Z,-72,39.001190,-74.914537,49168,2,0,1542,26.10
bluetooth,0000006E,2025-05-27 19:20:50.160946Z,-71,39.001190,-74.914537,51699,1,0,1906,23.88
bluetooth,13323C65,2025-05-27 19:20:50.307123Z,-78,39.001190,-74.914537,20570,1,0,2984,23.09
bluetooth,A648A0E7,2025-05-27 19:20:50.502532Z,-78,39.001190,-74.914537,33727,1,0,2982,23.42
bluetooth,367E0F4A,2025-05-27 19:20:50.648260Z,-71,39.001190,-74.914537,29217,1,0,2957,24.64
bluetooth,59FE8D30,2025-05-27 19:20:50.649848Z,-72,39.001190,-74.914537,37432,1,0,1915,22.61
radio434mhz,071E6661,2025-05-27 19:20:51.039672Z,-108,39.001182,-74.914529
bluetooth,D7510A57,2025-05-27 19:20:51.184718Z,-69,39.001182,-74.914529,43539,1,0,1941,24.28
bluetooth,870614B1,2025-05-27 19:20:51.186354Z,-46,39.001182,-74.914529,51376,2,0,1496,16.80
bluetooth,A648A0E7,2025-05-27 19:20:51.477015Z,-79,39.001182,-74.914529,39240,1,0,2982,23.30
bluetooth,3F9E3319,2025-05-27 19:20:51.574512Z,-82,39.001182,-74.914529,10734,1,0,1789,27.54
bluetooth,367E0F4A,2025-05-27 19:20:51.623295Z,-85,39.001182,-74.914529,24658,1,0,2956,24.71
bluetooth,81D187E3,2025-05-27 19:20:51.866967Z,-72,39.001182,-74.914529,62985,1,0,2961,24.97
radio434mhz,614C192D,2025-05-27 19:20:51.915429Z,-108,39.001182,-74.914529
bluetooth,23D9727E,2025-05-27 19:20:52.013354Z,-47,39.001182,-74.914529,14759,2,0,1554,34.95
bluetooth,13323C65,2025-05-27 19:20:52.354622Z,-74,39.001186,-74.914567,5905,1,0,2983,23.07
bluetooth,59FE8D30,2025-05-27 19:20:52.695827Z,-72,39.001186,-74.914567,60879,1,0,1916,22.74
bluetooth,2172633A,2025-05-27 19:20:52.697816Z,-79,39.001186,-74.914567,57163,2,0,1563,24.18
bluetooth,81D187E3,2025-05-27 19:20:52.842103Z,-77,39.001186,-74.914567,60926,1,0,2962,24.86
bluetooth,0000006E,2025-05-27 19:20:53.134524Z,-80,39.001189,-74.914580,7649,1,0,1906,23.90
bluetooth,D7510A57,2025-05-27 19:20:53.183259Z,-78,39.001189,-74.914580,6412,1,0,1940,24.21
bluetooth,A648A0E7,2025-05-27 19:20:53.524719Z,-78,39.001189,-74.914580,31436,1,0,2982,23.78
bluetooth,59FE8D30,2025-05-27 19:20:53.670750Z,-67,39.001189,-74.914580,54773,1,0,1917,22.69
bluetooth,367E0F4A,2025-05-27 19:20:53.671747Z,-74,39.001189,-74.914580,17715,1,0,2956,24.66
bluetooth,81D187E3,2025-05-27 19:20:53.865799Z,-78,39.001189,-74.914580,10148,1,0,2961,24.91
bluetooth,D7510A57,2025-05-27 19:20:54.207185Z,-68,39.001189,-74.914592,12525,1,0,1941,24.33
bluetooth,870614B1,2025-05-27 19:20:54.208527Z,-45,39.001189,-74.914592,59374,2,0,1498,16.83
radio434mhz,071E6661,2025-05-27 19:20:54.208877Z,-104,39.001189,-74.914592
bluetooth,13323C65,2025-05-27 19:20:54.405313Z,-78,39.001189,-74.914592,23689,1,0,2984,23.04
bluetooth,59FE8D30,2025-05-27 19:20:54.645779Z,-77,39.001189,-74.914592,33295,1,0,1916,22.84
bluetooth,367E0F4A,2025-05-27 19:20:54.743893Z,-75,39.001189,-74.914592,18880,1,0,2956,24.64
bluetooth,81D187E3,2025-05-27 19:20:54.889584Z,-75,39.001189,-74.914592,44430,1,0,2962,24.97
bluetooth,07F9389E,2025-05-27 19:20:55.084439Z,-70,39.001187,-74.914604,43160,2,0,1542,25.70
bluetooth,23D9727E,2025-05-27 19:20:55.086688Z,-47,39.001187,-74.914604,12232,2,0,1554,34.90
radio434mhz,1E336107,2025-05-27 19:20:55.133462Z,-70,39.001187,-74.914604
bluetooth,13323C65,2025-05-27 19:20:55.425847Z,-74,39.001187,-74.914604,52469,1,0,2983,22.99
bluetooth,2172633A,2025-05-27 19:20:55.718369Z,-81,39.001187,-74.914604,52197,2,0,1564,24.18
bluetooth,B3DA9765,2025-05-27 19:20:56.498360Z,-85,39.001188,-74.914617,25455,1,0,1633,24.89
bluetooth,A648A0E7,2025-05-27 19:20:56.546979Z,-80,39.001188,-74.914617,44088,1,0,2982,23.98
bluetooth,B78FE24A,2025-05-27 19:20:56.595670Z,-84,39.001188,-74.914617,4491,1,0,1878,25.65
bluetooth,59FE8D30,2025-05-27 19:20:56.742057Z,-73,39.001188,-74.914617,62015,1,0,1916,22.59
bluetooth,367E0F4A,2025-05-27 19:20:56.743573Z,-78,39.001188,-74.914617,37032,1,0,2955,24.66
bluetooth,81D187E3,2025-05-27 19:20:56.839631Z,-74,39.001188,-74.914617,10227,1,0,2962,24.99
bluetooth,E197FE3E,2025-05-27 19:20:56.937089Z,-81,39.001188,-74.914617,44023,1,0,1784,28.35
radio434mhz,071E6661,2025-05-27 19:20:57.424239Z,-107,39.001188,-74.914622
bluetooth,13323C65,2025-05-27 19:20:57.473371Z,-71,39.001188,-74.914622,13386,1,0,2984,22.94
bluetooth,59FE8D30,2025-05-27 19:20:57.668275Z,-79,39.001188,-74.914622,38543,1,0,1916,22.74
bluetooth,D7510A57,2025-05-27 19:20:58.155887Z,-70,39.001187,-74.914636,167,1,0,1940,24.33
bluetooth,23D9727E,2025-05-27 19:20:58.204666Z,-45,39.001187,-74.914636,17992,2,0,1552,34.85
bluetooth,13323C65,2025-05-27 19:20:58.499379Z,-77,39.001187,-74.914636,10024,1,0,2983,22.97
bluetooth,3F9E3319,2025-05-27 19:20:58.499777Z,-80,39.001187,-74.914636,61190,1,0,1786,27.82
bluetooth,2172633A,2025-05-27 19:20:58.741040Z,-77,39.001187,-74.914636,51802,2,0,1564,24.26
bluetooth,13323C65,2025-05-27 19:20:59.472659Z,-74,39.001189,-74.914651,46101,1,0,2982,23.07
bluetooth,A648A0E7,2025-05-27 19:20:59.618950Z,-78,39.001189,-74.914651,14093,1,0,2982,23.68
bluetooth,367E0F4A,2025-05-27 19:20:59.813532Z,-72,39.001189,-74.914651,16698,1,0,2956,24.48
bluetooth,81D187E3,2025-05-27 19:20:59.862941Z,-80,39.001189,-74.914651,60865,1,0,2963,24.86
userLocation,user,2025-05-27 19:21:00.030328Z,0,39.001188,-74.914664
bluetooth,870614B1,2025-05-27 19:21:00.154753Z,-43,39.001188,-74.914664,36316,2,0,1498,16.60
bluetooth,B3DA9765,2025-05-27 19:21:00.252026Z,-82,39.001188,-74.914664,19799,1,0,1634,24.91
radio434mhz,1E336107,2025-05-27 19:21:00.257922Z,-69,39.001188,-74.914664
bluetooth,13323C65,2025-05-27 19:21:00.495900Z,-76,39.001188,-74.914664,40101,1,0,2983,23.09
bluetooth,81D187E3,2025-05-27 19:21:00.886272Z,-78,39.001188,-74.914664,30923,1,0,2962,25.02
bluetooth,D7510A57,2025-05-27 19:21:01.129618Z,-82,39.001196,-74.914692,4964,1,0,1940,24.13
bluetooth,23D9727E,2025-05-27 19:21:01.227123Z,-43,39.001196,-74.914692,17123,2,0,1555,34.64
bluetooth,367E0F4A,2025-05-27 19:21:01.863961Z,-77,39.001196,-74.914692,58543,1,0,2955,24.59
bluetooth,81D187E3,2025-05-27 19:21:01.864364Z,-79,39.001196,-74.914692,8993,1,0,2961,24.99
bluetooth,E85FB74C,2025-05-27 19:21:02.007837Z,-83,39.001196,-74.914692,65229,2,0,1526,26.25
bluetooth,59FE8D30,2025-05-27 19:21:02.641271Z,-75,39.001196,-74.914703,2720,1,0,1917,22.87
bluetooth,367E0F4A,2025-05-27 19:21:02.885183Z,-76,39.001196,-74.914703,28914,1,0,2956,24.71
bluetooth,E2A807D7,2025-05-27 19:21:02.982593Z,-80,39.001196,-74.914703,59033,1,0,1901,25.14
bluetooth,870614B1,2025-05-27 19:21:03.177256Z,-45,39.001199,-74.914713,826,2,0,1499,16.60
bluetooth,A648A0E7,2025-05-27 19:21:03.664414Z,-81,39.001199,-74.914713,54068,1,0,2983,23.60
bluetooth,81D187E3,2025-05-27 19:21:03.908976Z,-80,39.001199,-74.914713,57260,1,0,2962,24.94
bluetooth,367E0F4A,2025-05-27 19:21:03.909654Z,-80,39.001199,-74.914713,44973,1,0,2956,24.64
radio434mhz,071E6661,2025-05-27 19:21:03.956999Z,-105,39.001199,-74.914713
bluetooth,23D9727E,2025-05-27 19:21:04.298997Z,-44,39.001197,-74.914723,22206,2,0,1553,34.77
bluetooth,81D187E3,2025-05-27 19:21:04.883483Z,-81,39.001197,-74.914723,61537,1,0,2962,24.84
radio434mhz,1E336107,2025-05-27 19:21:05.468201Z,-69,39.001195,-74.914734
bluetooth,D7510A57,2025-05-27 19:21:06.199413Z,-78,39.001192,-74.914746,47070,1,0,1941,24.31
bluetooth,870614B1,2025-05-27 19:21:06.200303Z,-46,39.001192,-74.914746,34581,2,0,1497,16.88
bluetooth,59FE8D30,2025-05-27 19:21:06.687127Z,-70,39.001192,-74.914746,31260,1,0,1914,22.92
bluetooth,E2A807D7,2025-05-27 19:21:07.029634Z,-83,39.001192,-74.914746,10319,1,0,1901,24.89
bluetooth,D7510A57,2025-05-27 19:21:07.077211Z,-71,39.001191,-74.914756,58498,1,0,1940,24.16
radio434mhz,071E6661,2025-05-27 19:21:07.125656Z,-104,39.001191,-74.914756
bluetooth,13323C65,2025-05-27 19:21:07.662627Z,-82,39.001191,-74.914756,55409,1,0,2984,23.12
bluetooth,0000006E,2025-05-27 19:21:08.052154Z,-82,39.001190,-74.914770,16589,1,0,1905,24.13
bluetooth,D7510A57,2025-05-27 19:21:08.100891Z,-71,39.001190,-74.914770,39987,1,0,1940,24.26
bluetooth,59FE8D30,2025-05-27 19:21:08.785046Z,-77,39.001190,-74.914770,56962,1,0,1916,22.69
bluetooth,D7510A57,2025-05-27 19:21:09.075951Z,-73,39.001189,-74.914780,36982,1,0,1940,24.36
bluetooth,870614B1,2025-05-27 19:21:09.173600Z,-46,39.001189,-74.914780,41320,2,0,1497,16.57
bluetooth,A648A0E7,2025-05-27 19:21:09.758680Z,-75,39.001189,-74.914780,14541,1,0,2982,23.88
userLocation,user,2025-05-27 19:21:10.030864Z,0,39.001189,-74.914792
bluetooth,D7510A57,2025-05-27 19:21:10.051093Z,-77,39.001189,-74.914792,15778,1,0,1939,23.95
radio434mhz,071E6661,2025-05-27 19:21:10.296610Z,-102,39.001189,-74.914792
radio434mhz,1E336107,2025-05-27 19:21:10.635779Z,-67,39.001189,-74.914792
bluetooth,59FE8D30,2025-05-27 19:21:10.782308Z,-73,39.001189,-74.914792,20665,1,0,1916,22.72
bluetooth,0000006E,2025-05-27 19:21:11.026899Z,-77,39.001189,-74.914792,14154,1,0,1904,23.98
bluetooth,D7510A57,2025-05-27 19:21:11.075388Z,-68,39.001192,-74.914801,36876,1,0,1940,24.13
bluetooth,367E0F4A,2025-05-27 19:21:12.050198Z,-77,39.001191,-74.914811,13129,1,0,2955,24.66
bluetooth,870614B1,2025-05-27 19:21:12.147990Z,-49,39.001191,-74.914811,50458,2,0,1494,16.68
bluetooth,367E0F4A,2025-05-27 19:21:13.074510Z,-86,39.001191,-74.914820,18435,1,0,2957,24.79
bluetooth,2172633A,2025-05-27 19:21:13.854213Z,-81,39.001191,-74.914820,12016,2,0,1564,24.18
bluetooth,81D187E3,2025-05-27 19:21:13.902439Z,-81,39.001191,-74.914820,26833,1,0,2962,24.89
bluetooth,0000006E,2025-05-27 19:21:14.048540Z,-81,39.001192,-74.914821,11410,1,0,1905,24.13
bluetooth,D7510A57,2025-05-27 19:21:14.097177Z,-73,39.001192,-74.914821,49293,1,0,1940,24.11
bluetooth,13323C65,2025-05-27 19:21:15.755009Z,-83,39.001192,-74.914815,44644,1,0,2984,23.20
radio434mhz,1E336107,2025-05-27 19:21:15.803372Z,-67,39.001192,-74.914815
bluetooth,23D9727E,2025-05-27 19:21:16.535064Z,-42,39.001199,-74.914811,29307,2,0,1553,34.59
bluetooth,13323C65,2025-05-27 19:21:16.779107Z,-85,39.001199,-74.914811,32082,1,0,2984,23.07
bluetooth,D7510A57,2025-05-27 19:21:18.144402Z,-78,39.001214,-74.914794,30472,1,0,1940,24.23
bluetooth,870614B1,2025-05-27 19:21:18.145434Z,-39,39.001214,-74.914794,59802,2,0,1495,16.83
bluetooth,367E0F4A,2025-05-27 19:21:19.216370Z,-76,39.001224,-74.914790,48558,1,0,2957,24.66
bluetooth,23D9727E,2025-05-27 19:21:19.606533Z,-43,39.001224,-74.914790,29368,2,0,1553,34.72
bluetooth,13323C65,2025-05-27 19:21:19.850103Z,-80,39.001224,-74.914790,31757,1,0,2982,23.09
userLocation,user,2025-05-27 19:21:20.030036Z,0,39.001237,-74.914787
bluetooth,07F9389E,2025-05-27 19:21:20.142452Z,-81,39.001237,-74.914787,9095,2,0,1543,25.85
bluetooth,59FE8D30,2025-05-27 19:21:20.727574Z,-72,39.001237,-74.914787,15534,1,0,1914,22.89
radio434mhz,1E336107,2025-05-27 19:21:20.972778Z,-75,39.001237,-74.914787
bluetooth,D7510A57,2025-05-27 19:21:21.166336Z,-68,39.001246,-74.914785,46498,1,0,1940,24.36
bluetooth,13323C65,2025-05-27 19:21:21.897488Z,-74,39.001246,-74.914785,64448,1,0,2984,23.20
bluetooth,367E0F4A,2025-05-27 19:21:22.288008Z,-79,39.001250,-74.914784,9765,1,0,2957,24.64
bluetooth,23D9727E,2025-05-27 19:21:22.629390Z,-41,39.001250,-74.914784,25059,2,0,1554,34.64
radio434mhz,071E6661,2025-05-27 19:21:22.969685Z,-101,39.001250,-74.914784
bluetooth,0000006E,2025-05-27 19:21:23.067517Z,-76,39.001251,-74.914783,11740,1,0,1903,24.21
bluetooth,D7510A57,2025-05-27 19:21:23.165126Z,-71,39.001251,-74.914783,31557,1,0,1940,24.06
bluetooth,13323C65,2025-05-27 19:21:23.896326Z,-77,39.001251,-74.914783,26009,1,0,2984,22.92
bluetooth,870614B1,2025-05-27 19:21:24.237789Z,-45,39.001254,-74.914775,26967,2,0,1496,16.57
bluetooth,23D9727E,2025-05-27 19:21:25.700061Z,-65,39.001259,-74.914766,26605,2,0,1554,34.82
radio434mhz,071E6661,2025-05-27 19:21:26.139267Z,-110,39.001263,-74.914755
radio434mhz,1E336107,2025-05-27 19:21:26.187876Z,-78,39.001263,-74.914755
bluetooth,870614B1,2025-05-27 19:21:27.163196Z,-78,39.001272,-74.914747,36640,2,0,1497,16.62
bluetooth,23D9727E,2025-05-27 19:21:28.771294Z,-73,39.001275,-74.914735,22785,2,0,1553,34.72
userLocation,user,2025-05-27 19:21:30.032561Z,0,39.001284,-74.914716
bluetooth,77AAF9E2,2025-05-27 19:21:30.185244Z,-81,39.001284,-74.914716,62246,1,0,1732,26.66
bluetooth,367E0F4A,2025-05-27 19:21:30.478345Z,-76,39.001284,-74.914716,10975,1,0,2956,24.61
bluetooth,3F9E3319,2025-05-27 19:21:30.624433Z,-83,39.001284,-74.914716,34668,1,0,1783,27.85
bluetooth,13323C65,2025-05-27 19:21:31.014399Z,-82,39.001284,-74.914716,62116,1,0,2984,22.89
radio434mhz,1E336107,2025-05-27 19:21:31.354984Z,-80,39.001291,-74.914699
bluetooth,77AAF9E2,2025-05-27 19:21:32.233134Z,-80,39.001300,-74.914689,828,1,0,1733,26.30
bluetooth,13323C65,2025-05-27 19:21:33.062090Z,-74,39.001309,-74.914678,34444,1,0,2983,22.99
bluetooth,367E0F4A,2025-05-27 19:21:33.500440Z,-71,39.001309,-74.914678,56981,1,0,2956,24.71
bluetooth,B78FE24A,2025-05-27 19:21:33.744656Z,-82,39.001309,-74.914678,53008,1,0,1874,25.75
bluetooth,13323C65,2025-05-27 19:21:34.133770Z,-82,39.001318,-74.914674,15279,1,0,2985,23.02
bluetooth,D7510A57,2025-05-27 19:21:34.183420Z,-75,39.001318,-74.914674,58355,1,0,1939,24.00
bluetooth,23D9727E,2025-05-27 19:21:34.865283Z,-68,39.001318,-74.914674,17805,2,0,1554,34.62
bluetooth,77AAF9E2,2025-05-27 19:21:35.257859Z,-79,39.001326,-74.914666,9586,1,0,1733,26.61
bluetooth,870614B1,2025-05-27 19:21:36.133405Z,-79,39.001336,-74.914660,59034,2,0,1491,16.78
bluetooth,A648A0E7,2025-05-27 19:21:36.134592Z,-79,39.001336,-74.914660,8891,1,0,2983,23.83
radio434mhz,1E336107,2025-05-27 19:21:36.523312Z,-78,39.001336,-74.914660
bluetooth,367E0F4A,2025-05-27 19:21:36.572034Z,-76,39.001336,-74.914660,50997,1,0,2956,24.91
bluetooth,D7510A57,2025-05-27 19:21:37.205111Z,-83,39.001343,-74.914652,60104,1,0,1939,24.08
bluetooth,367E0F4A,2025-05-27 19:21:37.595347Z,-76,39.001343,-74.914652,59424,1,0,2956,24.61
bluetooth,23D9727E,2025-05-27 19:21:37.936580Z,-65,39.001343,-74.914652,8556,2,0,1554,34.42
bluetooth,870614B1,2025-05-27 19:21:39.155421Z,-70,39.001354,-74.914641,53240,2,0,1490,16.83
userLocation,user,2025-05-27 19:21:40.030176Z,0,39.001355,-74.914640
bluetooth,367E0F4A,2025-05-27 19:21:40.667254Z,-80,39.001355,-74.914640,26160,1,0,2956,24.74
bluetooth,23D9727E,2025-05-27 19:21:41.008016Z,-43,39.001355,-74.914640,11233,2,0,1554,34.52
bluetooth,367E0F4A,2025-05-27 19:21:41.690294Z,-84,39.001356,-74.914643,38462,1,0,2956,24.76
radio434mhz,1E336107,2025-05-27 19:21:41.691346Z,-71,39.001356,-74.914643
radio434mhz,071E6661,2025-05-27 19:21:41.982525Z,-103,39.001356,-74.914643
bluetooth,870614B1,2025-05-27 19:21:42.129855Z,-47,39.001354,-74.914639,56503,2,0,1490,16.62
bluetooth,D7510A57,2025-05-27 19:21:42.275452Z,-81,39.001354,-74.914639,34151,1,0,1939,23.90
bluetooth,23D9727E,2025-05-27 19:21:44.079148Z,-48,39.001341,-74.914624,14556,2,0,1554,34.57
radio434mhz,071E6661,2025-05-27 19:21:45.152080Z,-106,39.001334,-74.914615
bluetooth,870614B1,2025-05-27 19:21:45.153352Z,-49,39.001334,-74.914615,20410,2,0,1490,16.65
radio434mhz,1E336107,2025-05-27 19:21:46.906891Z,-73,39.001328,-74.914603
bluetooth,23D9727E,2025-05-27 19:21:47.151627Z,-50,39.001321,-74.914596,2936,2,0,1553,34.67
bluetooth,D7510A57,2025-05-27 19:21:47.200291Z,-81,39.001321,-74.914596,51490,1,0,1938,24.18
bluetooth,870614B1,2025-05-27 19:21:48.125657Z,-51,39.001313,-74.914586,36679,2,0,1488,16.88
radio434mhz,071E6661,2025-05-27 19:21:48.320155Z,-102,39.001313,-74.914586
bluetooth,367E0F4A,2025-05-27 19:21:49.880332Z,-80,39.001307,-74.914581,10582,1,0,2955,24.61
userLocation,user,2025-05-27 19:21:50.039294Z,0,39.001300,-74.914576
bluetooth,870614B1,2025-05-27 19:21:51.148082Z,-54,39.001294,-74.914569,56448,2,0,1488,16.93
radio434mhz,071E6661,2025-05-27 19:21:51.488892Z,-99,39.001294,-74.914569
radio434mhz,1E336107,2025-05-27 19:21:52.122583Z,-70,39.001287,-74.914561
bluetooth,2172633A,2025-05-27 19:21:52.952390Z,-83,39.001287,-74.914561,21443,2,0,1564,23.90
bluetooth,23D9727E,2025-05-27 19:21:53.244792Z,-45,39.001280,-74.914554,7125,2,0,1554,34.39
bluetooth,870614B1,2025-05-27 19:21:54.173037Z,-53,39.001272,-74.914548,45440,2,0,1490,16.95
radio434mhz,071E6661,2025-05-27 19:21:54.852773Z,-97,39.001272,-74.914548
bluetooth,367E0F4A,2025-05-27 19:21:55.974894Z,-74,39.001266,-74.914540,31361,1,0,2956,24.76
bluetooth,23D9727E,2025-05-27 19:21:56.315773Z,-51,39.001261,-74.914531,54553,2,0,1553,34.75
bluetooth,367E0F4A,2025-05-27 19:21:56.997927Z,-74,39.001261,-74.914531,56856,1,0,2956,24.69
bluetooth,870614B1,2025-05-27 19:21:57.144796Z,-50,39.001254,-74.914524,15712,2,0,1494,16.88
radio434mhz,1E336107,2025-05-27 19:21:57.290353Z,-73,39.001254,-74.914524
radio434mhz,071E6661,2025-05-27 19:21:58.021951Z,-103,39.001254,-74.914524
bluetooth,367E0F4A,2025-05-27 19:21:58.024165Z,-80,39.001254,-74.914524,52654,1,0,2956,24.48
bluetooth,2172633A,2025-05-27 19:21:58.948660Z,-83,39.001247,-74.914516,13035,2,0,1563,23.93
bluetooth,367E0F4A,2025-05-27 19:21:59.094218Z,-84,39.001239,-74.914510,37330,1,0,2956,24.69
bluetooth,23D9727E,2025-05-27 19:21:59.387418Z,-55,39.001239,-74.914510,53447,2,0,1553,34.82
userLocation,user,2025-05-27 19:22:00.036811Z,0,39.001234,-74.914502
bluetooth,870614B1,2025-05-27 19:22:00.118552Z,-49,39.001234,-74.914502,30735,2,0,1496,17.05
bluetooth,367E0F4A,2025-05-27 19:22:01.093556Z,-82,39.001229,-74.914495,61350,1,0,2956,24.94
radio434mhz,071E6661,2025-05-27 19:22:01.190305Z,-105,39.001229,-74.914495
bluetooth,2172633A,2025-05-27 19:22:01.971059Z,-83,39.001229,-74.914495,12615,2,0,1565,23.73
radio434mhz,1E336107,2025-05-27 19:22:02.457488Z,-71,39.001222,-74.914490
bluetooth,870614B1,2025-05-27 19:22:03.091864Z,-48,39.001214,-74.914485,25870,2,0,1493,16.83
radio434mhz,071E6661,2025-05-27 19:22:04.407577Z,-111,39.001210,-74.914478
bluetooth,2172633A,2025-05-27 19:22:04.945066Z,-84,39.001210,-74.914478,8430,2,0,1564,23.65
bluetooth,367E0F4A,2025-05-27 19:22:05.334847Z,-79,39.001206,-74.914464,50773,1,0,2956,24.69
bluetooth,23D9727E,2025-05-27 19:22:05.480390Z,-45,39.001206,-74.914464,49665,2,0,1555,34.75
bluetooth,B78FE24A,2025-05-27 19:22:05.675435Z,-80,39.001206,-74.914464,4292,1,0,1869,25.57
bluetooth,59FE8D30,2025-05-27 19:22:05.775262Z,-83,39.001206,-74.914464,20703,1,0,1914,22.61
bluetooth,5504D31A,2025-05-27 19:22:05.919779Z,-78,39.001206,-74.914464,46891,2,0,1560,26.76
bluetooth,870614B1,2025-05-27 19:22:06.114948Z,-38,39.001206,-74.914447,51943,2,0,1493,16.95
bluetooth,367E0F4A,2025-05-27 19:22:06.211880Z,-79,39.001206,-74.914447,45453,1,0,2956,24.79
bluetooth,B3DA9765,2025-05-27 19:22:06.407107Z,-79,39.001206,-74.914447,13357,1,0,1632,24.91
bluetooth,D7510A57,2025-05-27 19:22:07.186856Z,-69,39.001212,-74.914442,28475,1,0,1937,24.28
bluetooth,B3DA9765,2025-05-27 19:22:07.382001Z,-82,39.001212,-74.914442,6595,1,0,1633,24.91
radio434mhz,1E336107,2025-05-27 19:22:07.626904Z,-64,39.001212,-74.914442
bluetooth,59FE8D30,2025-05-27 19:22:07.774288Z,-80,39.001212,-74.914442,5730,1,0,1912,22.79
bluetooth,D7510A57,2025-05-27 19:22:08.210615Z,-77,39.001218,-74.914438,63076,1,0,1936,24.18
bluetooth,77AAF9E2,2025-05-27 19:22:08.357298Z,-82,39.001218,-74.914438,30558,1,0,1728,26.73
bluetooth,23D9727E,2025-05-27 19:22:08.551788Z,-40,39.001218,-74.914438,64595,2,0,1553,34.70
bluetooth,A648A0E7,2025-05-27 19:22:08.600423Z,-77,39.001218,-74.914438,3949,1,0,2983,23.63
bluetooth,B78FE24A,2025-05-27 19:22:08.746741Z,-81,39.001218,-74.914438,7883,1,0,1871,25.65
bluetooth,870614B1,2025-05-27 19:22:09.185621Z,-38,39.001226,-74.914431,3436,2,0,1493,17.03
bluetooth,D7510A57,2025-05-27 19:22:09.186434Z,-70,39.001226,-74.914431,47263,1,0,1936,24.08
bluetooth,A648A0E7,2025-05-27 19:22:09.624893Z,-79,39.001226,-74.914431,16066,1,0,2983,23.58
bluetooth,13323C65,2025-05-27 19:22:09.721843Z,-78,39.001226,-74.914431,11971,1,0,2984,22.84
userLocation,user,2025-05-27 19:22:10.033764Z,0,39.001235,-74.914428
bluetooth,D7510A57,2025-05-27 19:22:10.209330Z,-75,39.001235,-74.914428,22546,1,0,1937,24.26
bluetooth,07F9389E,2025-05-27 19:22:10.210776Z,-77,39.001235,-74.914428,45956,2,0,1542,25.80
radio434mhz,071E6661,2025-05-27 19:22:10.697017Z,-108,39.001235,-74.914428
bluetooth,59FE8D30,2025-05-27 19:22:10.842962Z,-80,39.001235,-74.914428,25989,1,0,1912,22.74
bluetooth,367E0F4A,2025-05-27 19:22:11.282322Z,-74,39.001241,-74.914424,47377,1,0,2957,24.79
bluetooth,13323C65,2025-05-27 19:22:11.720409Z,-83,39.001241,-74.914424,42153,1,0,2984,23.04
bluetooth,59FE8D30,2025-05-27 19:22:11.818650Z,-79,39.001241,-74.914424,51903,1,0,1912,22.72
bluetooth,367E0F4A,2025-05-27 19:22:12.305751Z,-72,39.001249,-74.914418,28300,1,0,2956,24.59
bluetooth,13323C65,2025-05-27 19:22:12.744399Z,-80,39.001249,-74.914418,18935,1,0,2983,22.92
radio434mhz,1E336107,2025-05-27 19:22:12.841535Z,-61,39.001249,-74.914418
bluetooth,367E0F4A,2025-05-27 19:22:13.329907Z,-75,39.001257,-74.914413,28022,1,0,2958,24.66
bluetooth,13323C65,2025-05-27 19:22:13.768645Z,-79,39.001257,-74.914413,6421,1,0,2984,22.94
radio434mhz,071E6661,2025-05-27 19:22:13.914824Z,-100,39.001257,-74.914413
bluetooth,D7510A57,2025-05-27 19:22:14.157919Z,-80,39.001263,-74.914407,20437,1,0,1937,24.26
bluetooth,367E0F4A,2025-05-27 19:22:14.353256Z,-78,39.001263,-74.914407,25179,1,0,2957,24.66
bluetooth,A648A0E7,2025-05-27 19:22:14.841465Z,-77,39.001263,-74.914407,63858,1,0,2983,23.73
bluetooth,59FE8D30,2025-05-27 19:22:14.841835Z,-80,39.001263,-74.914407,37919,1,0,1913,22.74
bluetooth,870614B1,2025-05-27 19:22:15.133109Z,-39,39.001273,-74.914406,1100,2,0,1492,17.16
bluetooth,D7510A57,2025-05-27 19:22:15.182248Z,-79,39.001273,-74.914406,7193,1,0,1938,24.21
bluetooth,B78FE24A,2025-05-27 19:22:15.767084Z,-83,39.001273,-74.914406,38570,1,0,1869,25.60
bluetooth,13323C65,2025-05-27 19:22:15.822076Z,-81,39.001273,-74.914406,20195,1,0,2983,22.99
bluetooth,D7510A57,2025-05-27 19:22:16.205336Z,-76,39.001283,-74.914403,32636,1,0,1937,24.21
bluetooth,2172633A,2025-05-27 19:22:17.034139Z,-75,39.001290,-74.914396,50075,2,0,1563,23.78
radio434mhz,071E6661,2025-05-27 19:22:17.037560Z,-109,39.001290,-74.914396
bluetooth,367E0F4A,2025-05-27 19:22:17.473589Z,-76,39.001290,-74.914396,29363,1,0,2957,24.71
bluetooth,B78FE24A,2025-05-27 19:22:17.766097Z,-83,39.001290,-74.914396,59431,1,0,1868,25.75
bluetooth,23D9727E,2025-05-27 19:22:17.767605Z,-33,39.001290,-74.914396,33730,2,0,1536,34.64
radio434mhz,1E336107,2025-05-27 19:22:18.009485Z,-65,39.001290,-74.914396
bluetooth,870614B1,2025-05-27 19:22:18.107400Z,-44,39.001299,-74.914387,36471,2,0,1492,17.00
bluetooth,367E0F4A,2025-05-27 19:22:18.447903Z,-72,39.001299,-74.914387,7078,1,0,2956,24.81
bluetooth,A648A0E7,2025-05-27 19:22:18.838696Z,-79,39.001299,-74.914387,15826,1,0,2982,23.88
bluetooth,367E0F4A,2025-05-27 19:22:19.472378Z,-71,39.001307,-74.914379,13611,1,0,2955,24.69
bluetooth,3F9E3319,2025-05-27 19:22:19.667447Z,-83,39.001307,-74.914379,5860,1,0,1778,27.57
bluetooth,A648A0E7,2025-05-27 19:22:19.764248Z,-75,39.001307,-74.914379,8129,1,0,2982,23.68
bluetooth,13323C65,2025-05-27 19:22:19.910312Z,-73,39.001307,-74.914379,38323,1,0,2983,23.20
bluetooth,2172633A,2025-05-27 19:22:20.007826Z,-80,39.001307,-74.914379,49858,2,0,1562,23.68
userLocation,user,2025-05-27 19:22:20.028664Z,0,39.001316,-74.914375
bluetooth,81D187E3,2025-05-27 19:22:20.105482Z,-81,39.001316,-74.914375,49921,1,0,2962,24.84
bluetooth,59FE8D30,2025-05-27 19:22:20.791262Z,-77,39.001316,-74.914375,62678,1,0,1911,22.74
bluetooth,23D9727E,2025-05-27 19:22:20.837021Z,-39,39.001316,-74.914375,35185,2,0,1554,34.67
bluetooth,870614B1,2025-05-27 19:22:21.129965Z,-45,39.001322,-74.914366,49080,2,0,1495,17.05
bluetooth,81D187E3,2025-05-27 19:22:21.131021Z,-77,39.001322,-74.914366,4830,1,0,2962,24.94
bluetooth,D7510A57,2025-05-27 19:22:21.227286Z,-80,39.001322,-74.914366,62255,1,0,1937,24.23
bluetooth,19836CFF,2025-05-27 19:22:22.738101Z,-84,39.001331,-74.914359,52971,1,0,1883,23.70
bluetooth,B78FE24A,2025-05-27 19:22:22.786771Z,-81,39.001331,-74.914359,5369,1,0,1869,25.62
bluetooth,2172633A,2025-05-27 19:22:23.030203Z,-72,39.001339,-74.914351,56495,2,0,1564,23.63
bluetooth,D7510A57,2025-05-27 19:22:23.322954Z,-71,39.001339,-74.914351,36257,1,0,1938,24.18
radio434mhz,1E336107,2025-05-27 19:22:23.324954Z,-62,39.001339,-74.914351
radio434mhz,071E6661,2025-05-27 19:22:23.421221Z,-104,39.001339,-74.914351
bluetooth,13323C65,2025-05-27 19:22:23.956939Z,-82,39.001339,-74.914351,51033,1,0,2984,23.02
bluetooth,D7510A57,2025-05-27 19:22:24.201224Z,-80,39.001345,-74.914348,48958,1,0,1936,24.00
bluetooth,367E0F4A,2025-05-27 19:22:24.591252Z,-73,39.001345,-74.914348,24631,1,0,2956,24.66
radio434mhz,614C192D,2025-05-27 19:22:24.834912Z,-108,39.001345,-74.914348
bluetooth,13323C65,2025-05-27 19:22:24.980786Z,-80,39.001345,-74.914348,38016,1,0,2982,23.02
bluetooth,07F9389E,2025-05-27 19:22:25.273705Z,-81,39.001341,-74.914352,37413,2,0,1543,25.75
bluetooth,19836CFF,2025-05-27 19:22:25.711874Z,-86,39.001341,-74.914352,3608,1,0,1882,23.73
bluetooth,2172633A,2025-05-27 19:22:26.006749Z,-73,39.001341,-74.914352,55702,2,0,1564,23.58
radio434mhz,071E6661,2025-05-27 19:22:26.589906Z,-98,39.001338,-74.914352
bluetooth,59FE8D30,2025-05-27 19:22:26.786697Z,-77,39.001338,-74.914352,7396,1,0,1912,22.61
bluetooth,23D9727E,2025-05-27 19:22:26.979676Z,-37,39.001338,-74.914352,38052,2,0,1553,34.52
bluetooth,870614B1,2025-05-27 19:22:27.175008Z,-38,39.001336,-74.914358,19059,2,0,1496,17.11
bluetooth,367E0F4A,2025-05-27 19:22:27.661656Z,-73,39.001336,-74.914358,6710,1,0,2955,24.61
bluetooth,19836CFF,2025-05-27 19:22:27.710992Z,-82,39.001336,-74.914358,19563,1,0,1881,23.55
bluetooth,A648A0E7,2025-05-27 19:22:27.955019Z,-76,39.001336,-74.914358,53282,1,0,2982,23.55
bluetooth,13323C65,2025-05-27 19:22:28.053666Z,-82,39.001333,-74.914368,47053,1,0,2983,23.15
bluetooth,E197FE3E,2025-05-27 19:22:28.149562Z,-79,39.001333,-74.914368,61331,1,0,1774,28.07
radio434mhz,1E336107,2025-05-27 19:22:28.490327Z,-68,39.001333,-74.914368
bluetooth,3F9E3319,2025-05-27 19:22:28.686474Z,-82,39.001333,-74.914368,278,1,0,1775,27.62
bluetooth,E2A807D7,2025-05-27 19:22:28.881304Z,-80,39.001333,-74.914368,16222,1,0,1895,24.79
bluetooth,B3DA9765,2025-05-27 19:22:28.929695Z,-82,39.001333,-74.914368,47720,1,0,1633,24.69
bluetooth,367E0F4A,2025-05-27 19:22:29.661226Z,-72,39.001329,-74.914378,64808,1,0,2957,24.66
radio434mhz,071E6661,2025-05-27 19:22:29.757866Z,-97,39.001329,-74.914378
bluetooth,B78FE24A,2025-05-27 19:22:29.806894Z,-79,39.001329,-74.914378,60331,1,0,1867,25.42
bluetooth,59FE8D30,2025-05-27 19:22:29.807596Z,-72,39.001329,-74.914378,6736,1,0,1911,22.74
bluetooth,A648A0E7,2025-05-27 19:22:29.953809Z,-81,39.001329,-74.914378,61652,1,0,2984,23.60
userLocation,user,2025-05-27 19:22:30.031059Z,0,39.001324,-74.914388
bluetooth,13323C65,2025-05-27 19:22:30.149231Z,-75,39.001324,-74.914388,44911,1,0,2983,23.20
bluetooth,870614B1,2025-05-27 19:22:30.149632Z,-39,39.001324,-74.914388,37877,2,0,1496,16.93
bluetooth,E197FE3E,2025-05-27 19:22:30.197521Z,-84,39.001324,-74.914388,21478,1,0,1776,27.97
bluetooth,D7510A57,2025-05-27 19:22:30.200381Z,-82,39.001324,-74.914388,23987,1,0,1936,24.26
bluetooth,3F9E3319,2025-05-27 19:22:30.684526Z,-85,39.001324,-74.914388,37565,1,0,1776,27.77
bluetooth,E197FE3E,2025-05-27 19:22:31.123230Z,-84,39.001319,-74.914399,24759,1,0,1773,28.20
bluetooth,77AAF9E2,2025-05-27 19:22:31.269417Z,-82,39.001319,-74.914399,30319,1,0,1618,26.25
bluetooth,367E0F4A,2025-05-27 19:22:31.708270Z,-72,39.001319,-74.914399,11828,1,0,2956,24.71
bluetooth,A648A0E7,2025-05-27 19:22:31.953769Z,-78,39.001319,-74.914399,60500,1,0,2983,23.58
bluetooth,2172633A,2025-05-27 19:22:32.049829Z,-74,39.001316,-74.914411,64737,2,0,1564,23.75
bluetooth,D7510A57,2025-05-27 19:22:32.244857Z,-72,39.001316,-74.914411,24651,1,0,1937,24.23
bluetooth,59FE8D30,2025-05-27 19:22:32.782971Z,-73,39.001316,-74.914411,39229,1,0,1912,22.64
radio434mhz,071E6661,2025-05-27 19:22:32.926695Z,-98,39.001316,-74.914411
bluetooth,23D9727E,2025-05-27 19:22:33.073660Z,-36,39.001311,-74.914422,44991,2,0,1554,34.49
bluetooth,870614B1,2025-05-27 19:22:33.122016Z,-42,39.001311,-74.914422,13728,2,0,1493,16.62
radio434mhz,1E336107,2025-05-27 19:22:33.756259Z,-69,39.001311,-74.914422
bluetooth,59FE8D30,2025-05-27 19:22:33.804572Z,-77,39.001311,-74.914422,58347,1,0,1912,22.67
bluetooth,13323C65,2025-05-27 19:22:34.146326Z,-74,39.001304,-74.914432,8327,1,0,2983,22.92
bluetooth,D7510A57,2025-05-27 19:22:34.194486Z,-72,39.001304,-74.914432,10244,1,0,1936,24.26
bluetooth,367E0F4A,2025-05-27 19:22:34.779914Z,-78,39.001304,-74.914432,45742,1,0,2957,24.69
bluetooth,59FE8D30,2025-05-27 19:22:34.877423Z,-79,39.001304,-74.914432,12429,1,0,1912,22.82
bluetooth,0000006E,2025-05-27 19:22:34.975140Z,-74,39.001304,-74.914432,40161,1,0,1901,24.03
bluetooth,13323C65,2025-05-27 19:22:35.170116Z,-74,39.001299,-74.914441,19251,1,0,2983,22.97
radio434mhz,19332A07,2025-05-27 19:22:35.754339Z,-106,39.001299,-74.914441
radio434mhz,071E6661,2025-05-27 19:22:36.046667Z,-100,39.001295,-74.914449
bluetooth,23D9727E,2025-05-27 19:22:36.145464Z,-37,39.001295,-74.914449,48865,2,0,1555,34.52
bluetooth,870614B1,2025-05-27 19:22:36.193990Z,-40,39.001295,-74.914449,44930,2,0,1494,16.95
bluetooth,D7510A57,2025-05-27 19:22:36.195282Z,-73,39.001295,-74.914449,8293,1,0,1936,24.38
bluetooth,E85FB74C,2025-05-27 19:22:36.290636Z,-82,39.001295,-74.914449,55904,2,0,1528,26.33
bluetooth,B78FE24A,2025-05-27 19:22:36.827034Z,-85,39.001295,-74.914449,48107,1,0,1867,25.60
bluetooth,59FE8D30,2025-05-27 19:22:36.875771Z,-77,39.001295,-74.914449,53388,1,0,1912,22.77
bluetooth,13323C65,2025-05-27 19:22:37.217907Z,-80,39.001288,-74.914456,32869,1,0,2983,23.12
bluetooth,367E0F4A,2025-05-27 19:22:37.850870Z,-77,39.001288,-74.914456,6611,1,0,2956,24.79
bluetooth,B3DA9765,2025-05-27 19:22:38.338528Z,-79,39.001285,-74.914465,64996,1,0,1633,24.79
radio434mhz,1E336107,2025-05-27 19:22:38.825590Z,-68,39.001285,-74.914465
bluetooth,81D187E3,2025-05-27 19:22:39.313327Z,-73,39.001279,-74.914479,29106,1,0,2962,24.86
radio434mhz,071E6661,2025-05-27 19:22:39.315691Z,-91,39.001279,-74.914479
308,2,0,1553,34.54
bluetooth,D7510A57,2025-05-27 19:22:39.316240Z,-82,39.001279,-74.914479,15476,1,0,1937,24.11
bluetooth,367E0F4A,2025-05-27 19:22:39.898826Z,-75,39.001279,-74.914479,59936,1,0,2956,24.76
userLocation,user,2025-05-27 19:22:40.029591Z,0,39.001276,-74.914490
bluetooth,E197FE3E,2025-05-27 19:22:40.142696Z,-85,39.001276,-74.914490,19144,1,0,1773,28.07
bluetooth,13323C65,2025-05-27 19:22:40.240091Z,-71,39.001276,-74.914490,55307,1,0,2984,22.92
bluetooth,D7510A57,2025-05-27 19:22:40.288266Z,-81,39.001276,-74.914490,39942,1,0,1937,24.11
bluetooth,07F9389E,2025-05-27 19:22:40.289799Z,-81,39.001276,-74.914490,59078,2,0,1542,25.85
bluetooth,77AAF9E2,2025-05-27 19:22:40.629507Z,-82,39.001276,-74.914490,31177,1,0,1618,26.46
bluetooth,59FE8D30,2025-05-27 19:22:40.922694Z,-72,39.001276,-74.914490,16490,1,0,1912,22.82
bluetooth,367E0F4A,2025-05-27 19:22:40.924085Z,-68,39.001276,-74.914490,39101,1,0,2956,24.61
bluetooth,0000006E,2025-05-27 19:22:41.116876Z,-78,39.001270,-74.914500,28529,1,0,1901,24.18
bluetooth,2172633A,2025-05-27 19:22:41.118304Z,-78,39.001270,-74.914500,36790,2,0,1563,23.45
bluetooth,D7510A57,2025-05-27 19:22:41.263841Z,-71,39.001270,-74.914500,2346,1,0,1936,24.11
bluetooth,B3DA9765,2025-05-27 19:22:41.556403Z,-82,39.001270,-74.914500,31072,1,0,1633,24.59
bluetooth,59FE8D30,2025-05-27 19:22:41.799620Z,-78,39.001270,-74.914500,379,1,0,1912,22.67
bluetooth,367E0F4A,2025-05-27 19:22:41.946453Z,-67,39.001270,-74.914500,53377,1,0,2955,24.74
bluetooth,A648A0E7,2025-05-27 19:22:42.238812Z,-71,39.001263,-74.914511,59546,1,0,2982,23.75
bluetooth,81D187E3,2025-05-27 19:22:42.336660Z,-76,39.001263,-74.914511,52463,1,0,2961,24.94
bluetooth,23D9727E,2025-05-27 19:22:42.336985Z,-37,39.001263,-74.914511,14597,2,0,1555,34.54
bluetooth,13323C65,2025-05-27 19:22:42.338683Z,-69,39.001263,-74.914511,64420,1,0,2984,22.97
radio434mhz,071E6661,2025-05-27 19:22:42.385892Z,-96,39.001263,-74.914511
bluetooth,3F9E3319,2025-05-27 19:22:42.823410Z,-80,39.001263,-74.914511,41767,1,0,1774,27.67
bluetooth,59FE8D30,2025-05-27 19:22:42.872623Z,-76,39.001263,-74.914511,19791,1,0,1912,22.67
bluetooth,D7510A57,2025-05-27 19:22:43.262131Z,-72,39.001258,-74.914521,9192,1,0,1936,24.21
bluetooth,13323C65,2025-05-27 19:22:43.310804Z,-69,39.001258,-74.914521,2292,1,0,2984,22.97
bluetooth,B78FE24A,2025-05-27 19:22:43.797825Z,-79,39.001258,-74.914521,59078,1,0,1863,25.65
bluetooth,59FE8D30,2025-05-27 19:22:43.847093Z,-75,39.001258,-74.914521,23565,1,0,1910,22.69
bluetooth,367E0F4A,2025-05-27 19:22:43.945071Z,-77,39.001258,-74.914521,11019,1,0,2955,24.76
radio434mhz,1E336107,2025-05-27 19:22:43.992739Z,-65,39.001258,-74.914521
bluetooth,59FE8D30,2025-05-27 19:22:44.870629Z,-72,39.001252,-74.914530,44752,1,0,1912,22.69
bluetooth,367E0F4A,2025-05-27 19:22:45.066384Z,-71,39.001248,-74.914539,18173,1,0,2956,24.56
bluetooth,870614B1,2025-05-27 19:22:45.115123Z,-39,39.001248,-74.914539,32301,2,0,1493,16.98
bluetooth,D7510A57,2025-05-27 19:22:45.309394Z,-72,39.001248,-74.914539,6170,1,0,1936,24.21
bluetooth,13323C65,2025-05-27 19:22:45.407037Z,-71,39.001248,-74.914539,9524,1,0,2983,23.02
bluetooth,3F9E3319,2025-05-27 19:22:45.650921Z,-80,39.001248,-74.914539,9278,1,0,1771,27.62
radio434mhz,071E6661,2025-05-27 19:22:45.747974Z,-100,39.001248,-74.914539
bluetooth,59FE8D30,2025-05-27 19:22:45.796988Z,-79,39.001248,-74.914539,29302,1,0,1912,22.82
bluetooth,B3DA9765,2025-05-27 19:22:45.894460Z,-77,39.001248,-74.914539,3294,1,0,1633,24.54
bluetooth,367E0F4A,2025-05-27 19:22:45.992534Z,-73,39.001248,-74.914539,63653,1,0,2955,24.59
bluetooth,E85FB74C,2025-05-27 19:22:46.236481Z,-79,39.001245,-74.914544,21991,2,0,1525,26.28
bluetooth,81D187E3,2025-05-27 19:22:46.285050Z,-80,39.001245,-74.914544,53241,1,0,2962,24.97
bluetooth,D7510A57,2025-05-27 19:22:46.333862Z,-77,39.001245,-74.914544,40707,1,0,1935,24.16
bluetooth,13323C65,2025-05-27 19:22:46.381857Z,-76,39.001245,-74.914544,59542,1,0,2984,23.22
bluetooth,59FE8D30,2025-05-27 19:22:46.821476Z,-77,39.001245,-74.914544,24684,1,0,1911,22.59
bluetooth,D7510A57,2025-05-27 19:22:47.308891Z,-69,39.001238,-74.914557,54068,1,0,1937,24.21
bluetooth,59FE8D30,2025-05-27 19:22:47.797737Z,-81,39.001238,-74.914557,18215,1,0,1912,22.67
bluetooth,B3DA9765,2025-05-27 19:22:47.990919Z,-83,39.001238,-74.914557,20640,1,0,1633,24.94
bluetooth,367E0F4A,2025-05-27 19:22:48.039657Z,-79,39.001233,-74.914568,49439,1,0,2956,24.66
bluetooth,870614B1,2025-05-27 19:22:48.186Z,-39,39.001233,-74.914568,35070,2,0,1493,17.03
bluetooth,23D9727E,2025-05-27 19:22:48.380914Z,-35,39.001233,-74.914568,8222,2,0,1555,34.37
bluetooth,59FE8D30,2025-05-27 19:22:48.819666Z,-72,39.001233,-74.914568,46937,1,0,1910,22.64
radio434mhz,071E6661,2025-05-27 19:22:48.965712Z,-91,39.001233,-74.914568
radio434mhz,1E336107,2025-05-27 19:22:49.209972Z,-64,39.001228,-74.914578
bluetooth,77AAF9E2,2025-05-27 19:22:49.453965Z,-83,39.001228,-74.914578,21898,1,0,1618,26.36
bluetooth,3F9E3319,2025-05-27 19:22:49.746643Z,-85,39.001228,-74.914578,13378,1,0,1773,27.64
bluetooth,59FE8D30,2025-05-27 19:22:49.795137Z,-68,39.001228,-74.914578,46846,1,0,1910,22.79
bluetooth,B78FE24A,2025-05-27 19:22:49.843416Z,-79,39.001228,-74.914578,46081,1,0,1866,25.75
userLocation,user,2025-05-27 19:22:50.031810Z,0,39.001223,-74.914587
bluetooth,A648A0E7,2025-05-27 19:22:50.233294Z,-76,39.001223,-74.914587,41691,1,0,2983,23.78
bluetooth,13323C65,2025-05-27 19:22:50.477121Z,-73,39.001223,-74.914587,58493,1,0,2983,23.20
bluetooth,77AAF9E2,2025-05-27 19:22:50.819028Z,-80,39.001223,-74.914587,42785,1,0,1618,26.38
bluetooth,367E0F4A,2025-05-27 19:22:51.111702Z,-79,39.001216,-74.914597,29084,1,0,2955,24.61
bluetooth,D7510A57,2025-05-27 19:22:51.305988Z,-68,39.001216,-74.914597,5759,1,0,1935,24.36
bluetooth,23D9727E,2025-05-27 19:22:51.452611Z,-38,39.001216,-74.914597,12279,2,0,1553,34.39
bluetooth,13323C65,2025-05-27 19:22:51.454603Z,-80,39.001216,-74.914597,10798,1,0,2983,23.09
bluetooth,59FE8D30,2025-05-27 19:22:51.842356Z,-74,39.001216,-74.914597,43352,1,0,1911,22.74
radio434mhz,071E6661,2025-05-27 19:22:52.086430Z,-102,39.001209,-74.914605
bluetooth,A648A0E7,2025-05-27 19:22:52.232313Z,-77,39.001209,-74.914605,44861,1,0,2982,23.83
radio434mhz,614C192D,2025-05-27 19:22:52.329535Z,-106,39.001209,-74.914605
bluetooth,3F9E3319,2025-05-27 19:22:52.720632Z,-82,39.001209,-74.914605,30793,1,0,1771,27.54
bluetooth,0000006E,2025-05-27 19:22:52.963928Z,-70,39.001209,-74.914605,65276,1,0,1901,24.31
bluetooth,E197FE3E,2025-05-27 19:22:53.158072Z,-82,39.001203,-74.914616,34417,1,0,1771,28.10
bluetooth,367E0F4A,2025-05-27 19:22:53.207858Z,-75,39.001203,-74.914616,21253,1,0,2957,24.54
bluetooth,81D187E3,2025-05-27 19:22:53.210693Z,-74,39.001203,-74.914616,52726,1,0,2962,24.81
bluetooth,D7510A57,2025-05-27 19:22:53.305454Z,-69,39.001203,-74.914616,37673,1,0,1936,24.43
bluetooth,13323C65,2025-05-27 19:22:53.499565Z,-77,39.001203,-74.914616,6100,1,0,2982,23.15
bluetooth,870614B1,2025-05-27 19:22:54.134223Z,-42,39.001197,-74.914624,64888,2,0,1495,16.90
bluetooth,D7510A57,2025-05-27 19:22:54.279884Z,-68,39.001197,-74.914624,5594,1,0,1936,24.23
radio434mhz,1E336107,2025-05-27 19:22:54.477418Z,-63,39.001197,-74.914624
bluetooth,B3DA9765,2025-05-27 19:22:54.523988Z,-79,39.001197,-74.914624,7329,1,0,1634,24.61
bluetooth,23D9727E,2025-05-27 19:22:54.525231Z,-35,39.001197,-74.914624,7607,2,0,1553,34.32
bluetooth,77AAF9E2,2025-05-27 19:22:54.913430Z,-78,39.001197,-74.914624,36503,1,0,1618,26.38
radio434mhz,071E6661,2025-05-27 19:22:55.254542Z,-103,39.001192,-74.914635
bluetooth,13323C65,2025-05-27 19:22:55.547226Z,-74,39.001192,-74.914635,27452,1,0,2984,23.09
bluetooth,77AAF9E2,2025-05-27 19:22:55.596097Z,-80,39.001192,-74.914635,31448,1,0,1618,26.36
bluetooth,3F9E3319,2025-05-27 19:22:55.742148Z,-78,39.001192,-74.914635,59849,1,0,1771,27.57
bluetooth,D7510A57,2025-05-27 19:22:56.327928Z,-74,39.001187,-74.914644,61518,1,0,1935,24.26
bluetooth,13323C65,2025-05-27 19:22:56.571609Z,-75,39.001187,-74.914644,17446,1,0,2983,23.17
bluetooth,B3DA9765,2025-05-27 19:22:56.718250Z,-86,39.001187,-74.914644,29865,1,0,1632,24.66
bluetooth,A648A0E7,2025-05-27 19:22:57.302872Z,-80,39.001180,-74.914651,53561,1,0,2983,23.85
bluetooth,13323C65,2025-05-27 19:22:57.546716Z,-70,39.001180,-74.914651,60916,1,0,2984,23.09
bluetooth,23D9727E,2025-05-27 19:22:57.595424Z,-39,39.001180,-74.914651,5990,2,0,1553,34.52
bluetooth,77AAF9E2,2025-05-27 19:22:57.644158Z,-81,39.001180,-74.914651,21404,1,0,1619,26.43
bluetooth,59FE8D30,2025-05-27 19:22:57.839146Z,-73,39.001180,-74.914651,14563,1,0,1911,22.77
bluetooth,81D187E3,2025-05-27 19:22:58.228455Z,-85,39.001175,-74.914660,33012,1,0,2962,24.94
bluetooth,367E0F4A,2025-05-27 19:22:58.277334Z,-75,39.001175,-74.914660,44891,1,0,2956,24.69
bluetooth,D7510A57,2025-05-27 19:22:58.326269Z,-81,39.001175,-74.914660,19273,1,0,1936,24.06
bluetooth,77AAF9E2,2025-05-27 19:22:58.328129Z,-82,39.001175,-74.914660,50788,1,0,1618,26.51
radio434mhz,071E6661,2025-05-27 19:22:58.472803Z,-111,39.001175,-74.914660
bluetooth,13323C65,2025-05-27 19:22:58.569882Z,-74,39.001175,-74.914660,961,1,0,2984,22.87
bluetooth,B78FE24A,2025-05-27 19:22:58.862960Z,-84,39.001175,-74.914660,57460,1,0,1864,25.34
bluetooth,2172633A,2025-05-27 19:22:59.105876Z,-83,39.001169,-74.914671,10519,2,0,1563,23.58
bluetooth,367E0F4A,2025-05-27 19:22:59.300966Z,-78,39.001169,-74.914671,57396,1,0,2957,24.71
bluetooth,A648A0E7,2025-05-27 19:22:59.349708Z,-84,39.001169,-74.914671,4851,1,0,2982,23.83
radio434mhz,1E336107,2025-05-27 19:22:59.595264Z,-64,39.001169,-74.914671
bluetooth,59FE8D30,2025-05-27 19:22:59.885942Z,-74,39.001169,-74.914671,25428,1,0,1910,22.67
userLocation,user,2025-05-27 19:23:00.031990Z,0,39.001163,-74.914682
bluetooth,81D187E3,2025-05-27 19:23:00.276508Z,-85,39.001163,-74.914682,8380,1,0,2962,24.94
bluetooth,07F9389E,2025-05-27 19:23:00.325375Z,-79,39.001163,-74.914682,739,2,0,1542,25.90
bluetooth,367E0F4A,2025-05-27 19:23:00.374397Z,-79,39.001163,-74.914682,26424,1,0,2957,24.71
bluetooth,D7510A57,2025-05-27 19:23:00.375247Z,-73,39.001163,-74.914682,64913,1,0,1936,24.13
bluetooth,23D9727E,2025-05-27 19:23:00.617893Z,-40,39.001163,-74.914682,1623,2,0,1554,34.52
bluetooth,367E0F4A,2025-05-27 19:23:01.348397Z,-81,39.001155,-74.914692,29619,1,0,2956,24.86
bluetooth,D7510A57,2025-05-27 19:23:01.397475Z,-67,39.001155,-74.914692,12163,1,0,1934,24.18
bluetooth,A648A0E7,2025-05-27 19:23:01.398305Z,-81,39.001155,-74.914692,28898,1,0,2983,23.55
radio434mhz,071E6661,2025-05-27 19:23:01.689620Z,-99,39.001155,-74.914692
bluetooth,0000006E,2025-05-27 19:23:01.982270Z,-72,39.001155,-74.914692,40303,1,0,1900,24.08
bluetooth,2172633A,2025-05-27 19:23:02.177505Z,-75,39.001149,-74.914701,16095,2,0,1565,23.50
bluetooth,367E0F4A,2025-05-27 19:23:02.372497Z,-76,39.001149,-74.914701,37688,1,0,2957,24.64
bluetooth,870614B1,2025-05-27 19:23:03.103557Z,-43,39.001142,-74.914710,52500,2,0,1496,16.68
bluetooth,B3DA9765,2025-05-27 19:23:03.201936Z,-84,39.001142,-74.914710,59342,1,0,1633,24.71
bluetooth,D7510A57,2025-05-27 19:23:03.350562Z,-74,39.001142,-74.914710,565,1,0,1935,24.31
bluetooth,23D9727E,2025-05-27 19:23:03.689259Z,-38,39.001142,-74.914710,28360,2,0,1554,34.42
bluetooth,59FE8D30,2025-05-27 19:23:03.932448Z,-77,39.001142,-74.914710,10446,1,0,1909,22.64
radio434mhz,342A074C,2025-05-27 19:23:03.980861Z,-112,39.001142,-74.914710
bluetooth,13323C65,2025-05-27 19:23:04.712611Z,-81,39.001138,-74.914718,26490,1,0,2983,23.27
radio434mhz,071E6661,2025-05-27 19:23:04.907715Z,-97,39.001138,-74.914718
radio434mhz,1E336107,2025-05-27 19:23:04.909958Z,-66,39.001138,-74.914718
bluetooth,0000006E,2025-05-27 19:23:04.910279Z,-69,39.001138,-74.914718,8631,1,0,1901,23.83
bluetooth,2172633A,2025-05-27 19:23:05.151144Z,-75,39.001136,-74.914727,2224,2,0,1563,23.65
bluetooth,07F9389E,2025-05-27 19:23:05.297306Z,-82,39.001136,-74.914727,28606,2,0,1542,26.03
bluetooth,D7510A57,2025-05-27 19:23:05.346553Z,-76,39.001136,-74.914727,59436,1,0,1934,24.18
bluetooth,A648A0E7,2025-05-27 19:23:05.443611Z,-88,39.001136,-74.914727,19872,1,0,2983,23.47
bluetooth,59FE8D30,2025-05-27 19:23:05.882062Z,-74,39.001136,-74.914727,62609,1,0,1910,22.82
bluetooth,870614B1,2025-05-27 19:23:06.174608Z,-45,39.001130,-74.914741,36136,2,0,1495,16.75
bluetooth,D7510A57,2025-05-27 19:23:06.369726Z,-74,39.001130,-74.914741,47351,1,0,1936,24.11
bluetooth,367E0F4A,2025-05-27 19:23:06.418434Z,-74,39.001130,-74.914741,43526,1,0,2956,24.56
bluetooth,13323C65,2025-05-27 19:23:06.711526Z,-72,39.001130,-74.914741,12991,1,0,2984,23.02
bluetooth,23D9727E,2025-05-27 19:23:06.760603Z,-38,39.001130,-74.914741,27007,2,0,1555,34.34
bluetooth,D7510A57,2025-05-27 19:23:07.345533Z,-79,39.001128,-74.914755,14437,1,0,1936,24.36
bluetooth,367E0F4A,2025-05-27 19:23:07.442808Z,-80,39.001128,-74.914755,33209,1,0,2957,24.64
radio434mhz,071E6661,2025-05-27 19:23:07.929762Z,-99,39.001128,-74.914755
bluetooth,2172633A,2025-05-27 19:23:08.124594Z,-76,39.001124,-74.914767,923,2,0,1563,23.52
bluetooth,A648A0E7,2025-05-27 19:23:08.465955Z,-84,39.001124,-74.914767,47388,1,0,2984,23.37
bluetooth,B78FE24A,2025-05-27 19:23:08.858277Z,-83,39.001124,-74.914767,27992,1,0,1862,25.82
bluetooth,870614B1,2025-05-27 19:23:09.100563Z,-42,39.001122,-74.914780,39033,2,0,1495,16.90
bluetooth,77AAF9E2,2025-05-27 19:23:09.344330Z,-83,39.001122,-74.914780,8173,1,0,1618,26.28
bluetooth,367E0F4A,2025-05-27 19:23:09.489836Z,-80,39.001122,-74.914780,50322,1,0,2956,24.64
radio434mhz,1E336107,2025-05-27 19:23:10.028898Z,-64,39.001122,-74.914780
userLocation,user,2025-05-27 19:23:10.032145Z,0,39.001119,-74.914790
bluetooth,81D187E3,2025-05-27 19:23:10.270495Z,-83,39.001119,-74.914790,23291,1,0,2962,24.79
bluetooth,367E0F4A,2025-05-27 19:23:10.514132Z,-82,39.001119,-74.914790,39400,1,0,2956,24.61
bluetooth,59FE8D30,2025-05-27 19:23:10.903497Z,-83,39.001119,-74.914790,57749,1,0,1910,22.89
radio434mhz,071E6661,2025-05-27 19:23:11.099228Z,-113,39.001114,-74.914801
bluetooth,367E0F4A,2025-05-27 19:23:11.537313Z,-78,39.001114,-74.914801,34063,1,0,2956,24.69
bluetooth,77AAF9E2,2025-05-27 19:23:12.074365Z,-81,39.001108,-74.914812,60984,1,0,1618,26.41
bluetooth,13323C65,2025-05-27 19:23:12.854020Z,-79,39.001108,-74.914812,51075,1,0,2984,23.07
bluetooth,23D9727E,2025-05-27 19:23:12.903251Z,-35,39.001108,-74.914812,31517,2,0,1554,34.52
bluetooth,59FE8D30,2025-05-27 19:23:12.904304Z,-83,39.001108,-74.914812,13689,1,0,1911,22.61
bluetooth,367E0F4A,2025-05-27 19:23:13.584959Z,-81,39.001100,-74.914825,40469,1,0,2956,24.61
bluetooth,13323C65,2025-05-27 19:23:13.829317Z,-81,39.001100,-74.914825,49283,1,0,2983,23.20
bluetooth,2172633A,2025-05-27 19:23:14.170626Z,-75,39.001091,-74.914836,7368,2,0,1564,23.70
radio434mhz,071E6661,2025-05-27 19:23:14.316090Z,-103,39.001091,-74.914836
bluetooth,870614B1,2025-05-27 19:23:15.096429Z,-46,39.001084,-74.914834,64971,2,0,1497,16.68
radio434mhz,1E336107,2025-05-27 19:23:15.291747Z,-66,39.001084,-74.914834
bluetooth,23D9727E,2025-05-27 19:23:15.974371Z,-40,39.001084,-74.914834,18228,2,0,1554,34.52
radio434mhz,071E6661,2025-05-27 19:23:17.436778Z,-106,39.001068,-74.914821
bluetooth,870614B1,2025-05-27 19:23:18.119475Z,-41,39.001065,-74.914809,33071,2,0,1496,16.75
bluetooth,23D9727E,2025-05-27 19:23:18.996358Z,-41,39.001065,-74.914809,23152,2,0,1552,34.14
userLocation,user,2025-05-27 19:23:20.032740Z,0,39.001046,-74.914780
radio434mhz,1E336107,2025-05-27 19:23:20.458597Z,-67,39.001046,-74.914780
bluetooth,870614B1,2025-05-27 19:23:21.093438Z,-46,39.001042,-74.914774,59940,2,0,1496,16.68
bluetooth,23D9727E,2025-05-27 19:23:22.103156Z,-43,39.001036,-74.914764,21905,2,0,1554,34.22
bluetooth,13323C65,2025-05-27 19:23:24.018080Z,-79,39.001032,-74.914755,42500,1,0,2983,23.17
bluetooth,23D9727E,2025-05-27 19:23:25.139732Z,-38,39.001021,-74.914737,39736,2,0,1555,34.42
radio434mhz,1E336107,2025-05-27 19:23:25.675716Z,-67,39.001021,-74.914737
bluetooth,0000006E,2025-05-27 19:23:25.870565Z,-82,39.001021,-74.914737,52461,1,0,1900,23.98
bluetooth,2172633A,2025-05-27 19:23:26.214049Z,-80,39.001012,-74.914730,23061,2,0,1564,23.55
radio434mhz,071E6661,2025-05-27 19:23:26.942585Z,-105,39.001012,-74.914730
bluetooth,D7510A57,2025-05-27 19:23:27.333482Z,-74,39.001005,-74.914720,9782,1,0,1934,24.31
bluetooth,23D9727E,2025-05-27 19:23:28.161846Z,-39,39.001004,-74.914720,39951,2,0,1554,34.62
userLocation,user,2025-05-27 19:23:30.030875Z,0,39.000987,-74.914702
bluetooth,870614B1,2025-05-27 19:23:30.112002Z,-46,39.000987,-74.914702,46230,2,0,1492,16.78
radio434mhz,071E6661,2025-05-27 19:23:30.116900Z,-107,39.000987,-74.914702
bluetooth,07F9389E,2025-05-27 19:23:30.355270Z,-81,39.000987,-74.914702,32922,2,0,1543,25.77
radio434mhz,1E336107,2025-05-27 19:23:30.892357Z,-63,39.000987,-74.914702
bluetooth,367E0F4A,2025-05-27 19:23:30.940869Z,-81,39.000987,-74.914702,45019,1,0,2956,24.76
bluetooth,23D9727E,2025-05-27 19:23:31.282051Z,-41,39.000983,-74.914692,35634,2,0,1553,34.24
bluetooth,13323C65,2025-05-27 19:23:33.231507Z,-75,39.000994,-74.914678,43914,1,0,2984,22.97
bluetooth,23D9727E,2025-05-27 19:23:34.304476Z,-43,39.001003,-74.914668,45498,2,0,1554,34.39
bluetooth,13323C65,2025-05-27 19:23:35.230346Z,-80,39.001013,-74.914662,4882,1,0,2983,22.92
bluetooth,870614B1,2025-05-27 19:23:36.108560Z,-42,39.001022,-74.914652,34810,2,0,1489,16.98
radio434mhz,1E336107,2025-05-27 19:23:36.109912Z,-64,39.001022,-74.914652
bluetooth,77AAF9E2,2025-05-27 19:23:36.449498Z,-85,39.001022,-74.914652,55027,1,0,1618,26.51
bluetooth,23D9727E,2025-05-27 19:23:37.423850Z,-41,39.001029,-74.914646,48688,2,0,1554,34.44
bluetooth,870614B1,2025-05-27 19:23:39.081739Z,-48,39.001036,-74.914629,5752,2,0,1489,16.78
bluetooth,13323C65,2025-05-27 19:23:39.276674Z,-80,39.001036,-74.914629,47112,1,0,2984,22.94
bluetooth,D7510A57,2025-05-27 19:23:39.325959Z,-81,39.001036,-74.914629,45879,1,0,1934,24.26
userLocation,user,2025-05-27 19:23:40.037246Z,0,39.001042,-74.914620
bluetooth,23D9727E,2025-05-27 19:23:40.398017Z,-39,39.001042,-74.914620,44163,2,0,1554,34.34
radio434mhz,1E336107,2025-05-27 19:23:41.324331Z,-66,39.001048,-74.914610
bluetooth,77AAF9E2,2025-05-27 19:23:41.373530Z,-85,39.001048,-74.914610,4914,1,0,1617,26.36
bluetooth,77AAF9E2,2025-05-27 19:23:42.786485Z,-82,39.001054,-74.914602,48310,1,0,1617,26.36
bluetooth,367E0F4A,2025-05-27 19:23:43.225550Z,-82,39.001062,-74.914593,42322,1,0,2956,24.76
bluetooth,23D9727E,2025-05-27 19:23:43.469794Z,-40,39.001062,-74.914593,42986,2,0,1554,34.24
bluetooth,870614B1,2025-05-27 19:23:45.078051Z,-48,39.001073,-74.914573,7925,2,0,1493,17.03
bluetooth,77AAF9E2,2025-05-27 19:23:46.297205Z,-80,39.001079,-74.914563,19771,1,0,1619,26.20
radio434mhz,1E336107,2025-05-27 19:23:46.540976Z,-68,39.001079,-74.914563
bluetooth,23D9727E,2025-05-27 19:23:46.543107Z,-43,39.001079,-74.914563,49242,2,0,1554,34.29
bluetooth,367E0F4A,2025-05-27 19:23:47.320519Z,-84,39.001084,-74.914553,28461,1,0,2956,24.84
bluetooth,870614B1,2025-05-27 19:23:48.100281Z,-48,39.001090,-74.914544,55421,2,0,1497,17.16
bluetooth,D7510A57,2025-05-27 19:23:48.246606Z,-85,39.001090,-74.914544,14428,1,0,1933,24.28
bluetooth,B78FE24A,2025-05-27 19:23:48.911841Z,-81,39.001090,-74.914544,30118,1,0,1858,25.50
bluetooth,77AAF9E2,2025-05-27 19:23:49.172917Z,-78,39.001097,-74.914534,34648,1,0,1619,26.18
radio434mhz,071E6661,2025-05-27 19:23:49.367785Z,-107,39.001097,-74.914534
bluetooth,23D9727E,2025-05-27 19:23:49.613640Z,-36,39.001097,-74.914534,56910,2,0,1554,34.24
userLocation,user,2025-05-27 19:23:50.035991Z,0,39.001104,-74.914527
bluetooth,E197FE3E,2025-05-27 19:23:50.294130Z,-81,39.001104,-74.914527,61440,1,0,1762,27.90
bluetooth,367E0F4A,2025-05-27 19:23:50.343631Z,-84,39.001104,-74.914527,32979,1,0,2956,24.79
bluetooth,07F9389E,2025-05-27 19:23:50.442883Z,-78,39.001104,-74.914527,64647,2,0,1542,25.98
bluetooth,E2A807D7,2025-05-27 19:23:51.123637Z,-79,39.001111,-74.914518,41768,1,0,1890,24.97
radio434mhz,1E336107,2025-05-27 19:23:51.757087Z,-66,39.001111,-74.914518
radio434mhz,071E6661,2025-05-27 19:23:52.537120Z,-103,39.001116,-74.914508
bluetooth,23D9727E,2025-05-27 19:23:52.731977Z,-39,39.001116,-74.914508,56466,2,0,1553,34.29
bluetooth,3F9E3319,2025-05-27 19:23:53.804386Z,-82,39.001121,-74.914500,49150,1,0,1764,27.64
bluetooth,870614B1,2025-05-27 19:23:54.097267Z,-45,39.001126,-74.914491,47162,2,0,1496,17.31
bluetooth,E197FE3E,2025-05-27 19:23:55.316028Z,-82,39.001130,-74.914482,14768,1,0,1763,28.05
bluetooth,81D187E3,2025-05-27 19:23:55.461654Z,-83,39.001130,-74.914482,42327,1,0,2961,24.81
bluetooth,B3DA9765,2025-05-27 19:23:55.559496Z,-80,39.001130,-74.914482,33932,1,0,1632,24.66
radio434mhz,071E6661,2025-05-27 19:23:55.754204Z,-109,39.001130,-74.914482
bluetooth,23D9727E,2025-05-27 19:23:55.755122Z,-43,39.001130,-74.914482,59420,2,0,1554,34.29
bluetooth,2172633A,2025-05-27 19:23:56.290324Z,-84,39.001135,-74.914471,54350,2,0,1564,23.78
bluetooth,3F9E3319,2025-05-27 19:23:56.780584Z,-80,39.001135,-74.914471,7492,1,0,1764,27.82
radio434mhz,1E336107,2025-05-27 19:23:56.972633Z,-67,39.001135,-74.914471
bluetooth,870614B1,2025-05-27 19:23:57.168759Z,-48,39.001140,-74.914463,46795,2,0,1497,17.26
bluetooth,367E0F4A,2025-05-27 19:23:57.509192Z,-81,39.001140,-74.914463,3584,1,0,2956,24.66
bluetooth,13323C65,2025-05-27 19:23:57.606602Z,-79,39.001140,-74.914463,25074,1,0,2984,22.94
bluetooth,367E0F4A,2025-05-27 19:23:58.533821Z,-80,39.001145,-74.914456,14588,1,0,2956,24.59
bluetooth,23D9727E,2025-05-27 19:23:58.824824Z,-40,39.001145,-74.914456,65448,2,0,1554,34.39
radio434mhz,071E6661,2025-05-27 19:23:58.874138Z,-103,39.001145,-74.914456
bluetooth,77AAF9E2,2025-05-27 19:23:59.118829Z,-80,39.001152,-74.914448,59868,1,0,1618,26.33
bluetooth,367E0F4A,2025-05-27 19:23:59.557552Z,-81,39.001152,-74.914448,10457,1,0,2956,24.64
userLocation,user,2025-05-27 19:24:00.032510Z,0,39.001159,-74.914441
bluetooth,E2A807D7,2025-05-27 19:24:00.044202Z,-80,39.001159,-74.914441,20754,1,0,1890,24.66
bluetooth,870614B1,2025-05-27 19:24:00.093292Z,-44,39.001159,-74.914441,7629,2,0,1496,17.56
bluetooth,77AAF9E2,2025-05-27 19:24:00.531861Z,-78,39.001159,-74.914441,15391,1,0,1618,26.05
bluetooth,367E0F4A,2025-05-27 19:24:00.581337Z,-76,39.001159,-74.914441,44441,1,0,2957,24.69
bluetooth,59FE8D30,2025-05-27 19:24:00.921895Z,-78,39.001159,-74.914441,37360,1,0,1907,22.89
bluetooth,23D9727E,2025-05-27 19:24:01.848469Z,-39,39.001164,-74.914432,63619,2,0,1553,34.22
radio434mhz,071E6661,2025-05-27 19:24:02.042427Z,-110,39.001170,-74.914422
radio434mhz,1E336107,2025-05-27 19:24:02.237876Z,-66,39.001170,-74.914422
bluetooth,A648A0E7,2025-05-27 19:24:02.238860Z,-81,39.001170,-74.914422,22779,1,0,2984,23.42
bluetooth,367E0F4A,2025-05-27 19:24:02.628029Z,-71,39.001170,-74.914422,11165,1,0,2956,24.56
bluetooth,B78FE24A,2025-05-27 19:24:02.920577Z,-81,39.001170,-74.914422,62034,1,0,1855,25.55
bluetooth,870614B1,2025-05-27 19:24:03.066697Z,-44,39.001177,-74.914412,34809,2,0,1496,17.33
bluetooth,A648A0E7,2025-05-27 19:24:03.262430Z,-74,39.001177,-74.914412,7771,1,0,2983,23.50
bluetooth,D7510A57,2025-05-27 19:24:03.361458Z,-80,39.001177,-74.914412,65516,1,0,1933,24.13
bluetooth,81D187E3,2025-05-27 19:24:03.457080Z,-79,39.001177,-74.914412,24215,1,0,2961,24.86
bluetooth,367E0F4A,2025-05-27 19:24:03.652066Z,-71,39.001177,-74.914412,15096,1,0,2955,24.59
bluetooth,A648A0E7,2025-05-27 19:24:04.286050Z,-71,39.001185,-74.914403,15079,1,0,2984,23.45
bluetooth,D7510A57,2025-05-27 19:24:04.432535Z,-80,39.001185,-74.914403,48073,1,0,1933,24.00
bluetooth,23D9727E,2025-05-27 19:24:04.920339Z,-39,39.001185,-74.914403,59982,2,0,1553,34.49
radio434mhz,071E6661,2025-05-27 19:24:05.215226Z,-110,39.001193,-74.914395
bluetooth,07F9389E,2025-05-27 19:24:05.455502Z,-75,39.001193,-74.914395,58900,2,0,1543,25.98
bluetooth,81D187E3,2025-05-27 19:24:05.456884Z,-80,39.001193,-74.914395,27656,1,0,2962,24.94
bluetooth,870614B1,2025-05-27 19:24:06.089118Z,-43,39.001200,-74.914386,46030,2,0,1496,17.31
bluetooth,A648A0E7,2025-05-27 19:24:06.284304Z,-79,39.001200,-74.914386,21640,1,0,2982,23.73
bluetooth,81D187E3,2025-05-27 19:24:06.528707Z,-82,39.001200,-74.914386,49603,1,0,2962,25.02
bluetooth,367E0F4A,2025-05-27 19:24:06.723730Z,-68,39.001200,-74.914386,41439,1,0,2956,24.56
bluetooth,13323C65,2025-05-27 19:24:06.771839Z,-72,39.001200,-74.914386,28402,1,0,2983,23.09
radio434mhz,1E336107,2025-05-27 19:24:07.454257Z,-69,39.001207,-74.914376
bluetooth,0000006E,2025-05-27 19:24:07.650057Z,-80,39.001207,-74.914376,28039,1,0,1899,23.88
bluetooth,367E0F4A,2025-05-27 19:24:07.697858Z,-68,39.001207,-74.914376,20416,1,0,2956,24.36
bluetooth,13323C65,2025-05-27 19:24:07.746615Z,-76,39.001207,-74.914376,44896,1,0,2983,23.04
bluetooth,23D9727E,2025-05-27 19:24:07.993283Z,-44,39.001207,-74.914376,61104,2,0,1554,34.22
bluetooth,A648A0E7,2025-05-27 19:24:08.283855Z,-76,39.001214,-74.914367,5836,1,0,2984,23.50
bluetooth,81D187E3,2025-05-27 19:24:08.527414Z,-83,39.001214,-74.914367,15291,1,0,2961,24.97
bluetooth,870614B1,2025-05-27 19:24:09.063528Z,-44,39.001218,-74.914360,29601,2,0,1494,17.26
bluetooth,81D187E3,2025-05-27 19:24:09.599345Z,-83,39.001218,-74.914360,58651,1,0,2962,24.91
userLocation,user,2025-05-27 19:24:10.036657Z,0,39.001226,-74.914351
bluetooth,B78FE24A,2025-05-27 19:24:10.040987Z,-81,39.001226,-74.914351,20980,1,0,1854,25.45
bluetooth,13323C65,2025-05-27 19:24:10.818763Z,-75,39.001226,-74.914351,48436,1,0,2984,22.94
bluetooth,23D9727E,2025-05-27 19:24:11.013052Z,-38,39.001226,-74.914351,63880,2,0,1553,34.24
bluetooth,A648A0E7,2025-05-27 19:24:11.355025Z,-85,39.001232,-74.914346,5331,1,0,2983,23.22
radio434mhz,071E6661,2025-05-27 19:24:11.549674Z,-107,39.001232,-74.914346
bluetooth,367E0F4A,2025-05-27 19:24:11.795377Z,-76,39.001232,-74.914346,60789,1,0,2956,24.59
bluetooth,13323C65,2025-05-27 19:24:11.842437Z,-79,39.001232,-74.914346,6481,1,0,2984,22.82
bluetooth,870614B1,2025-05-27 19:24:12.085702Z,-45,39.001241,-74.914336,64718,2,0,1493,17.46
radio434mhz,1E336107,2025-05-27 19:24:12.670388Z,-65,39.001241,-74.914336
bluetooth,59FE8D30,2025-05-27 19:24:12.963256Z,-82,39.001241,-74.914336,33840,1,0,1908,22.77
bluetooth,D7510A57,2025-05-27 19:24:13.404783Z,-77,39.001250,-74.914327,64671,1,0,1932,24.18
bluetooth,0000006E,2025-05-27 19:24:13.597657Z,-83,39.001250,-74.914327,34082,1,0,1898,23.85
bluetooth,367E0F4A,2025-05-27 19:24:13.841497Z,-77,39.001250,-74.914327,6276,1,0,2957,24.51
bluetooth,13323C65,2025-05-27 19:24:13.888994Z,-74,39.001250,-74.914327,29426,1,0,2982,23.02
bluetooth,59FE8D30,2025-05-27 19:24:13.987752Z,-75,39.001250,-74.914327,3259,1,0,1907,22.67
bluetooth,23D9727E,2025-05-27 19:24:14.085123Z,-39,39.001257,-74.914326,50416,2,0,1553,34.32
radio434mhz,071E6661,2025-05-27 19:24:14.864747Z,-95,39.001257,-74.914326
bluetooth,367E0F4A,2025-05-27 19:24:14.866994Z,-68,39.001257,-74.914326,24029,1,0,2957,24.48
bluetooth,D7510A57,2025-05-27 19:24:15.401214Z,-71,39.001267,-74.914331,14298,1,0,1933,24.16
bluetooth,A648A0E7,2025-05-27 19:24:15.402739Z,-74,39.001267,-74.914331,29734,1,0,2983,23.45
bluetooth,07F9389E,2025-05-27 19:24:15.450086Z,-76,39.001267,-74.914331,34039,2,0,1543,25.80
bluetooth,77AAF9E2,2025-05-27 19:24:15.644854Z,-82,39.001267,-74.914331,35153,1,0,1617,26.46
bluetooth,367E0F4A,2025-05-27 19:24:15.887691Z,-64,39.001267,-74.914331,56988,1,0,2956,24.48
bluetooth,13323C65,2025-05-27 19:24:15.888757Z,-73,39.001267,-74.914331,14781,1,0,2984,22.82
bluetooth,D7510A57,2025-05-27 19:24:16.424666Z,-72,39.001271,-74.914343,59655,1,0,1931,24.18
bluetooth,81D187E3,2025-05-27 19:24:16.570674Z,-72,39.001271,-74.914343,24911,1,0,2961,24.71
bluetooth,0000006E,2025-05-27 19:24:16.572718Z,-78,39.001271,-74.914343,52830,1,0,1898,23.90
bluetooth,13323C65,2025-05-27 19:24:16.912733Z,-75,39.001271,-74.914343,34086,1,0,2983,23.20
bluetooth,D7510A57,2025-05-27 19:24:17.399427Z,-77,39.001275,-74.914361,23220,1,0,1933,23.93
bluetooth,81D187E3,2025-05-27 19:24:17.497064Z,-74,39.001275,-74.914361,31336,1,0,2962,24.86
radio434mhz,071E6661,2025-05-27 19:24:17.886863Z,-96,39.001275,-74.914361
radio434mhz,1E336107,2025-05-27 19:24:17.984335Z,-65,39.001275,-74.914361
bluetooth,367E0F4A,2025-05-27 19:24:17.985295Z,-70,39.001275,-74.914361,27043,1,0,2955,24.61
bluetooth,13323C65,2025-05-27 19:24:17.985590Z,-78,39.001275,-74.914361,26232,1,0,2984,23.15
bluetooth,870614B1,2025-05-27 19:24:18.082036Z,-46,39.001276,-74.914376,468,2,0,1496,17.53
bluetooth,D7510A57,2025-05-27 19:24:18.325638Z,-80,39.001276,-74.914376,6483,1,0,1932,24.16
bluetooth,81D187E3,2025-05-27 19:24:18.520735Z,-76,39.001276,-74.914376,40233,1,0,2961,24.91
bluetooth,59FE8D30,2025-05-27 19:24:19.008242Z,-75,39.001276,-74.914376,12469,1,0,1906,22.92
bluetooth,D7510A57,2025-05-27 19:24:19.349682Z,-70,39.001278,-74.914389,5325,1,0,1933,24.13
userLocation,user,2025-05-27 19:24:20.031200Z,0,39.001279,-74.914403
bluetooth,13323C65,2025-05-27 19:24:20.031544Z,-72,39.001279,-74.914403,28872,1,0,2983,23.12
bluetooth,2172633A,2025-05-27 19:24:20.373873Z,-73,39.001279,-74.914403,61406,2,0,1562,23.80
bluetooth,07F9389E,2025-05-27 19:24:20.471235Z,-77,39.001279,-74.914403,13331,2,0,1543,26.05
bluetooth,A648A0E7,2025-05-27 19:24:20.472493Z,-81,39.001279,-74.914403,44063,1,0,2985,23.35
radio434mhz,19332A07,2025-05-27 19:24:20.665955Z,-108,39.001279,-74.914403
radio434mhz,071E6661,2025-05-27 19:24:21.153307Z,-102,39.001281,-74.914418
bluetooth,870614B1,2025-05-27 19:24:21.154728Z,-45,39.001281,-74.914418,63254,2,0,1494,17.51
bluetooth,D7510A57,2025-05-27 19:24:21.445606Z,-72,39.001281,-74.914418,43970,1,0,1932,24.00
bluetooth,A648A0E7,2025-05-27 19:24:21.494226Z,-77,39.001281,-74.914418,18773,1,0,2984,23.50
bluetooth,81D187E3,2025-05-27 19:24:21.543177Z,-77,39.001281,-74.914418,20320,1,0,2961,24.86
bluetooth,B78FE24A,2025-05-27 19:24:21.933201Z,-84,39.001281,-74.914418,56234,1,0,1853,25.62
bluetooth,367E0F4A,2025-05-27 19:24:22.031275Z,-68,39.001282,-74.914431,25538,1,0,2956,24.71
bluetooth,13323C65,2025-05-27 19:24:22.031442Z,-73,39.001282,-74.914431,23561,1,0,2983,23.17
bluetooth,77AAF9E2,2025-05-27 19:24:22.128144Z,-76,39.001282,-74.914431,26077,1,0,1617,26.15
bluetooth,A648A0E7,2025-05-27 19:24:22.518775Z,-83,39.001282,-74.914431,2397,1,0,2983,23.65
bluetooth,81D187E3,2025-05-27 19:24:22.520607Z,-82,39.001282,-74.914431,56756,1,0,2962,24.91
bluetooth,0000006E,2025-05-27 19:24:22.615520Z,-79,39.001282,-74.914431,15512,1,0,1898,23.80
bluetooth,367E0F4A,2025-05-27 19:24:23.103217Z,-74,39.001283,-74.914440,64812,1,0,2956,24.64
bluetooth,13323C65,2025-05-27 19:24:23.104529Z,-73,39.001283,-74.914440,32351,1,0,2985,22.77
radio434mhz,1E336107,2025-05-27 19:24:23.200402Z,-65,39.001283,-74.914440
bluetooth,23D9727E,2025-05-27 19:24:23.297970Z,-36,39.001283,-74.914440,45389,2,0,1553,34.44
bluetooth,2172633A,2025-05-27 19:24:23.347467Z,-77,39.001283,-74.914440,53849,2,0,1563,23.58
bluetooth,81D187E3,2025-05-27 19:24:23.590592Z,-78,39.001283,-74.914440,60231,1,0,2961,24.91
bluetooth,13323C65,2025-05-27 19:24:24.126881Z,-72,39.001287,-74.914454,44383,1,0,2984,22.97
bluetooth,870614B1,2025-05-27 19:24:24.133098Z,-37,39.001287,-74.914454,25701,2,0,1491,17.51
radio434mhz,071E6661,2025-05-27 19:24:24.224169Z,-97,39.001287,-74.914454
bluetooth,D7510A57,2025-05-27 19:24:24.420008Z,-73,39.001287,-74.914454,62406,1,0,1931,24.11
bluetooth,81D187E3,2025-05-27 19:24:24.565737Z,-82,39.001287,-74.914454,27498,1,0,2962,24.76
bluetooth,B3DA9765,2025-05-27 19:24:24.711913Z,-79,39.001287,-74.914454,25824,1,0,1633,24.86
bluetooth,13323C65,2025-05-27 19:24:25.102695Z,-76,39.001292,-74.914465,46093,1,0,2984,23.02
bluetooth,E2A807D7,2025-05-27 19:24:25.199883Z,-79,39.001292,-74.914465,12998,1,0,1888,24.94
bluetooth,D7510A57,2025-05-27 19:24:25.394938Z,-82,39.001292,-74.914465,58584,1,0,1932,24.16
bluetooth,E85FB74C,2025-05-27 19:24:25.442995Z,-83,39.001292,-74.914465,3760,2,0,1527,26.20
bluetooth,07F9389E,2025-05-27 19:24:25.491881Z,-75,39.001292,-74.914465,17743,2,0,1543,25.95
bluetooth,A648A0E7,2025-05-27 19:24:25.540670Z,-82,39.001292,-74.914465,7311,1,0,2984,23.60
bluetooth,19836CFF,2025-05-27 19:24:25.833178Z,-85,39.001292,-74.914465,26024,1,0,1867,23.50
bluetooth,E2A807D7,2025-05-27 19:24:26.126142Z,-87,39.001296,-74.914480,18860,1,0,1888,24.81
bluetooth,23D9727E,2025-05-27 19:24:26.369402Z,-42,39.001296,-74.914480,45468,2,0,1554,34.29
bluetooth,A648A0E7,2025-05-27 19:24:26.564476Z,-81,39.001296,-74.914480,24518,1,0,2983,23.78
bluetooth,870614B1,2025-05-27 19:24:27.101474Z,-44,39.001299,-74.914489,53070,2,0,1493,17.38
radio434mhz,071E6661,2025-05-27 19:24:27.636550Z,-96,39.001299,-74.914489
bluetooth,E2A807D7,2025-05-27 19:24:28.124109Z,-78,39.001300,-74.914501,56152,1,0,1887,24.84
radio434mhz,1E336107,2025-05-27 19:24:28.319084Z,-68,39.001300,-74.914501
bluetooth,E197FE3E,2025-05-27 19:24:28.418926Z,-83,39.001300,-74.914501,56356,1,0,1756,28.07
bluetooth,B3DA9765,2025-05-27 19:24:28.419625Z,-81,39.001300,-74.914501,36763,1,0,1632,24.51
bluetooth,81D187E3,2025-05-27 19:24:28.612347Z,-76,39.001300,-74.914501,31736,1,0,2961,24.86
bluetooth,3F9E3319,2025-05-27 19:24:28.758343Z,-81,39.001300,-74.914501,49372,1,0,1758,27.57
bluetooth,B78FE24A,2025-05-27 19:24:29.002767Z,-83,39.001300,-74.914501,30242,1,0,1853,25.37
bluetooth,13323C65,2025-05-27 19:24:29.149036Z,-64,39.001302,-74.914513,53804,1,0,2983,23.09
bluetooth,367E0F4A,2025-05-27 19:24:29.149958Z,-77,39.001302,-74.914513,37967,1,0,2957,24.56
bluetooth,E197FE3E,2025-05-27 19:24:29.392015Z,-80,39.001302,-74.914513,34078,1,0,1756,27.97
bluetooth,2172633A,2025-05-27 19:24:29.393154Z,-76,39.001302,-74.914513,49527,2,0,1562,23.52
bluetooth,23D9727E,2025-05-27 19:24:29.440861Z,-39,39.001302,-74.914513,44450,2,0,1553,34.47
userLocation,user,2025-05-27 19:24:30.029593Z,0,39.001304,-74.914523
bluetooth,870614B1,2025-05-27 19:24:30.123695Z,-45,39.001304,-74.914523,56903,2,0,1494,17.81
bluetooth,13323C65,2025-05-27 19:24:30.172360Z,-69,39.001304,-74.914523,42365,1,0,2983,22.99
bluetooth,07F9389E,2025-05-27 19:24:30.465051Z,-70,39.001304,-74.914523,20754,2,0,1543,25.80
bluetooth,A648A0E7,2025-05-27 19:24:30.610987Z,-71,39.001304,-74.914523,58660,1,0,2983,23.50
radio434mhz,071E6661,2025-05-27 19:24:30.757206Z,-92,39.001304,-74.914523
bluetooth,367E0F4A,2025-05-27 19:24:31.244954Z,-77,39.001309,-74.914537,14629,1,0,2955,24.71
bluetooth,D7510A57,2025-05-27 19:24:31.390601Z,-79,39.001309,-74.914537,41461,1,0,1932,24.18
bluetooth,81D187E3,2025-05-27 19:24:31.635110Z,-79,39.001309,-74.914537,11591,1,0,2962,24.81
bluetooth,A648A0E7,2025-05-27 19:24:31.636358Z,-76,39.001309,-74.914537,64321,1,0,2982,23.65
bluetooth,13323C65,2025-05-27 19:24:32.219519Z,-66,39.001312,-74.914549,44509,1,0,2984,22.97
bluetooth,367E0F4A,2025-05-27 19:24:32.220649Z,-80,39.001312,-74.914549,10193,1,0,2957,24.61
bluetooth,2172633A,2025-05-27 19:24:32.415083Z,-78,39.001312,-74.914549,42388,2,0,1564,23.52
bluetooth,23D9727E,2025-05-27 19:24:32.465931Z,-41,39.001312,-74.914549,43056,2,0,1553,34.49
bluetooth,81D187E3,2025-05-27 19:24:32.609406Z,-79,39.001312,-74.914549,7973,1,0,2961,25.02
bluetooth,A648A0E7,2025-05-27 19:24:32.611436Z,-73,39.001312,-74.914549,34640,1,0,2983,23.45
bluetooth,59FE8D30,2025-05-27 19:24:33.052704Z,-81,39.001316,-74.914562,59444,1,0,1905,22.67
bluetooth,870614B1,2025-05-27 19:24:33.096736Z,-44,39.001316,-74.914562,36959,2,0,1494,17.89
bluetooth,367E0F4A,2025-05-27 19:24:33.243323Z,-82,39.001316,-74.914562,55746,1,0,2956,24.61
bluetooth,B3DA9765,2025-05-27 19:24:33.486953Z,-83,39.001316,-74.914562,60865,1,0,1632,24.61
radio434mhz,1E336107,2025-05-27 19:24:33.535248Z,-69,39.001316,-74.914562
bluetooth,A648A0E7,2025-05-27 19:24:33.681265Z,-72,39.001316,-74.914562,41893,1,0,2983,23.55
radio434mhz,071E6661,2025-05-27 19:24:33.925488Z,-93,39.001316,-74.914562
bluetooth,E2A807D7,2025-05-27 19:24:34.169576Z,-84,39.001321,-74.914573,36417,1,0,1887,24.86
bluetooth,77AAF9E2,2025-05-27 19:24:34.559493Z,-81,39.001321,-74.914573,30661,1,0,1618,26.43
bluetooth,81D187E3,2025-05-27 19:24:34.560023Z,-75,39.001321,-74.914573,65294,1,0,2962,24.89
bluetooth,A648A0E7,2025-05-27 19:24:34.657105Z,-71,39.001321,-74.914573,19368,1,0,2984,23.52
bluetooth,13323C65,2025-05-27 19:24:35.241853Z,-71,39.001322,-74.914582,35359,1,0,2983,23.07
bluetooth,E197FE3E,2025-05-27 19:24:35.436991Z,-82,39.001322,-74.914582,4988,1,0,1756,27.92
bluetooth,A648A0E7,2025-05-27 19:24:35.680004Z,-71,39.001322,-74.914582,9368,1,0,2982,23.73
bluetooth,870614B1,2025-05-27 19:24:36.119944Z,-47,39.001326,-74.914593,3414,2,0,1494,17.61
bluetooth,367E0F4A,2025-05-27 19:24:36.314903Z,-73,39.001326,-74.914593,540,1,0,2956,24.74
bluetooth,D7510A57,2025-05-27 19:24:36.461133Z,-74,39.001326,-74.914593,59419,1,0,1930,24.00
bluetooth,B78FE24A,2025-05-27 19:24:37.049061Z,-83,39.001330,-74.914602,36360,1,0,1852,25.32
radio434mhz,071E6661,2025-05-27 19:24:37.094916Z,-95,39.001330,-74.914602
bluetooth,13323C65,2025-05-27 19:24:37.289885Z,-71,39.001330,-74.914602,54924,1,0,2983,23.04
bluetooth,77AAF9E2,2025-05-27 19:24:38.167833Z,-84,39.001335,-74.914613,20064,1,0,1617,26.28
bluetooth,367E0F4A,2025-05-27 19:24:38.361874Z,-77,39.001335,-74.914613,7960,1,0,2957,24.46
bluetooth,23D9727E,2025-05-27 19:24:38.557114Z,-39,39.001335,-74.914613,36844,2,0,1554,34.42
bluetooth,3F9E3319,2025-05-27 19:24:38.703643Z,-83,39.001335,-74.914613,41466,1,0,1757,27.47
bluetooth,A648A0E7,2025-05-27 19:24:38.752191Z,-70,39.001335,-74.914613,4432,1,0,2983,23.55
radio434mhz,1E336107,2025-05-27 19:24:38.754460Z,-67,39.001335,-74.914613
bluetooth,77AAF9E2,2025-05-27 19:24:38.898305Z,-79,39.001335,-74.914613,55544,1,0,1617,26.46
bluetooth,870614B1,2025-05-27 19:24:39.093870Z,-49,39.001341,-74.914627,19034,2,0,1495,17.99
bluetooth,E197FE3E,2025-05-27 19:24:39.337506Z,-83,39.001341,-74.914627,16565,1,0,1756,27.92
bluetooth,A648A0E7,2025-05-27 19:24:39.727075Z,-73,39.001341,-74.914627,43162,1,0,2982,23.47
userLocation,user,2025-05-27 19:24:40.034983Z,0,39.001342,-74.914637
bluetooth,E2A807D7,2025-05-27 19:24:40.068808Z,-80,39.001342,-74.914637,52081,1,0,1886,24.84
radio434mhz,071E6661,2025-05-27 19:24:40.361194Z,-95,39.001342,-74.914637
bluetooth,13323C65,2025-05-27 19:24:40.363269Z,-69,39.001342,-74.914637,6234,1,0,2983,23.02
bluetooth,A648A0E7,2025-05-27 19:24:40.750835Z,-78,39.001342,-74.914637,4298,1,0,2982,23.68
bluetooth,870614B1,2025-05-27 19:24:42.164651Z,-42,39.001356,-74.914657,33329,2,0,1492,17.79
bluetooth,3F9E3319,2025-05-27 19:24:42.749630Z,-85,39.001356,-74.914657,64785,1,0,1756,27.39
bluetooth,A648A0E7,2025-05-27 19:24:42.847069Z,-73,39.001356,-74.914657,8642,1,0,2983,23.42
radio434mhz,071E6661,2025-05-27 19:24:43.529459Z,-97,39.001358,-74.914665
bluetooth,367E0F4A,2025-05-27 19:24:43.530400Z,-76,39.001358,-74.914665,27028,1,0,2957,24.61
bluetooth,A648A0E7,2025-05-27 19:24:43.822676Z,-75,39.001358,-74.914665,19470,1,0,2983,23.47
radio434mhz,1E336107,2025-05-27 19:24:43.968426Z,-67,39.001358,-74.914665
bluetooth,59FE8D30,2025-05-27 19:24:44.066284Z,-78,39.001358,-74.914678,17471,1,0,1906,22.64
bluetooth,367E0F4A,2025-05-27 19:24:44.553449Z,-78,39.001358,-74.914678,58020,1,0,2956,24.61
bluetooth,23D9727E,2025-05-27 19:24:44.699894Z,-41,39.001358,-74.914678,20112,2,0,1554,34.52
bluetooth,A648A0E7,2025-05-27 19:24:44.799589Z,-73,39.001358,-74.914678,28479,1,0,2982,23.83
bluetooth,870614B1,2025-05-27 19:24:45.138859Z,-45,39.001352,-74.914687,21755,2,0,1492,17.81
bluetooth,D7510A57,2025-05-27 19:24:45.431382Z,-79,39.001352,-74.914687,58063,1,0,1931,24.18
bluetooth,A648A0E7,2025-05-27 19:24:45.821701Z,-74,39.001352,-74.914687,18890,1,0,2982,23.68
bluetooth,367E0F4A,2025-05-27 19:24:46.503426Z,-72,39.001343,-74.914692,47671,1,0,2955,24.64
radio434mhz,071E6661,2025-05-27 19:24:46.601309Z,-100,39.001343,-74.914692
bluetooth,59FE8D30,2025-05-27 19:24:47.039399Z,-74,39.001332,-74.914697,8244,1,0,1906,22.74
bluetooth,A648A0E7,2025-05-27 19:24:47.868143Z,-80,39.001332,-74.914697,25393,1,0,2983,23.27
bluetooth,59FE8D30,2025-05-27 19:24:48.063635Z,-76,39.001321,-74.914701,8405,1,0,1905,22.74
bluetooth,870614B1,2025-05-27 19:24:48.112465Z,-46,39.001321,-74.914701,15169,2,0,1494,17.61
bluetooth,367E0F4A,2025-05-27 19:24:48.551502Z,-74,39.001321,-74.914701,62828,1,0,2956,24.43
bluetooth,59FE8D30,2025-05-27 19:24:49.045674Z,-76,39.001309,-74.914704,21626,1,0,1905,22.67
radio434mhz,1E336107,2025-05-27 19:24:49.233642Z,-68,39.001309,-74.914704
bluetooth,13323C65,2025-05-27 19:24:49.526169Z,-78,39.001309,-74.914704,50126,1,0,2983,22.97
radio434mhz,071E6661,2025-05-27 19:24:49.769375Z,-107,39.001309,-74.914704
bluetooth,A648A0E7,2025-05-27 19:24:49.867653Z,-75,39.001309,-74.914704,30070,1,0,2982,23.63
userLocation,user,2025-05-27 19:24:50.035365Z,0,39.001299,-74.914705
bluetooth,E85FB74C,2025-05-27 19:24:50.256889Z,-83,39.001299,-74.914705,14864,2,0,1527,26.08
bluetooth,367E0F4A,2025-05-27 19:24:50.598947Z,-74,39.001299,-74.914705,36599,1,0,2956,24.61
bluetooth,23D9727E,2025-05-27 19:24:50.841956Z,-39,39.001299,-74.914705,24065,2,0,1554,34.62
bluetooth,870614B1,2025-05-27 19:24:51.183969Z,-44,39.001291,-74.914709,4352,2,0,1495,17.61
bluetooth,13323C65,2025-05-27 19:24:51.524500Z,-83,39.001291,-74.914709,57992,1,0,2983,23.09
bluetooth,13323C65,2025-05-27 19:24:52.599140Z,-73,39.001284,-74.914711,46470,1,0,2984,23.15
bluetooth,81D187E3,2025-05-27 19:24:52.645863Z,-79,39.001284,-74.914711,39165,1,0,2961,24.89
bluetooth,367E0F4A,2025-05-27 19:24:52.647940Z,-77,39.001284,-74.914711,43413,1,0,2956,24.64
bluetooth,A648A0E7,2025-05-27 19:24:52.987212Z,-79,39.001284,-74.914711,50916,1,0,2983,23.70
radio434mhz,071E6661,2025-05-27 19:24:52.988660Z,-95,39.001284,-74.914711
bluetooth,23D9727E,2025-05-27 19:24:53.864708Z,-39,39.001274,-74.914716,26252,2,0,1554,34.47
bluetooth,870614B1,2025-05-27 19:24:54.108307Z,-42,39.001263,-74.914722,7070,2,0,1494,17.66
radio434mhz,1E336107,2025-05-27 19:24:54.449222Z,-67,39.001263,-74.914722
bluetooth,13323C65,2025-05-27 19:24:54.548390Z,-83,39.001263,-74.914722,47575,1,0,2983,23.15
bluetooth,B78FE24A,2025-05-27 19:24:55.182152Z,-84,39.001254,-74.914728,4567,1,0,1850,25.34
bluetooth,D7510A57,2025-05-27 19:24:55.424279Z,-73,39.001254,-74.914728,52284,1,0,1929,24.13
bluetooth,07F9389E,2025-05-27 19:24:55.522566Z,-77,39.001254,-74.914728,38754,2,0,1543,25.98
bluetooth,13323C65,2025-05-27 19:24:55.571259Z,-81,39.001254,-74.914728,52397,1,0,2984,22.77
bluetooth,367E0F4A,2025-05-27 19:24:55.717071Z,-76,39.001254,-74.914728,26018,1,0,2955,24.51
radio434mhz,071E6661,2025-05-27 19:24:56.122051Z,-104,39.001245,-74.914734
bluetooth,13323C65,2025-05-27 19:24:56.595085Z,-77,39.001245,-74.914734,34207,1,0,2984,23.17
bluetooth,367E0F4A,2025-05-27 19:24:56.792364Z,-77,39.001245,-74.914734,38170,1,0,2957,24.66
bluetooth,23D9727E,2025-05-27 19:24:56.935796Z,-38,39.001245,-74.914734,27293,2,0,1554,34.54
bluetooth,E2A807D7,2025-05-27 19:24:57.081965Z,-85,39.001235,-74.914738,13000,1,0,1885,24.69
bluetooth,D7510A57,2025-05-27 19:24:57.472793Z,-77,39.001235,-74.914738,57993,1,0,1930,24.06
bluetooth,13323C65,2025-05-27 19:24:57.618581Z,-79,39.001235,-74.914738,18867,1,0,2983,23.20
bluetooth,81D187E3,2025-05-27 19:24:57.667762Z,-80,39.001235,-74.914738,40273,1,0,2960,24.97
bluetooth,13323C65,2025-05-27 19:24:58.642803Z,-73,39.001229,-74.914742,26796,1,0,2982,22.97
bluetooth,81D187E3,2025-05-27 19:24:58.644851Z,-80,39.001229,-74.914742,11486,1,0,2962,24.99
bluetooth,367E0F4A,2025-05-27 19:24:58.789059Z,-78,39.001229,-74.914742,36544,1,0,2955,24.56
bluetooth,B78FE24A,2025-05-27 19:24:59.178354Z,-80,39.001220,-74.914749,15766,1,0,1849,25.57
bluetooth,13323C65,2025-05-27 19:24:59.665888Z,-79,39.001220,-74.914749,2333,1,0,2984,23.15
radio434mhz,1E336107,2025-05-27 19:24:59.668024Z,-69,39.001220,-74.914749
bluetooth,23D9727E,2025-05-27 19:25:00.007865Z,-43,39.001220,-74.914749,28814,2,0,1554,34.42
userLocation,user,2025-05-27 19:25:00.035463Z,0,39.001212,-74.914754
bluetooth,59FE8D30,2025-05-27 19:25:00.104570Z,-73,39.001212,-74.914754,42605,1,0,1905,22.46
bluetooth,870614B1,2025-05-27 19:25:00.251508Z,-48,39.001212,-74.914754,42911,2,0,1491,17.66
bluetooth,D7510A57,2025-05-27 19:25:00.397889Z,-72,39.001212,-74.914754,6024,1,0,1930,24.06
bluetooth,D7510A57,2025-05-27 19:25:01.372701Z,-82,39.001205,-74.914759,62946,1,0,1930,24.00
bluetooth,59FE8D30,2025-05-27 19:25:02.054464Z,-84,39.001196,-74.914762,34697,1,0,1904,22.54
bluetooth,D7510A57,2025-05-27 19:25:02.395887Z,-80,39.001196,-74.914762,3217,1,0,1930,24.18
radio434mhz,071E6661,2025-05-27 19:25:02.444507Z,-108,39.001196,-74.914762
bluetooth,367E0F4A,2025-05-27 19:25:02.834556Z,-82,39.001196,-74.914762,4056,1,0,2955,24.66
bluetooth,59FE8D30,2025-05-27 19:25:03.030180Z,-73,39.001196,-74.914762,14200,1,0,1906,22.61
bluetooth,367E0F4A,2025-05-27 19:25:03.858441Z,-78,39.001188,-74.914767,30340,1,0,2956,24.59
bluetooth,D7510A57,2025-05-27 19:25:04.443754Z,-70,39.001181,-74.914773,6107,1,0,1930,24.31
bluetooth,77AAF9E2,2025-05-27 19:25:04.785435Z,-86,39.001181,-74.914773,21005,1,0,1617,26.30
radio434mhz,1E336107,2025-05-27 19:25:04.881733Z,-71,39.001181,-74.914773
bluetooth,5504D31A,2025-05-27 19:25:04.930913Z,-85,39.001181,-74.914773,10331,2,0,1560,26.56
bluetooth,59FE8D30,2025-05-27 19:25:05.077054Z,-74,39.001172,-74.914779,9133,1,0,1904,22.59
bluetooth,D7510A57,2025-05-27 19:25:05.418783Z,-68,39.001172,-74.914779,6715,1,0,1930,24.18
bluetooth,2172633A,2025-05-27 19:25:05.516066Z,-80,39.001172,-74.914779,28202,2,0,1561,23.83
radio434mhz,071E6661,2025-05-27 19:25:05.662518Z,-100,39.001172,-74.914779
bluetooth,23D9727E,2025-05-27 19:25:06.101575Z,-39,39.001163,-74.914784,7756,2,0,1553,34.49
bluetooth,870614B1,2025-05-27 19:25:06.150432Z,-77,39.001163,-74.914784,3809,2,0,1495,17.74
bluetooth,D7510A57,2025-05-27 19:25:06.442610Z,-81,39.001163,-74.914784,62030,1,0,1930,24.03
bluetooth,13323C65,2025-05-27 19:25:06.783756Z,-83,39.001163,-74.914784,32844,1,0,2983,23.02
bluetooth,367E0F4A,2025-05-27 19:25:06.930484Z,-79,39.001163,-74.914784,62074,1,0,2957,24.51
bluetooth,D7510A57,2025-05-27 19:25:07.417873Z,-73,39.001154,-74.914787,7923,1,0,1929,24.21
bluetooth,0000006E,2025-05-27 19:25:07.564549Z,-80,39.001154,-74.914787,46894,1,0,1897,23.98
bluetooth,59FE8D30,2025-05-27 19:25:08.099786Z,-76,39.001142,-74.914792,59453,1,0,1905,22.54
bluetooth,A648A0E7,2025-05-27 19:25:08.149032Z,-82,39.001142,-74.914792,45510,1,0,2983,23.50
bluetooth,D7510A57,2025-05-27 19:25:08.441609Z,-82,39.001142,-74.914792,39565,1,0,1928,24.06
radio434mhz,071E6661,2025-05-27 19:25:08.784249Z,-99,39.001142,-74.914792
bluetooth,13323C65,2025-05-27 19:25:08.784654Z,-80,39.001142,-74.914792,13302,1,0,2982,22.79
bluetooth,870614B1,2025-05-27 19:25:09.270393Z,-50,39.001133,-74.914796,4396,2,0,1496,17.91
bluetooth,23D9727E,2025-05-27 19:25:09.272540Z,-44,39.001133,-74.914796,2890,2,0,1554,34.44
bluetooth,13323C65,2025-05-27 19:25:09.806735Z,-78,39.001133,-74.914796,52708,1,0,2982,23.15
bluetooth,19836CFF,2025-05-27 19:25:09.903373Z,-85,39.001133,-74.914796,25022,1,0,1865,23.42
userLocation,user,2025-05-27 19:25:10.036418Z,0,39.001127,-74.914802
bluetooth,59FE8D30,2025-05-27 19:25:10.052175Z,-76,39.001127,-74.914802,17172,1,0,1904,22.54
radio434mhz,1E336107,2025-05-27 19:25:10.098712Z,-71,39.001127,-74.914802
bluetooth,D7510A57,2025-05-27 19:25:10.391189Z,-78,39.001127,-74.914802,42459,1,0,1930,24.11
bluetooth,07F9389E,2025-05-27 19:25:10.586936Z,-75,39.001127,-74.914802,27197,2,0,1543,25.82
bluetooth,367E0F4A,2025-05-27 19:25:11.025460Z,-81,39.001127,-74.914802,53715,1,0,2955,24.61
bluetooth,D7510A57,2025-05-27 19:25:11.366121Z,-83,39.001116,-74.914809,13363,1,0,1930,24.16
bluetooth,2172633A,2025-05-27 19:25:11.512986Z,-80,39.001116,-74.914809,1551,2,0,1561,23.73
radio434mhz,071E6661,2025-05-27 19:25:15.120646Z,-108,39.001089,-74.914814
bluetooth,23D9727E,2025-05-27 19:25:15.315182Z,-40,39.001089,-74.914814,13686,2,0,1554,34.44
radio434mhz,1E336107,2025-05-27 19:25:15.364163Z,-71,39.001089,-74.914814
bluetooth,2172633A,2025-05-27 19:25:17.511163Z,-81,39.001076,-74.914780,5897,2,0,1561,23.68
bluetooth,23D9727E,2025-05-27 19:25:18.388703Z,-50,39.001074,-74.914765,11651,2,0,1554,34.54
radio434mhz,071E6661,2025-05-27 19:25:18.532654Z,-103,39.001074,-74.914765
userLocation,user,2025-05-27 19:25:20.035291Z,0,39.001070,-74.914735
radio434mhz,1E336107,2025-05-27 19:25:20.628483Z,-67,39.001070,-74.914735
bluetooth,870614B1,2025-05-27 19:25:21.164716Z,-44,39.001068,-74.914724,2767,2,0,1496,17.74
bluetooth,23D9727E,2025-05-27 19:25:21.457293Z,-40,39.001068,-74.914724,11362,2,0,1553,34.44
radio434mhz,071E6661,2025-05-27 19:25:21.750571Z,-108,39.001068,-74.914724
bluetooth,870614B1,2025-05-27 19:25:24.139372Z,-45,39.001058,-74.914682,27860,2,0,1497,17.66
bluetooth,23D9727E,2025-05-27 19:25:24.480026Z,-45,39.001058,-74.914682,42013,2,0,1553,34.47
radio434mhz,071E6661,2025-05-27 19:25:24.869668Z,-109,39.001058,-74.914682
radio434mhz,1E336107,2025-05-27 19:25:25.796116Z,-66,39.001057,-74.914667
bluetooth,13323C65,2025-05-27 19:25:26.088824Z,-83,39.001054,-74.914656,12659,1,0,2983,22.89
bluetooth,870614B1,2025-05-27 19:25:27.161891Z,-46,39.001051,-74.914640,18702,2,0,1498,17.69
bluetooth,23D9727E,2025-05-27 19:25:27.551089Z,-42,39.001051,-74.914640,47534,2,0,1554,34.44
radio434mhz,071E6661,2025-05-27 19:25:28.041748Z,-105,39.001049,-74.914632
bluetooth,13323C65,2025-05-27 19:25:28.138817Z,-78,39.001049,-74.914632,56200,1,0,2983,22.92
userLocation,user,2025-05-27 19:25:30.034098Z,0,39.001042,-74.914604
bluetooth,870614B1,2025-05-27 19:25:30.184008Z,-46,39.001042,-74.914604,51078,2,0,1499,17.66
bluetooth,23D9727E,2025-05-27 19:25:30.622618Z,-44,39.001042,-74.914604,46639,2,0,1554,34.44
radio434mhz,1E336107,2025-05-27 19:25:31.012444Z,-65,39.001042,-74.914604
radio434mhz,071E6661,2025-05-27 19:25:31.208279Z,-105,39.001038,-74.914594
bluetooth,870614B1,2025-05-27 19:25:33.158252Z,-45,39.001031,-74.914569,51924,2,0,1498,17.56
bluetooth,23D9727E,2025-05-27 19:25:33.694027Z,-51,39.001031,-74.914569,36836,2,0,1553,34.29
radio434mhz,071E6661,2025-05-27 19:25:34.376230Z,-108,39.001028,-74.914554
radio434mhz,1E336107,2025-05-27 19:25:36.228727Z,-68,39.001021,-74.914529
bluetooth,23D9727E,2025-05-27 19:25:36.764929Z,-44,39.001021,-74.914529,37530,2,0,1553,34.47
radio434mhz,071E6661,2025-05-27 19:25:37.544866Z,-106,39.001014,-74.914523
bluetooth,870614B1,2025-05-27 19:25:39.156637Z,-46,39.001005,-74.914493,3234,2,0,1498,17.56
userLocation,user,2025-05-27 19:25:40.035374Z,0,39.000998,-74.914481
bluetooth,E2A807D7,2025-05-27 19:25:41.152750Z,-81,39.000996,-74.914470,20683,1,0,1882,24.79
radio434mhz,1E336107,2025-05-27 19:25:41.444959Z,-65,39.000996,-74.914470
bluetooth,2172633A,2025-05-27 19:25:41.640743Z,-80,39.000996,-74.914470,39923,2,0,1564,23.58
bluetooth,13323C65,2025-05-27 19:25:42.372177Z,-74,39.001000,-74.914461,34289,1,0,2984,22.87
bluetooth,367E0F4A,2025-05-27 19:25:42.761739Z,-79,39.001000,-74.914461,28726,1,0,2956,24.48
bluetooth,23D9727E,2025-05-27 19:25:42.908234Z,-41,39.001000,-74.914461,62997,2,0,1554,34.49
bluetooth,13323C65,2025-05-27 19:25:43.394885Z,-79,39.001012,-74.914459,20598,1,0,2983,22.97
bluetooth,0000006E,2025-05-27 19:25:43.397134Z,-79,39.001012,-74.914459,26969,1,0,1895,23.70
radio434mhz,071E6661,2025-05-27 19:25:43.882354Z,-107,39.001012,-74.914459
bluetooth,59FE8D30,2025-05-27 19:25:44.175019Z,-76,39.001025,-74.914458,53594,1,0,1903,22.51
bluetooth,2172633A,2025-05-27 19:25:44.614040Z,-69,39.001025,-74.914458,40168,2,0,1563,23.52
bluetooth,367E0F4A,2025-05-27 19:25:44.760415Z,-76,39.001025,-74.914458,32007,1,0,2956,24.56
bluetooth,B78FE24A,2025-05-27 19:25:45.393964Z,-81,39.001038,-74.914459,13117,1,0,1846,25.47
bluetooth,07F9389E,2025-05-27 19:25:45.639351Z,-72,39.001038,-74.914459,34435,2,0,1543,25.90
bluetooth,367E0F4A,2025-05-27 19:25:45.735553Z,-74,39.001038,-74.914459,27155,1,0,2957,24.48
bluetooth,23D9727E,2025-05-27 19:25:45.979058Z,-41,39.001038,-74.914459,65140,2,0,1552,34.39
bluetooth,0000006E,2025-05-27 19:25:46.418592Z,-67,39.001047,-74.914462,35790,1,0,1894,23.85
radio434mhz,1E336107,2025-05-27 19:25:46.807891Z,-64,39.001047,-74.914462
radio434mhz,071E6661,2025-05-27 19:25:47.101053Z,-104,39.001059,-74.914459
bluetooth,77AAF9E2,2025-05-27 19:25:47.148959Z,-79,39.001059,-74.914459,308,1,0,1617,26.10
bluetooth,59FE8D30,2025-05-27 19:25:47.295389Z,-74,39.001059,-74.914459,42820,1,0,1902,22.49
bluetooth,13323C65,2025-05-27 19:25:47.441568Z,-77,39.001059,-74.914459,24408,1,0,2984,23.25
bluetooth,D7510A57,2025-05-27 19:25:47.490333Z,-74,39.001059,-74.914459,31975,1,0,1927,24.31
bluetooth,2172633A,2025-05-27 19:25:47.636548Z,-71,39.001059,-74.914459,5052,2,0,1564,23.63
bluetooth,3F9E3319,2025-05-27 19:25:47.880363Z,-80,39.001059,-74.914459,2362,1,0,1746,27.49
bluetooth,E2A807D7,2025-05-27 19:25:48.221725Z,-85,39.001068,-74.914462,12324,1,0,1881,24.71
bluetooth,13323C65,2025-05-27 19:25:48.513799Z,-76,39.001068,-74.914462,40544,1,0,2984,23.02
bluetooth,D7510A57,2025-05-27 19:25:48.515802Z,-78,39.001068,-74.914462,9969,1,0,1928,24.23
bluetooth,3F9E3319,2025-05-27 19:25:48.903857Z,-83,39.001068,-74.914462,47937,1,0,1746,27.47
bluetooth,19836CFF,2025-05-27 19:25:48.952804Z,-80,39.001068,-74.914462,24630,1,0,1863,23.42
bluetooth,23D9727E,2025-05-27 19:25:49.001474Z,-42,39.001068,-74.914462,58187,2,0,1554,34.24
bluetooth,A648A0E7,2025-05-27 19:25:49.831090Z,-82,39.001077,-74.914462,30369,1,0,2984,23.42
bluetooth,367E0F4A,2025-05-27 19:25:49.833262Z,-76,39.001077,-74.914462,7082,1,0,2956,24.51
bluetooth,3F9E3319,2025-05-27 19:25:49.879342Z,-83,39.001077,-74.914462,25862,1,0,1743,27.54
userLocation,user,2025-05-27 19:25:50.031168Z,0,39.001087,-74.914459
radio434mhz,071E6661,2025-05-27 19:25:50.220857Z,-102,39.001087,-74.914459
bluetooth,13323C65,2025-05-27 19:25:50.513048Z,-83,39.001087,-74.914459,17309,1,0,2983,23.02
bluetooth,D7510A57,2025-05-27 19:25:50.515385Z,-70,39.001087,-74.914459,34091,1,0,1928,24.18
bluetooth,367E0F4A,2025-05-27 19:25:50.854710Z,-73,39.001087,-74.914459,56671,1,0,2955,24.56
bluetooth,E2A807D7,2025-05-27 19:25:51.195397Z,-83,39.001099,-74.914459,49724,1,0,1880,24.74
bluetooth,77AAF9E2,2025-05-27 19:25:51.633899Z,-77,39.001099,-74.914459,63974,1,0,1617,26.20
bluetooth,367E0F4A,2025-05-27 19:25:51.927266Z,-78,39.001099,-74.914459,14476,1,0,2957,24.61
bluetooth,3F9E3319,2025-05-27 19:25:51.929131Z,-81,39.001099,-74.914459,17468,1,0,1747,27.57
radio434mhz,1E336107,2025-05-27 19:25:51.929496Z,-65,39.001099,-74.914459
bluetooth,23D9727E,2025-05-27 19:25:52.072839Z,-45,39.001106,-74.914457,56488,2,0,1555,34.22
bluetooth,59FE8D30,2025-05-27 19:25:52.218902Z,-73,39.001106,-74.914457,8179,1,0,1902,22.49
bluetooth,D7510A57,2025-05-27 19:25:52.560456Z,-72,39.001106,-74.914457,62360,1,0,1927,23.90
bluetooth,E197FE3E,2025-05-27 19:25:52.706590Z,-80,39.001106,-74.914457,60389,1,0,1619,27.62
bluetooth,367E0F4A,2025-05-27 19:25:52.901560Z,-82,39.001106,-74.914457,63795,1,0,2956,24.56
radio434mhz,071E6661,2025-05-27 19:25:53.390101Z,-106,39.001117,-74.914458
bluetooth,13323C65,2025-05-27 19:25:53.535394Z,-83,39.001117,-74.914458,37919,1,0,2984,23.15
bluetooth,2172633A,2025-05-27 19:25:53.632875Z,-69,39.001117,-74.914458,51326,2,0,1563,23.58
bluetooth,A648A0E7,2025-05-27 19:25:53.827459Z,-77,39.001117,-74.914458,666,1,0,2982,23.73
bluetooth,367E0F4A,2025-05-27 19:25:53.925505Z,-75,39.001117,-74.914458,60399,1,0,2955,24.61
bluetooth,870614B1,2025-05-27 19:25:54.169256Z,-50,39.001128,-74.914460,53522,2,0,1498,17.71
bluetooth,D7510A57,2025-05-27 19:25:54.559237Z,-75,39.001128,-74.914460,19672,1,0,1927,24.26
bluetooth,367E0F4A,2025-05-27 19:25:54.899870Z,-76,39.001128,-74.914460,63884,1,0,2955,24.59
bluetooth,D7510A57,2025-05-27 19:25:55.603502Z,-73,39.001134,-74.914466,34728,1,0,1928,24.21
bluetooth,59FE8D30,2025-05-27 19:25:56.216447Z,-74,39.001146,-74.914463,24406,1,0,1902,22.54
radio434mhz,071E6661,2025-05-27 19:25:56.557689Z,-105,39.001146,-74.914463
bluetooth,2172633A,2025-05-27 19:25:56.655495Z,-70,39.001146,-74.914463,61305,2,0,1563,23.55
bluetooth,367E0F4A,2025-05-27 19:25:56.947965Z,-76,39.001146,-74.914463,47045,1,0,2956,24.69
radio434mhz,1E336107,2025-05-27 19:25:57.142359Z,-67,39.001159,-74.914463
bluetooth,870614B1,2025-05-27 19:25:57.206648Z,-44,39.001159,-74.914463,16954,2,0,1498,17.61
bluetooth,13323C65,2025-05-27 19:25:57.630370Z,-79,39.001159,-74.914463,35329,1,0,2983,22.99
bluetooth,23D9727E,2025-05-27 19:25:58.166730Z,-46,39.001167,-74.914462,50593,2,0,1553,34.44
bluetooth,0000006E,2025-05-27 19:25:58.362399Z,-73,39.001167,-74.914462,6597,1,0,1894,23.95
bluetooth,59FE8D30,2025-05-27 19:25:59.239136Z,-67,39.001176,-74.914460,18760,1,0,1902,22.64
bluetooth,77AAF9E2,2025-05-27 19:25:59.287719Z,-79,39.001176,-74.914460,9793,1,0,1616,26.43
bluetooth,D7510A57,2025-05-27 19:25:59.580242Z,-69,39.001176,-74.914460,43877,1,0,1927,24.18
radio434mhz,071E6661,2025-05-27 19:25:59.777617Z,-105,39.001176,-74.914460
userLocation,user,2025-05-27 19:26:00.033743Z,0,39.001187,-74.914458
bluetooth,D7510A57,2025-05-27 19:26:00.604112Z,-64,39.001187,-74.914458,33182,1,0,1926,24.13
bluetooth,367E0F4A,2025-05-27 19:26:01.092683Z,-75,39.001196,-74.914459,34005,1,0,2956,24.71
bluetooth,23D9727E,2025-05-27 19:26:01.237993Z,-38,39.001196,-74.914459,3303,2,0,1554,34.09
bluetooth,59FE8D30,2025-05-27 19:26:01.287314Z,-74,39.001196,-74.914459,13609,1,0,1902,22.59
bluetooth,0000006E,2025-05-27 19:26:01.335965Z,-77,39.001196,-74.914459,13398,1,0,1895,23.70
bluetooth,367E0F4A,2025-05-27 19:26:02.115318Z,-74,39.001207,-74.914461,48654,1,0,2956,24.64
radio434mhz,1E336107,2025-05-27 19:26:02.359305Z,-64,39.001207,-74.914461
bluetooth,D7510A57,2025-05-27 19:26:02.554315Z,-70,39.001207,-74.914461,50336,1,0,1927,24.08
bluetooth,13323C65,2025-05-27 19:26:02.700487Z,-73,39.001207,-74.914461,51680,1,0,2983,23.09
bluetooth,81D187E3,2025-05-27 19:26:02.897525Z,-77,39.001207,-74.914461,33153,1,0,2961,24.91
bluetooth,3F9E3319,2025-05-27 19:26:02.943978Z,-84,39.001207,-74.914461,59420,1,0,1744,27.49
bluetooth,367E0F4A,2025-05-27 19:26:03.091077Z,-70,39.001217,-74.914461,11807,1,0,2956,24.43
bluetooth,D7510A57,2025-05-27 19:26:03.627257Z,-73,39.001217,-74.914461,53300,1,0,1927,24.06
bluetooth,23D9727E,2025-05-27 19:26:04.358161Z,-41,39.001227,-74.914464,817,2,0,1555,33.86
bluetooth,0000006E,2025-05-27 19:26:04.359322Z,-75,39.001227,-74.914464,37352,1,0,1893,24.03
bluetooth,13323C65,2025-05-27 19:26:04.796827Z,-82,39.001227,-74.914464,25303,1,0,2984,22.97
bluetooth,B3DA9765,2025-05-27 19:26:04.893966Z,-80,39.001227,-74.914464,1315,1,0,1631,24.74
bluetooth,A648A0E7,2025-05-27 19:26:04.991652Z,-74,39.001227,-74.914464,22433,1,0,2983,23.42
bluetooth,B78FE24A,2025-05-27 19:26:05.235329Z,-80,39.001235,-74.914471,58492,1,0,1844,25.52
bluetooth,D7510A57,2025-05-27 19:26:05.576752Z,-71,39.001235,-74.914471,47721,1,0,1927,24.06
radio434mhz,99B32A07,2025-05-27 19:26:05.674Z,-113,39.001235,-74.914471
bluetooth,13323C65,2025-05-27 19:26:05.772876Z,-72,39.001235,-74.914471,725,1,0,2985,22.74
bluetooth,81D187E3,2025-05-27 19:26:05.917315Z,-81,39.001235,-74.914471,27699,1,0,2962,24.94
bluetooth,A648A0E7,2025-05-27 19:26:06.015365Z,-75,39.001235,-74.914471,38658,1,0,2983,23.60
radio434mhz,879E6661,2025-05-27 19:26:06.113462Z,-110,39.001242,-74.914479
bluetooth,870614B1,2025-05-27 19:26:06.210697Z,-44,39.001242,-74.914479,60874,2,0,1500,17.56
bluetooth,D7510A57,2025-05-27 19:26:06.698152Z,-73,39.001242,-74.914479,43609,1,0,1927,24.21
bluetooth,13323C65,2025-05-27 19:26:06.795552Z,-69,39.001242,-74.914479,22577,1,0,2982,22.92
bluetooth,81D187E3,2025-05-27 19:26:06.893372Z,-77,39.001242,-74.914479,10318,1,0,2961,24.81
bluetooth,A648A0E7,2025-05-27 19:26:07.041725Z,-66,39.001248,-74.914489,22749,1,0,2982,23.45
bluetooth,367E0F4A,2025-05-27 19:26:07.234841Z,-74,39.001248,-74.914489,56240,1,0,2956,24.36
bluetooth,E2A807D7,2025-05-27 19:26:07.235760Z,-87,39.001248,-74.914489,9218,1,0,1880,24.79
bluetooth,D7510A57,2025-05-27 19:26:07.575609Z,-78,39.001248,-74.914489,59682,1,0,1927,24.00
radio434mhz,1E336107,2025-05-27 19:26:07.576464Z,-64,39.001248,-74.914489
bluetooth,13323C65,2025-05-27 19:26:07.820119Z,-74,39.001248,-74.914489,60258,1,0,2983,23.12
bluetooth,367E0F4A,2025-05-27 19:26:08.258054Z,-78,39.001253,-74.914500,43908,1,0,2957,24.51
bluetooth,59FE8D30,2025-05-27 19:26:08.259769Z,-78,39.001253,-74.914500,28001,1,0,1901,22.54
bluetooth,77AAF9E2,2025-05-27 19:26:08.550711Z,-80,39.001253,-74.914500,33521,1,0,1616,26.36
bluetooth,13323C65,2025-05-27 19:26:08.891749Z,-69,39.001253,-74.914500,40521,1,0,2984,22.99
bluetooth,3F9E3319,2025-05-27 19:26:08.989301Z,-82,39.001253,-74.914500,8214,1,0,1744,27.42
bluetooth,A648A0E7,2025-05-27 19:26:09.037946Z,-74,39.001257,-74.914511,54811,1,0,2983,23.37
radio434mhz,071E6661,2025-05-27 19:26:09.427736Z,-101,39.001257,-74.914511
bluetooth,13323C65,2025-05-27 19:26:09.915570Z,-66,39.001257,-74.914511,20322,1,0,2984,22.77
bluetooth,81D187E3,2025-05-27 19:26:09.916212Z,-81,39.001257,-74.914511,21247,1,0,2962,24.79
bluetooth,3F9E3319,2025-05-27 19:26:10.013078Z,-79,39.001257,-74.914511,49425,1,0,1745,27.39
userLocation,user,2025-05-27 19:26:10.033402Z,0,39.001261,-74.914524
bluetooth,0000006E,2025-05-27 19:26:10.354422Z,-76,39.001261,-74.914524,51464,1,0,1892,24.06
bluetooth,23D9727E,2025-05-27 19:26:10.402824Z,-38,39.001261,-74.914524,4545,2,0,1553,34.11
bluetooth,D7510A57,2025-05-27 19:26:10.598133Z,-81,39.001261,-74.914524,54796,1,0,1927,24.00
bluetooth,07F9389E,2025-05-27 19:26:10.695435Z,-75,39.001261,-74.914524,55892,2,0,1542,25.93
bluetooth,81D187E3,2025-05-27 19:26:10.890261Z,-73,39.001261,-74.914524,53949,1,0,2961,24.84
bluetooth,19836CFF,2025-05-27 19:26:11.036774Z,-82,39.001263,-74.914538,55555,1,0,1863,23.37
bluetooth,3F9E3319,2025-05-27 19:26:11.038316Z,-81,39.001263,-74.914538,56053,1,0,1744,27.09
bluetooth,A648A0E7,2025-05-27 19:26:11.085190Z,-73,39.001263,-74.914538,2831,1,0,2983,23.70
bluetooth,B78FE24A,2025-05-27 19:26:11.135627Z,-80,39.001263,-74.914538,54789,1,0,1842,25.50
bluetooth,E2A807D7,2025-05-27 19:26:11.232389Z,-86,39.001263,-74.914538,6061,1,0,1880,24.48
bluetooth,77AAF9E2,2025-05-27 19:26:11.721686Z,-81,39.001263,-74.914538,52918,1,0,1617,26.25
bluetooth,2172633A,2025-05-27 19:26:11.722007Z,-81,39.001263,-74.914538,54910,2,0,1564,23.55
bluetooth,81D187E3,2025-05-27 19:26:11.914613Z,-79,39.001263,-74.914538,22165,1,0,2961,24.79
bluetooth,A648A0E7,2025-05-27 19:26:12.112549Z,-67,39.001265,-74.914549,26714,1,0,2983,23.73
bluetooth,B78FE24A,2025-05-27 19:26:12.113046Z,-79,39.001265,-74.914549,53153,1,0,1842,25.45
bluetooth,870614B1,2025-05-27 19:26:12.207384Z,-45,39.001265,-74.914549,6185,2,0,1499,17.59
radio434mhz,071E6661,2025-05-27 19:26:12.597060Z,-105,39.001265,-74.914549
bluetooth,D7510A57,2025-05-27 19:26:12.646211Z,-76,39.001265,-74.914549,21848,1,0,1927,24.06
radio434mhz,1E336107,2025-05-27 19:26:12.840721Z,-65,39.001265,-74.914549
bluetooth,81D187E3,2025-05-27 19:26:12.889790Z,-74,39.001265,-74.914549,40606,1,0,2961,24.94
bluetooth,E197FE3E,2025-05-27 19:26:12.938592Z,-80,39.001265,-74.914549,40259,1,0,1619,27.82
bluetooth,3F9E3319,2025-05-27 19:26:13.036846Z,-80,39.001266,-74.914562,28948,1,0,1745,27.16
bluetooth,367E0F4A,2025-05-27 19:26:13.377595Z,-85,39.001266,-74.914562,40756,1,0,2956,24.51
bluetooth,23D9727E,2025-05-27 19:26:13.474756Z,-39,39.001266,-74.914562,8719,2,0,1555,34.14
bluetooth,D7510A57,2025-05-27 19:26:13.622781Z,-74,39.001266,-74.914562,17066,1,0,1927,23.95
bluetooth,81D187E3,2025-05-27 19:26:13.913983Z,-80,39.001266,-74.914562,28496,1,0,2961,24.84
bluetooth,13323C65,2025-05-27 19:26:13.914877Z,-74,39.001266,-74.914562,64039,1,0,2983,23.07
bluetooth,19836CFF,2025-05-27 19:26:14.010888Z,-81,39.001266,-74.914562,31992,1,0,1862,23.42
bluetooth,E2A807D7,2025-05-27 19:26:14.303125Z,-85,39.001268,-74.914572,25349,1,0,1881,24.69
bluetooth,367E0F4A,2025-05-27 19:26:14.351907Z,-73,39.001268,-74.914572,1098,1,0,2956,24.54
bluetooth,D7510A57,2025-05-27 19:26:14.644332Z,-73,39.001268,-74.914572,3934,1,0,1928,23.93
bluetooth,77AAF9E2,2025-05-27 19:26:14.793539Z,-83,39.001268,-74.914572,43779,1,0,1617,26.20
bluetooth,3F9E3319,2025-05-27 19:26:15.034410Z,-78,39.001268,-74.914572,5522,1,0,1743,27.32
bluetooth,870614B1,2025-05-27 19:26:15.181234Z,-45,39.001269,-74.914583,17000,2,0,1499,17.26
bluetooth,59FE8D30,2025-05-27 19:26:15.278257Z,-76,39.001269,-74.914583,29224,1,0,1901,22.59
bluetooth,07F9389E,2025-05-27 19:26:15.717400Z,-77,39.001269,-74.914583,51649,2,0,1542,25.85
bluetooth,B78FE24A,2025-05-27 19:26:16.204521Z,-85,39.001270,-74.914597,42757,1,0,1843,25.39
bluetooth,59FE8D30,2025-05-27 19:26:16.302953Z,-80,39.001270,-74.914597,59370,1,0,1901,22.61
bluetooth,23D9727E,2025-05-27 19:26:16.643207Z,-43,39.001270,-74.914597,13051,2,0,1554,33.91
bluetooth,81D187E3,2025-05-27 19:26:16.886907Z,-78,39.001270,-74.914597,50731,1,0,2961,24.89
bluetooth,A648A0E7,2025-05-27 19:26:17.277502Z,-71,39.001270,-74.914608,18090,1,0,2983,23.09
bluetooth,367E0F4A,2025-05-27 19:26:17.423588Z,-76,39.001270,-74.914608,21343,1,0,2957,24.56
bluetooth,D7510A57,2025-05-27 19:26:17.618539Z,-78,39.001270,-74.914608,37377,1,0,1926,23.90
radio434mhz,1E336107,2025-05-27 19:26:18.056557Z,-63,39.001272,-74.914618
bluetooth,870614B1,2025-05-27 19:26:18.203710Z,-41,39.001272,-74.914618,56541,2,0,1498,17.16
bluetooth,77AAF9E2,2025-05-27 19:26:18.593941Z,-82,39.001272,-74.914618,23878,1,0,1618,26.20
bluetooth,D7510A57,2025-05-27 19:26:18.594857Z,-72,39.001272,-74.914618,30861,1,0,1927,24.38
bluetooth,81D187E3,2025-05-27 19:26:18.935329Z,-77,39.001272,-74.914618,32990,1,0,2961,24.89
radio434mhz,071E6661,2025-05-27 19:26:18.936912Z,-106,39.001272,-74.914618
bluetooth,13323C65,2025-05-27 19:26:18.983500Z,-76,39.001272,-74.914618,11704,1,0,2984,22.99
bluetooth,77AAF9E2,2025-05-27 19:26:19.373650Z,-79,39.001273,-74.914630,46487,1,0,1616,26.13
bluetooth,E85FB74C,2025-05-27 19:26:19.618615Z,-77,39.001273,-74.914630,38676,2,0,1526,26.03
bluetooth,D7510A57,2025-05-27 19:26:19.618884Z,-68,39.001273,-74.914630,22794,1,0,1926,24.11
bluetooth,19836CFF,2025-05-27 19:26:20.007432Z,-83,39.001273,-74.914630,50888,1,0,1862,23.45
userLocation,user,2025-05-27 19:26:20.031214Z,0,39.001275,-74.914643
bluetooth,A648A0E7,2025-05-27 19:26:20.201949Z,-73,39.001275,-74.914643,15535,1,0,2983,23.42
bluetooth,E2A807D7,2025-05-27 19:26:20.250786Z,-82,39.001275,-74.914643,873,1,0,1878,24.94
bluetooth,07F9389E,2025-05-27 19:26:20.689404Z,-74,39.001275,-74.914643,6248,2,0,1542,25.80
bluetooth,870614B1,2025-05-27 19:26:21.177484Z,-41,39.001273,-74.914653,39576,2,0,1500,17.16
bluetooth,59FE8D30,2025-05-27 19:26:21.323075Z,-80,39.001273,-74.914653,24363,1,0,1900,22.67
bluetooth,D7510A57,2025-05-27 19:26:21.615928Z,-75,39.001273,-74.914653,50940,1,0,1926,24.18
bluetooth,77AAF9E2,2025-05-27 19:26:21.713989Z,-78,39.001273,-74.914653,8545,1,0,1618,26.13
radio434mhz,071E6661,2025-05-27 19:26:22.152434Z,-94,39.001269,-74.914665
bluetooth,B78FE24A,2025-05-27 19:26:22.249827Z,-78,39.001269,-74.914665,11796,1,0,1843,25.39
bluetooth,A648A0E7,2025-05-27 19:26:22.251097Z,-75,39.001269,-74.914665,43988,1,0,2983,23.55
bluetooth,367E0F4A,2025-05-27 19:26:22.493565Z,-81,39.001269,-74.914665,51467,1,0,2956,24.59
bluetooth,23D9727E,2025-05-27 19:26:22.639917Z,-40,39.001269,-74.914665,22903,2,0,1554,33.96
bluetooth,B3DA9765,2025-05-27 19:26:23.078917Z,-82,39.001262,-74.914678,29974,1,0,1632,24.64
bluetooth,13323C65,2025-05-27 19:26:23.079846Z,-75,39.001262,-74.914678,20929,1,0,2983,23.15
bluetooth,B78FE24A,2025-05-27 19:26:23.275090Z,-83,39.001262,-74.914678,6924,1,0,1844,25.47
radio434mhz,1E336107,2025-05-27 19:26:23.370359Z,-61,39.001262,-74.914678
bluetooth,D7510A57,2025-05-27 19:26:23.712387Z,-71,39.001262,-74.914678,9260,1,0,1926,24.16
bluetooth,13323C65,2025-05-27 19:26:24.102443Z,-80,39.001254,-74.914686,11074,1,0,2983,22.94
bluetooth,870614B1,2025-05-27 19:26:24.199541Z,-44,39.001254,-74.914686,20142,2,0,1500,17.18
bluetooth,A648A0E7,2025-05-27 19:26:24.248636Z,-75,39.001254,-74.914686,56442,1,0,2983,23.52
bluetooth,81D187E3,2025-05-27 19:26:24.882419Z,-79,39.001254,-74.914686,26293,1,0,2962,24.86
bluetooth,13323C65,2025-05-27 19:26:25.174906Z,-79,39.001244,-74.914693,54413,1,0,2984,22.99
bluetooth,E2A807D7,2025-05-27 19:26:25.272245Z,-85,39.001244,-74.914693,12758,1,0,1878,24.69
radio434mhz,071E6661,2025-05-27 19:26:25.274366Z,-100,39.001244,-74.914693
bluetooth,59FE8D30,2025-05-27 19:26:25.369914Z,-75,39.001244,-74.914693,2633,1,0,1900,22.61
bluetooth,367E0F4A,2025-05-27 19:26:25.613684Z,-77,39.001244,-74.914693,64646,1,0,2955,24.54
bluetooth,23D9727E,2025-05-27 19:26:25.711224Z,-41,39.001244,-74.914693,19858,2,0,1553,34.04
bluetooth,B78FE24A,2025-05-27 19:26:26.296424Z,-83,39.001235,-74.914699,37437,1,0,1843,25.45
bluetooth,59FE8D30,2025-05-27 19:26:26.345075Z,-80,39.001235,-74.914699,34856,1,0,1899,22.79
bluetooth,367E0F4A,2025-05-27 19:26:26.637400Z,-79,39.001235,-74.914699,41850,1,0,2956,24.48
bluetooth,81D187E3,2025-05-27 19:26:26.929995Z,-81,39.001235,-74.914699,7910,1,0,2961,24.84
bluetooth,870614B1,2025-05-27 19:26:27.173752Z,-39,39.001224,-74.914703,26301,2,0,1500,17.05
bluetooth,A648A0E7,2025-05-27 19:26:27.320175Z,-76,39.001224,-74.914703,57226,1,0,2983,23.52
bluetooth,81D187E3,2025-05-27 19:26:27.905001Z,-78,39.001224,-74.914703,16442,1,0,2961,24.79
bluetooth,13323C65,2025-05-27 19:26:28.148403Z,-78,39.001217,-74.914706,14300,1,0,2984,23.02
bluetooth,A648A0E7,2025-05-27 19:26:28.295347Z,-83,39.001217,-74.914706,12652,1,0,2983,23.50
radio434mhz,071E6661,2025-05-27 19:26:28.440097Z,-105,39.001217,-74.914706
radio434mhz,1E336107,2025-05-27 19:26:28.537986Z,-61,39.001217,-74.914706
bluetooth,13323C65,2025-05-27 19:26:29.319009Z,-83,39.001206,-74.914707,6731,1,0,2983,22.94
bluetooth,B78FE24A,2025-05-27 19:26:29.321206Z,-82,39.001206,-74.914707,16071,1,0,1842,25.37
bluetooth,59FE8D30,2025-05-27 19:26:29.321546Z,-73,39.001206,-74.914707,30378,1,0,1900,22.64
bluetooth,D7510A57,2025-05-27 19:26:29.610270Z,-72,39.001206,-74.914707,14715,1,0,1926,24.13
bluetooth,367E0F4A,2025-05-27 19:26:29.659263Z,-81,39.001206,-74.914707,58670,1,0,2956,24.41
userLocation,user,2025-05-27 19:26:30.037268Z,0,39.001200,-74.914708
bluetooth,870614B1,2025-05-27 19:26:30.244388Z,-44,39.001200,-74.914708,17425,2,0,1504,16.83
bluetooth,13323C65,2025-05-27 19:26:30.250568Z,-77,39.001200,-74.914708,34722,1,0,2984,22.82
bluetooth,59FE8D30,2025-05-27 19:26:30.342193Z,-76,39.001200,-74.914708,16643,1,0,1899,22.54
bluetooth,D7510A57,2025-05-27 19:26:30.586294Z,-73,39.001200,-74.914708,54732,1,0,1925,24.08
bluetooth,367E0F4A,2025-05-27 19:26:30.731931Z,-79,39.001200,-74.914708,43710,1,0,2956,24.56
bluetooth,07F9389E,2025-05-27 19:26:30.734223Z,-75,39.001200,-74.914708,53619,2,0,1543,25.82
bluetooth,13323C65,2025-05-27 19:26:31.219887Z,-76,39.001191,-74.914710,42363,1,0,2984,22.84
bluetooth,367E0F4A,2025-05-27 19:26:31.706798Z,-80,39.001191,-74.914710,49537,1,0,2956,24.69
bluetooth,23D9727E,2025-05-27 19:26:31.805050Z,-46,39.001191,-74.914710,29214,2,0,1554,33.86
bluetooth,81D187E3,2025-05-27 19:26:31.902423Z,-79,39.001191,-74.914710,26335,1,0,2961,24.76
bluetooth,13323C65,2025-05-27 19:26:32.243897Z,-80,39.001180,-74.914710,6498,1,0,2984,22.94
bluetooth,13323C65,2025-05-27 19:26:33.266912Z,-75,39.001170,-74.914712,62152,1,0,2983,22.97
radio434mhz,1E336107,2025-05-27 19:26:33.867033Z,-65,39.001170,-74.914712
radio434mhz,071E6661,2025-05-27 19:26:34.827473Z,-106,39.001162,-74.914710
bluetooth,23D9727E,2025-05-27 19:26:34.829093Z,-39,39.001162,-74.914710,29628,2,0,1553,34.06
bluetooth,59FE8D30,2025-05-27 19:26:35.412555Z,-74,39.001154,-74.914711,23081,1,0,1899,22.74
bluetooth,D7510A57,2025-05-27 19:26:35.607435Z,-72,39.001154,-74.914711,2859,1,0,1924,24.06
bluetooth,07F9389E,2025-05-27 19:26:35.753890Z,-80,39.001154,-74.914711,29111,2,0,1542,26.08
bluetooth,870614B1,2025-05-27 19:26:36.192590Z,-39,39.001145,-74.914713,48891,2,0,1503,17.18
bluetooth,A648A0E7,2025-05-27 19:26:36.533826Z,-84,39.001145,-74.914713,64276,1,0,2984,23.30
bluetooth,0000006E,2025-05-27 19:26:37.118720Z,-76,39.001137,-74.914712,61724,1,0,1893,23.93
bluetooth,367E0F4A,2025-05-27 19:26:37.801281Z,-83,39.001137,-74.914712,22790,1,0,2956,24.64
radio434mhz,071E6661,2025-05-27 19:26:38.046892Z,-103,39.001128,-74.914710
bluetooth,59FE8D30,2025-05-27 19:26:38.336866Z,-77,39.001128,-74.914710,4660,1,0,1899,22.72
bluetooth,13323C65,2025-05-27 19:26:38.337896Z,-81,39.001128,-74.914710,36208,1,0,2983,22.77
bluetooth,D7510A57,2025-05-27 19:26:38.629387Z,-81,39.001128,-74.914710,9388,1,0,1924,24.00
radio434mhz,1E336107,2025-05-27 19:26:39.068281Z,-66,39.001118,-74.914708
bluetooth,870614B1,2025-05-27 19:26:39.214519Z,-42,39.001118,-74.914708,63530,2,0,1504,16.80
userLocation,user,2025-05-27 19:26:40.032386Z,0,39.001110,-74.914705
bluetooth,0000006E,2025-05-27 19:26:40.141337Z,-79,39.001110,-74.914705,34985,1,0,1891,23.93
bluetooth,59FE8D30,2025-05-27 19:26:40.336280Z,-80,39.001110,-74.914705,25332,1,0,1900,22.64
bluetooth,23D9727E,2025-05-27 19:26:41.018923Z,-42,39.001110,-74.914705,28603,2,0,1554,33.84
radio434mhz,071E6661,2025-05-27 19:26:41.115475Z,-107,39.001102,-74.914698
bluetooth,870614B1,2025-05-27 19:26:42.188144Z,-44,39.001094,-74.914688,60221,2,0,1503,16.90
bluetooth,D7510A57,2025-05-27 19:26:43.602642Z,-84,39.001086,-74.914675,32740,1,0,1925,24.00
bluetooth,23D9727E,2025-05-27 19:26:43.992611Z,-36,39.001086,-74.914675,27074,2,0,1553,33.96
radio434mhz,1E336107,2025-05-27 19:26:44.382158Z,-67,39.001083,-74.914666
bluetooth,367E0F4A,2025-05-27 19:26:44.967473Z,-77,39.001083,-74.914666,63165,1,0,2956,24.64
bluetooth,870614B1,2025-05-27 19:26:45.210929Z,-39,39.001077,-74.914652,30371,2,0,1504,16.93
bluetooth,23D9727E,2025-05-27 19:26:47.063631Z,-40,39.001073,-74.914627,30548,2,0,1554,33.56
bluetooth,870614B1,2025-05-27 19:26:48.183974Z,-46,39.001074,-74.914615,33157,2,0,1504,16.85
radio434mhz,1E336107,2025-05-27 19:26:49.598916Z,-67,39.001074,-74.914597
userLocation,user,2025-05-27 19:26:50.030026Z,0,39.001074,-74.914588
bluetooth,23D9727E,2025-05-27 19:26:50.134620Z,-41,39.001074,-74.914588,20131,2,0,1553,33.56
bluetooth,870614B1,2025-05-27 19:26:51.207057Z,-45,39.001071,-74.914573,20580,2,0,1504,16.98
bluetooth,77AAF9E2,2025-05-27 19:26:52.231091Z,-82,39.001072,-74.914562,3095,1,0,1617,26.25
bluetooth,E2A807D7,2025-05-27 19:26:52.279515Z,-81,39.001072,-74.914562,40411,1,0,1878,24.41
bluetooth,23D9727E,2025-05-27 19:26:53.206548Z,-36,39.001075,-74.914543,19768,2,0,1554,33.53
bluetooth,870614B1,2025-05-27 19:26:54.327172Z,-42,39.001078,-74.914527,37433,2,0,1504,16.88
radio434mhz,1E336107,2025-05-27 19:26:54.863560Z,-70,39.001078,-74.914527
bluetooth,E197FE3E,2025-05-27 19:26:55.448489Z,-81,39.001081,-74.914519,28241,1,0,1619,27.72
bluetooth,3F9E3319,2025-05-27 19:26:55.789380Z,-82,39.001081,-74.914519,58179,1,0,1605,27.47
bluetooth,B3DA9765,2025-05-27 19:26:56.179794Z,-84,39.001090,-74.914509,35843,1,0,1632,24.41
bluetooth,23D9727E,2025-05-27 19:26:56.228361Z,-43,39.001090,-74.914509,22698,2,0,1553,33.53
bluetooth,E2A807D7,2025-05-27 19:26:56.326019Z,-83,39.001090,-74.914509,23709,1,0,1879,24.51
radio434mhz,071E6661,2025-05-27 19:26:56.959283Z,-109,39.001090,-74.914509
bluetooth,870614B1,2025-05-27 19:26:57.203439Z,-42,39.001097,-74.914502,61105,2,0,1504,16.83
bluetooth,3F9E3319,2025-05-27 19:26:58.617607Z,-81,39.001105,-74.914490,57218,1,0,1606,27.14
bluetooth,D7510A57,2025-05-27 19:26:58.714528Z,-81,39.001105,-74.914490,61522,1,0,1924,24.08
bluetooth,23D9727E,2025-05-27 19:26:59.299355Z,-43,39.001113,-74.914475,21192,2,0,1553,33.66
bluetooth,59FE8D30,2025-05-27 19:26:59.397167Z,-81,39.001113,-74.914475,62553,1,0,1899,22.56
bluetooth,B3DA9765,2025-05-27 19:26:59.446089Z,-84,39.001113,-74.914475,62614,1,0,1631,24.28
bluetooth,D7510A57,2025-05-27 19:26:59.810091Z,-81,39.001113,-74.914475,22970,1,0,1923,23.93
bluetooth,A648A0E7,2025-05-27 19:26:59.810860Z,-77,39.001113,-74.914475,9425,1,0,2983,23.58
bluetooth,2172633A,2025-05-27 19:26:59.835419Z,-75,39.001113,-74.914475,29264,2,0,1563,23.35
bluetooth,3F9E3319,2025-05-27 19:27:00.030636Z,-81,39.001113,-74.914475,38195,1,0,1606,27.24
userLocation,user,2025-05-27 19:27:00.032651Z,0,39.001126,-74.914482
bluetooth,77AAF9E2,2025-05-27 19:27:00.079737Z,-82,39.001126,-74.914482,21491,1,0,1618,26.23
radio434mhz,1E336107,2025-05-27 19:27:00.176897Z,-67,39.001126,-74.914482
radio434mhz,071E6661,2025-05-27 19:27:00.372465Z,-103,39.001126,-74.914482
bluetooth,D7510A57,2025-05-27 19:27:00.762390Z,-82,39.001126,-74.914482,22488,1,0,1923,24.26
bluetooth,07F9389E,2025-05-27 19:27:00.764084Z,-77,39.001126,-74.914482,63140,2,0,1543,25.82
bluetooth,D7510A57,2025-05-27 19:27:01.739250Z,-77,39.001141,-74.914487,53068,1,0,1923,24.11
bluetooth,367E0F4A,2025-05-27 19:27:02.322233Z,-75,39.001148,-74.914491,41717,1,0,2955,24.54
bluetooth,23D9727E,2025-05-27 19:27:02.371158Z,-37,39.001148,-74.914491,16171,2,0,1553,33.58
bluetooth,D7510A57,2025-05-27 19:27:02.761129Z,-67,39.001148,-74.914491,48701,1,0,1924,24.08
bluetooth,A648A0E7,2025-05-27 19:27:02.809752Z,-84,39.001148,-74.914491,26292,1,0,2983,23.30
bluetooth,2172633A,2025-05-27 19:27:02.810722Z,-81,39.001148,-74.914491,31283,2,0,1564,23.45
bluetooth,870614B1,2025-05-27 19:27:03.199917Z,-39,39.001159,-74.914494,61306,2,0,1503,16.75
bluetooth,59FE8D30,2025-05-27 19:27:03.443276Z,-77,39.001159,-74.914494,63960,1,0,1898,22.67
radio434mhz,071E6661,2025-05-27 19:27:03.491896Z,-104,39.001159,-74.914494
bluetooth,A648A0E7,2025-05-27 19:27:03.809268Z,-78,39.001159,-74.914494,30992,1,0,2984,23.45
bluetooth,59FE8D30,2025-05-27 19:27:04.420879Z,-71,39.001172,-74.914497,47249,1,0,1898,22.69
bluetooth,23D9727E,2025-05-27 19:27:05.394220Z,-43,39.001182,-74.914500,11035,2,0,1554,33.43
radio434mhz,1E336107,2025-05-27 19:27:05.442064Z,-66,39.001182,-74.914500
bluetooth,D7510A57,2025-05-27 19:27:05.786700Z,-69,39.001182,-74.914500,51937,1,0,1924,24.08
bluetooth,A648A0E7,2025-05-27 19:27:05.881035Z,-76,39.001182,-74.914500,21372,1,0,2983,23.32
bluetooth,19836CFF,2025-05-27 19:27:05.881710Z,-86,39.001182,-74.914500,42092,1,0,1859,23.30
bluetooth,81D187E3,2025-05-27 19:27:06.027574Z,-79,39.001182,-74.914500,49573,1,0,2962,24.81
bluetooth,B78FE24A,2025-05-27 19:27:06.125363Z,-80,39.001187,-74.914501,36724,1,0,1839,25.60
bluetooth,870614B1,2025-05-27 19:27:06.222400Z,-44,39.001187,-74.914501,55711,2,0,1501,16.90
radio434mhz,071E6661,2025-05-27 19:27:06.661324Z,-99,39.001187,-74.914501
bluetooth,D7510A57,2025-05-27 19:27:06.807814Z,-70,39.001187,-74.914501,47679,1,0,1923,24.11
bluetooth,A648A0E7,2025-05-27 19:27:06.904753Z,-77,39.001187,-74.914501,15947,1,0,2982,23.42
bluetooth,0000006E,2025-05-27 19:27:07.058934Z,-76,39.001196,-74.914509,42555,1,0,1889,23.88
bluetooth,3F9E3319,2025-05-27 19:27:07.197641Z,-80,39.001196,-74.914509,51972,1,0,1605,27.59
bluetooth,A648A0E7,2025-05-27 19:27:07.929245Z,-76,39.001196,-74.914509,11094,1,0,2983,23.55
bluetooth,13323C65,2025-05-27 19:27:07.930565Z,-80,39.001196,-74.914509,9341,1,0,2985,23.04
bluetooth,B78FE24A,2025-05-27 19:27:08.123566Z,-77,39.001204,-74.914519,10859,1,0,1841,25.39
bluetooth,59FE8D30,2025-05-27 19:27:08.368400Z,-78,39.001204,-74.914519,53347,1,0,1897,22.67
bluetooth,3F9E3319,2025-05-27 19:27:08.661006Z,-77,39.001204,-74.914519,53927,1,0,1606,27.59
bluetooth,2172633A,2025-05-27 19:27:08.855511Z,-78,39.001204,-74.914519,27968,2,0,1564,23.45
bluetooth,A648A0E7,2025-05-27 19:27:08.856700Z,-68,39.001204,-74.914519,58029,1,0,2982,23.60
bluetooth,870614B1,2025-05-27 19:27:09.196080Z,-44,39.001210,-74.914532,59120,2,0,1501,16.90
bluetooth,59FE8D30,2025-05-27 19:27:09.391090Z,-84,39.001210,-74.914532,508,1,0,1897,22.67
bluetooth,367E0F4A,2025-05-27 19:27:09.537337Z,-79,39.001210,-74.914532,20356,1,0,2956,24.54
radio434mhz,071E6661,2025-05-27 19:27:09.829230Z,-94,39.001210,-74.914532
bluetooth,13323C65,2025-05-27 19:27:09.929286Z,-77,39.001210,-74.914532,37336,1,0,2984,22.84
bluetooth,0000006E,2025-05-27 19:27:10.026255Z,-75,39.001210,-74.914532,64932,1,0,1889,24.06
userLocation,user,2025-05-27 19:27:10.026673Z,0,39.001214,-74.914543
bluetooth,59FE8D30,2025-05-27 19:27:10.415027Z,-66,39.001214,-74.914543,4958,1,0,1898,22.69
bluetooth,367E0F4A,2025-05-27 19:27:10.561058Z,-77,39.001214,-74.914543,49182,1,0,2955,24.64
radio434mhz,1E336107,2025-05-27 19:27:10.756417Z,-69,39.001214,-74.914543
bluetooth,A648A0E7,2025-05-27 19:27:10.902263Z,-74,39.001214,-74.914543,38541,1,0,2983,23.20
bluetooth,13323C65,2025-05-27 19:27:10.903491Z,-76,39.001214,-74.914543,5814,1,0,2983,22.94
bluetooth,23D9727E,2025-05-27 19:27:11.537333Z,-39,39.001217,-74.914555,6613,2,0,1553,33.61
bluetooth,A648A0E7,2025-05-27 19:27:11.926294Z,-74,39.001217,-74.914555,34459,1,0,2983,23.40
bluetooth,13323C65,2025-05-27 19:27:11.927194Z,-69,39.001217,-74.914555,3201,1,0,2984,22.94
bluetooth,77AAF9E2,2025-05-27 19:27:12.023322Z,-83,39.001217,-74.914555,33534,1,0,1617,26.20
bluetooth,870614B1,2025-05-27 19:27:12.218627Z,-37,39.001217,-74.914568,43882,2,0,1501,17.21
bluetooth,E197FE3E,2025-05-27 19:27:12.364667Z,-81,39.001217,-74.914568,30761,1,0,1619,27.59
bluetooth,59FE8D30,2025-05-27 19:27:12.413912Z,-68,39.001217,-74.914568,1121,1,0,1898,22.72
bluetooth,B3DA9765,2025-05-27 19:27:12.706134Z,-81,39.001217,-74.914568,18329,1,0,1631,24.56
bluetooth,81D187E3,2025-05-27 19:27:13.050009Z,-75,39.001216,-74.914580,23469,1,0,2961,24.91
bluetooth,3F9E3319,2025-05-27 19:27:13.632332Z,-81,39.001216,-74.914580,33897,1,0,1604,27.39
bluetooth,D7510A57,2025-05-27 19:27:13.780238Z,-69,39.001216,-74.914580,3789,1,0,1922,24.08
bluetooth,19836CFF,2025-05-27 19:27:13.924871Z,-84,39.001216,-74.914580,64987,1,0,1858,23.58
bluetooth,A648A0E7,2025-05-27 19:27:13.973491Z,-76,39.001216,-74.914580,30545,1,0,2982,23.12
bluetooth,13323C65,2025-05-27 19:27:13.974400Z,-73,39.001216,-74.914580,40489,1,0,2984,22.84
bluetooth,23D9727E,2025-05-27 19:27:14.558704Z,-35,39.001218,-74.914596,2192,2,0,1554,33.41
bluetooth,B78FE24A,2025-05-27 19:27:15.143568Z,-78,39.001214,-74.914609,62683,1,0,1841,25.27
bluetooth,870614B1,2025-05-27 19:27:15.192104Z,-42,39.001214,-74.914609,44546,2,0,1501,17.03
bluetooth,59FE8D30,2025-05-27 19:27:15.436067Z,-72,39.001214,-74.914609,47661,1,0,1897,22.77
bluetooth,D7510A57,2025-05-27 19:27:15.875350Z,-70,39.001214,-74.914609,60355,1,0,1922,24.13
bluetooth,07F9389E,2025-05-27 19:27:15.878209Z,-79,39.001214,-74.914609,2557,2,0,1543,25.67
bluetooth,77AAF9E2,2025-05-27 19:27:15.923981Z,-84,39.001214,-74.914609,14772,1,0,1617,26.13
bluetooth,0000006E,2025-05-27 19:27:15.972212Z,-77,39.001214,-74.914609,59508,1,0,1889,23.85
radio434mhz,1E336107,2025-05-27 19:27:15.973017Z,-61,39.001214,-74.914609
bluetooth,81D187E3,2025-05-27 19:27:16.070630Z,-78,39.001206,-74.914617,51462,1,0,2960,24.84
radio434mhz,071E6661,2025-05-27 19:27:16.167048Z,-107,39.001206,-74.914617
bluetooth,59FE8D30,2025-05-27 19:27:16.410170Z,-69,39.001206,-74.914617,12769,1,0,1897,22.74
bluetooth,59FE8D30,2025-05-27 19:27:17.434841Z,-72,39.001196,-74.914626,49553,1,0,1898,22.84
bluetooth,23D9727E,2025-05-27 19:27:17.629894Z,-36,39.001196,-74.914626,1376,2,0,1553,33.53
bluetooth,D7510A57,2025-05-27 19:27:17.779147Z,-68,39.001196,-74.914626,53057,1,0,1922,24.13
bluetooth,2172633A,2025-05-27 19:27:17.873768Z,-81,39.001196,-74.914626,18537,2,0,1564,23.30
bluetooth,870614B1,2025-05-27 19:27:18.214935Z,-40,39.001185,-74.914630,27455,2,0,1500,17.03
bluetooth,D7510A57,2025-05-27 19:27:18.800015Z,-79,39.001185,-74.914630,24833,1,0,1922,24.28
radio434mhz,071E6661,2025-05-27 19:27:19.335575Z,-108,39.001176,-74.914630
bluetooth,367E0F4A,2025-05-27 19:27:19.677491Z,-79,39.001176,-74.914630,23641,1,0,2956,24.51
bluetooth,D7510A57,2025-05-27 19:27:19.823752Z,-79,39.001176,-74.914630,26312,1,0,1922,24.23
userLocation,user,2025-05-27 19:27:20.032144Z,0,39.001163,-74.914625
bluetooth,23D9727E,2025-05-27 19:27:20.652419Z,-39,39.001163,-74.914625,49489,2,0,1553,33.51
bluetooth,2172633A,2025-05-27 19:27:20.847753Z,-79,39.001163,-74.914625,9814,2,0,1563,23.20
bluetooth,870614B1,2025-05-27 19:27:21.188782Z,-37,39.001153,-74.914615,59608,2,0,1499,17.05
radio434mhz,1E336107,2025-05-27 19:27:21.285866Z,-64,39.001153,-74.914615
radio434mhz,071E6661,2025-05-27 19:27:22.504385Z,-110,39.001149,-74.914598
bluetooth,367E0F4A,2025-05-27 19:27:22.748766Z,-76,39.001149,-74.914598,13221,1,0,2956,24.43
bluetooth,367E0F4A,2025-05-27 19:27:23.775325Z,-82,39.001148,-74.914582,6707,1,0,2956,24.38
radio434mhz,071E6661,2025-05-27 19:27:25.673843Z,-105,39.001150,-74.914560
radio434mhz,1E336107,2025-05-27 19:27:26.551716Z,-66,39.001147,-74.914556
bluetooth,23D9727E,2025-05-27 19:27:26.797019Z,-37,39.001147,-74.914556,54873,2,0,1554,33.46
bluetooth,870614B1,2025-05-27 19:27:27.184912Z,-42,39.001139,-74.914546,40432,2,0,1499,16.98
radio434mhz,071E6661,2025-05-27 19:27:28.891189Z,-104,39.001132,-74.914534
bluetooth,23D9727E,2025-05-27 19:27:29.867671Z,-42,39.001128,-74.914523,60479,2,0,1554,33.86
userLocation,user,2025-05-27 19:27:30.036100Z,0,39.001119,-74.914509
bluetooth,870614B1,2025-05-27 19:27:30.207442Z,-39,39.001119,-74.914509,14322,2,0,1500,17.23
bluetooth,13323C65,2025-05-27 19:27:30.256497Z,-85,39.001119,-74.914509,2873,1,0,2983,23.04
radio434mhz,1E336107,2025-05-27 19:27:31.816806Z,-65,39.001112,-74.914502
radio434mhz,071E6661,2025-05-27 19:27:32.011634Z,-107,39.001112,-74.914502
bluetooth,59FE8D30,2025-05-27 19:27:32.547580Z,-83,39.001104,-74.914493,65361,1,0,1896,22.87
bluetooth,2172633A,2025-05-27 19:27:32.888983Z,-79,39.001104,-74.914493,3775,2,0,1562,23.37
bluetooth,23D9727E,2025-05-27 19:27:32.890184Z,-33,39.001104,-74.914493,60138,2,0,1553,33.46
bluetooth,870614B1,2025-05-27 19:27:33.181272Z,-39,39.001097,-74.914483,13503,2,0,1501,16.75
bluetooth,0000006E,2025-05-27 19:27:33.961371Z,-79,39.001097,-74.914483,8487,1,0,1889,23.83
bluetooth,D7510A57,2025-05-27 19:27:34.887490Z,-81,39.001087,-74.914474,61501,1,0,1921,24.00
radio434mhz,071E6661,2025-05-27 19:27:35.179800Z,-99,39.001079,-74.914465
bluetooth,870614B1,2025-05-27 19:27:36.204341Z,-45,39.001073,-74.914456,17131,2,0,1503,17.05
bluetooth,59FE8D30,2025-05-27 19:27:36.545127Z,-79,39.001073,-74.914456,31760,1,0,1897,22.92
radio434mhz,1E336107,2025-05-27 19:27:37.129822Z,-69,39.001067,-74.914447
bluetooth,367E0F4A,2025-05-27 19:27:38.056266Z,-85,39.001059,-74.914436,59476,1,0,2955,24.56
radio434mhz,071E6661,2025-05-27 19:27:38.349139Z,-101,39.001059,-74.914436
bluetooth,13323C65,2025-05-27 19:27:38.445940Z,-82,39.001059,-74.914436,34079,1,0,2984,23.09
bluetooth,59FE8D30,2025-05-27 19:27:38.592977Z,-82,39.001059,-74.914436,36537,1,0,1896,22.79
radio434mhz,55613461,2025-05-27 19:27:38.836042Z,-108,39.001059,-74.914436
bluetooth,2172633A,2025-05-27 19:27:38.885380Z,-78,39.001059,-74.914436,54703,2,0,1564,23.42
bluetooth,23D9727E,2025-05-27 19:27:39.031597Z,-39,39.001059,-74.914436,39362,2,0,1553,33.66
bluetooth,367E0F4A,2025-05-27 19:27:39.080620Z,-79,39.001051,-74.914428,41426,1,0,2956,24.79
bluetooth,D7510A57,2025-05-27 19:27:39.762542Z,-80,39.001051,-74.914428,3848,1,0,1921,24.16
bluetooth,0000006E,2025-05-27 19:27:39.957102Z,-80,39.001051,-74.914428,3812,1,0,1888,24.06
userLocation,user,2025-05-27 19:27:40.037852Z,0,39.001042,-74.914420
bluetooth,81D187E3,2025-05-27 19:27:40.153041Z,-86,39.001042,-74.914420,16849,1,0,2961,24.79
bluetooth,D7510A57,2025-05-27 19:27:40.786313Z,-80,39.001042,-74.914420,64396,1,0,1922,24.00
radio434mhz,071E6661,2025-05-27 19:27:41.518063Z,-106,39.001034,-74.914413
bluetooth,2172633A,2025-05-27 19:27:41.909596Z,-72,39.001034,-74.914413,54178,2,0,1564,23.32
bluetooth,23D9727E,2025-05-27 19:27:42.053426Z,-35,39.001027,-74.914403,38866,2,0,1554,33.58
bluetooth,870614B1,2025-05-27 19:27:42.200780Z,-43,39.001027,-74.914403,6856,2,0,1499,16.98
radio434mhz,1E336107,2025-05-27 19:27:42.394930Z,-68,39.001027,-74.914403
bluetooth,D7510A57,2025-05-27 19:27:42.785766Z,-74,39.001027,-74.914403,2591,1,0,1922,24.08
bluetooth,0000006E,2025-05-27 19:27:42.931818Z,-76,39.001027,-74.914403,45971,1,0,1889,23.80
radio434mhz,071E6661,2025-05-27 19:27:44.686130Z,-101,39.001010,-74.914383
bluetooth,2172633A,2025-05-27 19:27:44.930195Z,-77,39.001010,-74.914383,52282,2,0,1563,23.47
bluetooth,870614B1,2025-05-27 19:27:45.174102Z,-44,39.001004,-74.914375,28651,2,0,1500,17.11
bluetooth,13323C65,2025-05-27 19:27:45.612926Z,-78,39.001004,-74.914375,38930,1,0,2983,22.84
bluetooth,D7510A57,2025-05-27 19:27:46.782878Z,-79,39.000999,-74.914365,64627,1,0,1920,24.13
bluetooth,E197FE3E,2025-05-27 19:27:47.367828Z,-83,39.000994,-74.914352,60711,1,0,1619,27.69
bluetooth,E2A807D7,2025-05-27 19:27:47.416383Z,-84,39.000994,-74.914352,54835,1,0,1877,24.41
radio434mhz,1E336107,2025-05-27 19:27:47.709113Z,-67,39.000994,-74.914352
radio434mhz,071E6661,2025-05-27 19:27:47.854954Z,-101,39.000994,-74.914352
bluetooth,2172633A,2025-05-27 19:27:48.001586Z,-76,39.000994,-74.914352,50170,2,0,1563,23.47
bluetooth,870614B1,2025-05-27 19:27:48.198442Z,-39,39.000998,-74.914346,64675,2,0,1500,16.93
bluetooth,23D9727E,2025-05-27 19:27:48.198864Z,-42,39.000998,-74.914346,33872,2,0,1553,33.43
bluetooth,59FE8D30,2025-05-27 19:27:48.491248Z,-72,39.000998,-74.914346,57543,1,0,1896,22.67
bluetooth,13323C65,2025-05-27 19:27:48.587456Z,-81,39.000998,-74.914346,45442,1,0,2983,22.84
bluetooth,19836CFF,2025-05-27 19:27:48.879058Z,-80,39.000998,-74.914346,22819,1,0,1856,23.22
bluetooth,E197FE3E,2025-05-27 19:27:49.707799Z,-82,39.001010,-74.914346,56834,1,0,1619,27.47
bluetooth,D7510A57,2025-05-27 19:27:49.805901Z,-67,39.001010,-74.914346,46784,1,0,1921,24.13
userLocation,user,2025-05-27 19:27:50.027049Z,0,39.001025,-74.914354
bluetooth,59FE8D30,2025-05-27 19:27:50.537102Z,-73,39.001025,-74.914354,11269,1,0,1896,22.82
bluetooth,13323C65,2025-05-27 19:27:50.633920Z,-82,39.001025,-74.914354,41575,1,0,2983,22.97
bluetooth,D7510A57,2025-05-27 19:27:50.786935Z,-68,39.001025,-74.914354,65358,1,0,1921,24.03
bluetooth,2172633A,2025-05-27 19:27:50.926593Z,-72,39.001025,-74.914354,63326,2,0,1563,23.32
bluetooth,870614B1,2025-05-27 19:27:51.170255Z,-44,39.001038,-74.914364,10688,2,0,1502,17.11
radio434mhz,071E6661,2025-05-27 19:27:51.219825Z,-108,39.001038,-74.914364
bluetooth,23D9727E,2025-05-27 19:27:51.220210Z,-37,39.001038,-74.914364,48935,2,0,1553,33.46
bluetooth,367E0F4A,2025-05-27 19:27:51.267610Z,-74,39.001038,-74.914364,34206,1,0,2956,24.36
bluetooth,0000006E,2025-05-27 19:27:51.950324Z,-65,39.001038,-74.914364,32187,1,0,1887,23.80
bluetooth,E197FE3E,2025-05-27 19:27:52.096435Z,-83,39.001048,-74.914371,63012,1,0,1618,27.52
bluetooth,367E0F4A,2025-05-27 19:27:52.291135Z,-75,39.001048,-74.914371,27203,1,0,2955,24.59
bluetooth,77AAF9E2,2025-05-27 19:27:52.730854Z,-83,39.001048,-74.914371,39529,1,0,1617,26.23
radio434mhz,1E336107,2025-05-27 19:27:53.022454Z,-73,39.001048,-74.914371
bluetooth,3F9E3319,2025-05-27 19:27:53.366456Z,-82,39.001057,-74.914376,20737,1,0,1606,27.44
bluetooth,59FE8D30,2025-05-27 19:27:53.510753Z,-69,39.001057,-74.914376,53497,1,0,1895,22.69
bluetooth,D7510A57,2025-05-27 19:27:53.802485Z,-67,39.001057,-74.914376,27223,1,0,1920,24.16
bluetooth,3F9E3319,2025-05-27 19:27:54.095397Z,-77,39.001065,-74.914380,28198,1,0,1605,27.32
bluetooth,23D9727E,2025-05-27 19:27:54.291978Z,-39,39.001065,-74.914380,42540,2,0,1555,33.51
bluetooth,E2A807D7,2025-05-27 19:27:54.340528Z,-85,39.001065,-74.914380,15500,1,0,1873,24.56
bluetooth,77AAF9E2,2025-05-27 19:27:54.387723Z,-76,39.001065,-74.914380,15699,1,0,1617,26.18
radio434mhz,071E6661,2025-05-27 19:27:54.389493Z,-103,39.001065,-74.914380
bluetooth,A648A0E7,2025-05-27 19:27:54.486967Z,-82,39.001065,-74.914380,3064,1,0,2982,23.47
bluetooth,77AAF9E2,2025-05-27 19:27:55.168409Z,-74,39.001073,-74.914383,47414,1,0,1616,26.20
bluetooth,B78FE24A,2025-05-27 19:27:55.216957Z,-80,39.001073,-74.914383,47816,1,0,1837,25.17
bluetooth,E2A807D7,2025-05-27 19:27:55.313974Z,-76,39.001073,-74.914383,20624,1,0,1873,24.84
bluetooth,367E0F4A,2025-05-27 19:27:55.362633Z,-74,39.001073,-74.914383,32916,1,0,2956,24.43
bluetooth,77AAF9E2,2025-05-27 19:27:55.996412Z,-79,39.001073,-74.914383,25020,1,0,1617,26.18
bluetooth,B78FE24A,2025-05-27 19:27:56.241092Z,-83,39.001083,-74.914388,20731,1,0,1838,25.19
bluetooth,E2A807D7,2025-05-27 19:27:56.338167Z,-79,39.001083,-74.914388,10698,1,0,1874,24.56
bluetooth,59FE8D30,2025-05-27 19:27:56.532616Z,-69,39.001083,-74.914388,32955,1,0,1895,22.69
bluetooth,E197FE3E,2025-05-27 19:27:56.825306Z,-86,39.001083,-74.914388,55181,1,0,1618,27.54
bluetooth,D7510A57,2025-05-27 19:27:56.827345Z,-68,39.001083,-74.914388,37746,1,0,1920,24.13
bluetooth,2172633A,2025-05-27 19:27:56.972179Z,-80,39.001083,-74.914388,59886,2,0,1564,23.22
bluetooth,870614B1,2025-05-27 19:27:57.166729Z,-40,39.001096,-74.914392,47575,2,0,1502,17.23
bluetooth,23D9727E,2025-05-27 19:27:57.361599Z,-33,39.001096,-74.914392,41128,2,0,1553,33.51
radio434mhz,071E6661,2025-05-27 19:27:57.556207Z,-101,39.001096,-74.914392
bluetooth,D7510A57,2025-05-27 19:27:57.800962Z,-67,39.001096,-74.914392,3060,1,0,1920,24.03
bluetooth,0000006E,2025-05-27 19:27:57.898364Z,-66,39.001096,-74.914392,3214,1,0,1887,23.90
radio434mhz,1E336107,2025-05-27 19:27:58.338143Z,-71,39.001108,-74.914400
bluetooth,13323C65,2025-05-27 19:27:58.727263Z,-76,39.001108,-74.914400,56430,1,0,2984,22.74
bluetooth,B78FE24A,2025-05-27 19:27:59.213977Z,-73,39.001120,-74.914405,3605,1,0,1837,25.37
bluetooth,2172633A,2025-05-27 19:27:59.945985Z,-73,39.001120,-74.914405,34526,2,0,1563,23.17
userLocation,user,2025-05-27 19:28:00.031426Z,0,39.001130,-74.914413
bluetooth,870614B1,2025-05-27 19:28:00.189913Z,-43,39.001130,-74.914413,13983,2,0,1501,17.16
bluetooth,81D187E3,2025-05-27 19:28:00.190539Z,-79,39.001130,-74.914413,27471,1,0,2962,24.86
bluetooth,23D9727E,2025-05-27 19:28:00.432714Z,-39,39.001130,-74.914413,12234,2,0,1553,33.61
radio434mhz,071E6661,2025-05-27 19:28:00.725593Z,-105,39.001130,-74.914413
bluetooth,0000006E,2025-05-27 19:28:00.969851Z,-83,39.001130,-74.914413,43667,1,0,1886,23.90
bluetooth,3F9E3319,2025-05-27 19:28:01.408470Z,-79,39.001140,-74.914417,42157,1,0,1605,27.29
bluetooth,59FE8D30,2025-05-27 19:28:01.505404Z,-75,39.001140,-74.914417,30390,1,0,1894,22.61
bluetooth,367E0F4A,2025-05-27 19:28:01.506952Z,-75,39.001140,-74.914417,37927,1,0,2956,24.56
bluetooth,D7510A57,2025-05-27 19:28:01.797850Z,-69,39.001140,-74.914417,37869,1,0,1919,24.21
bluetooth,B78FE24A,2025-05-27 19:28:02.188501Z,-79,39.001145,-74.914427,38169,1,0,1837,25.37
bluetooth,367E0F4A,2025-05-27 19:28:02.529176Z,-78,39.001145,-74.914427,47285,1,0,2955,24.38
bluetooth,A648A0E7,2025-05-27 19:28:02.627177Z,-75,39.001145,-74.914427,13820,1,0,2984,23.32
bluetooth,B3DA9765,2025-05-27 19:28:02.676231Z,-80,39.001145,-74.914427,25599,1,0,1631,24.36
bluetooth,2172633A,2025-05-27 19:28:02.968549Z,-73,39.001145,-74.914427,38555,2,0,1563,23.15
bluetooth,870614B1,2025-05-27 19:28:03.212257Z,-46,39.001155,-74.914435,15789,2,0,1501,17.00
radio434mhz,1E336107,2025-05-27 19:28:03.601392Z,-65,39.001155,-74.914435
bluetooth,E85FB74C,2025-05-27 19:28:03.748389Z,-80,39.001155,-74.914435,35845,2,0,1528,26.03
bluetooth,E197FE3E,2025-05-27 19:28:03.894793Z,-83,39.001155,-74.914435,57858,1,0,1618,27.69
bluetooth,0000006E,2025-05-27 19:28:03.896052Z,-80,39.001155,-74.914435,22568,1,0,1885,23.93
radio434mhz,071E6661,2025-05-27 19:28:03.896473Z,-104,39.001155,-74.914435
bluetooth,3F9E3319,2025-05-27 19:28:04.382278Z,-82,39.001164,-74.914438,25477,1,0,1605,27.32
bluetooth,59FE8D30,2025-05-27 19:28:04.478981Z,-71,39.001164,-74.914438,48837,1,0,1895,22.64
bluetooth,D7510A57,2025-05-27 19:28:04.821061Z,-67,39.001164,-74.914438,46458,1,0,1920,24.28
bluetooth,3F9E3319,2025-05-27 19:28:05.016022Z,-82,39.001164,-74.914438,12013,1,0,1606,27.14
bluetooth,59FE8D30,2025-05-27 19:28:05.503517Z,-77,39.001174,-74.914443,9711,1,0,1895,22.59
bluetooth,D7510A57,2025-05-27 19:28:05.798505Z,-69,39.001174,-74.914443,44271,1,0,1920,24.26
bluetooth,E197FE3E,2025-05-27 19:28:06.234745Z,-81,39.001186,-74.914451,20236,1,0,1619,27.64
bluetooth,A648A0E7,2025-05-27 19:28:06.673014Z,-74,39.001186,-74.914451,43298,1,0,2985,23.32
bluetooth,D7510A57,2025-05-27 19:28:06.819592Z,-71,39.001186,-74.914451,18409,1,0,1920,24.16
bluetooth,13323C65,2025-05-27 19:28:06.966022Z,-80,39.001186,-74.914451,45074,1,0,2983,22.89
radio434mhz,071E6661,2025-05-27 19:28:07.063374Z,-102,39.001197,-74.914462
bluetooth,E2A807D7,2025-05-27 19:28:07.453745Z,-86,39.001197,-74.914462,45750,1,0,1874,24.94
bluetooth,A648A0E7,2025-05-27 19:28:07.696616Z,-72,39.001197,-74.914462,45694,1,0,2983,23.22
bluetooth,19836CFF,2025-05-27 19:28:07.842688Z,-78,39.001197,-74.914462,63550,1,0,1857,23.07
bluetooth,13323C65,2025-05-27 19:28:07.941206Z,-77,39.001197,-74.914462,36689,1,0,2984,22.97
bluetooth,E2A807D7,2025-05-27 19:28:08.526036Z,-86,39.001205,-74.914469,33870,1,0,1873,24.61
bluetooth,B3DA9765,2025-05-27 19:28:08.527098Z,-81,39.001205,-74.914469,10497,1,0,1630,24.48
radio434mhz,1E336107,2025-05-27 19:28:08.867150Z,-70,39.001205,-74.914469
bluetooth,870614B1,2025-05-27 19:28:09.159701Z,-47,39.001214,-74.914474,24639,2,0,1502,17.16
bluetooth,59FE8D30,2025-05-27 19:28:09.501033Z,-75,39.001214,-74.914474,54941,1,0,1895,22.77
bluetooth,23D9727E,2025-05-27 19:28:09.597639Z,-42,39.001214,-74.914474,1842,2,0,1553,33.48
bluetooth,0000006E,2025-05-27 19:28:09.841801Z,-76,39.001214,-74.914474,54507,1,0,1886,23.88
bluetooth,D7510A57,2025-05-27 19:28:09.842709Z,-78,39.001214,-74.914474,65025,1,0,1919,24.11
userLocation,user,2025-05-27 19:28:10.030538Z,0,39.001224,-74.914483
radio434mhz,071E6661,2025-05-27 19:28:10.280996Z,-108,39.001224,-74.914483
bluetooth,59FE8D30,2025-05-27 19:28:10.524906Z,-81,39.001224,-74.914483,30632,1,0,1894,22.64
bluetooth,367E0F4A,2025-05-27 19:28:10.670898Z,-78,39.001224,-74.914483,30375,1,0,2956,24.36
bluetooth,A648A0E7,2025-05-27 19:28:10.719489Z,-71,39.001224,-74.914483,973,1,0,2983,23.52
bluetooth,81D187E3,2025-05-27 19:28:11.255826Z,-78,39.001232,-74.914490,28966,1,0,2961,24.84
bluetooth,E2A807D7,2025-05-27 19:28:11.401826Z,-78,39.001232,-74.914490,46591,1,0,1874,24.74
bluetooth,A648A0E7,2025-05-27 19:28:11.742891Z,-73,39.001232,-74.914490,37151,1,0,2983,23.32
bluetooth,D7510A57,2025-05-27 19:28:11.794313Z,-75,39.001232,-74.914490,13184,1,0,1920,24.23
bluetooth,23D9727E,2025-05-27 19:28:12.620307Z,-38,39.001244,-74.914493,532,2,0,1554,33.48
bluetooth,0000006E,2025-05-27 19:28:12.766784Z,-71,39.001244,-74.914493,50411,1,0,1886,23.90
radio434mhz,071E6661,2025-05-27 19:28:13.449410Z,-107,39.001252,-74.914499
bluetooth,59FE8D30,2025-05-27 19:28:13.546768Z,-75,39.001252,-74.914499,39237,1,0,1894,22.64
bluetooth,367E0F4A,2025-05-27 19:28:13.742385Z,-71,39.001252,-74.914499,23626,1,0,2956,24.48
bluetooth,13323C65,2025-05-27 19:28:14.033560Z,-76,39.001262,-74.914504,20167,1,0,2983,22.67
radio434mhz,1E336107,2025-05-27 19:28:14.180379Z,-69,39.001262,-74.914504
bluetooth,B3DA9765,2025-05-27 19:28:14.278483Z,-82,39.001262,-74.914504,43905,1,0,1632,24.28
bluetooth,59FE8D30,2025-05-27 19:28:14.570568Z,-81,39.001262,-74.914504,59130,1,0,1894,22.64
bluetooth,870614B1,2025-05-27 19:28:15.156089Z,-43,39.001272,-74.914509,11826,2,0,1502,17.18
bluetooth,59FE8D30,2025-05-27 19:28:15.546138Z,-73,39.001272,-74.914509,7178,1,0,1894,22.69
bluetooth,23D9727E,2025-05-27 19:28:15.691957Z,-40,39.001272,-74.914509,5022,2,0,1553,33.48
bluetooth,D7510A57,2025-05-27 19:28:15.837981Z,-78,39.001272,-74.914509,64985,1,0,1919,24.13
bluetooth,77AAF9E2,2025-05-27 19:28:16.228123Z,-81,39.001273,-74.914511,27271,1,0,1616,26.03
bluetooth,B78FE24A,2025-05-27 19:28:16.276606Z,-83,39.001273,-74.914511,50738,1,0,1835,25.24
bluetooth,81D187E3,2025-05-27 19:28:16.325446Z,-85,39.001273,-74.914511,53342,1,0,2961,24.74
bluetooth,59FE8D30,2025-05-27 19:28:16.569223Z,-80,39.001273,-74.914511,37230,1,0,1895,22.77
radio434mhz,071E6661,2025-05-27 19:28:16.570969Z,-99,39.001273,-74.914511
bluetooth,A648A0E7,2025-05-27 19:28:16.862597Z,-78,39.001273,-74.914511,43136,1,0,2983,23.50
bluetooth,D7510A57,2025-05-27 19:28:16.863661Z,-82,39.001273,-74.914511,11603,1,0,1919,24.21
bluetooth,367E0F4A,2025-05-27 19:28:17.790810Z,-75,39.001286,-74.914520,35594,1,0,2956,24.33
bluetooth,A648A0E7,2025-05-27 19:28:17.836692Z,-70,39.001286,-74.914520,51757,1,0,2984,23.40
bluetooth,870614B1,2025-05-27 19:28:18.178102Z,-40,39.001294,-74.914526,32843,2,0,1503,17.41
bluetooth,59FE8D30,2025-05-27 19:28:18.616850Z,-75,39.001294,-74.914526,58191,1,0,1894,22.64
bluetooth,E197FE3E,2025-05-27 19:28:18.911554Z,-81,39.001294,-74.914526,31836,1,0,1619,27.47
bluetooth,77AAF9E2,2025-05-27 19:28:19.445674Z,-82,39.001304,-74.914531,58628,1,0,1617,26.38
bluetooth,A648A0E7,2025-05-27 19:28:19.933130Z,-78,39.001304,-74.914531,41893,1,0,2982,23.55
userLocation,user,2025-05-27 19:28:20.038477Z,0,39.001314,-74.914537
bluetooth,D7510A57,2025-05-27 19:28:20.810560Z,-77,39.001314,-74.914537,57231,1,0,1918,24.18
bluetooth,77AAF9E2,2025-05-27 19:28:21.103575Z,-84,39.001322,-74.914542,40642,1,0,1617,26.03
bluetooth,870614B1,2025-05-27 19:28:21.152227Z,-43,39.001322,-74.914542,23195,2,0,1503,17.41
bluetooth,367E0F4A,2025-05-27 19:28:21.883713Z,-72,39.001322,-74.914542,37057,1,0,2957,24.51
bluetooth,13323C65,2025-05-27 19:28:22.175752Z,-77,39.001332,-74.914549,15682,1,0,2983,22.84
bluetooth,81D187E3,2025-05-27 19:28:22.272900Z,-81,39.001332,-74.914549,38701,1,0,2961,24.84
bluetooth,3F9E3319,2025-05-27 19:28:22.663373Z,-80,39.001332,-74.914549,37678,1,0,1604,27.39
bluetooth,59FE8D30,2025-05-27 19:28:23.589952Z,-75,39.001344,-74.914555,45242,1,0,1893,22.64
bluetooth,D7510A57,2025-05-27 19:28:23.884220Z,-72,39.001344,-74.914555,63327,1,0,1918,24.06
bluetooth,870614B1,2025-05-27 19:28:24.174890Z,-46,39.001351,-74.914561,43974,2,0,1503,17.38
bluetooth,E2A807D7,2025-05-27 19:28:24.515982Z,-85,39.001351,-74.914561,15448,1,0,1873,24.81
radio434mhz,1E336107,2025-05-27 19:28:24.807913Z,-64,39.001351,-74.914561
bluetooth,19836CFF,2025-05-27 19:28:24.810103Z,-83,39.001351,-74.914561,42462,1,0,1856,23.07
bluetooth,D7510A57,2025-05-27 19:28:24.856786Z,-75,39.001351,-74.914561,64287,1,0,1919,24.21
bluetooth,23D9727E,2025-05-27 19:28:24.858768Z,-37,39.001351,-74.914561,27104,2,0,1554,33.41
bluetooth,A648A0E7,2025-05-27 19:28:24.954069Z,-75,39.001351,-74.914561,7096,1,0,2983,23.27
bluetooth,E197FE3E,2025-05-27 19:28:25.198010Z,-80,39.001359,-74.914572,41379,1,0,1619,27.62
bluetooth,D7510A57,2025-05-27 19:28:25.832426Z,-71,39.001359,-74.914572,57732,1,0,1918,23.95
radio434mhz,071E6661,2025-05-27 19:28:26.075273Z,-106,39.001361,-74.914586
bluetooth,3F9E3319,2025-05-27 19:28:26.319081Z,-83,39.001361,-74.914586,58716,1,0,1606,27.24
bluetooth,E2A807D7,2025-05-27 19:28:26.466247Z,-84,39.001361,-74.914586,28875,1,0,1873,24.41
bluetooth,13323C65,2025-05-27 19:28:27.245718Z,-76,39.001351,-74.914594,46095,1,0,2983,22.89
bluetooth,B78FE24A,2025-05-27 19:28:27.342824Z,-82,39.001351,-74.914594,18771,1,0,1836,24.99
bluetooth,3F9E3319,2025-05-27 19:28:27.781804Z,-84,39.001351,-74.914594,15555,1,0,1606,27.11
bluetooth,367E0F4A,2025-05-27 19:28:28.074331Z,-81,39.001340,-74.914601,39512,1,0,2956,24.46
bluetooth,13323C65,2025-05-27 19:28:28.317942Z,-71,39.001340,-74.914601,23604,1,0,2983,22.84
bluetooth,81D187E3,2025-05-27 19:28:28.319069Z,-78,39.001340,-74.914601,55157,1,0,2962,24.89
radio434mhz,071E6661,2025-05-27 19:28:29.244421Z,-98,39.001327,-74.914605
bluetooth,E197FE3E,2025-05-27 19:28:29.975461Z,-83,39.001327,-74.914605,52514,1,0,1618,27.62
bluetooth,A648A0E7,2025-05-27 19:28:30.024549Z,-71,39.001327,-74.914605,30961,1,0,2983,23.22
userLocation,user,2025-05-27 19:28:30.035133Z,0,39.001317,-74.914609
radio434mhz,1E336107,2025-05-27 19:28:30.075622Z,-70,39.001317,-74.914609
bluetooth,870614B1,2025-05-27 19:28:30.219100Z,-47,39.001317,-74.914609,30300,2,0,1503,17.05
bluetooth,07F9389E,2025-05-27 19:28:30.951160Z,-76,39.001317,-74.914609,51610,2,0,1542,25.82
bluetooth,A648A0E7,2025-05-27 19:28:31.055046Z,-75,39.001306,-74.914614,4228,1,0,2983,23.27
bluetooth,367E0F4A,2025-05-27 19:28:31.096537Z,-75,39.001306,-74.914614,30404,1,0,2956,24.41
bluetooth,81D187E3,2025-05-27 19:28:31.390052Z,-79,39.001306,-74.914614,57397,1,0,2962,24.89
bluetooth,13323C65,2025-05-27 19:28:31.390963Z,-77,39.001306,-74.914614,40442,1,0,2984,22.87
bluetooth,59FE8D30,2025-05-27 19:28:31.633779Z,-71,39.001306,-74.914614,62667,1,0,1894,22.87
bluetooth,77AAF9E2,2025-05-27 19:28:31.682259Z,-81,39.001306,-74.914614,24010,1,0,1617,26.03
bluetooth,A648A0E7,2025-05-27 19:28:32.121181Z,-77,39.001295,-74.914620,47334,1,0,2983,23.45
radio434mhz,071E6661,2025-05-27 19:28:32.412780Z,-99,39.001295,-74.914620
bluetooth,D7510A57,2025-05-27 19:28:32.803867Z,-77,39.001295,-74.914620,9673,1,0,1918,24.08
bluetooth,367E0F4A,2025-05-27 19:28:33.193701Z,-74,39.001286,-74.914626,49666,1,0,2955,24.69
bluetooth,13323C65,2025-05-27 19:28:33.388536Z,-70,39.001286,-74.914626,18267,1,0,2983,22.87
bluetooth,59FE8D30,2025-05-27 19:28:33.632296Z,-76,39.001286,-74.914626,35021,1,0,1894,22.67
bluetooth,D7510A57,2025-05-27 19:28:33.826870Z,-77,39.001286,-74.914626,46169,1,0,1918,24.08
bluetooth,23D9727E,2025-05-27 19:28:34.022548Z,-40,39.001286,-74.914626,18650,2,0,1554,33.43
bluetooth,A648A0E7,2025-05-27 19:28:34.070324Z,-75,39.001279,-74.914631,13695,1,0,2983,23.83
bluetooth,A648A0E7,2025-05-27 19:28:35.094252Z,-74,39.001269,-74.914636,21493,1,0,2983,23.65
radio434mhz,1E336107,2025-05-27 19:28:35.337799Z,-68,39.001269,-74.914636
radio434mhz,071E6661,2025-05-27 19:28:35.581602Z,-101,39.001269,-74.914636
bluetooth,D7510A57,2025-05-27 19:28:35.874175Z,-71,39.001269,-74.914636,16729,1,0,1918,24.06
bluetooth,07F9389E,2025-05-27 19:28:35.972560Z,-81,39.001269,-74.914636,45470,2,0,1542,25.95
bluetooth,A648A0E7,2025-05-27 19:28:36.118621Z,-77,39.001260,-74.914642,854,1,0,2982,23.58
bluetooth,13323C65,2025-05-27 19:28:36.411079Z,-78,39.001260,-74.914642,60844,1,0,2985,22.69
bluetooth,E197FE3E,2025-05-27 19:28:37.141649Z,-84,39.001251,-74.914647,44789,1,0,1619,27.77
bluetooth,81D187E3,2025-05-27 19:28:37.290982Z,-80,39.001251,-74.914647,13396,1,0,2961,24.79
bluetooth,59FE8D30,2025-05-27 19:28:37.678069Z,-73,39.001251,-74.914647,39716,1,0,1893,22.74
bluetooth,A648A0E7,2025-05-27 19:28:38.165939Z,-77,39.001246,-74.914652,48112,1,0,2983,23.65
bluetooth,367E0F4A,2025-05-27 19:28:38.409770Z,-77,39.001246,-74.914652,40136,1,0,2956,24.56
bluetooth,13323C65,2025-05-27 19:28:38.457843Z,-75,39.001246,-74.914652,20655,1,0,2984,22.82
radio434mhz,071E6661,2025-05-27 19:28:38.750434Z,-96,39.001246,-74.914652
bluetooth,19836CFF,2025-05-27 19:28:38.896732Z,-83,39.001246,-74.914652,28892,1,0,1855,23.20
bluetooth,A648A0E7,2025-05-27 19:28:39.141026Z,-75,39.001232,-74.914660,19047,1,0,2983,22.99
bluetooth,870614B1,2025-05-27 19:28:39.189308Z,-40,39.001232,-74.914660,48966,2,0,1503,17.28
bluetooth,81D187E3,2025-05-27 19:28:39.335725Z,-77,39.001232,-74.914660,46265,1,0,2962,24.71
bluetooth,59FE8D30,2025-05-27 19:28:39.677240Z,-71,39.001232,-74.914660,50775,1,0,1894,22.72
userLocation,user,2025-05-27 19:28:40.038388Z,0,39.001224,-74.914664
bluetooth,23D9727E,2025-05-27 19:28:40.116195Z,-35,39.001224,-74.914664,33101,2,0,1554,33.63
bluetooth,367E0F4A,2025-05-27 19:28:40.311070Z,-73,39.001224,-74.914664,12117,1,0,2956,24.61
bluetooth,59FE8D30,2025-05-27 19:28:40.652732Z,-83,39.001224,-74.914664,15387,1,0,1893,22.79
radio434mhz,1E336107,2025-05-27 19:28:40.653123Z,-67,39.001224,-74.914664
bluetooth,A648A0E7,2025-05-27 19:28:41.188057Z,-79,39.001216,-74.914671,21964,1,0,2982,23.42
bluetooth,81D187E3,2025-05-27 19:28:41.334988Z,-76,39.001216,-74.914671,22659,1,0,2961,24.86
bluetooth,D7510A57,2025-05-27 19:28:41.871195Z,-80,39.001216,-74.914671,33720,1,0,1919,24.06
bluetooth,2172633A,2025-05-27 19:28:42.114175Z,-75,39.001210,-74.914676,30387,2,0,1563,23.35
radio434mhz,071E6661,2025-05-27 19:28:42.115272Z,-106,39.001210,-74.914676
bluetooth,870614B1,2025-05-27 19:28:42.163809Z,-43,39.001210,-74.914676,48696,2,0,1504,17.08
bluetooth,A648A0E7,2025-05-27 19:28:42.164920Z,-80,39.001210,-74.914676,52528,1,0,2983,23.45
bluetooth,81D187E3,2025-05-27 19:28:42.406762Z,-78,39.001210,-74.914676,6088,1,0,2961,24.94
bluetooth,59FE8D30,2025-05-27 19:28:42.650616Z,-81,39.001210,-74.914676,33755,1,0,1893,22.72
bluetooth,0000006E,2025-05-27 19:28:42.699824Z,-72,39.001210,-74.914676,42579,1,0,1885,23.85
bluetooth,D7510A57,2025-05-27 19:28:42.894950Z,-75,39.001210,-74.914676,268,1,0,1917,24.08
bluetooth,B78FE24A,2025-05-27 19:28:43.333058Z,-84,39.001202,-74.914681,47104,1,0,1836,25.09
bluetooth,D7510A57,2025-05-27 19:28:43.918747Z,-73,39.001202,-74.914681,16579,1,0,1917,23.93
bluetooth,77AAF9E2,2025-05-27 19:28:43.967470Z,-82,39.001202,-74.914681,50164,1,0,1617,25.95
bluetooth,367E0F4A,2025-05-27 19:28:44.406476Z,-80,39.001194,-74.914686,37608,1,0,2956,24.46
bluetooth,59FE8D30,2025-05-27 19:28:44.649255Z,-73,39.001194,-74.914686,63496,1,0,1892,22.61
bluetooth,2172633A,2025-05-27 19:28:45.088611Z,-77,39.001184,-74.914691,30908,2,0,1563,23.15
bluetooth,870614B1,2025-05-27 19:28:45.283582Z,-41,39.001184,-74.914691,63679,2,0,1504,17.28
bluetooth,59FE8D30,2025-05-27 19:28:45.673549Z,-73,39.001184,-74.914691,20181,1,0,1892,22.67
bluetooth,D7510A57,2025-05-27 19:28:45.916751Z,-74,39.001184,-74.914691,54923,1,0,1918,24.13
radio434mhz,1E336107,2025-05-27 19:28:45.965641Z,-68,39.001184,-74.914691
bluetooth,23D9727E,2025-05-27 19:28:46.257953Z,-33,39.001175,-74.914697,39980,2,0,1555,33.41
bluetooth,367E0F4A,2025-05-27 19:28:46.405006Z,-83,39.001175,-74.914697,44671,1,0,2955,24.36
bluetooth,19836CFF,2025-05-27 19:28:46.892411Z,-81,39.001175,-74.914697,39995,1,0,1854,23.22
bluetooth,D7510A57,2025-05-27 19:28:46.941071Z,-78,39.001175,-74.914697,56526,1,0,1917,24.11
bluetooth,367E0F4A,2025-05-27 19:28:47.428088Z,-81,39.001165,-74.914704,30835,1,0,2956,24.43
bluetooth,59FE8D30,2025-05-27 19:28:47.671975Z,-73,39.001165,-74.914704,59650,1,0,1892,22.79
bluetooth,D7510A57,2025-05-27 19:28:47.916338Z,-70,39.001165,-74.914704,62288,1,0,1918,23.95
bluetooth,2172633A,2025-05-27 19:28:48.061454Z,-79,39.001157,-74.914708,17029,2,0,1564,23.27
bluetooth,870614B1,2025-05-27 19:28:48.159696Z,-45,39.001157,-74.914708,44534,2,0,1504,17.36
bluetooth,367E0F4A,2025-05-27 19:28:48.452591Z,-80,39.001157,-74.914708,11261,1,0,2956,24.38
radio434mhz,071E6661,2025-05-27 19:28:48.453628Z,-99,39.001157,-74.914708
bluetooth,D7510A57,2025-05-27 19:28:48.939254Z,-74,39.001157,-74.914708,11028,1,0,1916,24.26
bluetooth,13323C65,2025-05-27 19:28:49.622401Z,-79,39.001148,-74.914713,52990,1,0,2984,22.87
bluetooth,59FE8D30,2025-05-27 19:28:49.767948Z,-82,39.001148,-74.914713,52284,1,0,1893,22.69
userLocation,user,2025-05-27 19:28:50.035330Z,0,39.001139,-74.914719
bluetooth,870614B1,2025-05-27 19:28:51.182003Z,-45,39.001131,-74.914726,54854,2,0,1504,17.26
radio434mhz,1E336107,2025-05-27 19:28:51.279021Z,-67,39.001131,-74.914726
radio434mhz,071E6661,2025-05-27 19:28:51.669624Z,-96,39.001131,-74.914726
bluetooth,59FE8D30,2025-05-27 19:28:51.718150Z,-72,39.001131,-74.914726,36863,1,0,1893,22.67
bluetooth,D7510A57,2025-05-27 19:28:51.961640Z,-76,39.001131,-74.914726,11948,1,0,1917,24.21
bluetooth,A648A0E7,2025-05-27 19:28:52.304628Z,-82,39.001122,-74.914732,29532,1,0,2983,23.15
bluetooth,23D9727E,2025-05-27 19:28:52.547715Z,-42,39.001122,-74.914732,45566,2,0,1554,33.48
bluetooth,367E0F4A,2025-05-27 19:28:52.548660Z,-74,39.001122,-74.914732,30181,1,0,2956,24.51
bluetooth,13323C65,2025-05-27 19:28:52.790816Z,-75,39.001122,-74.914732,26441,1,0,2983,22.84
bluetooth,D7510A57,2025-05-27 19:28:52.936951Z,-77,39.001122,-74.914732,2958,1,0,1917,24.18
radio434mhz,614C192D,2025-05-27 19:28:53.180948Z,-110,39.001112,-74.914739
bluetooth,367E0F4A,2025-05-27 19:28:53.570818Z,-76,39.001112,-74.914739,32525,1,0,2955,24.43
bluetooth,59FE8D30,2025-05-27 19:28:53.717070Z,-70,39.001112,-74.914739,43296,1,0,1893,22.92
radio434mhz,19332A07,2025-05-27 19:28:54.057923Z,-111,39.001104,-74.914747
bluetooth,870614B1,2025-05-27 19:28:54.155583Z,-45,39.001104,-74.914747,36249,2,0,1505,17.38
bluetooth,13323C65,2025-05-27 19:28:54.740658Z,-80,39.001104,-74.914747,3844,1,0,2985,22.74
radio434mhz,071E6661,2025-05-27 19:28:54.789070Z,-108,39.001104,-74.914747
bluetooth,D7510A57,2025-05-27 19:28:54.935812Z,-73,39.001104,-74.914747,9190,1,0,1916,24.38
bluetooth,23D9727E,2025-05-27 19:28:55.423137Z,-47,39.001097,-74.914754,48327,2,0,1554,33.56
bluetooth,59FE8D30,2025-05-27 19:28:55.764509Z,-73,39.001097,-74.914754,21847,1,0,1893,22.72
bluetooth,07F9389E,2025-05-27 19:28:56.105606Z,-80,39.001087,-74.914760,57614,2,0,1542,25.90
radio434mhz,1E336107,2025-05-27 19:28:56.593720Z,-70,39.001087,-74.914760
bluetooth,367E0F4A,2025-05-27 19:28:56.595641Z,-79,39.001087,-74.914760,59081,1,0,2956,24.51
bluetooth,59FE8D30,2025-05-27 19:28:56.690829Z,-75,39.001087,-74.914760,1237,1,0,1892,22.64
bluetooth,13323C65,2025-05-27 19:28:56.739286Z,-79,39.001087,-74.914760,65379,1,0,2984,22.84
bluetooth,D7510A57,2025-05-27 19:28:56.934553Z,-80,39.001087,-74.914760,58876,1,0,1916,24.06
bluetooth,870614B1,2025-05-27 19:28:57.227092Z,-44,39.001076,-74.914768,1479,2,0,1501,17.43
radio434mhz,071E6661,2025-05-27 19:28:57.958508Z,-98,39.001076,-74.914768
bluetooth,23D9727E,2025-05-27 19:28:58.494512Z,-38,39.001066,-74.914777,54418,2,0,1553,33.53
bluetooth,13323C65,2025-05-27 19:28:58.787066Z,-81,39.001066,-74.914777,51562,1,0,2984,22.82
bluetooth,D7510A57,2025-05-27 19:28:58.884420Z,-74,39.001066,-74.914777,60835,1,0,1916,24.16
bluetooth,77AAF9E2,2025-05-27 19:28:59.762657Z,-84,39.001059,-74.914786,50960,1,0,1617,26.30
bluetooth,D7510A57,2025-05-27 19:28:59.908617Z,-73,39.001059,-74.914786,52341,1,0,1917,24.16
userLocation,user,2025-05-27 19:29:00.031215Z,0,39.001048,-74.914792
bluetooth,870614B1,2025-05-27 19:29:00.201185Z,-44,39.001048,-74.914792,49118,2,0,1502,17.26
bluetooth,0000006E,2025-05-27 19:29:00.736807Z,-72,39.001048,-74.914792,18557,1,0,1884,24.03
bluetooth,D7510A57,2025-05-27 19:29:00.981210Z,-74,39.001048,-74.914792,63904,1,0,1917,24.16
radio434mhz,071E6661,2025-05-27 19:29:01.126739Z,-105,39.001037,-74.914799
bluetooth,23D9727E,2025-05-27 19:29:01.517573Z,-38,39.001037,-74.914799,57239,2,0,1554,33.58
bluetooth,59FE8D30,2025-05-27 19:29:01.712577Z,-71,39.001037,-74.914799,648,1,0,1891,22.69
radio434mhz,1E336107,2025-05-27 19:29:01.907647Z,-68,39.001037,-74.914799
bluetooth,D7510A57,2025-05-27 19:29:01.909599Z,-72,39.001037,-74.914799,22923,1,0,1915,24.23
bluetooth,367E0F4A,2025-05-27 19:29:02.736417Z,-80,39.001027,-74.914802,43277,1,0,2957,24.48
bluetooth,59FE8D30,2025-05-27 19:29:02.786849Z,-73,39.001027,-74.914802,5055,1,0,1891,22.79
bluetooth,D7510A57,2025-05-27 19:29:02.930772Z,-81,39.001027,-74.914802,59197,1,0,1916,24.23
bluetooth,2172633A,2025-05-27 19:29:03.126326Z,-80,39.001018,-74.914808,32824,2,0,1564,23.32
bluetooth,59FE8D30,2025-05-27 19:29:03.710910Z,-75,39.001018,-74.914808,56575,1,0,1892,22.77
bluetooth,77AAF9E2,2025-05-27 19:29:03.759447Z,-83,39.001018,-74.914808,14063,1,0,1617,25.98
bluetooth,13323C65,2025-05-27 19:29:03.859987Z,-84,39.001018,-74.914808,56840,1,0,2983,22.69
radio434mhz,614C192D,2025-05-27 19:29:04.100926Z,-107,39.001009,-74.914814
radio434mhz,071E6661,2025-05-27 19:29:04.295626Z,-105,39.001009,-74.914814
bluetooth,23D9727E,2025-05-27 19:29:04.588249Z,-53,39.001009,-74.914814,49925,2,0,1554,33.68
bluetooth,B3DA9765,2025-05-27 19:29:04.881287Z,-81,39.001009,-74.914814,10697,1,0,1630,24.46
bluetooth,D7510A57,2025-05-27 19:29:04.978082Z,-75,39.001009,-74.914814,14279,1,0,1916,24.23
bluetooth,59FE8D30,2025-05-27 19:29:05.710196Z,-83,39.001000,-74.914818,21717,1,0,1891,22.61
bluetooth,D7510A57,2025-05-27 19:29:05.953950Z,-69,39.001000,-74.914818,42129,1,0,1916,24.16
bluetooth,2172633A,2025-05-27 19:29:06.197414Z,-81,39.000991,-74.914820,45916,2,0,1564,23.25
bluetooth,870614B1,2025-05-27 19:29:06.198844Z,-43,39.000991,-74.914820,7366,2,0,1501,17.26
radio434mhz,1E336107,2025-05-27 19:29:07.220584Z,-66,39.000982,-74.914815
bluetooth,870614B1,2025-05-27 19:29:09.171532Z,-45,39.000989,-74.914804,12014,2,0,1500,17.05
bluetooth,13323C65,2025-05-27 19:29:09.999603Z,-77,39.000989,-74.914804,5795,1,0,2983,22.82
userLocation,user,2025-05-27 19:29:10.031397Z,0,39.000991,-74.914804
bluetooth,23D9727E,2025-05-27 19:29:10.682751Z,-39,39.000991,-74.914804,64212,2,0,1555,33.56
bluetooth,07F9389E,2025-05-27 19:29:11.023744Z,-82,39.000991,-74.914804,51013,2,0,1542,25.95
bluetooth,13323C65,2025-05-27 19:29:12.047500Z,-78,39.000991,-74.914804,59957,1,0,2984,22.69
radio434mhz,1E336107,2025-05-27 19:29:12.535140Z,-66,39.000991,-74.914804
bluetooth,23D9727E,2025-05-27 19:29:13.802122Z,-37,39.000991,-74.914804,59199,2,0,1553,33.38
bluetooth,0000006E,2025-05-27 19:29:15.801350Z,-84,39.000995,-74.914789,45075,1,0,1884,23.90
radio434mhz,071E6661,2025-05-27 19:29:16.970651Z,-109,39.000993,-74.914773
radio434mhz,1E336107,2025-05-27 19:29:17.896892Z,-68,39.000992,-74.914764
bluetooth,870614B1,2025-05-27 19:29:18.189692Z,-45,39.000992,-74.914756,37912,2,0,1500,17.11
bluetooth,23D9727E,2025-05-27 19:29:19.847321Z,-37,39.000989,-74.914743,60654,2,0,1552,33.43
userLocation,user,2025-05-27 19:29:20.025112Z,0,39.000990,-74.914731
bluetooth,870614B1,2025-05-27 19:29:21.164068Z,-41,39.000991,-74.914723,30794,2,0,1500,17.05
bluetooth,23D9727E,2025-05-27 19:29:22.918565Z,-37,39.000994,-74.914714,65422,2,0,1553,33.48
radio434mhz,1E336107,2025-05-27 19:29:23.210760Z,-63,39.000994,-74.914705
bluetooth,23D9727E,2025-05-27 19:29:25.989833Z,-45,39.000994,-74.914683,61744,2,0,1553,33.36
radio434mhz,071E6661,2025-05-27 19:29:26.477017Z,-108,39.000991,-74.914676
bluetooth,870614B1,2025-05-27 19:29:27.257249Z,-44,39.000992,-74.914664,27069,2,0,1500,17.08
bluetooth,2172633A,2025-05-27 19:29:27.258177Z,-83,39.000992,-74.914664,59909,2,0,1563,22.97
radio434mhz,1E336107,2025-05-27 19:29:28.524485Z,-68,39.000994,-74.914654
bluetooth,23D9727E,2025-05-27 19:29:29.012261Z,-43,39.000994,-74.914654,50666,2,0,1554,33.20
radio434mhz,071E6661,2025-05-27 19:29:29.645633Z,-106,39.000997,-74.914642
userLocation,user,2025-05-27 19:29:30.031587Z,0,39.000995,-74.914632
bluetooth,870614B1,2025-05-27 19:29:30.182385Z,-43,39.000995,-74.914632,14755,2,0,1499,17.16
radio434mhz,071E6661,2025-05-27 19:29:33.009584Z,-109,39.000997,-74.914608
radio434mhz,1E336107,2025-05-27 19:29:33.887807Z,-67,39.000997,-74.914598
bluetooth,23D9727E,2025-05-27 19:29:35.106638Z,-42,39.000997,-74.914585,55606,2,0,1554,33.46
bluetooth,870614B1,2025-05-27 19:29:36.178596Z,-38,39.000998,-74.914580,26098,2,0,1500,17.03
bluetooth,23D9727E,2025-05-27 19:29:38.177398Z,-36,39.000999,-74.914581,45621,2,0,1554,33.15
radio434mhz,1E336107,2025-05-27 19:29:39.249566Z,-67,39.000999,-74.914581
userLocation,user,2025-05-27 19:29:40.030598Z,0,39.000999,-74.914581
bluetooth,23D9727E,2025-05-27 19:29:41.248698Z,-34,39.000999,-74.914581,43439,2,0,1553,33.43
bluetooth,870614B1,2025-05-27 19:29:42.174849Z,-42,39.000999,-74.914581,53395,2,0,1499,16.93
bluetooth,23D9727E,2025-05-27 19:29:44.320224Z,-38,39.001003,-74.914579,44793,2,0,1554,33.13
radio434mhz,1E336107,2025-05-27 19:29:44.563389Z,-64,39.001003,-74.914579
radio434mhz,071E6661,2025-05-27 19:29:45.684612Z,-108,39.001003,-74.914569
bluetooth,23D9727E,2025-05-27 19:29:47.343263Z,-39,39.000999,-74.914546,39613,2,0,1553,33.25
radio434mhz,071E6661,2025-05-27 19:29:48.902517Z,-107,39.000997,-74.914532
radio434mhz,1E336107,2025-05-27 19:29:49.925930Z,-67,39.000997,-74.914521
userLocation,user,2025-05-27 19:29:50.028876Z,0,39.000998,-74.914512
bluetooth,870614B1,2025-05-27 19:29:51.242897Z,-47,39.000999,-74.914501,64046,2,0,1498,16.80
bluetooth,77AAF9E2,2025-05-27 19:29:51.389312Z,-85,39.000999,-74.914501,33106,1,0,1616,26.05
bluetooth,13323C65,2025-05-27 19:29:51.681148Z,-83,39.000999,-74.914501,48975,1,0,2983,22.89
radio434mhz,071E6661,2025-05-27 19:29:52.070956Z,-107,39.001001,-74.914499
bluetooth,23D9727E,2025-05-27 19:29:53.437096Z,-35,39.001002,-74.914483,36408,2,0,1553,33.33
bluetooth,77AAF9E2,2025-05-27 19:29:53.924189Z,-83,39.001002,-74.914483,62829,1,0,1617,26.18
bluetooth,870614B1,2025-05-27 19:29:54.167542Z,-47,39.001000,-74.914469,37465,2,0,1497,16.88
radio434mhz,1E336107,2025-05-27 19:29:55.240520Z,-68,39.001001,-74.914457
bluetooth,23D9727E,2025-05-27 19:29:56.605390Z,-35,39.001001,-74.914449,20426,2,0,1553,33.15
bluetooth,367E0F4A,2025-05-27 19:29:56.849324Z,-82,39.001001,-74.914449,65225,1,0,2956,24.51
bluetooth,870614B1,2025-05-27 19:29:57.141781Z,-44,39.000999,-74.914434,53565,2,0,1498,16.85
bluetooth,23D9727E,2025-05-27 19:29:59.579417Z,-37,39.000999,-74.914412,18053,2,0,1553,33.23
userLocation,user,2025-05-27 19:30:00.029832Z,0,39.000999,-74.914409
bluetooth,870614B1,2025-05-27 19:30:00.115556Z,-44,39.000999,-74.914409,45187,2,0,1496,16.80
radio434mhz,1E336107,2025-05-27 19:30:00.602340Z,-67,39.000999,-74.914409
bluetooth,23D9727E,2025-05-27 19:30:02.601285Z,-40,39.000998,-74.914394,22179,2,0,1553,33.20
bluetooth,870614B1,2025-05-27 19:30:03.138063Z,-43,39.000995,-74.914384,21673,2,0,1496,16.98
bluetooth,367E0F4A,2025-05-27 19:30:03.917483Z,-85,39.000995,-74.914384,27441,1,0,2956,24.59
radio434mhz,071E6661,2025-05-27 19:30:04.697791Z,-109,39.000993,-74.914372
bluetooth,23D9727E,2025-05-27 19:30:05.673018Z,-35,39.000994,-74.914371,28560,2,0,1554,33.18
bluetooth,E2A807D7,2025-05-27 19:30:05.774734Z,-83,39.000994,-74.914371,11636,1,0,1869,24.48
radio434mhz,1E336107,2025-05-27 19:30:05.918356Z,-67,39.000994,-74.914371
bluetooth,870614B1,2025-05-27 19:30:06.112065Z,-41,39.000997,-74.914365,44903,2,0,1496,16.60
bluetooth,E2A807D7,2025-05-27 19:30:07.769495Z,-77,39.000999,-74.914354,17060,1,0,1868,24.66
bluetooth,23D9727E,2025-05-27 19:30:08.744253Z,-33,39.001001,-74.914353,25917,2,0,1554,33.20
bluetooth,E2A807D7,2025-05-27 19:30:08.795659Z,-83,39.001001,-74.914353,46418,1,0,1868,24.59
bluetooth,0000006E,2025-05-27 19:30:09.669831Z,-83,39.001006,-74.914350,36824,1,0,1879,23.88
bluetooth,E2A807D7,2025-05-27 19:30:09.816458Z,-76,39.001006,-74.914350,13108,1,0,1869,24.51
bluetooth,3F9E3319,2025-05-27 19:30:10.011429Z,-81,39.001006,-74.914350,17679,1,0,1605,27.29
userLocation,user,2025-05-27 19:30:10.034790Z,0,39.001005,-74.914351
bluetooth,E197FE3E,2025-05-27 19:30:10.352533Z,-81,39.001005,-74.914351,4239,1,0,1618,27.37
bluetooth,13323C65,2025-05-27 19:30:11.034816Z,-83,39.001005,-74.914351,48372,1,0,2983,22.87
radio434mhz,071E6661,2025-05-27 19:30:11.035704Z,-108,39.001005,-74.914351
radio434mhz,1E336107,2025-05-27 19:30:11.327281Z,-66,39.001005,-74.914351
bluetooth,23D9727E,2025-05-27 19:30:11.766291Z,-33,39.001005,-74.914351,29564,2,0,1553,33.05
bluetooth,870614B1,2025-05-27 19:30:12.107662Z,-39,39.001005,-74.914351,58511,2,0,1496,16.85
bluetooth,13323C65,2025-05-27 19:30:15.081524Z,-73,39.001005,-74.914351,17768,1,0,2983,22.92
bluetooth,870614B1,2025-05-27 19:30:15.179593Z,-39,39.001005,-74.914351,54015,2,0,1494,16.80
bluetooth,81D187E3,2025-05-27 19:30:15.617633Z,-81,39.001005,-74.914351,9114,1,0,2962,24.71
bluetooth,77AAF9E2,2025-05-27 19:30:16.106325Z,-80,39.001014,-74.914341,62903,1,0,1617,26.00
bluetooth,367E0F4A,2025-05-27 19:30:16.153974Z,-78,39.001014,-74.914341,45950,1,0,2956,24.36
radio434mhz,1E336107,2025-05-27 19:30:16.641215Z,-65,39.001014,-74.914341
bluetooth,59FE8D30,2025-05-27 19:30:16.836556Z,-78,39.001014,-74.914341,33959,1,0,1888,22.72
radio434mhz,071E6661,2025-05-27 19:30:17.372477Z,-105,39.001022,-74.914341
bluetooth,A648A0E7,2025-05-27 19:30:17.471045Z,-80,39.001022,-74.914341,65281,1,0,2983,23.65
bluetooth,3F9E3319,2025-05-27 19:30:17.665790Z,-83,39.001022,-74.914341,25816,1,0,1605,27.21
bluetooth,23D9727E,2025-05-27 19:30:17.908892Z,-39,39.001022,-74.914341,5559,2,0,1553,33.00
bluetooth,D7510A57,2025-05-27 19:30:18.103780Z,-77,39.001031,-74.914343,40322,1,0,1912,24.06
bluetooth,870614B1,2025-05-27 19:30:18.152872Z,-41,39.001031,-74.914343,51235,2,0,1494,16.60
bluetooth,2172633A,2025-05-27 19:30:18.250801Z,-75,39.001031,-74.914343,11620,2,0,1563,22.92
bluetooth,0000006E,2025-05-27 19:30:18.688804Z,-77,39.001031,-74.914343,48860,1,0,1880,23.90
bluetooth,59FE8D30,2025-05-27 19:30:18.884708Z,-77,39.001031,-74.914343,38108,1,0,1888,22.89
bluetooth,D7510A57,2025-05-27 19:30:19.127884Z,-68,39.001040,-74.914345,51200,1,0,1912,24.13
bluetooth,13323C65,2025-05-27 19:30:19.177092Z,-79,39.001040,-74.914345,15090,1,0,2984,22.97
bluetooth,A648A0E7,2025-05-27 19:30:19.566630Z,-74,39.001040,-74.914345,8946,1,0,2982,23.04
userLocation,user,2025-05-27 19:30:20.034781Z,0,39.001049,-74.914346
bluetooth,D7510A57,2025-05-27 19:30:20.152047Z,-68,39.001049,-74.914346,45267,1,0,1912,24.11
bluetooth,E197FE3E,2025-05-27 19:30:20.298169Z,-79,39.001049,-74.914346,16414,1,0,1618,27.57
radio434mhz,071E6661,2025-05-27 19:30:20.542033Z,-100,39.001049,-74.914346
bluetooth,59FE8D30,2025-05-27 19:30:20.883442Z,-73,39.001049,-74.914346,34229,1,0,1887,22.84
bluetooth,23D9727E,2025-05-27 19:30:20.932093Z,-49,39.001049,-74.914346,243,2,0,1553,33.18
bluetooth,870614B1,2025-05-27 19:30:21.127081Z,-51,39.001056,-74.914348,6707,2,0,1494,16.55
bluetooth,0000006E,2025-05-27 19:30:21.711605Z,-64,39.001056,-74.914348,3813,1,0,1879,24.03
bluetooth,59FE8D30,2025-05-27 19:30:21.882643Z,-71,39.001056,-74.914348,28873,1,0,1888,22.79
radio434mhz,1E336107,2025-05-27 19:30:21.956267Z,-65,39.001056,-74.914348
bluetooth,13323C65,2025-05-27 19:30:22.247758Z,-72,39.001064,-74.914348,7275,1,0,2983,22.72
bluetooth,81D187E3,2025-05-27 19:30:22.640653Z,-85,39.001064,-74.914348,21675,1,0,2961,24.71
bluetooth,59FE8D30,2025-05-27 19:30:22.832763Z,-76,39.001064,-74.914348,17546,1,0,1887,22.79
bluetooth,81D187E3,2025-05-27 19:30:23.661603Z,-84,39.001072,-74.914350,8999,1,0,2962,24.81
bluetooth,59FE8D30,2025-05-27 19:30:23.857060Z,-76,39.001072,-74.914350,38062,1,0,1888,22.79
radio434mhz,071E6661,2025-05-27 19:30:23.905870Z,-103,39.001072,-74.914350
bluetooth,23D9727E,2025-05-27 19:30:24.051189Z,-36,39.001082,-74.914351,858,2,0,1555,33.05
bluetooth,870614B1,2025-05-27 19:30:24.149169Z,-48,39.001082,-74.914351,46588,2,0,1492,16.70
bluetooth,2172633A,2025-05-27 19:30:24.295298Z,-70,39.001082,-74.914351,5410,2,0,1563,22.89
bluetooth,367E0F4A,2025-05-27 19:30:24.296738Z,-74,39.001082,-74.914351,17774,1,0,2956,24.56
bluetooth,81D187E3,2025-05-27 19:30:24.636645Z,-74,39.001082,-74.914351,6991,1,0,2962,24.66
bluetooth,0000006E,2025-05-27 19:30:24.734535Z,-66,39.001082,-74.914351,23681,1,0,1879,24.06
bluetooth,13323C65,2025-05-27 19:30:25.272793Z,-82,39.001089,-74.914352,9263,1,0,2983,22.82
bluetooth,81D187E3,2025-05-27 19:30:25.661005Z,-80,39.001089,-74.914352,27697,1,0,2962,24.66
bluetooth,59FE8D30,2025-05-27 19:30:25.904696Z,-84,39.001089,-74.914352,28151,1,0,1888,22.84
bluetooth,D7510A57,2025-05-27 19:30:26.196973Z,-71,39.001097,-74.914353,46456,1,0,1912,24.11
bluetooth,13323C65,2025-05-27 19:30:26.293873Z,-76,39.001097,-74.914353,22033,1,0,2984,22.61
bluetooth,59FE8D30,2025-05-27 19:30:26.879411Z,-75,39.001097,-74.914353,24397,1,0,1888,22.72
radio434mhz,071E66E1,2025-05-27 19:30:27.074107Z,-108,39.001109,-74.914354
bluetooth,870614B1,2025-05-27 19:30:27.123406Z,-45,39.001109,-74.914354,7674,2,0,1491,16.80
radio434mhz,1E336107,2025-05-27 19:30:27.317664Z,-63,39.001109,-74.914354
bluetooth,2172633A,2025-05-27 19:30:27.319223Z,-73,39.001109,-74.914354,280,2,0,1563,22.84
bluetooth,13323C65,2025-05-27 19:30:27.319634Z,-77,39.001109,-74.914354,29355,1,0,2983,22.92
bluetooth,367E0F4A,2025-05-27 19:30:27.367006Z,-70,39.001109,-74.914354,35866,1,0,2955,24.43
bluetooth,D7510A57,2025-05-27 19:30:28.243982Z,-72,39.001117,-74.914349,27024,1,0,1912,24.13
bluetooth,A648A0E7,2025-05-27 19:30:28.634440Z,-72,39.001117,-74.914349,45888,1,0,2982,23.12
bluetooth,81D187E3,2025-05-27 19:30:28.683613Z,-79,39.001117,-74.914349,56069,1,0,2961,24.79
bluetooth,D7510A57,2025-05-27 19:30:29.219724Z,-72,39.001125,-74.914346,44614,1,0,1911,24.21
bluetooth,13323C65,2025-05-27 19:30:29.316609Z,-82,39.001125,-74.914346,928,1,0,2983,22.97
bluetooth,A648A0E7,2025-05-27 19:30:29.706561Z,-77,39.001125,-74.914346,35651,1,0,2982,23.30
userLocation,user,2025-05-27 19:30:30.027664Z,0,39.001133,-74.914346
bluetooth,23D9727E,2025-05-27 19:30:30.097379Z,-42,39.001133,-74.914346,8234,2,0,1553,33.08
bluetooth,870614B1,2025-05-27 19:30:30.098950Z,-46,39.001133,-74.914346,8960,2,0,1492,16.47
bluetooth,D7510A57,2025-05-27 19:30:30.243491Z,-78,39.001133,-74.914346,18111,1,0,1911,24.16
radio434mhz,071E6661,2025-05-27 19:30:30.291266Z,-100,39.001133,-74.914346
bluetooth,13323C65,2025-05-27 19:30:30.340214Z,-81,39.001133,-74.914346,43243,1,0,2983,22.92
bluetooth,A648A0E7,2025-05-27 19:30:30.682260Z,-81,39.001133,-74.914346,46794,1,0,2983,23.45
bluetooth,59FE8D30,2025-05-27 19:30:30.876447Z,-73,39.001133,-74.914346,27789,1,0,1887,22.69
bluetooth,D7510A57,2025-05-27 19:30:31.219898Z,-74,39.001142,-74.914346,24717,1,0,1911,24.23
bluetooth,59FE8D30,2025-05-27 19:30:31.851668Z,-69,39.001142,-74.914346,61928,1,0,1886,22.74
bluetooth,E197FE3E,2025-05-27 19:30:31.900324Z,-85,39.001142,-74.914346,56856,1,0,1620,27.52
bluetooth,D7510A57,2025-05-27 19:30:32.242098Z,-70,39.001153,-74.914345,13271,1,0,1911,24.03
bluetooth,367E0F4A,2025-05-27 19:30:32.485257Z,-70,39.001153,-74.914345,45132,1,0,2957,24.38
radio434mhz,1E336107,2025-05-27 19:30:32.632046Z,-61,39.001153,-74.914345
bluetooth,A648A0E7,2025-05-27 19:30:32.728964Z,-68,39.001153,-74.914345,34699,1,0,2983,23.35
bluetooth,59FE8D30,2025-05-27 19:30:32.875272Z,-65,39.001153,-74.914345,15392,1,0,1886,22.84
bluetooth,870614B1,2025-05-27 19:30:33.120089Z,-43,39.001165,-74.914339,55449,2,0,1492,16.70
bluetooth,23D9727E,2025-05-27 19:30:33.121214Z,-39,39.001165,-74.914339,11070,2,0,1553,33.08
bluetooth,2172633A,2025-05-27 19:30:33.314695Z,-73,39.001165,-74.914339,25723,2,0,1564,22.74
bluetooth,0000006E,2025-05-27 19:30:33.703907Z,-82,39.001165,-74.914339,32711,1,0,1880,23.88
bluetooth,59FE8D30,2025-05-27 19:30:33.899081Z,-74,39.001165,-74.914339,56443,1,0,1887,22.79
bluetooth,D7510A57,2025-05-27 19:30:34.241209Z,-68,39.001172,-74.914339,20653,1,0,1911,24.23
bluetooth,81D187E3,2025-05-27 19:30:34.679677Z,-72,39.001172,-74.914339,34949,1,0,2961,24.71
bluetooth,A648A0E7,2025-05-27 19:30:34.727586Z,-69,39.001172,-74.914339,9398,1,0,2983,23.37
bluetooth,77AAF9E2,2025-05-27 19:30:34.825290Z,-80,39.001172,-74.914339,49376,1,0,1617,25.95
bluetooth,59FE8D30,2025-05-27 19:30:34.874752Z,-77,39.001172,-74.914339,26138,1,0,1888,22.64
bluetooth,367E0F4A,2025-05-27 19:30:35.507979Z,-71,39.001179,-74.914338,45690,1,0,2956,24.38
bluetooth,81D187E3,2025-05-27 19:30:35.654780Z,-77,39.001179,-74.914338,37513,1,0,2961,24.76
bluetooth,870614B1,2025-05-27 19:30:36.095347Z,-45,39.001186,-74.914337,22421,2,0,1491,16.80
bluetooth,07F9389E,2025-05-27 19:30:36.239984Z,-79,39.001186,-74.914337,14774,2,0,1543,25.70
bluetooth,23D9727E,2025-05-27 19:30:36.241251Z,-40,39.001186,-74.914337,43910,2,0,1554,33.05
bluetooth,2172633A,2025-05-27 19:30:36.288390Z,-68,39.001186,-74.914337,24811,2,0,1563,22.89
bluetooth,13323C65,2025-05-27 19:30:36.434876Z,-69,39.001186,-74.914337,59646,1,0,2984,22.84
radio434mhz,071E6661,2025-05-27 19:30:36.580277Z,-106,39.001186,-74.914337
bluetooth,81D187E3,2025-05-27 19:30:36.677998Z,-79,39.001186,-74.914337,25879,1,0,2961,24.69
bluetooth,0000006E,2025-05-27 19:30:36.727157Z,-76,39.001186,-74.914337,19143,1,0,1878,23.98
bluetooth,A648A0E7,2025-05-27 19:30:36.775859Z,-73,39.001186,-74.914337,49216,1,0,2983,23.35
bluetooth,59FE8D30,2025-05-27 19:30:36.872717Z,-69,39.001186,-74.914337,17040,1,0,1887,22.74
bluetooth,13323C65,2025-05-27 19:30:37.555458Z,-65,39.001192,-74.914339,17861,1,0,2983,22.94
bluetooth,367E0F4A,2025-05-27 19:30:37.604744Z,-69,39.001192,-74.914339,61013,1,0,2957,24.33
bluetooth,E197FE3E,2025-05-27 19:30:37.702309Z,-83,39.001192,-74.914339,61822,1,0,1618,27.44
radio434mhz,1E336107,2025-05-27 19:30:37.945827Z,-66,39.001192,-74.914339
bluetooth,D7510A57,2025-05-27 19:30:38.287259Z,-73,39.001193,-74.914340,13598,1,0,1911,24.21
bluetooth,13323C65,2025-05-27 19:30:38.482004Z,-65,39.001193,-74.914340,16678,1,0,2983,22.72
bluetooth,367E0F4A,2025-05-27 19:30:38.579305Z,-66,39.001193,-74.914340,34434,1,0,2956,24.31
bluetooth,81D187E3,2025-05-27 19:30:38.676312Z,-78,39.001193,-74.914340,37293,1,0,2961,24.74
bluetooth,A648A0E7,2025-05-27 19:30:38.778245Z,-71,39.001193,-74.914340,8085,1,0,2984,23.22
bluetooth,77AAF9E2,2025-05-27 19:30:39.067302Z,-80,39.001191,-74.914340,29535,1,0,1617,25.98
bluetooth,23D9727E,2025-05-27 19:30:39.310560Z,-39,39.001191,-74.914340,44055,2,0,1553,33.08
bluetooth,2172633A,2025-05-27 19:30:39.359688Z,-63,39.001191,-74.914340,31946,2,0,1563,22.92
bluetooth,367E0F4A,2025-05-27 19:30:39.603579Z,-66,39.001191,-74.914340,2313,1,0,2957,24.43
bluetooth,81D187E3,2025-05-27 19:30:39.700282Z,-77,39.001191,-74.914340,22086,1,0,2961,24.84
radio434mhz,071E6661,2025-05-27 19:30:39.749046Z,-107,39.001191,-74.914340
bluetooth,A648A0E7,2025-05-27 19:30:39.846576Z,-69,39.001191,-74.914340,47990,1,0,2983,23.20
userLocation,user,2025-05-27 19:30:40.029417Z,0,39.001191,-74.914340
bluetooth,D7510A57,2025-05-27 19:30:40.286081Z,-71,39.001191,-74.914340,37528,1,0,1910,24.13
bluetooth,13323C65,2025-05-27 19:30:40.529143Z,-66,39.001191,-74.914340,50691,1,0,2984,22.82
bluetooth,367E0F4A,2025-05-27 19:30:40.626510Z,-77,39.001191,-74.914340,18307,1,0,2956,24.38
bluetooth,81D187E3,2025-05-27 19:30:40.724167Z,-75,39.001191,-74.914340,63908,1,0,2962,24.84
bluetooth,A648A0E7,2025-05-27 19:30:40.821790Z,-68,39.001191,-74.914340,59022,1,0,2983,23.12
bluetooth,59FE8D30,2025-05-27 19:30:40.919270Z,-77,39.001191,-74.914340,37384,1,0,1887,22.64
bluetooth,D7510A57,2025-05-27 19:30:41.260456Z,-69,39.001191,-74.914340,56639,1,0,1910,24.21
bluetooth,13323C65,2025-05-27 19:30:41.553397Z,-68,39.001191,-74.914340,61907,1,0,2983,22.84
bluetooth,367E0F4A,2025-05-27 19:30:41.651280Z,-66,39.001191,-74.914340,25960,1,0,2956,24.31
bluetooth,59FE8D30,2025-05-27 19:30:41.894768Z,-73,39.001191,-74.914340,59527,1,0,1886,22.77
bluetooth,870614B1,2025-05-27 19:30:42.089168Z,-42,39.001191,-74.914340,20964,2,0,1492,16.80
bluetooth,23D9727E,2025-05-27 19:30:42.333469Z,-46,39.001191,-74.914340,48573,2,0,1553,33.13
bluetooth,2172633A,2025-05-27 19:30:42.335467Z,-64,39.001191,-74.914340,16619,2,0,1564,22.56
bluetooth,E85FB74C,2025-05-27 19:30:42.528677Z,-83,39.001191,-74.914340,53420,2,0,1528,26.03
bluetooth,13323C65,2025-05-27 19:30:42.576468Z,-68,39.001191,-74.914340,9344,1,0,2984,22.92
bluetooth,81D187E3,2025-05-27 19:30:42.674124Z,-81,39.001191,-74.914340,14997,1,0,2961,24.71
bluetooth,0000006E,2025-05-27 19:30:42.723651Z,-77,39.001191,-74.914340,740,1,0,1878,23.78
bluetooth,E197FE3E,2025-05-27 19:30:42.725961Z,-82,39.001191,-74.914340,15641,1,0,1619,27.21
bluetooth,A648A0E7,2025-05-27 19:30:42.869610Z,-71,39.001191,-74.914340,57786,1,0,2983,23.42
radio434mhz,071E6661,2025-05-27 19:30:42.917776Z,-106,39.001191,-74.914340
bluetooth,D7510A57,2025-05-27 19:30:43.308221Z,-71,39.001191,-74.914340,403,1,0,1911,24.11
radio434mhz,1E336107,2025-05-27 19:30:43.309510Z,-65,39.001191,-74.914340
bluetooth,13323C65,2025-05-27 19:30:43.600443Z,-68,39.001191,-74.914340,64552,1,0,2984,22.94
bluetooth,367E0F4A,2025-05-27 19:30:43.698625Z,-65,39.001191,-74.914340,45327,1,0,2955,24.41
bluetooth,81D187E3,2025-05-27 19:30:43.700047Z,-77,39.001191,-74.914340,60800,1,0,2962,24.76
bluetooth,A648A0E7,2025-05-27 19:30:43.893592Z,-71,39.001191,-74.914340,7,1,0,2983,23.42
bluetooth,D7510A57,2025-05-27 19:30:44.234100Z,-71,39.001191,-74.914340,38479,1,0,1910,24.16
bluetooth,A648A0E7,2025-05-27 19:30:44.868530Z,-70,39.001191,-74.914340,20740,1,0,2982,23.30
bluetooth,59FE8D30,2025-05-27 19:30:44.917121Z,-69,39.001191,-74.914340,64260,1,0,1887,22.72
bluetooth,23D9727E,2025-05-27 19:30:45.355377Z,-42,39.001191,-74.914340,33485,2,0,1552,33.15
bluetooth,A648A0E7,2025-05-27 19:30:45.892255Z,-67,39.001191,-74.914340,7290,1,0,2984,23.12
bluetooth,D7510A57,2025-05-27 19:30:46.233119Z,-72,39.001191,-74.914340,57083,1,0,1911,24.23
bluetooth,13323C65,2025-05-27 19:30:46.672370Z,-68,39.001191,-74.914340,24930,1,0,2983,22.89
bluetooth,367E0F4A,2025-05-27 19:30:46.769798Z,-67,39.001191,-74.914340,2672,1,0,2956,24.46
bluetooth,77AAF9E2,2025-05-27 19:30:46.866756Z,-80,39.001191,-74.914340,45759,1,0,1617,26.03
bluetooth,A648A0E7,2025-05-27 19:30:46.915170Z,-69,39.001191,-74.914340,29399,1,0,2984,23.22
bluetooth,3F9E3319,2025-05-27 19:30:47.891113Z,-83,39.001191,-74.914340,34089,1,0,1604,26.96
bluetooth,A648A0E7,2025-05-27 19:30:47.988568Z,-73,39.001191,-74.914340,32254,1,0,2983,23.09
bluetooth,870614B1,2025-05-27 19:30:48.134386Z,-41,39.001203,-74.914329,25245,2,0,1492,16.80
bluetooth,2172633A,2025-05-27 19:30:48.329290Z,-70,39.001203,-74.914329,21529,2,0,1563,22.69
bluetooth,23D9727E,2025-05-27 19:30:48.428567Z,-42,39.001203,-74.914329,34676,2,0,1555,33.05
radio434mhz,1E336107,2025-05-27 19:30:48.621449Z,-66,39.001203,-74.914329
bluetooth,81D187E3,2025-05-27 19:30:48.719184Z,-84,39.001203,-74.914329,27728,1,0,2962,24.76
bluetooth,0000006E,2025-05-27 19:30:48.768295Z,-74,39.001203,-74.914329,27170,1,0,1879,24.00
bluetooth,59FE8D30,2025-05-27 19:30:48.914601Z,-78,39.001203,-74.914329,28717,1,0,1885,22.72
bluetooth,A648A0E7,2025-05-27 19:30:48.962963Z,-79,39.001203,-74.914329,27884,1,0,2984,23.32
bluetooth,E197FE3E,2025-05-27 19:30:49.450748Z,-85,39.001213,-74.914328,44317,1,0,1618,27.67
bluetooth,13323C65,2025-05-27 19:30:49.694384Z,-71,39.001213,-74.914328,24875,1,0,2984,22.69
bluetooth,A648A0E7,2025-05-27 19:30:49.938473Z,-85,39.001213,-74.914328,62807,1,0,2982,23.22
userLocation,user,2025-05-27 19:30:50.026195Z,0,39.001220,-74.914329
bluetooth,367E0F4A,2025-05-27 19:30:50.815387Z,-74,39.001220,-74.914329,19541,1,0,2955,24.51
bluetooth,59FE8D30,2025-05-27 19:30:50.914034Z,-69,39.001220,-74.914329,37073,1,0,1886,22.77
bluetooth,870614B1,2025-05-27 19:30:51.107791Z,-42,39.001232,-74.914329,2917,2,0,1492,16.90
bluetooth,23D9727E,2025-05-27 19:30:51.498594Z,-40,39.001232,-74.914329,40023,2,0,1554,33.10
bluetooth,0000006E,2025-05-27 19:30:51.791124Z,-81,39.001232,-74.914329,56049,1,0,1873,24.03
bluetooth,D7510A57,2025-05-27 19:30:52.326556Z,-71,39.001240,-74.914331,49217,1,0,1911,24.06
radio434mhz,071E6661,2025-05-27 19:30:52.423790Z,-95,39.001240,-74.914331
bluetooth,13323C65,2025-05-27 19:30:52.814560Z,-78,39.001240,-74.914331,3657,1,0,2983,22.77
bluetooth,A648A0E7,2025-05-27 19:30:53.009911Z,-86,39.001240,-74.914331,9220,1,0,2983,23.35
bluetooth,13323C65,2025-05-27 19:30:53.790423Z,-73,39.001249,-74.914332,15120,1,0,2984,22.69
radio434mhz,1E336107,2025-05-27 19:30:53.935354Z,-66,39.001249,-74.914332
bluetooth,870614B1,2025-05-27 19:30:54.130197Z,-45,39.001256,-74.914329,63916,2,0,1492,16.85
bluetooth,367E0F4A,2025-05-27 19:30:54.911320Z,-82,39.001256,-74.914329,58569,1,0,2955,24.48
bluetooth,59FE8D30,2025-05-27 19:30:54.959894Z,-76,39.001256,-74.914329,3261,1,0,1886,22.82
radio434mhz,071E6661,2025-05-27 19:30:55.593247Z,-105,39.001263,-74.914330
bluetooth,07F9389E,2025-05-27 19:30:56.227623Z,-77,39.001271,-74.914337,34555,2,0,1542,25.88
bluetooth,3F9E3319,2025-05-27 19:30:56.471426Z,-82,39.001271,-74.914337,7450,1,0,1605,27.06
bluetooth,81D187E3,2025-05-27 19:30:56.714352Z,-79,39.001271,-74.914337,63073,1,0,2962,24.84
bluetooth,59FE8D30,2025-05-27 19:30:56.958081Z,-78,39.001271,-74.914337,22229,1,0,1885,22.69
bluetooth,A648A0E7,2025-05-27 19:30:57.055330Z,-76,39.001280,-74.914337,20094,1,0,2982,23.32
bluetooth,870614B1,2025-05-27 19:30:57.201929Z,-42,39.001280,-74.914337,13993,2,0,1492,16.93
bluetooth,D7510A57,2025-05-27 19:30:57.202551Z,-75,39.001280,-74.914337,17984,1,0,1909,24.21
bluetooth,2172633A,2025-05-27 19:30:57.348645Z,-73,39.001280,-74.914337,51253,2,0,1564,22.84
bluetooth,23D9727E,2025-05-27 19:30:57.543005Z,-38,39.001280,-74.914337,64010,2,0,1554,33.13
bluetooth,13323C65,2025-05-27 19:30:57.933864Z,-75,39.001280,-74.914337,10910,1,0,2983,22.82
bluetooth,59FE8D30,2025-05-27 19:30:57.934953Z,-73,39.001280,-74.914337,62643,1,0,1884,22.67
bluetooth,D7510A57,2025-05-27 19:30:58.226134Z,-74,39.001292,-74.914336,4107,1,0,1910,24.00
radio434mhz,071E6661,2025-05-27 19:30:58.810328Z,-101,39.001292,-74.914336
bluetooth,D7510A57,2025-05-27 19:30:59.249550Z,-79,39.001299,-74.914337,915,1,0,1909,24.23
radio434mhz,1E336107,2025-05-27 19:30:59.298029Z,-68,39.001299,-74.914337
bluetooth,81D187E3,2025-05-27 19:30:59.736680Z,-79,39.001299,-74.914337,25947,1,0,2962,24.81
bluetooth,13323C65,2025-05-27 19:30:59.883078Z,-72,39.001299,-74.914337,13610,1,0,2984,22.67
bluetooth,367E0F4A,2025-05-27 19:31:00.029193Z,-81,39.001299,-74.914337,13998,1,0,2956,24.59
userLocation,user,2025-05-27 19:31:00.030728Z,0,39.001307,-74.914339
bluetooth,A648A0E7,2025-05-27 19:31:00.127315Z,-72,39.001307,-74.914339,62246,1,0,2983,23.25
bluetooth,870614B1,2025-05-27 19:31:00.175920Z,-42,39.001307,-74.914339,55369,2,0,1495,16.78
bluetooth,D7510A57,2025-05-27 19:31:00.224546Z,-76,39.001307,-74.914339,49624,1,0,1910,24.33
bluetooth,2172633A,2025-05-27 19:31:00.371350Z,-69,39.001307,-74.914339,49785,2,0,1563,22.79
bluetooth,0000006E,2025-05-27 19:31:00.566292Z,-77,39.001307,-74.914339,35271,1,0,1877,23.90
bluetooth,81D187E3,2025-05-27 19:31:00.712560Z,-79,39.001307,-74.914339,23552,1,0,2961,24.81
bluetooth,367E0F4A,2025-05-27 19:31:01.004405Z,-81,39.001307,-74.914339,54212,1,0,2957,24.33
bluetooth,A648A0E7,2025-05-27 19:31:01.150720Z,-76,39.001314,-74.914342,17985,1,0,2982,23.47
bluetooth,13323C65,2025-05-27 19:31:01.980021Z,-73,39.001314,-74.914342,6367,1,0,2985,22.77
bluetooth,59FE8D30,2025-05-27 19:31:01.981657Z,-75,39.001314,-74.914342,52581,1,0,1884,22.89
bluetooth,367E0F4A,2025-05-27 19:31:02.027636Z,-70,39.001314,-74.914342,39137,1,0,2956,24.28
bluetooth,A648A0E7,2025-05-27 19:31:02.125514Z,-78,39.001325,-74.914339,34055,1,0,2983,23.47
bluetooth,367E0F4A,2025-05-27 19:31:03.052539Z,-80,39.001333,-74.914338,50004,1,0,2956,24.51
bluetooth,D7510A57,2025-05-27 19:31:03.246777Z,-73,39.001333,-74.914338,3686,1,0,1909,24.28
bluetooth,B78FE24A,2025-05-27 19:31:03.393487Z,-79,39.001333,-74.914338,26269,1,0,1828,25.12
bluetooth,0000006E,2025-05-27 19:31:03.588296Z,-85,39.001333,-74.914338,60698,1,0,1878,23.75
bluetooth,23D9727E,2025-05-27 19:31:03.880593Z,-42,39.001333,-74.914338,60117,2,0,1553,32.98
bluetooth,59FE8D30,2025-05-27 19:31:03.980270Z,-76,39.001333,-74.914338,9716,1,0,1884,22.74
radio434mhz,1E336107,2025-05-27 19:31:04.563736Z,-66,39.001342,-74.914340
radio434mhz,071E6661,2025-05-27 19:31:05.147815Z,-108,39.001342,-74.914341
bluetooth,77AAF9E2,2025-05-27 19:31:06.025619Z,-79,39.001342,-74.914341,39991,1,0,1617,26.15
bluetooth,870614B1,2025-05-27 19:31:06.123233Z,-44,39.001354,-74.914340,62975,2,0,1497,16.80
bluetooth,2172633A,2025-05-27 19:31:06.367786Z,-76,39.001354,-74.914340,61322,2,0,1563,22.64
bluetooth,23D9727E,2025-05-27 19:31:06.757254Z,-46,39.001354,-74.914340,56398,2,0,1553,33.13
bluetooth,59FE8D30,2025-05-27 19:31:07.000810Z,-87,39.001354,-74.914340,3611,1,0,1884,22.64
bluetooth,D7510A57,2025-05-27 19:31:08.219468Z,-81,39.001358,-74.914345,35554,1,0,1911,23.98
radio434mhz,071E6661,2025-05-27 19:31:08.268652Z,-96,39.001358,-74.914345
bluetooth,59FE8D30,2025-05-27 19:31:08.951447Z,-71,39.001358,-74.914345,314,1,0,1885,22.69
bluetooth,870614B1,2025-05-27 19:31:09.097078Z,-45,39.001362,-74.914354,55011,2,0,1496,16.95
bluetooth,A648A0E7,2025-05-27 19:31:09.243148Z,-77,39.001362,-74.914354,23254,1,0,2983,23.32
radio434mhz,614C192D,2025-05-27 19:31:09.681458Z,-106,39.001362,-74.914354
bluetooth,23D9727E,2025-05-27 19:31:09.780067Z,-40,39.001362,-74.914354,52246,2,0,1553,32.98
radio434mhz,1E336107,2025-05-27 19:31:09.925614Z,-67,39.001362,-74.914354
bluetooth,59FE8D30,2025-05-27 19:31:10.025395Z,-73,39.001362,-74.914354,3173,1,0,1884,22.67
userLocation,user,2025-05-27 19:31:10.033086Z,0,39.001366,-74.914354
radio434mhz,19332A07,2025-05-27 19:31:11.144862Z,-106,39.001366,-74.914353
bluetooth,77AAF9E2,2025-05-27 19:31:11.193163Z,-84,39.001366,-74.914353,1299,1,0,1617,25.93
radio434mhz,071E6661,2025-05-27 19:31:11.436714Z,-97,39.001366,-74.914353
bluetooth,870614B1,2025-05-27 19:31:12.070807Z,-43,39.001366,-74.914353,28606,2,0,1497,16.73
bluetooth,367E0F4A,2025-05-27 19:31:12.216986Z,-77,39.001366,-74.914353,28643,1,0,2955,24.46
bluetooth,13323C65,2025-05-27 19:31:13.143191Z,-78,39.001366,-74.914353,26535,1,0,2985,22.77
bluetooth,D7510A57,2025-05-27 19:31:13.289030Z,-80,39.001366,-74.914353,45539,1,0,1910,24.28
bluetooth,59FE8D30,2025-05-27 19:31:13.972037Z,-71,39.001366,-74.914353,10263,1,0,1885,22.92
bluetooth,13323C65,2025-05-27 19:31:14.118308Z,-78,39.001366,-74.914353,7578,1,0,2983,22.74
radio434mhz,071E6661,2025-05-27 19:31:14.849212Z,-97,39.001366,-74.914353
bluetooth,870614B1,2025-05-27 19:31:15.093334Z,-45,39.001366,-74.914353,13551,2,0,1498,16.52
bluetooth,13323C65,2025-05-27 19:31:15.141836Z,-78,39.001366,-74.914353,42122,1,0,2984,22.67
radio434mhz,1E336107,2025-05-27 19:31:15.239873Z,-66,39.001366,-74.914353
bluetooth,D7510A57,2025-05-27 19:31:15.241585Z,-79,39.001366,-74.914353,51387,1,0,1910,24.18
bluetooth,A648A0E7,2025-05-27 19:31:15.288049Z,-80,39.001366,-74.914353,5298,1,0,2983,22.97
bluetooth,2172633A,2025-05-27 19:31:15.385900Z,-77,39.001366,-74.914353,38821,2,0,1562,22.74
radio434mhz,342A074C,2025-05-27 19:31:15.776327Z,-106,39.001366,-74.914353
bluetooth,59FE8D30,2025-05-27 19:31:16.021787Z,-68,39.001366,-74.914353,58161,1,0,1884,22.87
bluetooth,367E0F4A,2025-05-27 19:31:16.311940Z,-76,39.001365,-74.914347,29581,1,0,2956,24.36
bluetooth,A648A0E7,2025-05-27 19:31:16.313110Z,-79,39.001365,-74.914347,43351,1,0,2984,23.22
bluetooth,59FE8D30,2025-05-27 19:31:16.994559Z,-71,39.001365,-74.914347,59723,1,0,1884,22.69
bluetooth,19836CFF,2025-05-27 19:31:17.043272Z,-85,39.001365,-74.914347,7500,1,0,1844,23.32
bluetooth,59FE8D30,2025-05-27 19:31:18.018547Z,-71,39.001365,-74.914347,9745,1,0,1885,22.77
radio434mhz,071E6661,2025-05-27 19:31:18.020870Z,-97,39.001365,-74.914347
bluetooth,13323C65,2025-05-27 19:31:18.262058Z,-76,39.001365,-74.914347,38132,1,0,2984,22.67
bluetooth,367E0F4A,2025-05-27 19:31:18.360723Z,-78,39.001365,-74.914347,2524,1,0,2956,24.43
bluetooth,E2A807D7,2025-05-27 19:31:18.994341Z,-82,39.001365,-74.914347,6038,1,0,1865,24.64
bluetooth,23D9727E,2025-05-27 19:31:19.090672Z,-38,39.001366,-74.914354,7548,2,0,1554,33.03
bluetooth,59FE8D30,2025-05-27 19:31:19.093013Z,-77,39.001366,-74.914354,24193,1,0,1883,22.89
bluetooth,3F9E3319,2025-05-27 19:31:19.237452Z,-85,39.001366,-74.914354,14564,1,0,1606,27.16
userLocation,user,2025-05-27 19:31:20.028957Z,0,39.001368,-74.914370
bluetooth,59FE8D30,2025-05-27 19:31:20.065804Z,-81,39.001368,-74.914370,52145,1,0,1884,22.67
bluetooth,13323C65,2025-05-27 19:31:20.260803Z,-73,39.001368,-74.914370,39185,1,0,2984,22.79
bluetooth,A648A0E7,2025-05-27 19:31:20.358487Z,-77,39.001368,-74.914370,22613,1,0,2982,23.12
radio434mhz,1E336107,2025-05-27 19:31:20.601791Z,-64,39.001368,-74.914370
radio434mhz,614C192D,2025-05-27 19:31:20.650536Z,-106,39.001368,-74.914370
bluetooth,870614B1,2025-05-27 19:31:21.138360Z,-45,39.001368,-74.914383,29864,2,0,1495,16.32
radio434mhz,071E6661,2025-05-27 19:31:21.186701Z,-108,39.001368,-74.914383
bluetooth,07F9389E,2025-05-27 19:31:21.284161Z,-73,39.001368,-74.914383,30552,2,0,1542,25.80
bluetooth,D7510A57,2025-05-27 19:31:21.382783Z,-79,39.001368,-74.914383,20566,1,0,1909,24.08
bluetooth,77AAF9E2,2025-05-27 19:31:21.723335Z,-80,39.001368,-74.914383,58483,1,0,1615,26.18
bluetooth,D7510A57,2025-05-27 19:31:22.308383Z,-74,39.001370,-74.914395,18619,1,0,1910,24.11
bluetooth,77AAF9E2,2025-05-27 19:31:22.600899Z,-77,39.001370,-74.914395,27449,1,0,1616,26.10
bluetooth,13323C65,2025-05-27 19:31:23.283927Z,-75,39.001369,-74.914404,2328,1,0,2984,22.74
bluetooth,A648A0E7,2025-05-27 19:31:23.429772Z,-78,39.001369,-74.914404,32593,1,0,2984,23.09
bluetooth,81D187E3,2025-05-27 19:31:23.868496Z,-79,39.001369,-74.914404,15509,1,0,2960,24.81
bluetooth,E197FE3E,2025-05-27 19:31:24.063552Z,-78,39.001367,-74.914415,43234,1,0,1619,27.42
bluetooth,13323C65,2025-05-27 19:31:24.405277Z,-69,39.001367,-74.914415,59178,1,0,2983,22.87
bluetooth,D7510A57,2025-05-27 19:31:24.412908Z,-73,39.001367,-74.914415,30132,1,0,1910,24.28
bluetooth,77AAF9E2,2025-05-27 19:31:24.452967Z,-77,39.001367,-74.914415,7321,1,0,1617,25.77
bluetooth,0000006E,2025-05-27 19:31:24.550882Z,-74,39.001367,-74.914415,6736,1,0,1876,24.03
bluetooth,23D9727E,2025-05-27 19:31:25.039941Z,-39,39.001368,-74.914428,11996,2,0,1554,32.95
bluetooth,77AAF9E2,2025-05-27 19:31:25.233929Z,-79,39.001368,-74.914428,3635,1,0,1616,25.88
bluetooth,13323C65,2025-05-27 19:31:25.331207Z,-70,39.001368,-74.914428,5056,1,0,2984,22.87
bluetooth,A648A0E7,2025-05-27 19:31:25.477779Z,-73,39.001368,-74.914428,10331,1,0,2982,23.27
bluetooth,E197FE3E,2025-05-27 19:31:25.770381Z,-78,39.001368,-74.914428,34382,1,0,1618,27.52
radio434mhz,1E336107,2025-05-27 19:31:25.965824Z,-61,39.001368,-74.914428
bluetooth,59FE8D30,2025-05-27 19:31:25.966230Z,-71,39.001368,-74.914428,35237,1,0,1883,22.61
bluetooth,77AAF9E2,2025-05-27 19:31:26.111362Z,-78,39.001369,-74.914442,5859,1,0,1615,25.88
radio434mhz,614C192D,2025-05-27 19:31:26.159341Z,-109,39.001369,-74.914442
bluetooth,D7510A57,2025-05-27 19:31:26.305831Z,-73,39.001369,-74.914442,17772,1,0,1909,24.13
bluetooth,B78FE24A,2025-05-27 19:31:26.403953Z,-79,39.001369,-74.914442,60644,1,0,1826,25.14
bluetooth,367E0F4A,2025-05-27 19:31:26.501451Z,-69,39.001369,-74.914442,40313,1,0,2955,24.46
bluetooth,81D187E3,2025-05-27 19:31:26.842780Z,-71,39.001369,-74.914442,11843,1,0,2961,24.79
bluetooth,77AAF9E2,2025-05-27 19:31:27.041067Z,-79,39.001368,-74.914454,17032,1,0,1617,26.05
bluetooth,D7510A57,2025-05-27 19:31:27.281307Z,-76,39.001368,-74.914454,51201,1,0,1909,24.03
bluetooth,2172633A,2025-05-27 19:31:27.378486Z,-74,39.001368,-74.914454,47331,2,0,1564,22.69
bluetooth,367E0F4A,2025-05-27 19:31:27.524676Z,-69,39.001368,-74.914454,58810,1,0,2956,24.48
radio434mhz,071E6661,2025-05-27 19:31:27.526356Z,-101,39.001368,-74.914454
bluetooth,81D187E3,2025-05-27 19:31:27.817213Z,-75,39.001368,-74.914454,38396,1,0,2961,24.69
bluetooth,367E0F4A,2025-05-27 19:31:28.548516Z,-66,39.001368,-74.914467,2197,1,0,2955,24.36
bluetooth,81D187E3,2025-05-27 19:31:28.841079Z,-75,39.001368,-74.914467,9661,1,0,2962,24.76
bluetooth,D7510A57,2025-05-27 19:31:29.280371Z,-71,39.001368,-74.914477,40347,1,0,1910,24.18
bluetooth,A648A0E7,2025-05-27 19:31:29.474242Z,-75,39.001368,-74.914477,15706,1,0,2983,23.40
bluetooth,367E0F4A,2025-05-27 19:31:29.572743Z,-67,39.001368,-74.914477,52028,1,0,2955,24.48
bluetooth,77AAF9E2,2025-05-27 19:31:29.621344Z,-80,39.001368,-74.914477,49542,1,0,1616,25.82
bluetooth,81D187E3,2025-05-27 19:31:29.816453Z,-77,39.001368,-74.914477,43669,1,0,2962,24.69
bluetooth,E197FE3E,2025-05-27 19:31:30.011438Z,-84,39.001368,-74.914477,36554,1,0,1618,27.42
userLocation,user,2025-05-27 19:31:30.029666Z,0,39.001368,-74.914489
bluetooth,870614B1,2025-05-27 19:31:30.108484Z,-42,39.001368,-74.914489,61659,2,0,1496,16.14
bluetooth,2172633A,2025-05-27 19:31:30.449633Z,-76,39.001368,-74.914489,31661,2,0,1563,22.49
bluetooth,13323C65,2025-05-27 19:31:30.498988Z,-74,39.001368,-74.914489,24243,1,0,2984,22.69
bluetooth,0000006E,2025-05-27 19:31:30.548181Z,-73,39.001368,-74.914489,18048,1,0,1876,24.21
bluetooth,367E0F4A,2025-05-27 19:31:30.552930Z,-68,39.001368,-74.914489,49685,1,0,2956,24.38
radio434mhz,071E6661,2025-05-27 19:31:30.693205Z,-97,39.001368,-74.914489
bluetooth,81D187E3,2025-05-27 19:31:30.840115Z,-76,39.001368,-74.914489,24555,1,0,2961,24.81
bluetooth,E2A807D7,2025-05-27 19:31:30.937063Z,-83,39.001368,-74.914489,41380,1,0,1865,24.46
bluetooth,D7510A57,2025-05-27 19:31:31.278575Z,-71,39.001366,-74.914500,3286,1,0,1909,24.06
bluetooth,07F9389E,2025-05-27 19:31:31.279512Z,-74,39.001366,-74.914500,42805,2,0,1543,25.72
radio434mhz,1E336107,2025-05-27 19:31:31.375679Z,-60,39.001366,-74.914500
bluetooth,13323C65,2025-05-27 19:31:31.522627Z,-72,39.001366,-74.914500,43346,1,0,2983,22.74
bluetooth,81D187E3,2025-05-27 19:31:31.863395Z,-80,39.001366,-74.914500,9996,1,0,2962,24.86
bluetooth,59FE8D30,2025-05-27 19:31:31.963582Z,-81,39.001366,-74.914500,61695,1,0,1883,22.87
bluetooth,13323C65,2025-05-27 19:31:32.497187Z,-67,39.001366,-74.914515,42977,1,0,2984,22.84
bluetooth,77AAF9E2,2025-05-27 19:31:33.131032Z,-80,39.001364,-74.914529,32459,1,0,1616,26.03
bluetooth,A648A0E7,2025-05-27 19:31:33.569805Z,-75,39.001364,-74.914529,22184,1,0,2984,23.50
bluetooth,367E0F4A,2025-05-27 19:31:33.618375Z,-75,39.001364,-74.914529,28425,1,0,2955,24.38
bluetooth,81D187E3,2025-05-27 19:31:33.813500Z,-79,39.001364,-74.914529,26402,1,0,2961,24.86
radio434mhz,071E6661,2025-05-27 19:31:33.861945Z,-106,39.001364,-74.914529
bluetooth,77AAF9E2,2025-05-27 19:31:34.057170Z,-83,39.001364,-74.914543,64009,1,0,1616,26.13
bluetooth,A648A0E7,2025-05-27 19:31:34.544869Z,-80,39.001364,-74.914543,56604,1,0,2982,23.30
bluetooth,367E0F4A,2025-05-27 19:31:34.642186Z,-69,39.001364,-74.914543,44892,1,0,2956,24.33
bluetooth,81D187E3,2025-05-27 19:31:34.837269Z,-77,39.001364,-74.914543,47112,1,0,2961,24.74
bluetooth,59FE8D30,2025-05-27 19:31:35.032226Z,-84,39.001365,-74.914552,21008,1,0,1883,22.67
bluetooth,B78FE24A,2025-05-27 19:31:35.376462Z,-78,39.001365,-74.914552,34410,1,0,1825,25.14
bluetooth,13323C65,2025-05-27 19:31:35.471452Z,-73,39.001365,-74.914552,52323,1,0,2982,22.82
bluetooth,A648A0E7,2025-05-27 19:31:35.568863Z,-78,39.001365,-74.914552,6948,1,0,2983,23.27
bluetooth,77AAF9E2,2025-05-27 19:31:35.812093Z,-80,39.001365,-74.914552,37531,1,0,1616,26.08
bluetooth,E2A807D7,2025-05-27 19:31:35.909721Z,-81,39.001365,-74.914552,57430,1,0,1863,24.56
bluetooth,870614B1,2025-05-27 19:31:36.056008Z,-47,39.001364,-74.914564,51023,2,0,1495,16.04
bluetooth,07F9389E,2025-05-27 19:31:36.299445Z,-77,39.001364,-74.914564,53239,2,0,1543,25.77
bluetooth,81D187E3,2025-05-27 19:31:36.836616Z,-79,39.001364,-74.914564,54088,1,0,2961,24.84
bluetooth,23D9727E,2025-05-27 19:31:37.226262Z,-38,39.001365,-74.914574,20830,2,0,1553,32.72
bluetooth,E197FE3E,2025-05-27 19:31:37.713562Z,-81,39.001365,-74.914574,35146,1,0,1618,27.47
bluetooth,367E0F4A,2025-05-27 19:31:37.715573Z,-76,39.001365,-74.914574,967,1,0,2956,24.36
bluetooth,81D187E3,2025-05-27 19:31:37.860452Z,-83,39.001365,-74.914574,57072,1,0,2961,24.76
bluetooth,13323C65,2025-05-27 19:31:38.590939Z,-72,39.001363,-74.914586,24998,1,0,2983,22.72
bluetooth,A648A0E7,2025-05-27 19:31:38.640Z,-78,39.001363,-74.914586,2496,1,0,2983,23.52
bluetooth,870614B1,2025-05-27 19:31:39.078553Z,-46,39.001362,-74.914594,62287,2,0,1496,15.92
bluetooth,2172633A,2025-05-27 19:31:39.420118Z,-82,39.001362,-74.914594,22738,2,0,1563,22.72
bluetooth,A648A0E7,2025-05-27 19:31:39.712202Z,-74,39.001362,-74.914594,61129,1,0,2983,23.40
bluetooth,367E0F4A,2025-05-27 19:31:39.810432Z,-71,39.001362,-74.914594,32741,1,0,2956,24.48
bluetooth,59FE8D30,2025-05-27 19:31:39.956593Z,-71,39.001362,-74.914594,41319,1,0,1882,22.69
userLocation,user,2025-05-27 19:31:40.028162Z,0,39.001359,-74.914597
radio434mhz,071E6661,2025-05-27 19:31:40.200087Z,-99,39.001359,-74.914597
bluetooth,81D187E3,2025-05-27 19:31:40.834126Z,-80,39.001359,-74.914597,4018,1,0,2961,24.76
bluetooth,59FE8D30,2025-05-27 19:31:40.980442Z,-71,39.001359,-74.914597,42475,1,0,1883,22.77
bluetooth,D7510A57,2025-05-27 19:31:41.273833Z,-75,39.001359,-74.914593,46759,1,0,1909,24.18
bluetooth,3F9E3319,2025-05-27 19:31:41.467149Z,-81,39.001359,-74.914593,56497,1,0,1604,27.14
bluetooth,A648A0E7,2025-05-27 19:31:41.711645Z,-78,39.001359,-74.914593,2716,1,0,2983,22.97
radio434mhz,1E336107,2025-05-27 19:31:42.004071Z,-63,39.001359,-74.914593
bluetooth,19836CFF,2025-05-27 19:31:42.101705Z,-83,39.001359,-74.914593,16990,1,0,1842,22.97
bluetooth,2172633A,2025-05-27 19:31:42.442289Z,-81,39.001359,-74.914593,22883,2,0,1563,22.51
bluetooth,0000006E,2025-05-27 19:31:42.539834Z,-73,39.001359,-74.914593,30085,1,0,1876,24.16
bluetooth,13323C65,2025-05-27 19:31:42.637204Z,-71,39.001359,-74.914593,24599,1,0,2983,22.89
bluetooth,E197FE3E,2025-05-27 19:31:42.833991Z,-81,39.001359,-74.914593,52512,1,0,1619,27.29
bluetooth,81D187E3,2025-05-27 19:31:42.834324Z,-80,39.001359,-74.914593,55183,1,0,2961,24.76
radio434mhz,071E6661,2025-05-27 19:31:43.368778Z,-99,39.001359,-74.914593
bluetooth,A648A0E7,2025-05-27 19:31:43.661155Z,-75,39.001359,-74.914593,7543,1,0,2981,23.50
bluetooth,D7510A57,2025-05-27 19:31:44.246399Z,-74,39.001359,-74.914593,57654,1,0,1908,24.06
bluetooth,E197FE3E,2025-05-27 19:31:44.538626Z,-79,39.001359,-74.914593,52763,1,0,1619,27.69
bluetooth,A648A0E7,2025-05-27 19:31:44.684946Z,-83,39.001359,-74.914593,31581,1,0,2984,23.02
bluetooth,81D187E3,2025-05-27 19:31:44.879709Z,-81,39.001359,-74.914593,31254,1,0,2961,24.81
bluetooth,59FE8D30,2025-05-27 19:31:44.977230Z,-76,39.001359,-74.914593,26193,1,0,1883,22.74
bluetooth,870614B1,2025-05-27 19:31:45.075063Z,-41,39.001359,-74.914593,50482,2,0,1496,16.17
bluetooth,77AAF9E2,2025-05-27 19:31:45.562725Z,-83,39.001359,-74.914593,49695,1,0,1618,25.95
bluetooth,13323C65,2025-05-27 19:31:45.659904Z,-70,39.001359,-74.914593,7012,1,0,2983,22.99
bluetooth,59FE8D30,2025-05-27 19:31:45.952879Z,-82,39.001359,-74.914593,10780,1,0,1882,22.67
bluetooth,23D9727E,2025-05-27 19:31:46.391135Z,-45,39.001359,-74.914593,30877,2,0,1553,32.77
radio434mhz,071E6661,2025-05-27 19:31:46.537108Z,-99,39.001359,-74.914593
bluetooth,13323C65,2025-05-27 19:31:46.683676Z,-70,39.001359,-74.914593,17757,1,0,2984,22.97
bluetooth,A648A0E7,2025-05-27 19:31:46.685317Z,-75,39.001359,-74.914593,3197,1,0,2985,23.15
bluetooth,81D187E3,2025-05-27 19:31:46.878689Z,-82,39.001359,-74.914593,54907,1,0,2963,24.66
bluetooth,367E0F4A,2025-05-27 19:31:46.927265Z,-71,39.001359,-74.914593,53412,1,0,2955,24.31
bluetooth,D7510A57,2025-05-27 19:31:47.268649Z,-74,39.001359,-74.914593,42075,1,0,1909,24.18
radio434mhz,1E336107,2025-05-27 19:31:47.365812Z,-64,39.001359,-74.914593
bluetooth,13323C65,2025-05-27 19:31:47.756745Z,-70,39.001359,-74.914593,25308,1,0,2983,22.92
bluetooth,A648A0E7,2025-05-27 19:31:47.758673Z,-83,39.001359,-74.914593,55083,1,0,2982,23.40
bluetooth,870614B1,2025-05-27 19:31:48.048400Z,-41,39.001359,-74.914593,46898,2,0,1495,15.94
bluetooth,D7510A57,2025-05-27 19:31:48.244165Z,-71,39.001359,-74.914593,7261,1,0,1908,24.21
bluetooth,2172633A,2025-05-27 19:31:48.438477Z,-81,39.001359,-74.914593,18948,2,0,1562,22.87
bluetooth,13323C65,2025-05-27 19:31:48.731204Z,-70,39.001359,-74.914593,38531,1,0,2984,22.77
bluetooth,23D9727E,2025-05-27 19:31:49.413604Z,-41,39.001359,-74.914593,26027,2,0,1554,32.83
radio434mhz,071E6661,2025-05-27 19:31:49.705910Z,-99,39.001359,-74.914593
bluetooth,E197FE3E,2025-05-27 19:31:49.706919Z,-85,39.001359,-74.914593,49364,1,0,1619,27.06
bluetooth,13323C65,2025-05-27 19:31:49.754830Z,-73,39.001359,-74.914593,60756,1,0,2982,22.97
bluetooth,81D187E3,2025-05-27 19:31:49.901113Z,-78,39.001359,-74.914593,7788,1,0,2961,24.84
bluetooth,367E0F4A,2025-05-27 19:31:49.949797Z,-69,39.001359,-74.914593,10881,1,0,2956,24.33
userLocation,user,2025-05-27 19:31:50.029469Z,0,39.001359,-74.914593
bluetooth,3F9E3319,2025-05-27 19:31:50.193761Z,-82,39.001359,-74.914593,38286,1,0,1605,27.19
bluetooth,D7510A57,2025-05-27 19:31:50.291218Z,-70,39.001359,-74.914593,54056,1,0,1909,24.11
bluetooth,13323C65,2025-05-27 19:31:50.780876Z,-73,39.001359,-74.914593,23189,1,0,2984,22.79
bluetooth,81D187E3,2025-05-27 19:31:50.876050Z,-76,39.001359,-74.914593,64393,1,0,2961,24.76
bluetooth,59FE8D30,2025-05-27 19:31:50.973670Z,-72,39.001359,-74.914593,9734,1,0,1882,22.74
bluetooth,870614B1,2025-05-27 19:31:51.071141Z,-44,39.001359,-74.914593,38016,2,0,1496,16.17
bluetooth,0000006E,2025-05-27 19:31:51.512077Z,-76,39.001359,-74.914593,49496,1,0,1876,24.06
bluetooth,A648A0E7,2025-05-27 19:31:51.803258Z,-76,39.001359,-74.914593,31240,1,0,2982,23.40
bluetooth,13323C65,2025-05-27 19:31:51.805353Z,-72,39.001359,-74.914593,48044,1,0,2982,22.79
bluetooth,81D187E3,2025-05-27 19:31:51.851230Z,-81,39.001359,-74.914593,56450,1,0,2961,24.74
bluetooth,59FE8D30,2025-05-27 19:31:51.949194Z,-77,39.001359,-74.914593,56796,1,0,1882,22.69
bluetooth,367E0F4A,2025-05-27 19:31:51.998029Z,-72,39.001359,-74.914593,23855,1,0,2956,24.31
bluetooth,D7510A57,2025-05-27 19:31:52.290507Z,-70,39.001355,-74.914586,47288,1,0,1909,24.16
bluetooth,23D9727E,2025-05-27 19:31:52.533836Z,-42,39.001355,-74.914586,27343,2,0,1554,32.77
radio434mhz,1E336107,2025-05-27 19:31:52.777221Z,-64,39.001355,-74.914586
bluetooth,A648A0E7,2025-05-27 19:31:52.826296Z,-75,39.001355,-74.914586,22176,1,0,2982,23.27
radio434mhz,071E6661,2025-05-27 19:31:52.876243Z,-99,39.001355,-74.914586
bluetooth,59FE8D30,2025-05-27 19:31:53.021946Z,-76,39.001355,-74.914586,3434,1,0,1882,22.84
bluetooth,D7510A57,2025-05-27 19:31:53.314280Z,-77,39.001354,-74.914600,48976,1,0,1909,24.08
bluetooth,A648A0E7,2025-05-27 19:31:53.802594Z,-76,39.001354,-74.914600,64199,1,0,2982,23.45
bluetooth,13323C65,2025-05-27 19:31:53.802882Z,-69,39.001354,-74.914600,37907,1,0,2983,22.79
bluetooth,59FE8D30,2025-05-27 19:31:54.045575Z,-74,39.001355,-74.914614,5555,1,0,1883,22.79
bluetooth,870614B1,2025-05-27 19:31:54.052326Z,-45,39.001355,-74.914614,48628,2,0,1495,16.25
bluetooth,3F9E3319,2025-05-27 19:31:54.288596Z,-81,39.001355,-74.914614,39159,1,0,1604,27.14
bluetooth,A648A0E7,2025-05-27 19:31:54.825057Z,-75,39.001355,-74.914614,50608,1,0,2982,23.25
bluetooth,13323C65,2025-05-27 19:31:54.873766Z,-73,39.001355,-74.914614,59552,1,0,2983,22.92
bluetooth,367E0F4A,2025-05-27 19:31:55.069568Z,-81,39.001356,-74.914633,2398,1,0,2955,24.36
bluetooth,19836CFF,2025-05-27 19:31:55.118026Z,-83,39.001356,-74.914633,5682,1,0,1844,23.04
bluetooth,23D9727E,2025-05-27 19:31:55.556388Z,-44,39.001356,-74.914633,25806,2,0,1552,32.93
bluetooth,A648A0E7,2025-05-27 19:31:55.848812Z,-74,39.001356,-74.914633,24969,1,0,2984,23.02
radio434mhz,071E6661,2025-05-27 19:31:56.043348Z,-95,39.001357,-74.914648
bluetooth,A648A0E7,2025-05-27 19:31:56.873225Z,-73,39.001357,-74.914648,3417,1,0,2983,23.32
bluetooth,13323C65,2025-05-27 19:31:56.874313Z,-67,39.001357,-74.914648,8569,1,0,2983,22.89
bluetooth,81D187E3,2025-05-27 19:31:56.969882Z,-75,39.001357,-74.914648,42306,1,0,2962,24.76
bluetooth,D7510A57,2025-05-27 19:31:57.311235Z,-76,39.001357,-74.914662,50758,1,0,1908,24.16
bluetooth,13323C65,2025-05-27 19:31:57.896179Z,-70,39.001357,-74.914662,46571,1,0,2983,22.74
bluetooth,77AAF9E2,2025-05-27 19:31:57.944757Z,-76,39.001357,-74.914662,30201,1,0,1616,25.80
bluetooth,E2A807D7,2025-05-27 19:31:58.045843Z,-81,39.001356,-74.914676,31362,1,0,1862,24.48
radio434mhz,1E336107,2025-05-27 19:31:58.046061Z,-63,39.001356,-74.914676
bluetooth,367E0F4A,2025-05-27 19:31:58.139749Z,-78,39.001356,-74.914676,37492,1,0,2955,24.59
bluetooth,D7510A57,2025-05-27 19:31:58.334907Z,-81,39.001356,-74.914676,50583,1,0,1908,24.08
bluetooth,23D9727E,2025-05-27 19:31:58.578816Z,-40,39.001356,-74.914676,28906,2,0,1553,32.75
bluetooth,A648A0E7,2025-05-27 19:31:58.871258Z,-75,39.001356,-74.914676,22869,1,0,2982,23.40
bluetooth,81D187E3,2025-05-27 19:31:58.919966Z,-80,39.001356,-74.914676,3240,1,0,2961,24.69
radio434mhz,071E6661,2025-05-27 19:31:59.212178Z,-97,39.001360,-74.914678
bluetooth,81D187E3,2025-05-27 19:31:59.894998Z,-81,39.001360,-74.914678,6873,1,0,2962,24.84
bluetooth,13323C65,2025-05-27 19:31:59.992433Z,-73,39.001360,-74.914678,52787,1,0,2983,22.74
bluetooth,59FE8D30,2025-05-27 19:31:59.993140Z,-73,39.001360,-74.914678,49108,1,0,1882,22.84
userLocation,user,2025-05-27 19:32:00.029369Z,0,39.001358,-74.914692
bluetooth,D7510A57,2025-05-27 19:32:00.333867Z,-73,39.001358,-74.914692,18944,1,0,1909,24.21
bluetooth,2172633A,2025-05-27 19:32:00.431179Z,-82,39.001358,-74.914692,3035,2,0,1563,22.64
bluetooth,0000006E,2025-05-27 19:32:00.577544Z,-82,39.001358,-74.914692,50982,1,0,1876,24.18
bluetooth,81D187E3,2025-05-27 19:32:00.918665Z,-77,39.001358,-74.914692,29230,1,0,2963,24.69
bluetooth,07F9389E,2025-05-27 19:32:01.357452Z,-78,39.001358,-74.914704,37452,2,0,1543,25.85
bluetooth,23D9727E,2025-05-27 19:32:01.651014Z,-48,39.001358,-74.914704,30816,2,0,1552,32.77
bluetooth,A648A0E7,2025-05-27 19:32:01.942577Z,-78,39.001358,-74.914704,30941,1,0,2983,23.60
bluetooth,13323C65,2025-05-27 19:32:01.943893Z,-78,39.001358,-74.914704,62635,1,0,2984,22.99
bluetooth,D7510A57,2025-05-27 19:32:02.332858Z,-74,39.001358,-74.914718,49938,1,0,1909,24.31
radio434mhz,071E6661,2025-05-27 19:32:02.430455Z,-99,39.001358,-74.914718
bluetooth,A648A0E7,2025-05-27 19:32:02.966794Z,-70,39.001358,-74.914718,33604,1,0,2982,23.58
bluetooth,13323C65,2025-05-27 19:32:02.968054Z,-71,39.001358,-74.914718,57015,1,0,2983,22.84
bluetooth,870614B1,2025-05-27 19:32:03.015334Z,-46,39.001358,-74.914718,59332,2,0,1497,16.09
bluetooth,77AAF9E2,2025-05-27 19:32:03.356661Z,-82,39.001358,-74.914730,44312,1,0,1617,26.10
bluetooth,D7510A57,2025-05-27 19:32:03.405603Z,-78,39.001358,-74.914730,51487,1,0,1908,23.90
radio434mhz,1E336107,2025-05-27 19:32:03.406877Z,-62,39.001358,-74.914730
bluetooth,59FE8D30,2025-05-27 19:32:03.941863Z,-75,39.001358,-74.914730,21606,1,0,1882,22.77
bluetooth,13323C65,2025-05-27 19:32:04.041013Z,-74,39.001355,-74.914736,35878,1,0,2984,22.67
bluetooth,D7510A57,2025-05-27 19:32:04.331130Z,-75,39.001355,-74.914736,53616,1,0,1908,24.08
bluetooth,23D9727E,2025-05-27 19:32:04.673148Z,-40,39.001355,-74.914736,20348,2,0,1554,32.85
bluetooth,A648A0E7,2025-05-27 19:32:04.965034Z,-76,39.001355,-74.914736,21076,1,0,2983,23.30
bluetooth,77AAF9E2,2025-05-27 19:32:05.114531Z,-77,39.001344,-74.914723,2852,1,0,1616,26.00
bluetooth,367E0F4A,2025-05-27 19:32:05.257455Z,-79,39.001344,-74.914723,26054,1,0,2956,24.56
bluetooth,D7510A57,2025-05-27 19:32:05.306829Z,-77,39.001344,-74.914723,31733,1,0,1909,24.16
radio434mhz,071E6661,2025-05-27 19:32:05.744870Z,-110,39.001344,-74.914723
bluetooth,870614B1,2025-05-27 19:32:06.086837Z,-43,39.001359,-74.914760,24307,2,0,1498,16.12
bluetooth,B78FE24A,2025-05-27 19:32:06.427351Z,-82,39.001359,-74.914760,44722,1,0,1824,24.99
bluetooth,59FE8D30,2025-05-27 19:32:06.963849Z,-83,39.001359,-74.914760,44823,1,0,1881,22.92
bluetooth,A648A0E7,2025-05-27 19:32:06.965059Z,-76,39.001359,-74.914760,47570,1,0,2983,23.58
bluetooth,13323C65,2025-05-27 19:32:07.061091Z,-75,39.001361,-74.914773,41819,1,0,2983,22.77
bluetooth,D7510A57,2025-05-27 19:32:07.304855Z,-78,39.001361,-74.914773,16566,1,0,1908,24.00
bluetooth,A648A0E7,2025-05-27 19:32:07.987173Z,-77,39.001361,-74.914773,23525,1,0,2982,22.87
bluetooth,D7510A57,2025-05-27 19:32:08.329387Z,-79,39.001361,-74.914784,47683,1,0,1908,24.18
radio434mhz,1E336107,2025-05-27 19:32:08.767078Z,-60,39.001361,-74.914784
bluetooth,81D187E3,2025-05-27 19:32:08.913483Z,-83,39.001361,-74.914784,24041,1,0,2961,24.79
radio434mhz,071E6661,2025-05-27 19:32:08.962615Z,-103,39.001361,-74.914784
bluetooth,59FE8D30,2025-05-27 19:32:08.965081Z,-72,39.001361,-74.914784,45175,1,0,1881,22.74
bluetooth,870614B1,2025-05-27 19:32:09.010750Z,-44,39.001361,-74.914784,26556,2,0,1497,15.97
bluetooth,13323C65,2025-05-27 19:32:09.060552Z,-78,39.001361,-74.914794,24651,1,0,2983,22.84
bluetooth,2172633A,2025-05-27 19:32:09.498892Z,-83,39.001361,-74.914794,7035,2,0,1563,22.51
bluetooth,0000006E,2025-05-27 19:32:09.596754Z,-76,39.001361,-74.914794,4025,1,0,1875,24.11
bluetooth,81D187E3,2025-05-27 19:32:09.937419Z,-83,39.001361,-74.914794,62521,1,0,2961,24.94
bluetooth,59FE8D30,2025-05-27 19:32:09.986892Z,-81,39.001361,-74.914794,21485,1,0,1881,22.79
userLocation,user,2025-05-27 19:32:10.029626Z,0,39.001361,-74.914805
bluetooth,13323C65,2025-05-27 19:32:10.133277Z,-75,39.001361,-74.914805,13202,1,0,2982,22.82
bluetooth,81D187E3,2025-05-27 19:32:10.912913Z,-83,39.001361,-74.914805,64704,1,0,2961,24.71
bluetooth,A648A0E7,2025-05-27 19:32:11.059316Z,-74,39.001360,-74.914816,27023,1,0,2983,23.25
bluetooth,13323C65,2025-05-27 19:32:11.107560Z,-77,39.001360,-74.914816,63839,1,0,2984,22.79
bluetooth,07F9389E,2025-05-27 19:32:11.400123Z,-81,39.001360,-74.914816,43932,2,0,1543,25.72
bluetooth,870614B1,2025-05-27 19:32:11.985054Z,-47,39.001360,-74.914816,40177,2,0,1496,15.64
radio434mhz,071E6661,2025-05-27 19:32:12.131117Z,-105,39.001359,-74.914826
bluetooth,13323C65,2025-05-27 19:32:12.132030Z,-79,39.001359,-74.914826,4847,1,0,2984,22.92
bluetooth,D7510A57,2025-05-27 19:32:13.350851Z,-79,39.001356,-74.914829,39305,1,0,1909,24.26
radio434mhz,1E336107,2025-05-27 19:32:14.129820Z,-64,39.001355,-74.914831
bluetooth,59FE8D30,2025-05-27 19:32:14.958720Z,-82,39.001355,-74.914831,64830,1,0,1881,22.72
bluetooth,A648A0E7,2025-05-27 19:32:15.056201Z,-84,39.001353,-74.914831,39088,1,0,2983,23.37
radio434mhz,071E6661,2025-05-27 19:32:15.251765Z,-109,39.001353,-74.914831
bluetooth,59FE8D30,2025-05-27 19:32:15.983101Z,-83,39.001353,-74.914831,35378,1,0,1881,22.77
bluetooth,A648A0E7,2025-05-27 19:32:16.080720Z,-81,39.001353,-74.914831,2496,1,0,2984,23.25
bluetooth,23D9727E,2025-05-27 19:32:16.860250Z,-36,39.001353,-74.914831,15570,2,0,1554,32.75
bluetooth,A648A0E7,2025-05-27 19:32:17.103896Z,-80,39.001353,-74.914831,2520,1,0,2982,23.32
bluetooth,870614B1,2025-05-27 19:32:17.981459Z,-40,39.001353,-74.914831,4856,2,0,1494,15.79
radio434mhz,071E6661,2025-05-27 19:32:18.420398Z,-109,39.001353,-74.914831
bluetooth,A648A0E7,2025-05-27 19:32:19.103243Z,-84,39.001352,-74.914831,23890,1,0,2983,23.07
radio434mhz,1E336107,2025-05-27 19:32:19.443641Z,-66,39.001352,-74.914831
bluetooth,23D9727E,2025-05-27 19:32:19.931784Z,-35,39.001352,-74.914831,8627,2,0,1553,32.75
bluetooth,59FE8D30,2025-05-27 19:32:20.028648Z,-82,39.001352,-74.914831,49506,1,0,1882,22.77
bluetooth,A648A0E7,2025-05-27 19:32:20.126912Z,-83,39.001352,-74.914831,8570,1,0,2984,23.27
bluetooth,D7510A57,2025-05-27 19:32:20.370795Z,-81,39.001352,-74.914831,43421,1,0,1908,24.03
radio434mhz,071E6661,2025-05-27 19:32:21.589187Z,-104,39.001345,-74.914825
bluetooth,23D9727E,2025-05-27 19:32:22.954576Z,-38,39.001339,-74.914828,6723,2,0,1553,32.72
bluetooth,59FE8D30,2025-05-27 19:32:23.003105Z,-76,39.001339,-74.914828,49910,1,0,1882,22.59
bluetooth,13323C65,2025-05-27 19:32:23.344623Z,-82,39.001324,-74.914830,35180,1,0,2984,22.82
bluetooth,D7510A57,2025-05-27 19:32:23.346428Z,-77,39.001324,-74.914830,24475,1,0,1908,23.98
bluetooth,870614B1,2025-05-27 19:32:24.026719Z,-43,39.001324,-74.914830,17211,2,0,1493,15.92
bluetooth,A648A0E7,2025-05-27 19:32:24.172865Z,-81,39.001312,-74.914829,35306,1,0,2983,23.37
bluetooth,13323C65,2025-05-27 19:32:24.367654Z,-79,39.001312,-74.914829,32639,1,0,2983,22.79
radio434mhz,071E6661,2025-05-27 19:32:24.757939Z,-103,39.001312,-74.914829
radio434mhz,1E336107,2025-05-27 19:32:24.806227Z,-64,39.001312,-74.914829
bluetooth,59FE8D30,2025-05-27 19:32:25.002108Z,-82,39.001312,-74.914829,23214,1,0,1881,22.84
bluetooth,59FE8D30,2025-05-27 19:32:25.977356Z,-78,39.001303,-74.914824,49689,1,0,1881,22.72
bluetooth,23D9727E,2025-05-27 19:32:26.026094Z,-41,39.001303,-74.914824,4227,2,0,1554,32.77
bluetooth,D7510A57,2025-05-27 19:32:26.367077Z,-76,39.001295,-74.914822,64697,1,0,1908,24.03
bluetooth,07F9389E,2025-05-27 19:32:26.464149Z,-79,39.001295,-74.914822,27045,2,0,1542,26.03
bluetooth,59FE8D30,2025-05-27 19:32:27.000266Z,-75,39.001295,-74.914822,31885,1,0,1880,22.67
radio434mhz,071E6661,2025-05-27 19:32:27.975072Z,-103,39.001287,-74.914820
bluetooth,59FE8D30,2025-05-27 19:32:27.977432Z,-81,39.001287,-74.914820,43012,1,0,1880,22.82
bluetooth,D7510A57,2025-05-27 19:32:28.365123Z,-77,39.001277,-74.914820,25846,1,0,1908,24.13
bluetooth,81D187E3,2025-05-27 19:32:28.999637Z,-81,39.001277,-74.914820,60286,1,0,2962,24.76
bluetooth,367E0F4A,2025-05-27 19:32:29.781208Z,-76,39.001269,-74.914818,53123,1,0,2956,24.33
userLocation,user,2025-05-27 19:32:30.027700Z,0,39.001264,-74.914819
bluetooth,870614B1,2025-05-27 19:32:30.071293Z,-44,39.001264,-74.914819,57080,2,0,1492,15.92
radio434mhz,1E336107,2025-05-27 19:32:30.072548Z,-65,39.001264,-74.914819
bluetooth,D7510A57,2025-05-27 19:32:30.412808Z,-70,39.001264,-74.914819,63691,1,0,1907,24.21
bluetooth,13323C65,2025-05-27 19:32:30.461806Z,-80,39.001264,-74.914819,61864,1,0,2983,22.84
bluetooth,59FE8D30,2025-05-27 19:32:30.949020Z,-80,39.001264,-74.914819,46919,1,0,1879,22.74
radio434mhz,071E6661,2025-05-27 19:32:31.095092Z,-106,39.001259,-74.914822
bluetooth,367E0F4A,2025-05-27 19:32:31.826623Z,-79,39.001259,-74.914822,46759,1,0,2956,24.41
bluetooth,23D9727E,2025-05-27 19:32:32.119546Z,-41,39.001253,-74.914821,51884,2,0,1553,32.62
bluetooth,D7510A57,2025-05-27 19:32:32.363312Z,-68,39.001253,-74.914821,49820,1,0,1907,24.11
bluetooth,870614B1,2025-05-27 19:32:32.947807Z,-43,39.001253,-74.914821,24431,2,0,1492,16.14
bluetooth,81D187E3,2025-05-27 19:32:33.045953Z,-83,39.001240,-74.914820,52327,1,0,2962,24.76
bluetooth,D7510A57,2025-05-27 19:32:33.392539Z,-77,39.001240,-74.914820,58231,1,0,1908,24.11
bluetooth,59FE8D30,2025-05-27 19:32:34.897928Z,-72,39.001232,-74.914820,12257,1,0,1881,22.79
bluetooth,81D187E3,2025-05-27 19:32:34.995439Z,-83,39.001232,-74.914820,38434,1,0,2962,24.76
bluetooth,23D9727E,2025-05-27 19:32:35.141626Z,-34,39.001222,-74.914817,51876,2,0,1554,32.85
bluetooth,D7510A57,2025-05-27 19:32:35.385810Z,-81,39.001222,-74.914817,6086,1,0,1907,24.11
radio434mhz,1E336107,2025-05-27 19:32:35.387704Z,-65,39.001222,-74.914817
bluetooth,870614B1,2025-05-27 19:32:35.970855Z,-47,39.001222,-74.914817,46788,2,0,1494,15.97
bluetooth,2172633A,2025-05-27 19:32:36.507272Z,-81,39.001216,-74.914817,24363,2,0,1564,22.69
bluetooth,77AAF9E2,2025-05-27 19:32:36.508388Z,-81,39.001216,-74.914817,34160,1,0,1616,25.82
bluetooth,0000006E,2025-05-27 19:32:36.555816Z,-75,39.001216,-74.914817,56727,1,0,1874,24.03
bluetooth,13323C65,2025-05-27 19:32:36.604277Z,-81,39.001216,-74.914817,49745,1,0,2983,22.72
bluetooth,59FE8D30,2025-05-27 19:32:36.896892Z,-79,39.001216,-74.914817,33512,1,0,1879,22.74
bluetooth,A648A0E7,2025-05-27 19:32:37.335269Z,-82,39.001210,-74.914815,41909,1,0,2982,23.15
bluetooth,367E0F4A,2025-05-27 19:32:37.969072Z,-82,39.001210,-74.914815,41357,1,0,2957,24.28
bluetooth,23D9727E,2025-05-27 19:32:38.213317Z,-38,39.001198,-74.914816,54901,2,0,1553,32.77
bluetooth,367E0F4A,2025-05-27 19:32:38.944435Z,-77,39.001198,-74.914816,10761,1,0,2956,24.36
bluetooth,2172633A,2025-05-27 19:32:39.480780Z,-81,39.001189,-74.914818,26249,2,0,1564,22.56
userLocation,user,2025-05-27 19:32:40.032089Z,0,39.001180,-74.914817
radio434mhz,071E6661,2025-05-27 19:32:40.602078Z,-110,39.001180,-74.914817
radio434mhz,1E336107,2025-05-27 19:32:40.699643Z,-66,39.001180,-74.914817
bluetooth,23D9727E,2025-05-27 19:32:41.284702Z,-46,39.001171,-74.914817,53947,2,0,1552,32.72
bluetooth,D7510A57,2025-05-27 19:32:41.382170Z,-75,39.001171,-74.914817,30058,1,0,1907,24.11
bluetooth,07F9389E,2025-05-27 19:32:41.430714Z,-81,39.001171,-74.914817,28447,2,0,1543,25.80
bluetooth,59FE8D30,2025-05-27 19:32:41.918292Z,-79,39.001171,-74.914817,1379,1,0,1880,22.69
bluetooth,367E0F4A,2025-05-27 19:32:42.015983Z,-82,39.001171,-74.914817,4547,1,0,2955,24.28
bluetooth,13323C65,2025-05-27 19:32:43.673467Z,-79,39.001162,-74.914812,35194,1,0,2983,22.79
radio434mhz,071E6661,2025-05-27 19:32:43.770832Z,-107,39.001162,-74.914812
bluetooth,59FE8D30,2025-05-27 19:32:43.965354Z,-81,39.001162,-74.914812,17093,1,0,1881,22.74
bluetooth,A648A0E7,2025-05-27 19:32:44.453525Z,-84,39.001160,-74.914811,48578,1,0,2984,23.25
bluetooth,870614B1,2025-05-27 19:32:44.940780Z,-44,39.001160,-74.914811,26405,2,0,1492,15.97
bluetooth,59FE8D30,2025-05-27 19:32:44.988987Z,-73,39.001160,-74.914811,29025,1,0,1880,22.72
radio434mhz,1E336107,2025-05-27 19:32:46.012941Z,-65,39.001160,-74.914810
radio434mhz,071E6661,2025-05-27 19:32:46.938842Z,-105,39.001160,-74.914810
bluetooth,59FE8D30,2025-05-27 19:32:47.037024Z,-75,39.001160,-74.914810,49149,1,0,1879,22.69
bluetooth,D7510A57,2025-05-27 19:32:47.427366Z,-67,39.001160,-74.914810,10135,1,0,1907,23.98
bluetooth,23D9727E,2025-05-27 19:32:47.428446Z,-38,39.001160,-74.914810,64438,2,0,1554,32.83
bluetooth,870614B1,2025-05-27 19:32:47.963431Z,-42,39.001160,-74.914810,62800,2,0,1492,16.27
bluetooth,59FE8D30,2025-05-27 19:32:47.965084Z,-78,39.001160,-74.914810,35900,1,0,1879,22.72
bluetooth,59FE8D30,2025-05-27 19:32:48.987285Z,-75,39.001157,-74.914807,3403,1,0,1878,22.67
bluetooth,367E0F4A,2025-05-27 19:32:49.182242Z,-76,39.001148,-74.914808,25098,1,0,2956,24.51
bluetooth,D7510A57,2025-05-27 19:32:49.278865Z,-78,39.001148,-74.914808,24531,1,0,1906,24.00
userLocation,user,2025-05-27 19:32:50.031277Z,0,39.001137,-74.914808
bluetooth,77AAF9E2,2025-05-27 19:32:50.107748Z,-79,39.001137,-74.914808,4195,1,0,1616,25.98
radio434mhz,071E6661,2025-05-27 19:32:50.109912Z,-100,39.001137,-74.914808
bluetooth,367E0F4A,2025-05-27 19:32:50.205418Z,-74,39.001137,-74.914808,53764,1,0,2956,24.36
bluetooth,D7510A57,2025-05-27 19:32:50.254204Z,-81,39.001137,-74.914808,57024,1,0,1906,24.23
bluetooth,23D9727E,2025-05-27 19:32:50.400940Z,-34,39.001137,-74.914808,62273,2,0,1553,32.72
bluetooth,13323C65,2025-05-27 19:32:50.839699Z,-81,39.001137,-74.914808,55680,1,0,2984,22.59
bluetooth,59FE8D30,2025-05-27 19:32:50.986026Z,-83,39.001137,-74.914808,50183,1,0,1878,22.64
bluetooth,367E0F4A,2025-05-27 19:32:51.181267Z,-82,39.001128,-74.914808,21450,1,0,2956,24.46
radio434mhz,1E336107,2025-05-27 19:32:51.277975Z,-63,39.001128,-74.914808
bluetooth,E85FB74C,2025-05-27 19:32:51.473454Z,-83,39.001128,-74.914808,15093,2,0,1528,25.75
bluetooth,13323C65,2025-05-27 19:32:51.814011Z,-84,39.001128,-74.914808,54758,1,0,2984,22.77
bluetooth,59FE8D30,2025-05-27 19:32:51.960145Z,-75,39.001128,-74.914808,14114,1,0,1878,22.72
bluetooth,D7510A57,2025-05-27 19:32:52.301414Z,-73,39.001120,-74.914810,7529,1,0,1907,24.00
bluetooth,13323C65,2025-05-27 19:32:52.887002Z,-75,39.001120,-74.914810,51076,1,0,2983,22.87
bluetooth,81D187E3,2025-05-27 19:32:53.082344Z,-85,39.001110,-74.914811,58103,1,0,2961,24.71
bluetooth,E2A807D7,2025-05-27 19:32:53.228053Z,-84,39.001110,-74.914811,54375,1,0,1859,24.51
radio434mhz,071E6661,2025-05-27 19:32:53.276271Z,-105,39.001110,-74.914811
bluetooth,23D9727E,2025-05-27 19:32:53.423455Z,-38,39.001110,-74.914811,40695,2,0,1553,32.85
bluetooth,13323C65,2025-05-27 19:32:53.910721Z,-79,39.001110,-74.914811,52532,1,0,2983,22.92
bluetooth,870614B1,2025-05-27 19:32:53.912809Z,-47,39.001110,-74.914811,52816,2,0,1493,16.30
bluetooth,59FE8D30,2025-05-27 19:32:53.962119Z,-77,39.001110,-74.914811,37950,1,0,1878,22.82
bluetooth,367E0F4A,2025-05-27 19:32:54.203029Z,-80,39.001101,-74.914812,47837,1,0,2957,24.16
bluetooth,D7510A57,2025-05-27 19:32:54.252292Z,-79,39.001101,-74.914812,62182,1,0,1906,24.11
bluetooth,59FE8D30,2025-05-27 19:32:54.982898Z,-80,39.001101,-74.914812,32834,1,0,1880,22.74
bluetooth,23D9727E,2025-05-27 19:32:56.494188Z,-43,39.001086,-74.914819,35335,2,0,1552,32.93
radio434mhz,1E336107,2025-05-27 19:32:56.543214Z,-66,39.001086,-74.914819
bluetooth,870614B1,2025-05-27 19:32:56.933313Z,-45,39.001086,-74.914819,31043,2,0,1494,16.17
bluetooth,D7510A57,2025-05-27 19:32:57.225925Z,-81,39.001076,-74.914818,21050,1,0,1907,24.23
bluetooth,0000006E,2025-05-27 19:32:57.372303Z,-80,39.001076,-74.914818,26107,1,0,1872,24.26
bluetooth,2172633A,2025-05-27 19:32:57.518267Z,-81,39.001076,-74.914818,37020,2,0,1563,22.19
bluetooth,13323C65,2025-05-27 19:32:58.006224Z,-80,39.001076,-74.914818,23894,1,0,2984,22.92
bluetooth,59FE8D30,2025-05-27 19:32:58.007237Z,-85,39.001076,-74.914818,6091,1,0,1880,22.67
bluetooth,D7510A57,2025-05-27 19:32:58.347329Z,-77,39.001068,-74.914818,61820,1,0,1906,23.93
bluetooth,367E0F4A,2025-05-27 19:32:59.322140Z,-79,39.001063,-74.914817,8337,1,0,2957,24.36
radio434mhz,071E6661,2025-05-27 19:32:59.809821Z,-101,39.001063,-74.914817
bluetooth,870614B1,2025-05-27 19:32:59.907318Z,-45,39.001063,-74.914817,54892,2,0,1493,16.20
bluetooth,59FE8D30,2025-05-27 19:33:00.004863Z,-78,39.001063,-74.914817,46532,1,0,1879,22.77
userLocation,user,2025-05-27 19:33:00.030580Z,0,39.001054,-74.914818
bluetooth,D7510A57,2025-05-27 19:33:00.249061Z,-74,39.001054,-74.914818,7269,1,0,1906,24.26
bluetooth,0000006E,2025-05-27 19:33:00.345994Z,-79,39.001054,-74.914818,22256,1,0,1872,24.18
bluetooth,13323C65,2025-05-27 19:33:01.029172Z,-76,39.001054,-74.914818,13236,1,0,2984,22.89
bluetooth,81D187E3,2025-05-27 19:33:01.077286Z,-83,39.001043,-74.914818,425,1,0,2961,24.84
bluetooth,D7510A57,2025-05-27 19:33:01.223628Z,-77,39.001043,-74.914818,47035,1,0,1906,24.08
bluetooth,E85FB74C,2025-05-27 19:33:01.369807Z,-79,39.001043,-74.914818,44722,2,0,1527,25.70
radio434mhz,1E336107,2025-05-27 19:33:01.857118Z,-66,39.001043,-74.914818
bluetooth,D7510A57,2025-05-27 19:33:02.247552Z,-81,39.001033,-74.914815,48659,1,0,1907,23.90
bluetooth,23D9727E,2025-05-27 19:33:02.588609Z,-36,39.001033,-74.914815,47661,2,0,1554,32.70
bluetooth,5504D31A,2025-05-27 19:33:02.785904Z,-81,39.001033,-74.914815,17046,2,0,1560,26.68
bluetooth,77AAF9E2,2025-05-27 19:33:02.881048Z,-85,39.001033,-74.914815,20337,1,0,1616,25.77
bluetooth,59FE8D30,2025-05-27 19:33:02.978960Z,-80,39.001033,-74.914815,29320,1,0,1878,22.59
radio434mhz,071E6661,2025-05-27 19:33:03.027104Z,-114,39.001033,-74.914815
bluetooth,0000006E,2025-05-27 19:33:03.368355Z,-78,39.001024,-74.914814,58479,1,0,1872,24.18
bluetooth,77AAF9E2,2025-05-27 19:33:03.758664Z,-85,39.001024,-74.914814,12195,1,0,1616,25.85
bluetooth,59FE8D30,2025-05-27 19:33:03.953611Z,-81,39.001024,-74.914814,14157,1,0,1879,22.61
bluetooth,13323C65,2025-05-27 19:33:04.052991Z,-79,39.001024,-74.914823,7392,1,0,2983,22.67
bluetooth,13323C65,2025-05-27 19:33:05.074875Z,-76,39.001013,-74.914824,19384,1,0,2984,22.69
bluetooth,E2A807D7,2025-05-27 19:33:05.123010Z,-85,39.001013,-74.914824,42737,1,0,1858,24.48
bluetooth,23D9727E,2025-05-27 19:33:05.611089Z,-37,39.001013,-74.914824,47472,2,0,1554,32.85
bluetooth,870614B1,2025-05-27 19:33:05.903780Z,-47,39.001013,-74.914824,10898,2,0,1493,16.22
radio434mhz,071E6661,2025-05-27 19:33:06.147424Z,-105,39.001004,-74.914824
bluetooth,D7510A57,2025-05-27 19:33:06.293607Z,-75,39.001004,-74.914824,45019,1,0,1907,24.03
bluetooth,3F9E3319,2025-05-27 19:33:06.439180Z,-82,39.001004,-74.914824,1338,1,0,1604,26.86
bluetooth,59FE8D30,2025-05-27 19:33:06.976146Z,-74,39.001004,-74.914824,52797,1,0,1877,22.67
radio434mhz,1E336107,2025-05-27 19:33:07.121914Z,-64,39.000997,-74.914824
bluetooth,59FE8D30,2025-05-27 19:33:07.951238Z,-77,39.000997,-74.914824,60533,1,0,1877,22.72
bluetooth,23D9727E,2025-05-27 19:33:08.682362Z,-41,39.000990,-74.914821,42372,2,0,1553,32.77
bluetooth,870614B1,2025-05-27 19:33:08.925988Z,-47,39.000990,-74.914821,48366,2,0,1496,16.27
userLocation,user,2025-05-27 19:33:10.031319Z,0,39.000984,-74.914810
bluetooth,13323C65,2025-05-27 19:33:11.168728Z,-78,39.000989,-74.914810,62422,1,0,2983,23.09
bluetooth,23D9727E,2025-05-27 19:33:11.705040Z,-40,39.000989,-74.914810,9609,2,0,1553,32.80
bluetooth,870614B1,2025-05-27 19:33:11.899902Z,-45,39.000989,-74.914810,18756,2,0,1497,16.47
radio434mhz,1E336107,2025-05-27 19:33:12.435266Z,-61,39.000994,-74.914806
radio434mhz,071E6661,2025-05-27 19:33:12.484069Z,-108,39.000994,-74.914806
bluetooth,23D9727E,2025-05-27 19:33:14.777479Z,-41,39.001006,-74.914783,12040,2,0,1553,32.88
bluetooth,870614B1,2025-05-27 19:33:14.872850Z,-50,39.001006,-74.914783,40043,2,0,1498,16.42
radio434mhz,1E336107,2025-05-27 19:33:17.701142Z,-61,39.001029,-74.914758
bluetooth,23D9727E,2025-05-27 19:33:17.800549Z,-32,39.001029,-74.914758,16124,2,0,1553,32.88
bluetooth,870614B1,2025-05-27 19:33:17.896419Z,-38,39.001029,-74.914758,52654,2,0,1494,16.25
userLocation,user,2025-05-27 19:33:20.032207Z,0,39.001050,-74.914725
bluetooth,870614B1,2025-05-27 19:33:20.869621Z,-42,39.001050,-74.914725,7897,2,0,1493,16.27
radio434mhz,1E336107,2025-05-27 19:33:22.965528Z,-61,39.001063,-74.914704
bluetooth,367E0F4A,2025-05-27 19:33:23.797033Z,-82,39.001071,-74.914696,42467,1,0,2956,24.56
bluetooth,23D9727E,2025-05-27 19:33:23.941369Z,-45,39.001071,-74.914696,355,2,0,1553,32.85
bluetooth,13323C65,2025-05-27 19:33:24.428716Z,-86,39.001078,-74.914691,19244,1,0,2984,22.87
bluetooth,367E0F4A,2025-05-27 19:33:24.818239Z,-80,39.001078,-74.914691,15561,1,0,2956,24.43
bluetooth,367E0F4A,2025-05-27 19:33:25.842647Z,-79,39.001083,-74.914681,41618,1,0,2957,24.33
bluetooth,23D9727E,2025-05-27 19:33:26.963854Z,-39,39.001090,-74.914671,4902,2,0,1552,32.88
radio434mhz,1E336107,2025-05-27 19:33:28.231313Z,-65,39.001105,-74.914652
radio434mhz,071E6661,2025-05-27 19:33:28.328774Z,-111,39.001105,-74.914652
userLocation,user,2025-05-27 19:33:30.032515Z,0,39.001121,-74.914632
bluetooth,23D9727E,2025-05-27 19:33:30.034552Z,-41,39.001121,-74.914632,6241,2,0,1554,32.93
bluetooth,13323C65,2025-05-27 19:33:30.522589Z,-85,39.001121,-74.914632,28874,1,0,2984,22.79
bluetooth,77AAF9E2,2025-05-27 19:33:31.204984Z,-81,39.001129,-74.914629,57566,1,0,1616,25.70
bluetooth,D7510A57,2025-05-27 19:33:32.325779Z,-85,39.001135,-74.914615,12841,1,0,1907,24.16
bluetooth,870614B1,2025-05-27 19:33:32.862644Z,-48,39.001135,-74.914615,57936,2,0,1498,16.57
bluetooth,367E0F4A,2025-05-27 19:33:32.960055Z,-77,39.001135,-74.914615,41482,1,0,2957,24.48
bluetooth,B78FE24A,2025-05-27 19:33:33.400267Z,-81,39.001141,-74.914607,15323,1,0,1819,24.79
radio434mhz,1E336107,2025-05-27 19:33:33.564961Z,-66,39.001141,-74.914607
bluetooth,367E0F4A,2025-05-27 19:33:33.983633Z,-80,39.001141,-74.914607,30407,1,0,2956,24.23
bluetooth,E2A807D7,2025-05-27 19:33:34.227808Z,-80,39.001150,-74.914598,31910,1,0,1858,24.36
bluetooth,3F9E3319,2025-05-27 19:33:34.519733Z,-82,39.001150,-74.914598,60982,1,0,1604,26.91
bluetooth,77AAF9E2,2025-05-27 19:33:34.910165Z,-72,39.001150,-74.914598,52662,1,0,1615,25.85
bluetooth,367E0F4A,2025-05-27 19:33:35.007680Z,-78,39.001150,-74.914598,35660,1,0,2956,24.56
bluetooth,D7510A57,2025-05-27 19:33:35.348009Z,-81,39.001156,-74.914589,50595,1,0,1905,24.08
bluetooth,870614B1,2025-05-27 19:33:35.933352Z,-43,39.001156,-74.914589,49382,2,0,1497,16.57
bluetooth,23D9727E,2025-05-27 19:33:36.128837Z,-40,39.001165,-74.914580,25043,2,0,1553,32.95
bluetooth,81D187E3,2025-05-27 19:33:36.177714Z,-80,39.001165,-74.914580,57354,1,0,2961,24.79
bluetooth,0000006E,2025-05-27 19:33:36.179008Z,-83,39.001165,-74.914580,12998,1,0,1871,23.90
bluetooth,07F9389E,2025-05-27 19:33:36.567152Z,-77,39.001165,-74.914580,46861,2,0,1543,25.95
bluetooth,13323C65,2025-05-27 19:33:36.664484Z,-80,39.001165,-74.914580,2889,1,0,2983,22.77
bluetooth,367E0F4A,2025-05-27 19:33:37.054384Z,-76,39.001171,-74.914575,34953,1,0,2956,24.36
bluetooth,E2A807D7,2025-05-27 19:33:38.273404Z,-82,39.001174,-74.914575,51022,1,0,1857,24.38
bluetooth,77AAF9E2,2025-05-27 19:33:38.614655Z,-81,39.001174,-74.914575,4407,1,0,1617,26.00
radio434mhz,1E336107,2025-05-27 19:33:38.810884Z,-67,39.001174,-74.914575
userLocation,user,2025-05-27 19:33:40.037793Z,0,39.001173,-74.914570
bluetooth,367E0F4A,2025-05-27 19:33:40.125920Z,-78,39.001173,-74.914570,56147,1,0,2956,24.46
radio434mhz,071E6661,2025-05-27 19:33:41.003906Z,-107,39.001173,-74.914570
