UsbPort,BluRadioId,RadioId,Time,TagRSSI,TagId,Sync,Product,Revision,NodeId,Payload
,,1,2025-05-27 20:25:40,-80,13323C65,16670,,,B995250B,
,,1,2025-05-27 20:25:43,-56,870614B1,60924,,,B995250B,
,,4,2025-05-27 20:25:43,-56,870614B1,60924,,,B995250B,
,,1,2025-05-27 20:25:49,-56,870614B1,33188,,,B995250B,
,,4,2025-05-27 20:25:51,-72,367E0F4A,21126,,,B995250B,
,,1,2025-05-27 20:25:51,-72,367E0F4A,21126,,,B995250B,
,,1,2025-05-27 20:25:31,-73,367E0F4A,61846,,,4D64B5B5,
,,4,2025-05-27 20:25:37,-58,870614B1,2999,,,4D64B5B5,
,,5,2025-05-27 20:25:29,-84,D7510A57,47914,,,7378B941,
,,1,2025-05-27 20:25:35,-72,13323C65,36089,,,9CC5DC79,
,,4,2025-05-27 20:25:35,-72,13323C65,36089,,,9CC5DC79,
,,4,2025-05-27 20:25:40,-70,D7510A57,13559,,,4D64B5B5,
,,1,2025-05-27 20:25:40,-70,D7510A57,13559,,,4D64B5B5,
,,5,2025-05-27 20:25:34,-80,81D187E3,6976,,,7378B941,
,,1,2025-05-27 20:25:37,-63,870614B1,2999,,,9CC5DC79,
,,1,2025-05-27 20:25:37,-82,81D187E3,27585,,,9CC5DC79,
,,4,2025-05-27 20:25:38,-77,13323C65,9766,,,9CC5DC79,
,,1,2025-05-27 20:25:38,-77,13323C65,9766,,,9CC5DC79,
,,1,2025-05-27 20:25:37,-84,3F9E3319,44402,,,7378B941,
,,5,2025-05-27 20:25:37,-84,3F9E3319,44402,,,7378B941,
,,5,2025-05-27 20:25:41,-79,D7510A57,56114,,,7378B941,
,,5,2025-05-27 20:25:45,-55,870614B1,53347,,,7378B941,
,,1,2025-05-27 20:25:49,-71,367E0F4A,52582,,,9CC5DC79,
,,4,2025-05-27 20:25:49,-71,367E0F4A,52582,,,9CC5DC79,
,,1,2025-05-27 20:25:50,-80,A648A0E7,34042,,,9CC5DC79,
,,4,2025-05-27 20:25:51,-73,367E0F4A,21126,,,9CC5DC79,
,,1,2025-05-27 20:25:51,-73,367E0F4A,21126,,,9CC5DC79,
,,1,2025-05-27 20:25:53,-79,2172633A,28899,,,9CC5DC79,
,,1,2025-05-27 20:25:55,-72,367E0F4A,6040,,,9CC5DC79,
,,1,2025-05-27 20:25:39,-75,E2A807D7,3229,,,D46BA6A2,
,,5,2025-05-27 20:25:39,-75,E2A807D7,3229,,,D46BA6A2,
,,5,2025-05-27 20:25:41,-70,13323C65,53662,,,D46BA6A2,
,,1,2025-05-27 20:25:43,-75,D7510A57,6966,,,D46BA6A2,
,,1,2025-05-27 20:25:44,-72,D7510A57,5363,,,D46BA6A2,
,,4,2025-05-27 20:25:44,-72,D7510A57,5363,,,D46BA6A2,
,,5,2025-05-27 20:25:44,-72,D7510A57,5363,,,D46BA6A2,
,,4,2025-05-27 20:25:45,-58,23D9727E,40404,,,D46BA6A2,
,,5,2025-05-27 20:25:45,-58,23D9727E,40404,,,D46BA6A2,
,,1,2025-05-27 20:25:45,-58,23D9727E,40404,,,D46BA6A2,
,,5,2025-05-27 20:25:46,-82,3F9E3319,4889,,,D46BA6A2,
,,4,2025-05-27 20:25:46,-82,3F9E3319,4889,,,D46BA6A2,
,,1,2025-05-27 20:25:46,-70,13323C65,2832,,,D46BA6A2,
,,4,2025-05-27 20:25:46,-70,13323C65,2832,,,D46BA6A2,
,,5,2025-05-27 20:25:46,-70,13323C65,2832,,,D46BA6A2,
,,1,2025-05-27 20:25:47,-74,B78FE24A,49343,,,D46BA6A2,
,,5,2025-05-27 20:25:48,-67,59FE8D30,43392,,,D46BA6A2,
,,1,2025-05-27 20:25:43,-74,A648A0E7,58066,,,7D769A01,
,,1,2025-05-27 20:25:44,-69,D7510A57,6966,,,7D769A01,
,,1,2025-05-27 20:25:52,-71,59FE8D30,46780,,,D46BA6A2,
,,4,2025-05-27 20:25:52,-71,59FE8D30,46780,,,D46BA6A2,
,,5,2025-05-27 20:25:46,-52,870614B1,53347,,,7D769A01,
,,4,2025-05-27 20:25:52,-70,A648A0E7,43775,,,D46BA6A2,
,,1,2025-05-27 20:25:54,-70,59FE8D30,10588,,,D46BA6A2,
,,4,2025-05-27 20:25:54,-70,59FE8D30,10588,,,D46BA6A2,
,,1,2025-05-27 20:25:54,-67,0000006E,22672,,,D46BA6A2,
,,1,2025-05-27 20:25:54,-71,367E0F4A,6040,,,D46BA6A2,
,,5,2025-05-27 20:25:55,-79,A648A0E7,43229,,,D46BA6A2,
,,1,2025-05-27 20:25:55,-79,A648A0E7,43229,,,D46BA6A2,
,,4,2025-05-27 20:25:55,-79,A648A0E7,43229,,,D46BA6A2,
,,5,2025-05-27 20:25:40,-58,870614B1,53200,,,AA4358FB,
,,3,2025-05-27 20:25:40,-58,870614B1,53200,,,AA4358FB,
,,3,2025-05-27 20:25:41,-64,2172633A,4459,,,AA4358FB,
,,5,2025-05-27 20:25:41,-64,2172633A,4459,,,AA4358FB,
,,3,2025-05-27 20:25:42,-69,13323C65,53662,,,AA4358FB,
,,5,2025-05-27 20:25:42,-69,13323C65,53662,,,AA4358FB,
,,5,2025-05-27 20:25:43,-77,E2A807D7,52486,,,AA4358FB,
,,1,2025-05-27 20:25:43,-74,A648A0E7,58066,,,AA4358FB,
,,1,2025-05-27 20:25:54,-68,367E0F4A,17364,,,7D769A01,
,,3,2025-05-27 20:25:43,-74,59FE8D30,7357,,,AA4358FB,
,,5,2025-05-27 20:25:43,-72,81D187E3,35248,,,AA4358FB,
,,5,2025-05-27 20:25:54,-72,59FE8D30,10588,,,7D769A01,
,,4,2025-05-27 20:25:54,-72,59FE8D30,10588,,,7D769A01,
,,1,2025-05-27 20:25:54,-72,59FE8D30,10588,,,7D769A01,
,,3,2025-05-27 20:25:44,-80,D7510A57,6966,,,AA4358FB,
,,1,2025-05-27 20:25:55,-74,0000006E,22672,,,7D769A01,
,,2,2025-05-27 20:25:44,-69,13323C65,48083,,,AA4358FB,
,,3,2025-05-27 20:25:44,-69,13323C65,48083,,,AA4358FB,
,,5,2025-05-27 20:25:44,-81,E2A807D7,18610,,,AA4358FB,
,,1,2025-05-27 20:25:56,-72,13323C65,60952,,,7D769A01,
,,3,2025-05-27 20:25:44,-76,2172633A,2953,,,AA4358FB,
,,5,2025-05-27 20:25:44,-76,2172633A,2953,,,AA4358FB,
,,5,2025-05-27 20:25:44,-69,81D187E3,40658,,,AA4358FB,
,,4,2025-05-27 20:25:58,-77,81D187E3,37966,,,7D769A01,
,,1,2025-05-27 20:25:58,-77,81D187E3,37966,,,7D769A01,
,,3,2025-05-27 20:25:45,-78,E85FB74C,44387,,,AA4358FB,
,,5,2025-05-27 20:25:58,-76,0000006E,64285,,,7D769A01,
,,1,2025-05-27 20:25:58,-76,0000006E,64285,,,7D769A01,
,,3,2025-05-27 20:25:46,-65,367E0F4A,32943,,,AA4358FB,
,,5,2025-05-27 20:25:46,-65,367E0F4A,32943,,,AA4358FB,
,,1,2025-05-27 20:25:59,-69,D7510A57,52997,,,7D769A01,
,,1,2025-05-27 20:25:48,-69,13323C65,89,,,AA4358FB,
,,5,2025-05-27 20:25:48,-62,23D9727E,64341,,,AA4358FB,
,,1,2025-05-27 20:25:49,-71,0000006E,23006,,,AA4358FB,
,,4,2025-05-27 20:25:49,-71,0000006E,23006,,,AA4358FB,
,,3,2025-05-27 20:25:49,-71,0000006E,23006,,,AA4358FB,
,,5,2025-05-27 20:25:49,-71,0000006E,23006,,,AA4358FB,
,,5,2025-05-27 20:25:49,-77,E197FE3E,41262,,,AA4358FB,
,,3,2025-05-27 20:25:50,-78,E85FB74C,25511,,,AA4358FB,
,,5,2025-05-27 20:25:50,-73,59FE8D30,41614,,,AA4358FB,
,,3,2025-05-27 20:25:50,-69,81D187E3,40992,,,AA4358FB,
,,3,2025-05-27 20:25:51,-67,07F9389E,11223,,,AA4358FB,
,,1,2025-05-27 20:25:51,-67,07F9389E,11223,,,AA4358FB,
,,5,2025-05-27 20:25:51,-67,07F9389E,11223,,,AA4358FB,
,,1,2025-05-27 20:25:53,-71,367E0F4A,30825,,,AA4358FB,
,,5,2025-05-27 20:25:53,-71,367E0F4A,30825,,,AA4358FB,
,,3,2025-05-27 20:25:53,-71,367E0F4A,30825,,,AA4358FB,
,,2,2025-05-27 20:25:53,-80,A648A0E7,43775,,,AA4358FB,
,,3,2025-05-27 20:25:53,-80,A648A0E7,43775,,,AA4358FB,
,,5,2025-05-27 20:25:53,-80,A648A0E7,43775,,,AA4358FB,
,,3,2025-05-27 20:25:55,-65,0000006E,22672,,,AA4358FB,
,,5,2025-05-27 20:25:55,-65,0000006E,22672,,,AA4358FB,
,,1,2025-05-27 20:25:45,-75,D7510A57,15339,,,CB4A1EAE,
,,4,2025-05-27 20:25:45,-75,D7510A57,15339,,,CB4A1EAE,
,,3,2025-05-27 20:25:44,-68,A648A0E7,27981,,,520A3C5C,
,,2,2025-05-27 20:25:45,-67,A648A0E7,20087,,,520A3C5C,
,,3,2025-05-27 20:25:45,-67,A648A0E7,20087,,,520A3C5C,
,,3,2025-05-27 20:25:46,-55,870614B1,53347,,,520A3C5C,
,,3,2025-05-27 20:25:46,-76,13323C65,2832,,,520A3C5C,
,,2,2025-05-27 20:25:46,-76,13323C65,2832,,,520A3C5C,
,,3,2025-05-27 20:25:48,-67,A648A0E7,1826,,,520A3C5C,
,,5,2025-05-27 20:25:48,-67,A648A0E7,1826,,,520A3C5C,
,,4,2025-05-27 20:25:48,-67,A648A0E7,1826,,,520A3C5C,
,,1,2025-05-27 20:25:48,-67,A648A0E7,1826,,,520A3C5C,
,,3,2025-05-27 20:25:48,-68,D7510A57,50631,,,520A3C5C,
,,5,2025-05-27 20:25:48,-68,D7510A57,50631,,,520A3C5C,
,,2,2025-05-27 20:25:48,-68,D7510A57,50631,,,520A3C5C,
,,5,2025-05-27 20:25:48,-72,0000006E,23006,,,520A3C5C,
,,4,2025-05-27 20:25:48,-72,0000006E,23006,,,520A3C5C,
,,2,2025-05-27 20:25:48,-72,0000006E,23006,,,520A3C5C,
,,1,2025-05-27 20:25:48,-72,0000006E,23006,,,520A3C5C,
,,3,2025-05-27 20:25:48,-72,0000006E,23006,,,520A3C5C,
,,4,2025-05-27 20:25:56,-84,81D187E3,12250,,,CB4A1EAE,
,,1,2025-05-27 20:25:56,-84,81D187E3,12250,,,CB4A1EAE,
,,4,2025-05-27 20:25:58,-67,870614B1,12172,,,CB4A1EAE,
,,5,2025-05-27 20:25:50,-83,E2A807D7,22810,,,520A3C5C,
,,3,2025-05-27 20:25:50,-83,E2A807D7,22810,,,520A3C5C,
,,4,2025-05-27 20:25:50,-83,E2A807D7,22810,,,520A3C5C,
,,2,2025-05-27 20:25:50,-83,E2A807D7,22810,,,520A3C5C,
,,5,2025-05-27 20:25:51,-56,23D9727E,65144,,,520A3C5C,
,,3,2025-05-27 20:25:51,-56,23D9727E,65144,,,520A3C5C,
,,1,2025-05-27 20:25:51,-56,23D9727E,65144,,,520A3C5C,
,,2,2025-05-27 20:25:51,-56,23D9727E,65144,,,520A3C5C,
,,4,2025-05-27 20:25:51,-56,23D9727E,65144,,,520A3C5C,
,,2,2025-05-27 20:25:51,-75,13323C65,31643,,,520A3C5C,
,,5,2025-05-27 20:25:51,-75,13323C65,31643,,,520A3C5C,
,,3,2025-05-27 20:25:51,-75,13323C65,31643,,,520A3C5C,
,,3,2025-05-27 20:25:53,-82,A648A0E7,43775,,,520A3C5C,
,,1,2025-05-27 20:25:59,-84,81D187E3,44282,,,CB4A1EAE,
,,3,2025-05-27 20:25:53,-67,13323C65,24084,,,520A3C5C,
,,5,2025-05-27 20:25:53,-67,13323C65,24084,,,520A3C5C,
,,2,2025-05-27 20:25:54,-77,0000006E,22672,,,520A3C5C,
,,3,2025-05-27 20:25:54,-77,0000006E,22672,,,520A3C5C,
,,5,2025-05-27 20:25:54,-77,0000006E,22672,,,520A3C5C,
,,5,2025-05-27 20:25:55,-77,E2A807D7,58223,,,520A3C5C,
,,2,2025-05-27 20:25:55,-77,E2A807D7,58223,,,520A3C5C,
,,3,2025-05-27 20:25:55,-77,E2A807D7,58223,,,520A3C5C,
,,5,2025-05-27 20:25:56,-71,2172633A,32346,,,520A3C5C,
,,3,2025-05-27 20:25:56,-71,2172633A,32346,,,520A3C5C,
,,3,2025-05-27 20:25:56,-74,A648A0E7,43229,,,520A3C5C,
,,3,2025-05-27 20:25:56,-74,D7510A57,55848,,,520A3C5C,
,,2,2025-05-27 20:25:56,-74,D7510A57,55848,,,520A3C5C,
,,3,2025-05-27 20:25:57,-78,0000006E,64285,,,520A3C5C,
,,5,2025-05-27 20:25:57,-78,0000006E,64285,,,520A3C5C,
,,5,2025-05-27 20:25:58,-68,13323C65,37194,,,520A3C5C,
,,5,2025-05-27 20:25:59,-83,E2A807D7,348,,,520A3C5C,
,,3,2025-05-27 20:26:01,-62,D7510A57,3873,,,520A3C5C,
,,5,2025-05-27 20:26:01,-62,D7510A57,3873,,,520A3C5C,
,,3,2025-05-27 20:26:03,-60,23D9727E,51867,,,520A3C5C,
,,2,2025-05-27 20:26:03,-60,23D9727E,51867,,,520A3C5C,
,,5,2025-05-27 20:26:03,-60,23D9727E,51867,,,520A3C5C,
,,1,2025-05-27 20:25:57,-78,13323C65,58351,,,4D64B5B5,
,,4,2025-05-27 20:25:57,-78,13323C65,58351,,,4D64B5B5,
,,1,2025-05-27 20:25:58,-73,367E0F4A,58139,,,4D64B5B5,
,,5,2025-05-27 20:25:58,-73,367E0F4A,58139,,,4D64B5B5,
,,4,2025-05-27 20:25:58,-73,367E0F4A,58139,,,4D64B5B5,
,,4,2025-05-27 20:26:03,-76,59FE8D30,14716,,,4D64B5B5,
,,5,2025-05-27 20:25:57,-61,23D9727E,56254,,,7378B941,
,,1,2025-05-27 20:26:03,-70,D7510A57,42965,,,4D64B5B5,
,,4,2025-05-27 20:26:03,-70,D7510A57,42965,,,4D64B5B5,
,,1,2025-05-27 20:26:05,-72,367E0F4A,9244,,,4D64B5B5,
,,4,2025-05-27 20:26:05,-72,367E0F4A,9244,,,4D64B5B5,
,,5,2025-05-27 20:25:58,-82,367E0F4A,58139,,,7378B941,
,,4,2025-05-27 20:25:58,-82,367E0F4A,58139,,,7378B941,
,,1,2025-05-27 20:25:58,-82,367E0F4A,58139,,,7378B941,
,,4,2025-05-27 20:26:05,-79,81D187E3,16998,,,4D64B5B5,
,,1,2025-05-27 20:26:05,-79,81D187E3,16998,,,4D64B5B5,
,,5,2025-05-27 20:25:58,-76,13323C65,2267,,,7378B941,
,,1,2025-05-27 20:25:58,-76,13323C65,2267,,,7378B941,
,,1,2025-05-27 20:25:59,-82,81D187E3,44282,,,7378B941,
,,5,2025-05-27 20:25:59,-82,81D187E3,44282,,,7378B941,
,,4,2025-05-27 20:25:59,-82,81D187E3,44282,,,7378B941,
,,4,2025-05-27 20:25:53,-73,367E0F4A,30825,,,B995250B,
,,1,2025-05-27 20:25:53,-73,367E0F4A,30825,,,B995250B,
,,5,2025-05-27 20:26:01,-75,13323C65,47349,,,7378B941,
,,1,2025-05-27 20:26:00,-60,23D9727E,53608,,,D46BA6A2,
,,4,2025-05-27 20:26:06,-74,13323C65,38153,,,7378B941,
,,1,2025-05-27 20:26:14,-82,A648A0E7,27351,,,4D64B5B5,
,,4,2025-05-27 20:26:09,-77,13323C65,63469,,,7378B941,
,,1,2025-05-27 20:25:56,-81,D7510A57,55848,,,B995250B,
,,1,2025-05-27 20:26:09,-81,0000006E,33359,,,7378B941,
,,4,2025-05-27 20:26:00,-69,13323C65,43873,,,D46BA6A2,
,,1,2025-05-27 20:26:00,-69,13323C65,43873,,,D46BA6A2,
,,5,2025-05-27 20:26:00,-69,13323C65,43873,,,D46BA6A2,
,,4,2025-05-27 20:26:10,-76,A648A0E7,20074,,,7378B941,
,,1,2025-05-27 20:26:10,-76,A648A0E7,20074,,,7378B941,
,,5,2025-05-27 20:26:10,-76,A648A0E7,20074,,,7378B941,
,,1,2025-05-27 20:26:01,-79,81D187E3,31964,,,D46BA6A2,
,,5,2025-05-27 20:26:01,-79,81D187E3,31964,,,D46BA6A2,
,,1,2025-05-27 20:26:01,-77,367E0F4A,50338,,,B995250B,
,,5,2025-05-27 20:26:13,-81,A648A0E7,12454,,,7378B941,
,,1,2025-05-27 20:26:05,-78,B78FE24A,25026,,,D46BA6A2,
,,4,2025-05-27 20:26:13,-78,367E0F4A,60936,,,7378B941,
,,1,2025-05-27 20:26:13,-78,367E0F4A,60936,,,7378B941,
,,5,2025-05-27 20:26:14,-81,81D187E3,30891,,,7378B941,
,,5,2025-05-27 20:25:56,-78,5504D31A,8777,,,AA4358FB,
,,3,2025-05-27 20:25:56,-78,5504D31A,8777,,,AA4358FB,
,,4,2025-05-27 20:25:56,-78,5504D31A,8777,,,AA4358FB,
,,1,2025-05-27 20:25:59,-68,367E0F4A,24189,,,7D769A01,
,,1,2025-05-27 20:26:06,-71,367E0F4A,37075,,,D46BA6A2,
,,5,2025-05-27 20:26:06,-71,367E0F4A,37075,,,D46BA6A2,
,,1,2025-05-27 20:26:00,-76,81D187E3,44282,,,7D769A01,
,,1,2025-05-27 20:26:01,-69,D7510A57,52223,,,7D769A01,
,,4,2025-05-27 20:26:01,-69,D7510A57,52223,,,7D769A01,
,,1,2025-05-27 20:26:01,-78,E2A807D7,29335,,,7D769A01,
,,3,2025-05-27 20:25:57,-65,0000006E,64285,,,AA4358FB,
,,5,2025-05-27 20:25:57,-65,0000006E,64285,,,AA4358FB,
,,5,2025-05-27 20:26:08,-74,13323C65,63469,,,D46BA6A2,
,,1,2025-05-27 20:26:01,-57,870614B1,7692,,,7D769A01,
,,3,2025-05-27 20:25:58,-55,870614B1,12172,,,AA4358FB,
,,5,2025-05-27 20:25:58,-77,59FE8D30,39891,,,AA4358FB,
,,3,2025-05-27 20:25:58,-77,59FE8D30,39891,,,AA4358FB,
,,3,2025-05-27 20:25:59,-71,367E0F4A,24189,,,AA4358FB,
,,1,2025-05-27 20:26:02,-73,13323C65,47349,,,7D769A01,
,,5,2025-05-27 20:26:10,-76,2172633A,23955,,,D46BA6A2,
,,5,2025-05-27 20:26:00,-72,13323C65,54457,,,AA4358FB,
,,3,2025-05-27 20:26:01,-63,367E0F4A,50338,,,AA4358FB,
,,4,2025-05-27 20:26:13,-82,81D187E3,25034,,,D46BA6A2,
,,1,2025-05-27 20:26:13,-82,81D187E3,25034,,,D46BA6A2,
,,5,2025-05-27 20:26:13,-82,81D187E3,25034,,,D46BA6A2,
,,1,2025-05-27 20:26:16,-80,07F9389E,10385,,,B995250B,
,,5,2025-05-27 20:26:02,-69,81D187E3,48226,,,AA4358FB,
,,3,2025-05-27 20:26:02,-69,81D187E3,48226,,,AA4358FB,
,,5,2025-05-27 20:26:14,-70,A648A0E7,27351,,,D46BA6A2,
,,5,2025-05-27 20:26:03,-68,0000006E,42377,,,AA4358FB,
,,1,2025-05-27 20:26:04,-56,23D9727E,51867,,,AA4358FB,
,,1,2025-05-27 20:26:09,-73,13323C65,63469,,,7D769A01,
,,3,2025-05-27 20:26:04,-58,870614B1,34291,,,AA4358FB,
,,5,2025-05-27 20:26:04,-58,870614B1,34291,,,AA4358FB,
,,2,2025-05-27 20:26:04,-58,870614B1,34291,,,AA4358FB,
,,5,2025-05-27 20:26:04,-73,81D187E3,31030,,,AA4358FB,
,,3,2025-05-27 20:26:04,-73,81D187E3,31030,,,AA4358FB,
,,5,2025-05-27 20:26:05,-69,13323C65,46871,,,AA4358FB,
,,3,2025-05-27 20:26:05,-70,367E0F4A,9244,,,AA4358FB,
,,5,2025-05-27 20:26:05,-70,367E0F4A,9244,,,AA4358FB,
,,5,2025-05-27 20:26:05,-75,A648A0E7,33307,,,AA4358FB,
,,3,2025-05-27 20:26:05,-75,A648A0E7,33307,,,AA4358FB,
,,1,2025-05-27 20:26:10,-68,367E0F4A,27924,,,7D769A01,
,,3,2025-05-27 20:26:06,-67,367E0F4A,37075,,,AA4358FB,
,,5,2025-05-27 20:26:06,-67,367E0F4A,37075,,,AA4358FB,
,,2,2025-05-27 20:26:06,-67,367E0F4A,37075,,,AA4358FB,
,,3,2025-05-27 20:26:07,-77,E197FE3E,28870,,,AA4358FB,
,,1,2025-05-27 20:26:12,-81,19836CFF,3836,,,7D769A01,
,,5,2025-05-27 20:26:07,-68,81D187E3,65524,,,AA4358FB,
,,3,2025-05-27 20:26:07,-68,81D187E3,65524,,,AA4358FB,
,,5,2025-05-27 20:26:08,-69,D7510A57,51480,,,AA4358FB,
,,3,2025-05-27 20:26:08,-69,D7510A57,51480,,,AA4358FB,
,,5,2025-05-27 20:26:08,-71,13323C65,14818,,,AA4358FB,
,,1,2025-05-27 20:26:08,-71,13323C65,14818,,,AA4358FB,
,,3,2025-05-27 20:26:08,-71,13323C65,14818,,,AA4358FB,
,,1,2025-05-27 20:26:13,-77,E2A807D7,134,,,7D769A01,
,,5,2025-05-27 20:26:10,-72,81D187E3,17110,,,AA4358FB,
,,3,2025-05-27 20:26:10,-72,81D187E3,17110,,,AA4358FB,
,,1,2025-05-27 20:26:13,-56,870614B1,22982,,,7D769A01,
,,5,2025-05-27 20:26:10,-53,870614B1,28394,,,AA4358FB,
,,3,2025-05-27 20:26:10,-53,870614B1,28394,,,AA4358FB,
,,1,2025-05-27 20:26:10,-53,870614B1,28394,,,AA4358FB,
,,3,2025-05-27 20:26:11,-68,81D187E3,39122,,,AA4358FB,
,,2,2025-05-27 20:26:11,-68,81D187E3,39122,,,AA4358FB,
,,4,2025-05-27 20:26:11,-68,81D187E3,39122,,,AA4358FB,
,,5,2025-05-27 20:26:11,-68,81D187E3,39122,,,AA4358FB,
,,1,2025-05-27 20:26:11,-68,81D187E3,39122,,,AA4358FB,
,,4,2025-05-27 20:26:11,-75,A648A0E7,35848,,,AA4358FB,
,,3,2025-05-27 20:26:11,-75,A648A0E7,35848,,,AA4358FB,
,,5,2025-05-27 20:26:11,-75,A648A0E7,35848,,,AA4358FB,
,,2,2025-05-27 20:26:11,-75,A648A0E7,35848,,,AA4358FB,
,,1,2025-05-27 20:26:15,-74,A648A0E7,27351,,,7D769A01,
,,5,2025-05-27 20:26:12,-72,D7510A57,44810,,,AA4358FB,
,,1,2025-05-27 20:26:16,-61,870614B1,19588,,,7D769A01,
,,5,2025-05-27 20:26:16,-61,870614B1,19588,,,7D769A01,
,,1,2025-05-27 20:26:16,-72,13323C65,6497,,,7D769A01,
,,1,2025-05-27 20:26:18,-77,E197FE3E,49600,,,7D769A01,
,,1,2025-05-27 20:25:55,-84,81D187E3,13232,,,9CC5DC79,
,,1,2025-05-27 20:26:00,-66,23D9727E,53608,,,9CC5DC79,
,,1,2025-05-27 20:26:08,-77,D7510A57,29761,,,9CC5DC79,
,,1,2025-05-27 20:26:10,-59,870614B1,28394,,,9CC5DC79,
,,1,2025-05-27 20:26:10,-80,A648A0E7,20074,,,9CC5DC79,
,,4,2025-05-27 20:26:10,-80,A648A0E7,20074,,,9CC5DC79,
,,1,2025-05-27 20:26:12,-84,D7510A57,42146,,,9CC5DC79,
,,1,2025-05-27 20:26:14,-78,2172633A,21534,,,9CC5DC79,
,,1,2025-05-27 20:26:16,-63,870614B1,19588,,,9CC5DC79,
,,1,2025-05-27 20:26:16,-72,13323C65,6497,,,9CC5DC79,
,,1,2025-05-27 20:26:17,-79,A648A0E7,43952,,,9CC5DC79,
,,1,2025-05-27 20:26:19,-77,D7510A57,54163,,,9CC5DC79,
,,3,2025-05-27 20:26:05,-70,59FE8D30,39861,,,520A3C5C,
,,3,2025-05-27 20:26:05,-68,D7510A57,34452,,,520A3C5C,
,,5,2025-05-27 20:26:07,-57,870614B1,60306,,,520A3C5C,
,,2,2025-05-27 20:26:07,-57,870614B1,60306,,,520A3C5C,
,,5,2025-05-27 20:26:08,-72,2172633A,19185,,,520A3C5C,
,,3,2025-05-27 20:26:08,-72,2172633A,19185,,,520A3C5C,
,,2,2025-05-27 20:26:09,-84,19836CFF,55643,,,520A3C5C,
,,5,2025-05-27 20:26:09,-84,19836CFF,55643,,,520A3C5C,
,,3,2025-05-27 20:26:09,-84,19836CFF,55643,,,520A3C5C,
,,2,2025-05-27 20:26:10,-71,367E0F4A,27924,,,520A3C5C,
,,3,2025-05-27 20:26:10,-75,A648A0E7,20074,,,520A3C5C,
,,5,2025-05-27 20:26:10,-75,A648A0E7,20074,,,520A3C5C,
,,3,2025-05-27 20:26:11,-74,A648A0E7,35848,,,520A3C5C,
,,4,2025-05-27 20:26:11,-79,D7510A57,44810,,,520A3C5C,
,,3,2025-05-27 20:26:11,-79,D7510A57,44810,,,520A3C5C,
,,5,2025-05-27 20:26:11,-79,D7510A57,44810,,,520A3C5C,
,,1,2025-05-27 20:26:11,-79,D7510A57,44810,,,520A3C5C,
,,2,2025-05-27 20:26:12,-72,367E0F4A,3789,,,520A3C5C,
,,5,2025-05-27 20:26:12,-72,367E0F4A,3789,,,520A3C5C,
,,3,2025-05-27 20:26:12,-72,367E0F4A,3789,,,520A3C5C,
,,3,2025-05-27 20:26:12,-71,D7510A57,42146,,,520A3C5C,
,,5,2025-05-27 20:26:12,-71,D7510A57,42146,,,520A3C5C,
,,5,2025-05-27 20:26:14,-67,13323C65,45962,,,520A3C5C,
,,2,2025-05-27 20:26:14,-67,13323C65,45962,,,520A3C5C,
,,3,2025-05-27 20:26:14,-67,13323C65,45962,,,520A3C5C,
,,3,2025-05-27 20:26:16,-71,367E0F4A,58520,,,520A3C5C,
,,5,2025-05-27 20:26:17,-67,A648A0E7,43952,,,520A3C5C,
,,3,2025-05-27 20:26:17,-67,A648A0E7,43952,,,520A3C5C,
,,2,2025-05-27 20:26:19,-58,870614B1,64671,,,520A3C5C,
,,5,2025-05-27 20:26:19,-74,13323C65,56375,,,520A3C5C,
,,2,2025-05-27 20:26:19,-84,19836CFF,19394,,,520A3C5C,
,,3,2025-05-27 20:26:19,-84,19836CFF,19394,,,520A3C5C,
,,3,2025-05-27 20:26:21,-66,D7510A57,12949,,,520A3C5C,
,,2,2025-05-27 20:26:21,-66,D7510A57,12949,,,520A3C5C,
,,1,2025-05-27 20:26:21,-66,D7510A57,12949,,,520A3C5C,
,,4,2025-05-27 20:26:21,-66,D7510A57,12949,,,520A3C5C,
,,5,2025-05-27 20:26:21,-66,D7510A57,12949,,,520A3C5C,
,,1,2025-05-27 20:26:22,-75,A648A0E7,33498,,,520A3C5C,
,,4,2025-05-27 20:26:22,-75,A648A0E7,33498,,,520A3C5C,
,,5,2025-05-27 20:26:22,-75,A648A0E7,33498,,,520A3C5C,
,,2,2025-05-27 20:26:22,-75,A648A0E7,33498,,,520A3C5C,
,,3,2025-05-27 20:26:22,-75,A648A0E7,33498,,,520A3C5C,
,,2,2025-05-27 20:26:22,-71,D7510A57,8361,,,520A3C5C,
,,5,2025-05-27 20:26:25,-67,A648A0E7,37459,,,520A3C5C,
,,1,2025-05-27 20:26:19,-65,367E0F4A,13285,,,7D769A01,
,,1,2025-05-27 20:26:19,-61,870614B1,64671,,,7D769A01,
,,1,2025-05-27 20:26:19,-78,E2A807D7,17876,,,7D769A01,
,,1,2025-05-27 20:26:21,-72,07F9389E,63399,,,7D769A01,
,,1,2025-05-27 20:26:22,-74,A648A0E7,4814,,,7D769A01,
,,4,2025-05-27 20:26:22,-68,367E0F4A,47850,,,7D769A01,
,,1,2025-05-27 20:26:22,-68,367E0F4A,47850,,,7D769A01,
,,1,2025-05-27 20:26:26,-71,D7510A57,41335,,,7D769A01,
,,4,2025-05-27 20:26:26,-71,D7510A57,41335,,,7D769A01,
,,1,2025-05-27 20:26:27,-65,367E0F4A,56469,,,7D769A01,
,,1,2025-05-27 20:26:28,-69,367E0F4A,55378,,,7D769A01,
,,4,2025-05-27 20:26:28,-69,367E0F4A,55378,,,7D769A01,
,,1,2025-05-27 20:26:28,-62,23D9727E,20878,,,7D769A01,
,,1,2025-05-27 20:26:29,-77,E197FE3E,53655,,,7D769A01,
,,1,2025-05-27 20:26:29,-67,367E0F4A,37899,,,7D769A01,
,,4,2025-05-27 20:26:29,-77,2172633A,5168,,,7D769A01,
,,1,2025-05-27 20:26:29,-77,2172633A,5168,,,7D769A01,
,,5,2025-05-27 20:26:29,-77,2172633A,5168,,,7D769A01,
,,1,2025-05-27 20:26:30,-65,367E0F4A,35010,,,7D769A01,
,,1,2025-05-27 20:26:30,-82,E85FB74C,34419,,,7D769A01,
,,1,2025-05-27 20:26:31,-75,A648A0E7,9118,,,7D769A01,
,,1,2025-05-27 20:26:31,-63,23D9727E,22186,,,7D769A01,
,,1,2025-05-27 20:26:31,-76,59FE8D30,21797,,,7D769A01,
,,5,2025-05-27 20:26:32,-76,81D187E3,27076,,,7D769A01,
,,4,2025-05-27 20:26:32,-76,81D187E3,27076,,,7D769A01,
,,1,2025-05-27 20:26:04,-69,870614B1,34291,,,CB4A1EAE,
,,4,2025-05-27 20:26:04,-69,870614B1,34291,,,CB4A1EAE,
,,4,2025-05-27 20:26:06,-78,367E0F4A,37075,,,CB4A1EAE,
,,1,2025-05-27 20:26:06,-78,367E0F4A,37075,,,CB4A1EAE,
,,1,2025-05-27 20:26:12,-75,D7510A57,42146,,,CB4A1EAE,
,,4,2025-05-27 20:26:12,-75,D7510A57,42146,,,CB4A1EAE,
,,3,2025-05-27 20:26:15,-78,E197FE3E,26232,,,AA4358FB,
,,4,2025-05-27 20:26:15,-78,E197FE3E,26232,,,AA4358FB,
,,5,2025-05-27 20:26:15,-78,E197FE3E,26232,,,AA4358FB,
,,5,2025-05-27 20:26:15,-65,367E0F4A,22038,,,AA4358FB,
,,3,2025-05-27 20:26:15,-65,367E0F4A,22038,,,AA4358FB,
,,3,2025-05-27 20:26:17,-76,A648A0E7,43952,,,AA4358FB,
,,1,2025-05-27 20:26:18,-81,A648A0E7,36160,,,CB4A1EAE,
,,4,2025-05-27 20:26:18,-81,A648A0E7,36160,,,CB4A1EAE,
,,2,2025-05-27 20:26:19,-62,23D9727E,8754,,,AA4358FB,
,,1,2025-05-27 20:26:19,-62,23D9727E,8754,,,AA4358FB,
,,5,2025-05-27 20:26:19,-62,23D9727E,8754,,,AA4358FB,
,,3,2025-05-27 20:26:19,-62,23D9727E,8754,,,AA4358FB,
,,1,2025-05-27 20:26:19,-78,3F9E3319,13168,,,AA4358FB,
,,4,2025-05-27 20:26:19,-78,3F9E3319,13168,,,AA4358FB,
,,3,2025-05-27 20:26:19,-78,3F9E3319,13168,,,AA4358FB,
,,5,2025-05-27 20:26:19,-78,3F9E3319,13168,,,AA4358FB,
,,3,2025-05-27 20:26:19,-72,13323C65,56375,,,AA4358FB,
,,5,2025-05-27 20:26:19,-72,13323C65,56375,,,AA4358FB,
,,3,2025-05-27 20:26:21,-77,A648A0E7,35016,,,AA4358FB,
,,5,2025-05-27 20:26:21,-77,A648A0E7,35016,,,AA4358FB,
,,3,2025-05-27 20:26:21,-70,0000006E,14045,,,AA4358FB,
,,3,2025-05-27 20:26:22,-68,367E0F4A,47850,,,AA4358FB,
,,4,2025-05-27 20:26:23,-78,E2A807D7,8895,,,AA4358FB,
,,2,2025-05-27 20:26:23,-78,E2A807D7,8895,,,AA4358FB,
,,3,2025-05-27 20:26:23,-78,E2A807D7,8895,,,AA4358FB,
,,3,2025-05-27 20:26:25,-54,23D9727E,16190,,,AA4358FB,
,,4,2025-05-27 20:26:25,-78,A648A0E7,37459,,,CB4A1EAE,
,,1,2025-05-27 20:26:25,-78,A648A0E7,37459,,,CB4A1EAE,
,,3,2025-05-27 20:26:25,-77,E85FB74C,52274,,,AA4358FB,
,,5,2025-05-27 20:26:25,-77,E85FB74C,52274,,,AA4358FB,
,,4,2025-05-27 20:26:26,-68,81D187E3,14665,,,AA4358FB,
,,3,2025-05-27 20:26:26,-68,81D187E3,14665,,,AA4358FB,
,,5,2025-05-27 20:26:26,-68,81D187E3,14665,,,AA4358FB,
,,1,2025-05-27 20:26:26,-68,81D187E3,14665,,,AA4358FB,
,,2,2025-05-27 20:26:26,-68,81D187E3,14665,,,AA4358FB,
,,3,2025-05-27 20:26:26,-67,07F9389E,28794,,,AA4358FB,
,,5,2025-05-27 20:26:26,-67,07F9389E,28794,,,AA4358FB,
,,5,2025-05-27 20:26:26,-69,13323C65,38666,,,AA4358FB,
,,3,2025-05-27 20:26:26,-69,13323C65,38666,,,AA4358FB,
,,5,2025-05-27 20:26:27,-75,D7510A57,58657,,,AA4358FB,
,,3,2025-05-27 20:26:27,-75,D7510A57,58657,,,AA4358FB,
,,4,2025-05-27 20:26:28,-76,A648A0E7,53633,,,AA4358FB,
,,3,2025-05-27 20:26:28,-76,A648A0E7,53633,,,AA4358FB,
,,1,2025-05-27 20:26:28,-76,A648A0E7,53633,,,AA4358FB,
,,2,2025-05-27 20:26:28,-76,A648A0E7,53633,,,AA4358FB,
,,5,2025-05-27 20:26:28,-76,A648A0E7,53633,,,AA4358FB,
,,5,2025-05-27 20:26:28,-60,870614B1,44566,,,AA4358FB,
,,5,2025-05-27 20:26:28,-77,59FE8D30,21653,,,AA4358FB,
,,1,2025-05-27 20:26:28,-77,59FE8D30,21653,,,AA4358FB,
,,4,2025-05-27 20:26:28,-77,59FE8D30,21653,,,AA4358FB,
,,3,2025-05-27 20:26:28,-77,59FE8D30,21653,,,AA4358FB,
,,1,2025-05-27 20:26:31,-79,A648A0E7,4291,,,CB4A1EAE,
,,4,2025-05-27 20:26:31,-79,A648A0E7,4291,,,CB4A1EAE,
,,5,2025-05-27 20:26:29,-78,59FE8D30,11941,,,AA4358FB,
,,3,2025-05-27 20:26:29,-78,59FE8D30,11941,,,AA4358FB,
,,1,2025-05-27 20:26:29,-78,59FE8D30,11941,,,AA4358FB,
,,4,2025-05-27 20:26:29,-78,59FE8D30,11941,,,AA4358FB,
,,4,2025-05-27 20:26:17,-72,D7510A57,58216,,,D46BA6A2,
,,4,2025-05-27 20:26:32,-78,59FE8D30,2492,,,CB4A1EAE,
,,1,2025-05-27 20:26:32,-78,59FE8D30,2492,,,CB4A1EAE,
,,4,2025-05-27 20:26:18,-76,3F9E3319,13168,,,D46BA6A2,
,,1,2025-05-27 20:26:18,-76,3F9E3319,13168,,,D46BA6A2,
,,5,2025-05-27 20:26:18,-76,3F9E3319,13168,,,D46BA6A2,
,,1,2025-05-27 20:26:19,-73,59FE8D30,61269,,,D46BA6A2,
,,5,2025-05-27 20:26:32,-70,367E0F4A,6445,,,AA4358FB,
,,3,2025-05-27 20:26:33,-76,A648A0E7,40249,,,AA4358FB,
,,1,2025-05-27 20:26:23,-70,59FE8D30,45368,,,D46BA6A2,
,,1,2025-05-27 20:26:33,-77,E2A807D7,49064,,,AA4358FB,
,,5,2025-05-27 20:26:33,-77,E2A807D7,49064,,,AA4358FB,
,,3,2025-05-27 20:26:34,-71,367E0F4A,39382,,,AA4358FB,
,,5,2025-05-27 20:26:34,-71,367E0F4A,39382,,,AA4358FB,
,,5,2025-05-27 20:26:34,-58,870614B1,35597,,,AA4358FB,
,,3,2025-05-27 20:26:34,-58,870614B1,35597,,,AA4358FB,
,,1,2025-05-27 20:26:26,-69,D7510A57,58657,,,D46BA6A2,
,,3,2025-05-27 20:26:35,-71,367E0F4A,15992,,,AA4358FB,
,,3,2025-05-27 20:26:36,-72,81D187E3,17962,,,AA4358FB,
,,2,2025-05-27 20:26:36,-72,81D187E3,17962,,,AA4358FB,
,,4,2025-05-27 20:26:17,-71,D7510A57,58216,,,4D64B5B5,
,,4,2025-05-27 20:26:21,-72,07F9389E,63399,,,4D64B5B5,
,,4,2025-05-27 20:26:32,-70,A648A0E7,40249,,,D46BA6A2,
,,5,2025-05-27 20:26:32,-70,A648A0E7,40249,,,D46BA6A2,
,,1,2025-05-27 20:26:32,-70,A648A0E7,40249,,,D46BA6A2,
,,5,2025-05-27 20:26:33,-67,59FE8D30,45361,,,D46BA6A2,
,,1,2025-05-27 20:26:33,-67,59FE8D30,45361,,,D46BA6A2,
,,4,2025-05-27 20:26:23,-77,13323C65,59962,,,4D64B5B5,
,,4,2025-05-27 20:26:23,-71,367E0F4A,9988,,,4D64B5B5,
,,1,2025-05-27 20:26:25,-76,A648A0E7,37459,,,4D64B5B5,
,,1,2025-05-27 20:26:37,-78,81D187E3,6227,,,D46BA6A2,
,,1,2025-05-27 20:26:18,-72,23D9727E,8754,,,7378B941,
,,4,2025-05-27 20:26:18,-72,23D9727E,8754,,,7378B941,
,,5,2025-05-27 20:26:18,-72,23D9727E,8754,,,7378B941,
,,1,2025-05-27 20:26:19,-86,E2A807D7,17876,,,7378B941,
,,4,2025-05-27 20:26:31,-57,870614B1,48588,,,4D64B5B5,
,,5,2025-05-27 20:26:21,-77,A648A0E7,4814,,,7378B941,
,,5,2025-05-27 20:26:32,-77,A648A0E7,40249,,,4D64B5B5,
,,4,2025-05-27 20:26:32,-77,A648A0E7,40249,,,4D64B5B5,
,,1,2025-05-27 20:26:32,-77,A648A0E7,40249,,,4D64B5B5,
,,1,2025-05-27 20:26:21,-55,870614B1,58119,,,7378B941,
,,4,2025-05-27 20:26:21,-55,870614B1,58119,,,7378B941,
,,5,2025-05-27 20:26:21,-55,870614B1,58119,,,7378B941,
,,1,2025-05-27 20:26:36,-73,81D187E3,63848,,,4D64B5B5,
,,4,2025-05-27 20:26:36,-73,81D187E3,63848,,,4D64B5B5,
,,5,2025-05-27 20:26:36,-73,81D187E3,63848,,,4D64B5B5,
,,1,2025-05-27 20:26:22,-79,A648A0E7,33498,,,9CC5DC79,
,,1,2025-05-27 20:26:25,-82,81D187E3,14665,,,7378B941,
,,4,2025-05-27 20:26:27,-68,870614B1,44566,,,7378B941,
,,1,2025-05-27 20:26:27,-68,870614B1,44566,,,7378B941,
,,5,2025-05-27 20:26:27,-68,870614B1,44566,,,7378B941,
,,1,2025-05-27 20:26:26,-84,81D187E3,49820,,,9CC5DC79,
,,4,2025-05-27 20:26:37,-70,D7510A57,57051,,,4D64B5B5,
,,1,2025-05-27 20:26:37,-70,D7510A57,57051,,,4D64B5B5,
,,1,2025-05-27 20:26:27,-77,D7510A57,51243,,,9CC5DC79,
,,1,2025-05-27 20:26:28,-82,E2A807D7,27904,,,9CC5DC79,
,,1,2025-05-27 20:26:28,-83,81D187E3,58170,,,9CC5DC79,
,,5,2025-05-27 20:26:30,-83,59FE8D30,36554,,,7378B941,
,,1,2025-05-27 20:26:31,-77,13323C65,1565,,,7378B941,
,,4,2025-05-27 20:26:31,-77,13323C65,1565,,,7378B941,
,,5,2025-05-27 20:26:31,-77,13323C65,1565,,,7378B941,
,,1,2025-05-27 20:26:31,-78,59FE8D30,21797,,,9CC5DC79,
,,4,2025-05-27 20:26:31,-78,59FE8D30,21797,,,9CC5DC79,
,,2,2025-05-27 20:26:26,-71,A648A0E7,16483,,,520A3C5C,
,,1,2025-05-27 20:26:32,-80,A648A0E7,40249,,,9CC5DC79,
,,4,2025-05-27 20:26:32,-80,A648A0E7,40249,,,9CC5DC79,
,,1,2025-05-27 20:26:33,-71,367E0F4A,39382,,,9CC5DC79,
,,5,2025-05-27 20:26:29,-72,13323C65,17464,,,520A3C5C,
,,2,2025-05-27 20:26:29,-72,13323C65,17464,,,520A3C5C,
,,3,2025-05-27 20:26:29,-72,13323C65,17464,,,520A3C5C,
,,3,2025-05-27 20:26:29,-76,367E0F4A,35010,,,520A3C5C,
,,1,2025-05-27 20:26:36,-80,A648A0E7,7148,,,9CC5DC79,
,,2,2025-05-27 20:26:29,-80,E85FB74C,34419,,,520A3C5C,
,,3,2025-05-27 20:26:29,-80,E85FB74C,34419,,,520A3C5C,
,,3,2025-05-27 20:26:30,-67,A648A0E7,9118,,,520A3C5C,
,,1,2025-05-27 20:26:39,-76,13323C65,16941,,,9CC5DC79,
,,2,2025-05-27 20:26:30,-71,367E0F4A,8858,,,520A3C5C,
,,3,2025-05-27 20:26:31,-59,870614B1,48588,,,520A3C5C,
,,2,2025-05-27 20:26:32,-68,D7510A57,35552,,,520A3C5C,
,,3,2025-05-27 20:26:32,-68,D7510A57,35552,,,520A3C5C,
,,2,2025-05-27 20:26:33,-78,59FE8D30,45361,,,520A3C5C,
,,3,2025-05-27 20:26:33,-72,0000006E,15422,,,520A3C5C,
,,5,2025-05-27 20:26:33,-72,0000006E,15422,,,520A3C5C,
,,2,2025-05-27 20:26:33,-72,0000006E,15422,,,520A3C5C,
,,1,2025-05-27 20:26:40,-78,D7510A57,18477,,,9CC5DC79,
,,3,2025-05-27 20:26:34,-69,59FE8D30,21373,,,520A3C5C,
,,2,2025-05-27 20:26:34,-69,59FE8D30,21373,,,520A3C5C,
,,5,2025-05-27 20:26:36,-77,81D187E3,63848,,,520A3C5C,
,,3,2025-05-27 20:26:36,-77,81D187E3,63848,,,520A3C5C,
,,3,2025-05-27 20:26:36,-67,A648A0E7,7148,,,520A3C5C,
,,2,2025-05-27 20:26:36,-67,A648A0E7,7148,,,520A3C5C,
,,3,2025-05-27 20:26:37,-72,13323C65,26702,,,520A3C5C,
,,5,2025-05-27 20:26:37,-72,13323C65,26702,,,520A3C5C,
,,3,2025-05-27 20:26:38,-83,A648A0E7,2197,,,520A3C5C,
,,4,2025-05-27 20:26:38,-71,367E0F4A,59697,,,520A3C5C,
,,5,2025-05-27 20:26:38,-71,367E0F4A,59697,,,520A3C5C,
,,3,2025-05-27 20:26:38,-71,367E0F4A,59697,,,520A3C5C,
,,2,2025-05-27 20:26:40,-76,81D187E3,13424,,,520A3C5C,
,,5,2025-05-27 20:26:41,-69,59FE8D30,11866,,,520A3C5C,
,,3,2025-05-27 20:26:41,-69,59FE8D30,11866,,,520A3C5C,
,,4,2025-05-27 20:26:18,-80,A648A0E7,36160,,,B995250B,
,,1,2025-05-27 20:26:18,-80,A648A0E7,36160,,,B995250B,
,,4,2025-05-27 20:26:24,-64,23D9727E,16190,,,B995250B,
,,1,2025-05-27 20:26:24,-64,23D9727E,16190,,,B995250B,
,,5,2025-05-27 20:26:24,-64,23D9727E,16190,,,B995250B,
,,4,2025-05-27 20:26:28,-73,59FE8D30,21653,,,B995250B,
,,1,2025-05-27 20:26:28,-73,59FE8D30,21653,,,B995250B,
,,1,2025-05-27 20:26:31,-71,23D9727E,22186,,,B995250B,
,,4,2025-05-27 20:26:31,-71,23D9727E,22186,,,B995250B,
,,1,2025-05-27 20:26:36,-74,D7510A57,34257,,,B995250B,
,,4,2025-05-27 20:26:36,-74,D7510A57,34257,,,B995250B,
,,1,2025-05-27 20:26:37,-79,59FE8D30,63972,,,B995250B,
,,1,2025-05-27 20:26:38,-78,367E0F4A,30794,,,B995250B,
,,4,2025-05-27 20:26:38,-78,367E0F4A,30794,,,B995250B,
,,1,2025-05-27 20:26:41,-81,07F9389E,34514,,,B995250B,
,,1,2025-05-27 20:26:33,-73,A648A0E7,40249,,,7D769A01,
,,1,2025-05-27 20:26:33,-72,59FE8D30,45361,,,7D769A01,
,,1,2025-05-27 20:26:33,-76,0000006E,15422,,,7D769A01,
,,4,2025-05-27 20:26:33,-76,0000006E,15422,,,7D769A01,
,,1,2025-05-27 20:26:34,-80,E2A807D7,49064,,,7D769A01,
,,1,2025-05-27 20:26:34,-66,367E0F4A,39382,,,7D769A01,
,,1,2025-05-27 20:26:38,-74,81D187E3,6227,,,7D769A01,
,,1,2025-05-27 20:26:38,-68,367E0F4A,30794,,,7D769A01,
,,5,2025-05-27 20:26:36,-68,367E0F4A,37778,,,AA4358FB,
,,4,2025-05-27 20:26:40,-67,367E0F4A,30895,,,7D769A01,
,,1,2025-05-27 20:26:40,-67,367E0F4A,30895,,,7D769A01,
,,5,2025-05-27 20:26:36,-72,59FE8D30,30669,,,AA4358FB,
,,5,2025-05-27 20:26:36,-64,0000006E,10955,,,AA4358FB,
,,4,2025-05-27 20:26:36,-64,0000006E,10955,,,AA4358FB,
,,5,2025-05-27 20:26:37,-57,23D9727E,31725,,,AA4358FB,
,,3,2025-05-27 20:26:37,-57,23D9727E,31725,,,AA4358FB,
,,1,2025-05-27 20:26:41,-77,2172633A,11031,,,7D769A01,
,,5,2025-05-27 20:26:38,-73,13323C65,26702,,,AA4358FB,
,,3,2025-05-27 20:26:38,-73,13323C65,26702,,,AA4358FB,
,,1,2025-05-27 20:26:38,-75,59FE8D30,47461,,,AA4358FB,
,,2,2025-05-27 20:26:40,-81,D7510A57,63940,,,AA4358FB,
,,1,2025-05-27 20:26:44,-74,A648A0E7,53724,,,7D769A01,
,,5,2025-05-27 20:26:44,-74,A648A0E7,53724,,,7D769A01,
,,1,2025-05-27 20:26:46,-63,23D9727E,29750,,,7D769A01,
,,3,2025-05-27 20:26:42,-65,367E0F4A,52990,,,AA4358FB,
,,1,2025-05-27 20:26:43,-58,870614B1,3519,,,AA4358FB,
,,2,2025-05-27 20:26:43,-58,870614B1,3519,,,AA4358FB,
,,3,2025-05-27 20:26:43,-58,870614B1,3519,,,AA4358FB,
,,4,2025-05-27 20:26:43,-58,870614B1,3519,,,AA4358FB,
,,5,2025-05-27 20:26:43,-58,870614B1,3519,,,AA4358FB,
,,5,2025-05-27 20:26:43,-78,59FE8D30,62027,,,AA4358FB,
,,1,2025-05-27 20:26:48,-78,81D187E3,29483,,,7D769A01,
,,5,2025-05-27 20:26:44,-69,13323C65,48782,,,AA4358FB,
,,1,2025-05-27 20:26:48,-78,E2A807D7,6315,,,7D769A01,
,,3,2025-05-27 20:26:44,-74,A648A0E7,53724,,,AA4358FB,
,,1,2025-05-27 20:26:44,-74,A648A0E7,53724,,,AA4358FB,
,,5,2025-05-27 20:26:44,-74,A648A0E7,53724,,,AA4358FB,
,,1,2025-05-27 20:26:44,-78,59FE8D30,40979,,,AA4358FB,
,,5,2025-05-27 20:26:44,-78,59FE8D30,40979,,,AA4358FB,
,,5,2025-05-27 20:26:45,-73,81D187E3,19071,,,AA4358FB,
,,3,2025-05-27 20:26:45,-73,81D187E3,19071,,,AA4358FB,
,,5,2025-05-27 20:26:46,-69,367E0F4A,58433,,,AA4358FB,
,,3,2025-05-27 20:26:46,-69,367E0F4A,58433,,,AA4358FB,
,,4,2025-05-27 20:26:46,-55,870614B1,10833,,,AA4358FB,
,,3,2025-05-27 20:26:46,-55,870614B1,10833,,,AA4358FB,
,,5,2025-05-27 20:26:46,-55,870614B1,10833,,,AA4358FB,
,,3,2025-05-27 20:26:48,-65,0000006E,16923,,,AA4358FB,
,,5,2025-05-27 20:26:48,-65,0000006E,16923,,,AA4358FB,
,,2,2025-05-27 20:26:48,-71,59FE8D30,60847,,,AA4358FB,
,,1,2025-05-27 20:26:48,-71,59FE8D30,60847,,,AA4358FB,
,,3,2025-05-27 20:26:48,-71,59FE8D30,60847,,,AA4358FB,
,,5,2025-05-27 20:26:48,-71,59FE8D30,60847,,,AA4358FB,
,,4,2025-05-27 20:26:48,-71,59FE8D30,60847,,,AA4358FB,
,,3,2025-05-27 20:26:49,-76,E197FE3E,56018,,,AA4358FB,
,,3,2025-05-27 20:26:50,-77,59FE8D30,18670,,,AA4358FB,
,,5,2025-05-27 20:26:50,-77,59FE8D30,18670,,,AA4358FB,
,,5,2025-05-27 20:26:51,-66,07F9389E,64565,,,AA4358FB,
,,3,2025-05-27 20:26:51,-66,07F9389E,64565,,,AA4358FB,
,,5,2025-05-27 20:26:51,-78,3F9E3319,20009,,,AA4358FB,
,,3,2025-05-27 20:26:51,-78,3F9E3319,20009,,,AA4358FB,
,,3,2025-05-27 20:26:51,-68,0000006E,34173,,,AA4358FB,
,,5,2025-05-27 20:26:51,-68,0000006E,34173,,,AA4358FB,
,,3,2025-05-27 20:26:51,-78,B78FE24A,54142,,,AA4358FB,
,,2,2025-05-27 20:26:51,-78,B78FE24A,54142,,,AA4358FB,
,,3,2025-05-27 20:26:52,-62,23D9727E,26970,,,AA4358FB,
,,2,2025-05-27 20:26:52,-62,23D9727E,26970,,,AA4358FB,
,,5,2025-05-27 20:26:52,-62,23D9727E,26970,,,AA4358FB,
,,1,2025-05-27 20:26:52,-58,870614B1,36815,,,AA4358FB,
,,2,2025-05-27 20:26:52,-58,870614B1,36815,,,AA4358FB,
,,4,2025-05-27 20:26:52,-58,870614B1,36815,,,AA4358FB,
,,5,2025-05-27 20:26:52,-58,870614B1,36815,,,AA4358FB,
,,3,2025-05-27 20:26:52,-58,870614B1,36815,,,AA4358FB,
,,4,2025-05-27 20:26:40,-74,D7510A57,18477,,,4D64B5B5,
,,4,2025-05-27 20:26:41,-71,D7510A57,18889,,,4D64B5B5,
,,4,2025-05-27 20:26:43,-58,870614B1,3519,,,4D64B5B5,
,,1,2025-05-27 20:26:45,-84,0000006E,7616,,,4D64B5B5,
,,4,2025-05-27 20:26:45,-84,0000006E,7616,,,4D64B5B5,
,,4,2025-05-27 20:26:46,-78,59FE8D30,31246,,,4D64B5B5,
,,4,2025-05-27 20:26:53,-76,A648A0E7,59622,,,4D64B5B5,
,,1,2025-05-27 20:26:53,-76,A648A0E7,59622,,,4D64B5B5,
,,4,2025-05-27 20:26:55,-73,367E0F4A,59503,,,4D64B5B5,
,,1,2025-05-27 20:26:38,-76,B78FE24A,38812,,,D46BA6A2,
,,1,2025-05-27 20:26:39,-81,19836CFF,65448,,,D46BA6A2,
,,5,2025-05-27 20:26:40,-70,367E0F4A,16709,,,D46BA6A2,
,,4,2025-05-27 20:26:40,-70,367E0F4A,16709,,,D46BA6A2,
,,1,2025-05-27 20:26:40,-70,367E0F4A,16709,,,D46BA6A2,
,,1,2025-05-27 20:26:41,-68,59FE8D30,11866,,,D46BA6A2,
,,1,2025-05-27 20:26:42,-75,D7510A57,59821,,,D46BA6A2,
,,5,2025-05-27 20:26:45,-79,19836CFF,42263,,,D46BA6A2,
,,1,2025-05-27 20:26:45,-79,19836CFF,42263,,,D46BA6A2,
,,1,2025-05-27 20:26:47,-75,D7510A57,25521,,,D46BA6A2,
,,4,2025-05-27 20:26:47,-75,13323C65,61026,,,D46BA6A2,
,,1,2025-05-27 20:26:53,-75,D7510A57,50408,,,D46BA6A2,
,,4,2025-05-27 20:26:54,-76,23D9727E,25077,,,D46BA6A2,
,,5,2025-05-27 20:26:54,-76,23D9727E,25077,,,D46BA6A2,
,,1,2025-05-27 20:26:54,-76,23D9727E,25077,,,D46BA6A2,
,,4,2025-05-27 20:26:54,-68,367E0F4A,59503,,,D46BA6A2,
,,1,2025-05-27 20:26:54,-68,367E0F4A,59503,,,D46BA6A2,
,,1,2025-05-27 20:26:44,-79,13323C65,15822,,,CB4A1EAE,
,,4,2025-05-27 20:26:44,-79,13323C65,15822,,,CB4A1EAE,
,,1,2025-05-27 20:26:46,-78,59FE8D30,31246,,,CB4A1EAE,
,,4,2025-05-27 20:26:47,-83,81D187E3,29483,,,CB4A1EAE,
,,1,2025-05-27 20:26:47,-83,81D187E3,29483,,,CB4A1EAE,
,,2,2025-05-27 20:26:43,-71,59FE8D30,62027,,,520A3C5C,
,,3,2025-05-27 20:26:43,-71,59FE8D30,62027,,,520A3C5C,
,,2,2025-05-27 20:26:44,-69,59FE8D30,40979,,,520A3C5C,
,,5,2025-05-27 20:26:46,-77,E2A807D7,37826,,,520A3C5C,
,,4,2025-05-27 20:26:56,-82,5504D31A,49623,,,CB4A1EAE,
,,1,2025-05-27 20:26:56,-82,5504D31A,49623,,,CB4A1EAE,
,,5,2025-05-27 20:26:47,-76,367E0F4A,27838,,,520A3C5C,
,,4,2025-05-27 20:27:00,-79,13323C65,56359,,,CB4A1EAE,
,,1,2025-05-27 20:27:00,-79,13323C65,56359,,,CB4A1EAE,
,,2,2025-05-27 20:26:50,-70,2172633A,63864,,,520A3C5C,
,,3,2025-05-27 20:26:50,-70,2172633A,63864,,,520A3C5C,
,,5,2025-05-27 20:26:50,-70,2172633A,63864,,,520A3C5C,
,,2,2025-05-27 20:26:51,-79,0000006E,34173,,,520A3C5C,
,,5,2025-05-27 20:26:51,-79,0000006E,34173,,,520A3C5C,
,,4,2025-05-27 20:26:52,-63,870614B1,36815,,,B995250B,
,,1,2025-05-27 20:26:52,-63,870614B1,36815,,,B995250B,
,,5,2025-05-27 20:26:55,-75,367E0F4A,59503,,,520A3C5C,
,,3,2025-05-27 20:26:56,-71,D7510A57,6554,,,520A3C5C,
,,5,2025-05-27 20:26:58,-59,870614B1,28876,,,520A3C5C,
,,3,2025-05-27 20:26:58,-69,2172633A,53622,,,520A3C5C,
,,2,2025-05-27 20:26:58,-69,2172633A,53622,,,520A3C5C,
,,2,2025-05-27 20:26:59,-79,E2A807D7,32298,,,520A3C5C,
,,1,2025-05-27 20:26:59,-79,E2A807D7,32298,,,520A3C5C,
,,3,2025-05-27 20:27:00,-70,A648A0E7,11155,,,520A3C5C,
,,4,2025-05-27 20:27:04,-64,23D9727E,19932,,,B995250B,
,,1,2025-05-27 20:27:04,-64,23D9727E,19932,,,B995250B,
,,4,2025-05-27 20:27:05,-72,367E0F4A,18446,,,B995250B,
,,1,2025-05-27 20:27:05,-72,367E0F4A,18446,,,B995250B,
,,5,2025-05-27 20:26:40,-77,2172633A,11031,,,7378B941,
,,5,2025-05-27 20:26:44,-80,59FE8D30,40979,,,9CC5DC79,
,,1,2025-05-27 20:26:44,-80,59FE8D30,40979,,,9CC5DC79,
,,4,2025-05-27 20:26:44,-80,59FE8D30,40979,,,9CC5DC79,
,,2,2025-05-27 20:26:44,-80,59FE8D30,40979,,,9CC5DC79,
,,1,2025-05-27 20:26:49,-80,2172633A,63864,,,9CC5DC79,
,,5,2025-05-27 20:26:45,-75,D7510A57,65428,,,7378B941,
,,4,2025-05-27 20:26:52,-58,870614B1,36815,,,9CC5DC79,
,,1,2025-05-27 20:26:52,-58,870614B1,36815,,,9CC5DC79,
,,4,2025-05-27 20:26:48,-77,A648A0E7,16292,,,7378B941,
,,1,2025-05-27 20:26:48,-77,A648A0E7,16292,,,7378B941,
,,1,2025-05-27 20:26:52,-56,870614B1,36815,,,7D769A01,
,,1,2025-05-27 20:26:52,-75,13323C65,23105,,,7378B941,
,,4,2025-05-27 20:26:52,-75,13323C65,23105,,,7378B941,
,,1,2025-05-27 20:26:59,-87,E2A807D7,32298,,,9CC5DC79,
,,4,2025-05-27 20:26:59,-87,E2A807D7,32298,,,9CC5DC79,
,,4,2025-05-27 20:26:56,-68,D7510A57,37724,,,7D769A01,
,,1,2025-05-27 20:26:56,-68,D7510A57,37724,,,7D769A01,
,,5,2025-05-27 20:26:55,-83,5504D31A,49623,,,7378B941,
,,1,2025-05-27 20:26:55,-83,5504D31A,49623,,,7378B941,
,,1,2025-05-27 20:26:56,-76,A648A0E7,32994,,,7378B941,
,,1,2025-05-27 20:27:01,-77,D7510A57,8839,,,9CC5DC79,
,,4,2025-05-27 20:26:57,-83,D7510A57,8164,,,7378B941,
,,5,2025-05-27 20:26:57,-83,D7510A57,8164,,,7378B941,
,,1,2025-05-27 20:26:57,-74,0000006E,62559,,,7D769A01,
,,1,2025-05-27 20:27:03,-81,0000006E,29871,,,9CC5DC79,
,,1,2025-05-27 20:26:58,-71,13323C65,58133,,,7D769A01,
,,1,2025-05-27 20:27:00,-79,B78FE24A,47420,,,7D769A01,
,,1,2025-05-27 20:27:00,-75,0000006E,10398,,,7D769A01,
,,1,2025-05-27 20:27:01,-69,367E0F4A,62698,,,7D769A01,
,,4,2025-05-27 20:27:02,-69,D7510A57,8839,,,7D769A01,
,,4,2025-05-27 20:27:02,-74,A648A0E7,51083,,,7D769A01,
,,1,2025-05-27 20:27:02,-74,A648A0E7,51083,,,7D769A01,
,,5,2025-05-27 20:26:53,-69,81D187E3,45574,,,AA4358FB,
,,1,2025-05-27 20:26:53,-69,81D187E3,45574,,,AA4358FB,
,,3,2025-05-27 20:26:53,-69,81D187E3,45574,,,AA4358FB,
,,4,2025-05-27 20:26:53,-69,81D187E3,45574,,,AA4358FB,
,,3,2025-05-27 20:26:53,-81,E197FE3E,35283,,,AA4358FB,
,,5,2025-05-27 20:26:54,-69,81D187E3,9698,,,AA4358FB,
,,1,2025-05-27 20:27:03,-72,13323C65,28865,,,7D769A01,
,,3,2025-05-27 20:26:54,-71,59FE8D30,47477,,,AA4358FB,
,,5,2025-05-27 20:26:54,-71,59FE8D30,47477,,,AA4358FB,
,,3,2025-05-27 20:26:55,-76,E85FB74C,255,,,AA4358FB,
,,5,2025-05-27 20:26:55,-52,23D9727E,25077,,,AA4358FB,
,,3,2025-05-27 20:26:55,-70,367E0F4A,59503,,,AA4358FB,
,,2,2025-05-27 20:26:55,-70,367E0F4A,59503,,,AA4358FB,
,,4,2025-05-27 20:26:55,-70,367E0F4A,59503,,,AA4358FB,
,,1,2025-05-27 20:26:55,-70,367E0F4A,59503,,,AA4358FB,
,,5,2025-05-27 20:26:55,-70,367E0F4A,59503,,,AA4358FB,
,,5,2025-05-27 20:26:56,-68,07F9389E,42987,,,AA4358FB,
,,4,2025-05-27 20:26:56,-68,07F9389E,42987,,,AA4358FB,
,,3,2025-05-27 20:26:56,-68,07F9389E,42987,,,AA4358FB,
,,3,2025-05-27 20:26:57,-72,81D187E3,41296,,,AA4358FB,
,,5,2025-05-27 20:26:57,-72,81D187E3,41296,,,AA4358FB,
,,1,2025-05-27 20:27:06,-72,59FE8D30,30679,,,7D769A01,
,,3,2025-05-27 20:26:57,-62,367E0F4A,6682,,,AA4358FB,
,,2,2025-05-27 20:26:57,-62,367E0F4A,6682,,,AA4358FB,
,,3,2025-05-27 20:26:57,-78,3F9E3319,7291,,,AA4358FB,
,,5,2025-05-27 20:26:57,-78,3F9E3319,7291,,,AA4358FB,
,,5,2025-05-27 20:26:57,-67,0000006E,62559,,,AA4358FB,
,,5,2025-05-27 20:26:58,-77,D7510A57,8164,,,AA4358FB,
,,5,2025-05-27 20:26:58,-58,870614B1,28876,,,AA4358FB,
,,2,2025-05-27 20:27:00,-73,81D187E3,55373,,,AA4358FB,
,,1,2025-05-27 20:27:00,-73,81D187E3,55373,,,AA4358FB,
,,3,2025-05-27 20:27:00,-78,59FE8D30,28473,,,AA4358FB,
,,5,2025-05-27 20:27:00,-78,59FE8D30,28473,,,AA4358FB,
,,5,2025-05-27 20:27:01,-62,23D9727E,17592,,,AA4358FB,
,,5,2025-05-27 20:27:02,-75,A648A0E7,51083,,,AA4358FB,
,,3,2025-05-27 20:27:02,-75,A648A0E7,51083,,,AA4358FB,
,,2,2025-05-27 20:27:02,-75,A648A0E7,51083,,,AA4358FB,
,,5,2025-05-27 20:27:03,-76,A648A0E7,17861,,,AA4358FB,
,,3,2025-05-27 20:27:03,-76,A648A0E7,17861,,,AA4358FB,
,,2,2025-05-27 20:27:03,-76,A648A0E7,17861,,,AA4358FB,
,,3,2025-05-27 20:27:03,-64,0000006E,29871,,,AA4358FB,
,,2,2025-05-27 20:27:05,-75,A648A0E7,18908,,,AA4358FB,
,,3,2025-05-27 20:27:05,-75,A648A0E7,18908,,,AA4358FB,
,,3,2025-05-27 20:27:07,-79,D7510A57,13566,,,AA4358FB,
,,1,2025-05-27 20:27:07,-79,D7510A57,13566,,,AA4358FB,
,,2,2025-05-27 20:27:07,-79,D7510A57,13566,,,AA4358FB,
,,4,2025-05-27 20:27:07,-79,D7510A57,13566,,,AA4358FB,
,,5,2025-05-27 20:27:07,-79,D7510A57,13566,,,AA4358FB,
,,2,2025-05-27 20:27:08,-65,2172633A,47692,,,AA4358FB,
,,2,2025-05-27 20:27:08,-75,A648A0E7,47488,,,AA4358FB,
,,4,2025-05-27 20:27:08,-75,A648A0E7,47488,,,AA4358FB,
,,5,2025-05-27 20:27:08,-75,A648A0E7,47488,,,AA4358FB,
,,3,2025-05-27 20:27:08,-75,A648A0E7,47488,,,AA4358FB,
,,1,2025-05-27 20:27:08,-75,A648A0E7,47488,,,AA4358FB,
,,3,2025-05-27 20:27:09,-69,81D187E3,25004,,,AA4358FB,
,,3,2025-05-27 20:27:09,-82,D7510A57,63615,,,AA4358FB,
,,2,2025-05-27 20:27:09,-82,D7510A57,63615,,,AA4358FB,
,,4,2025-05-27 20:27:09,-78,59FE8D30,55145,,,AA4358FB,
,,3,2025-05-27 20:27:09,-78,59FE8D30,55145,,,AA4358FB,
,,5,2025-05-27 20:27:09,-78,59FE8D30,55145,,,AA4358FB,
,,1,2025-05-27 20:27:09,-78,59FE8D30,55145,,,AA4358FB,
,,2,2025-05-27 20:27:09,-78,59FE8D30,55145,,,AA4358FB,
,,2,2025-05-27 20:27:10,-66,367E0F4A,7410,,,AA4358FB,
,,2,2025-05-27 20:27:11,-75,A648A0E7,5332,,,AA4358FB,
,,5,2025-05-27 20:27:11,-75,A648A0E7,5332,,,AA4358FB,
,,3,2025-05-27 20:27:11,-75,A648A0E7,5332,,,AA4358FB,
,,1,2025-05-27 20:26:55,-68,59FE8D30,26533,,,D46BA6A2,
,,1,2025-05-27 20:26:55,-73,07F9389E,42987,,,D46BA6A2,
,,1,2025-05-27 20:26:55,-78,A648A0E7,50215,,,D46BA6A2,
,,4,2025-05-27 20:26:55,-78,A648A0E7,50215,,,D46BA6A2,
,,5,2025-05-27 20:26:55,-78,A648A0E7,50215,,,D46BA6A2,
,,1,2025-05-27 20:26:56,-69,13323C65,8447,,,D46BA6A2,
,,5,2025-05-27 20:26:58,-76,E2A807D7,27259,,,D46BA6A2,
,,1,2025-05-27 20:26:58,-80,19836CFF,20892,,,D46BA6A2,
,,5,2025-05-27 20:26:58,-80,19836CFF,20892,,,D46BA6A2,
,,1,2025-05-27 20:26:58,-76,13323C65,42239,,,D46BA6A2,
,,4,2025-05-27 20:27:00,-71,0000006E,10398,,,D46BA6A2,
,,5,2025-05-27 20:27:00,-71,0000006E,10398,,,D46BA6A2,
,,1,2025-05-27 20:27:00,-71,0000006E,10398,,,D46BA6A2,
,,1,2025-05-27 20:27:01,-71,367E0F4A,62698,,,D46BA6A2,
,,5,2025-05-27 20:27:01,-68,D7510A57,8839,,,D46BA6A2,
,,1,2025-05-27 20:27:01,-68,D7510A57,8839,,,D46BA6A2,
,,5,2025-05-27 20:27:02,-68,59FE8D30,43943,,,D46BA6A2,
,,4,2025-05-27 20:27:02,-68,59FE8D30,43943,,,D46BA6A2,
,,1,2025-05-27 20:27:02,-68,59FE8D30,43943,,,D46BA6A2,
,,1,2025-05-27 20:27:02,-71,A648A0E7,17861,,,D46BA6A2,
,,1,2025-05-27 20:27:03,-71,0000006E,29871,,,D46BA6A2,
,,1,2025-05-27 20:27:04,-70,367E0F4A,60032,,,D46BA6A2,
,,5,2025-05-27 20:27:04,-70,367E0F4A,60032,,,D46BA6A2,
,,4,2025-05-27 20:27:04,-70,367E0F4A,60032,,,D46BA6A2,
,,1,2025-05-27 20:27:05,-75,D7510A57,23854,,,D46BA6A2,
,,1,2025-05-27 20:27:06,-68,59FE8D30,3199,,,D46BA6A2,
,,1,2025-05-27 20:27:07,-65,59FE8D30,35934,,,D46BA6A2,
,,1,2025-05-27 20:27:08,-78,81D187E3,25004,,,D46BA6A2,
,,1,2025-05-27 20:27:09,-70,13323C65,21985,,,D46BA6A2,
,,1,2025-05-27 20:27:10,-78,2172633A,42183,,,D46BA6A2,
,,4,2025-05-27 20:27:10,-80,19836CFF,682,,,D46BA6A2,
,,1,2025-05-27 20:27:10,-80,19836CFF,682,,,D46BA6A2,
,,5,2025-05-27 20:27:10,-80,19836CFF,682,,,D46BA6A2,
,,1,2025-05-27 20:27:11,-68,59FE8D30,32757,,,D46BA6A2,
,,4,2025-05-27 20:26:59,-78,A648A0E7,54668,,,4D64B5B5,
,,1,2025-05-27 20:26:59,-78,A648A0E7,54668,,,4D64B5B5,
,,1,2025-05-27 20:27:00,-69,D7510A57,17277,,,4D64B5B5,
,,4,2025-05-27 20:27:01,-72,367E0F4A,62698,,,4D64B5B5,
,,1,2025-05-27 20:27:01,-72,367E0F4A,62698,,,4D64B5B5,
,,4,2025-05-27 20:27:03,-69,D7510A57,49407,,,4D64B5B5,
,,1,2025-05-27 20:27:04,-73,23D9727E,19932,,,4D64B5B5,
,,4,2025-05-27 20:27:04,-73,23D9727E,19932,,,4D64B5B5,
,,4,2025-05-27 20:27:04,-79,59FE8D30,12215,,,4D64B5B5,
,,1,2025-05-27 20:27:04,-79,59FE8D30,12215,,,4D64B5B5,
,,4,2025-05-27 20:27:04,-71,D7510A57,55311,,,4D64B5B5,
,,4,2025-05-27 20:27:07,-69,D7510A57,62441,,,4D64B5B5,
,,4,2025-05-27 20:27:11,-77,367E0F4A,6175,,,4D64B5B5,
,,5,2025-05-27 20:27:12,-70,D7510A57,63314,,,4D64B5B5,
,,1,2025-05-27 20:27:12,-70,D7510A57,63314,,,4D64B5B5,
,,4,2025-05-27 20:27:12,-70,D7510A57,63314,,,4D64B5B5,
,,1,2025-05-27 20:27:13,-65,23D9727E,14363,,,4D64B5B5,
,,4,2025-05-27 20:27:13,-65,23D9727E,14363,,,4D64B5B5,
,,5,2025-05-27 20:27:13,-70,D7510A57,33550,,,4D64B5B5,
,,1,2025-05-27 20:27:13,-70,D7510A57,33550,,,4D64B5B5,
,,1,2025-05-27 20:27:14,-73,2172633A,38938,,,4D64B5B5,
,,1,2025-05-27 20:27:15,-76,81D187E3,11506,,,4D64B5B5,
,,4,2025-05-27 20:27:15,-76,81D187E3,11506,,,4D64B5B5,
,,5,2025-05-27 20:27:17,-79,81D187E3,20209,,,4D64B5B5,
,,1,2025-05-27 20:27:17,-79,81D187E3,20209,,,4D64B5B5,
,,4,2025-05-27 20:27:17,-79,81D187E3,20209,,,4D64B5B5,
,,1,2025-05-27 20:27:11,-65,367E0F4A,6464,,,7D769A01,
,,5,2025-05-27 20:27:11,-65,367E0F4A,6464,,,7D769A01,
,,1,2025-05-27 20:27:11,-81,07F9389E,59298,,,7D769A01,
,,5,2025-05-27 20:27:11,-81,07F9389E,59298,,,7D769A01,
,,1,2025-05-27 20:27:12,-79,B78FE24A,55446,,,7D769A01,
,,5,2025-05-27 20:27:12,-71,13323C65,22425,,,7D769A01,
,,1,2025-05-27 20:27:12,-71,13323C65,22425,,,7D769A01,
,,1,2025-05-27 20:27:12,-75,0000006E,27769,,,7D769A01,
,,1,2025-05-27 20:27:14,-75,59FE8D30,52748,,,7D769A01,
,,4,2025-05-27 20:27:03,-72,0000006E,29871,,,520A3C5C,
,,5,2025-05-27 20:27:03,-72,0000006E,29871,,,520A3C5C,
,,1,2025-05-27 20:27:15,-77,81D187E3,31849,,,7D769A01,
,,5,2025-05-27 20:27:15,-77,81D187E3,31849,,,7D769A01,
,,1,2025-05-27 20:27:15,-82,E197FE3E,52409,,,7D769A01,
,,4,2025-05-27 20:27:03,-70,D7510A57,49407,,,520A3C5C,
,,4,2025-05-27 20:27:04,-56,23D9727E,19932,,,520A3C5C,
,,1,2025-05-27 20:27:04,-56,23D9727E,19932,,,520A3C5C,
,,2,2025-05-27 20:27:04,-59,870614B1,7251,,,520A3C5C,
,,4,2025-05-27 20:27:04,-59,870614B1,7251,,,520A3C5C,
,,3,2025-05-27 20:27:04,-69,59FE8D30,12215,,,520A3C5C,
,,5,2025-05-27 20:27:04,-69,59FE8D30,12215,,,520A3C5C,
,,2,2025-05-27 20:27:04,-69,59FE8D30,12215,,,520A3C5C,
,,4,2025-05-27 20:27:04,-69,59FE8D30,12215,,,520A3C5C,
,,1,2025-05-27 20:27:04,-69,59FE8D30,12215,,,520A3C5C,
,,1,2025-05-27 20:27:16,-70,D7510A57,58833,,,7D769A01,
,,5,2025-05-27 20:27:16,-59,870614B1,14251,,,7D769A01,
,,1,2025-05-27 20:27:16,-59,870614B1,14251,,,7D769A01,
,,1,2025-05-27 20:27:16,-67,23D9727E,2516,,,7D769A01,
,,1,2025-05-27 20:27:17,-79,E2A807D7,64455,,,7D769A01,
,,3,2025-05-27 20:27:07,-56,870614B1,41750,,,520A3C5C,
,,1,2025-05-27 20:27:07,-56,870614B1,41750,,,520A3C5C,
,,5,2025-05-27 20:27:07,-56,870614B1,41750,,,520A3C5C,
,,4,2025-05-27 20:27:07,-56,870614B1,41750,,,520A3C5C,
,,2,2025-05-27 20:27:07,-56,870614B1,41750,,,520A3C5C,
,,1,2025-05-27 20:27:17,-68,367E0F4A,11491,,,7D769A01,
,,1,2025-05-27 20:27:07,-84,E2A807D7,4257,,,520A3C5C,
,,2,2025-05-27 20:27:07,-84,E2A807D7,4257,,,520A3C5C,
,,4,2025-05-27 20:27:07,-84,E2A807D7,4257,,,520A3C5C,
,,3,2025-05-27 20:27:07,-84,E2A807D7,4257,,,520A3C5C,
,,5,2025-05-27 20:27:07,-84,E2A807D7,4257,,,520A3C5C,
,,1,2025-05-27 20:27:07,-70,2172633A,47692,,,520A3C5C,
,,2,2025-05-27 20:27:07,-70,2172633A,47692,,,520A3C5C,
,,4,2025-05-27 20:27:07,-70,2172633A,47692,,,520A3C5C,
,,3,2025-05-27 20:27:07,-70,2172633A,47692,,,520A3C5C,
,,5,2025-05-27 20:27:07,-70,2172633A,47692,,,520A3C5C,
,,1,2025-05-27 20:27:17,-75,81D187E3,64945,,,7D769A01,
,,1,2025-05-27 20:27:18,-73,59FE8D30,46983,,,7D769A01,
,,1,2025-05-27 20:27:18,-67,367E0F4A,1692,,,7D769A01,
,,2,2025-05-27 20:27:10,-64,23D9727E,15234,,,520A3C5C,
,,1,2025-05-27 20:27:19,-70,23D9727E,1520,,,7D769A01,
,,5,2025-05-27 20:27:12,-78,0000006E,27769,,,520A3C5C,
,,4,2025-05-27 20:27:12,-78,0000006E,27769,,,520A3C5C,
,,3,2025-05-27 20:27:12,-78,0000006E,27769,,,520A3C5C,
,,2,2025-05-27 20:27:12,-78,0000006E,27769,,,520A3C5C,
,,1,2025-05-27 20:27:12,-78,0000006E,27769,,,520A3C5C,
,,4,2025-05-27 20:27:12,-71,D7510A57,63314,,,520A3C5C,
,,3,2025-05-27 20:27:12,-68,13323C65,22425,,,AA4358FB,
,,5,2025-05-27 20:27:12,-68,13323C65,22425,,,AA4358FB,
,,4,2025-05-27 20:27:13,-57,23D9727E,14363,,,520A3C5C,
,,2,2025-05-27 20:27:13,-57,23D9727E,14363,,,520A3C5C,
,,1,2025-05-27 20:27:20,-82,E197FE3E,65419,,,7D769A01,
,,1,2025-05-27 20:27:20,-68,D7510A57,29321,,,7D769A01,
,,2,2025-05-27 20:27:13,-67,D7510A57,33550,,,520A3C5C,
,,3,2025-05-27 20:27:13,-67,D7510A57,33550,,,520A3C5C,
,,4,2025-05-27 20:27:13,-67,D7510A57,33550,,,520A3C5C,
,,5,2025-05-27 20:27:13,-67,D7510A57,33550,,,520A3C5C,
,,1,2025-05-27 20:27:20,-68,367E0F4A,63150,,,7D769A01,
,,2,2025-05-27 20:27:13,-70,2172633A,38938,,,520A3C5C,
,,4,2025-05-27 20:27:13,-58,870614B1,5594,,,AA4358FB,
,,3,2025-05-27 20:27:13,-58,870614B1,5594,,,AA4358FB,
,,5,2025-05-27 20:27:13,-58,870614B1,5594,,,AA4358FB,
,,2,2025-05-27 20:27:13,-58,870614B1,5594,,,AA4358FB,
,,1,2025-05-27 20:27:21,-79,E2A807D7,15873,,,7D769A01,
,,1,2025-05-27 20:27:21,-67,D7510A57,38065,,,7D769A01,
,,3,2025-05-27 20:27:13,-74,13323C65,44631,,,AA4358FB,
,,4,2025-05-27 20:27:14,-76,367E0F4A,29450,,,520A3C5C,
,,2,2025-05-27 20:27:14,-76,367E0F4A,29450,,,520A3C5C,
,,2,2025-05-27 20:27:15,-72,13323C65,30656,,,520A3C5C,
,,3,2025-05-27 20:27:15,-72,13323C65,30656,,,520A3C5C,
,,1,2025-05-27 20:27:23,-65,367E0F4A,63835,,,7D769A01,
,,3,2025-05-27 20:27:15,-71,367E0F4A,4295,,,520A3C5C,
,,2,2025-05-27 20:27:15,-71,367E0F4A,4295,,,520A3C5C,
,,4,2025-05-27 20:27:15,-71,367E0F4A,4295,,,520A3C5C,
,,5,2025-05-27 20:27:15,-71,367E0F4A,4295,,,520A3C5C,
,,1,2025-05-27 20:27:13,-79,59FE8D30,52748,,,AA4358FB,
,,1,2025-05-27 20:27:24,-75,0000006E,62420,,,7D769A01,
,,2,2025-05-27 20:27:16,-55,870614B1,14251,,,520A3C5C,
,,4,2025-05-27 20:27:14,-76,A648A0E7,57412,,,AA4358FB,
,,2,2025-05-27 20:27:16,-56,23D9727E,2516,,,520A3C5C,
,,2,2025-05-27 20:27:16,-81,E2A807D7,64455,,,520A3C5C,
,,5,2025-05-27 20:27:16,-81,E2A807D7,64455,,,520A3C5C,
,,4,2025-05-27 20:27:16,-81,E2A807D7,64455,,,520A3C5C,
,,3,2025-05-27 20:27:16,-81,E2A807D7,64455,,,520A3C5C,
,,2,2025-05-27 20:27:16,-70,367E0F4A,11491,,,520A3C5C,
,,4,2025-05-27 20:27:15,-77,E197FE3E,52409,,,AA4358FB,
,,5,2025-05-27 20:27:15,-77,E197FE3E,52409,,,AA4358FB,
,,3,2025-05-27 20:27:15,-77,E197FE3E,52409,,,AA4358FB,
,,2,2025-05-27 20:27:15,-67,0000006E,58670,,,AA4358FB,
,,2,2025-05-27 20:27:16,-67,D7510A57,48180,,,520A3C5C,
,,2,2025-05-27 20:27:15,-75,A648A0E7,13103,,,AA4358FB,
,,3,2025-05-27 20:27:15,-75,A648A0E7,13103,,,AA4358FB,
,,1,2025-05-27 20:27:16,-69,81D187E3,11506,,,AA4358FB,
,,4,2025-05-27 20:27:16,-69,81D187E3,11506,,,AA4358FB,
,,5,2025-05-27 20:27:16,-69,81D187E3,11506,,,AA4358FB,
,,3,2025-05-27 20:27:16,-69,81D187E3,11506,,,AA4358FB,
,,2,2025-05-27 20:27:16,-68,870614B1,14251,,,AA4358FB,
,,5,2025-05-27 20:27:16,-68,870614B1,14251,,,AA4358FB,
,,3,2025-05-27 20:27:16,-68,870614B1,14251,,,AA4358FB,
,,5,2025-05-27 20:27:17,-76,13323C65,5827,,,520A3C5C,
,,3,2025-05-27 20:27:17,-76,13323C65,5827,,,520A3C5C,
,,2,2025-05-27 20:27:17,-76,13323C65,5827,,,520A3C5C,
,,5,2025-05-27 20:27:16,-73,59FE8D30,52945,,,AA4358FB,
,,4,2025-05-27 20:27:17,-79,81D187E3,20209,,,520A3C5C,
,,2,2025-05-27 20:27:17,-79,81D187E3,20209,,,520A3C5C,
,,2,2025-05-27 20:27:18,-81,A648A0E7,11078,,,520A3C5C,
,,2,2025-05-27 20:27:18,-68,D7510A57,7859,,,520A3C5C,
,,4,2025-05-27 20:27:18,-68,D7510A57,7859,,,520A3C5C,
,,5,2025-05-27 20:27:18,-68,D7510A57,7859,,,520A3C5C,
,,3,2025-05-27 20:27:18,-68,D7510A57,7859,,,520A3C5C,
,,5,2025-05-27 20:27:17,-73,13323C65,5827,,,AA4358FB,
,,3,2025-05-27 20:27:19,-68,13323C65,42573,,,520A3C5C,
,,2,2025-05-27 20:27:19,-68,13323C65,42573,,,520A3C5C,
,,5,2025-05-27 20:27:18,-69,367E0F4A,1692,,,AA4358FB,
,,5,2025-05-27 20:27:19,-71,367E0F4A,63150,,,520A3C5C,
,,2,2025-05-27 20:27:19,-71,367E0F4A,63150,,,520A3C5C,
,,3,2025-05-27 20:27:19,-71,367E0F4A,63150,,,520A3C5C,
,,4,2025-05-27 20:27:19,-68,2172633A,34723,,,520A3C5C,
,,1,2025-05-27 20:27:18,-78,59FE8D30,33053,,,AA4358FB,
,,2,2025-05-27 20:27:20,-72,13323C65,50367,,,520A3C5C,
,,3,2025-05-27 20:27:22,-60,870614B1,37255,,,520A3C5C,
,,2,2025-05-27 20:27:22,-60,870614B1,37255,,,520A3C5C,
,,5,2025-05-27 20:27:22,-60,870614B1,37255,,,520A3C5C,
,,5,2025-05-27 20:27:19,-73,81D187E3,33115,,,AA4358FB,
,,4,2025-05-27 20:27:19,-73,81D187E3,33115,,,AA4358FB,
,,3,2025-05-27 20:27:19,-73,81D187E3,33115,,,AA4358FB,
,,5,2025-05-27 20:27:19,-79,A648A0E7,48003,,,AA4358FB,
,,3,2025-05-27 20:27:19,-69,13323C65,42573,,,AA4358FB,
,,4,2025-05-27 20:27:19,-69,13323C65,42573,,,AA4358FB,
,,5,2025-05-27 20:27:19,-69,13323C65,42573,,,AA4358FB,
,,5,2025-05-27 20:27:19,-72,59FE8D30,49391,,,AA4358FB,
,,1,2025-05-27 20:27:20,-70,367E0F4A,63150,,,AA4358FB,
,,4,2025-05-27 20:27:20,-70,367E0F4A,63150,,,AA4358FB,
,,2,2025-05-27 20:27:20,-70,367E0F4A,63150,,,AA4358FB,
,,3,2025-05-27 20:27:20,-70,367E0F4A,63150,,,AA4358FB,
,,5,2025-05-27 20:27:20,-70,367E0F4A,63150,,,AA4358FB,
,,5,2025-05-27 20:27:21,-64,367E0F4A,39798,,,AA4358FB,
,,5,2025-05-27 20:27:22,-82,E2A807D7,33457,,,AA4358FB,
,,5,2025-05-27 20:27:24,-81,D7510A57,52248,,,AA4358FB,
,,2,2025-05-27 20:27:24,-72,81D187E3,29036,,,AA4358FB,
,,3,2025-05-27 20:27:24,-72,81D187E3,29036,,,AA4358FB,
,,4,2025-05-27 20:27:24,-72,81D187E3,29036,,,AA4358FB,
,,5,2025-05-27 20:27:24,-72,81D187E3,29036,,,AA4358FB,
,,5,2025-05-27 20:27:24,-76,E2A807D7,58105,,,AA4358FB,
,,3,2025-05-27 20:27:25,-73,81D187E3,5081,,,AA4358FB,
,,3,2025-05-27 20:27:25,-63,367E0F4A,54009,,,AA4358FB,
,,5,2025-05-27 20:27:25,-63,367E0F4A,54009,,,AA4358FB,
,,4,2025-05-27 20:27:25,-63,367E0F4A,54009,,,AA4358FB,
,,1,2025-05-27 20:27:25,-63,367E0F4A,54009,,,AA4358FB,
,,2,2025-05-27 20:27:25,-63,367E0F4A,54009,,,AA4358FB,
,,3,2025-05-27 20:27:25,-62,870614B1,62608,,,AA4358FB,
,,1,2025-05-27 20:27:26,-71,59FE8D30,43915,,,AA4358FB,
,,1,2025-05-27 20:27:10,-79,A648A0E7,37865,,,9CC5DC79,
,,4,2025-05-27 20:27:10,-79,A648A0E7,37865,,,9CC5DC79,
,,1,2025-05-27 20:27:10,-78,2172633A,42183,,,9CC5DC79,
,,4,2025-05-27 20:27:10,-78,2172633A,42183,,,9CC5DC79,
,,4,2025-05-27 20:27:12,-83,81D187E3,12293,,,9CC5DC79,
,,1,2025-05-27 20:27:15,-84,59FE8D30,7981,,,9CC5DC79,
,,4,2025-05-27 20:27:15,-83,81D187E3,11506,,,9CC5DC79,
,,1,2025-05-27 20:27:15,-83,81D187E3,11506,,,9CC5DC79,
,,4,2025-05-27 20:27:11,-84,07F9389E,59298,,,CB4A1EAE,
,,1,2025-05-27 20:27:11,-84,07F9389E,59298,,,CB4A1EAE,
,,1,2025-05-27 20:27:28,-72,13323C65,36647,,,9CC5DC79,
,,1,2025-05-27 20:27:15,-78,D7510A57,58833,,,B995250B,
,,1,2025-05-27 20:27:30,-73,13323C65,24183,,,9CC5DC79,
,,4,2025-05-27 20:27:30,-73,13323C65,24183,,,9CC5DC79,
,,2,2025-05-27 20:27:31,-84,81D187E3,35189,,,9CC5DC79,
,,5,2025-05-27 20:27:31,-84,81D187E3,35189,,,9CC5DC79,
,,4,2025-05-27 20:27:31,-84,81D187E3,35189,,,9CC5DC79,
,,3,2025-05-27 20:27:31,-84,81D187E3,35189,,,9CC5DC79,
,,1,2025-05-27 20:27:31,-84,81D187E3,35189,,,9CC5DC79,
,,1,2025-05-27 20:27:22,-78,367E0F4A,63835,,,CB4A1EAE,
,,4,2025-05-27 20:27:22,-78,367E0F4A,63835,,,CB4A1EAE,
,,4,2025-05-27 20:27:25,-78,23D9727E,56959,,,CB4A1EAE,
,,1,2025-05-27 20:27:25,-78,23D9727E,56959,,,CB4A1EAE,
,,4,2025-05-27 20:27:25,-86,59FE8D30,43915,,,CB4A1EAE,
,,1,2025-05-27 20:27:25,-86,59FE8D30,43915,,,CB4A1EAE,
,,5,2025-05-27 20:27:15,-74,07F9389E,56387,,,D46BA6A2,
,,4,2025-05-27 20:27:28,-85,81D187E3,62654,,,CB4A1EAE,
,,1,2025-05-27 20:27:28,-85,81D187E3,62654,,,CB4A1EAE,
,,1,2025-05-27 20:27:31,-71,870614B1,20028,,,CB4A1EAE,
,,4,2025-05-27 20:27:18,-65,59FE8D30,33053,,,D46BA6A2,
,,5,2025-05-27 20:27:18,-65,59FE8D30,33053,,,D46BA6A2,
,,1,2025-05-27 20:27:18,-65,59FE8D30,33053,,,D46BA6A2,
,,1,2025-05-27 20:27:22,-74,D7510A57,5305,,,D46BA6A2,
,,5,2025-05-27 20:27:06,-56,870614B1,41750,,,7378B941,
,,1,2025-05-27 20:27:22,-80,2172633A,2138,,,D46BA6A2,
,,5,2025-05-27 20:27:08,-76,A648A0E7,47488,,,7378B941,
,,5,2025-05-27 20:27:09,-56,23D9727E,15234,,,7378B941,
,,5,2025-05-27 20:27:13,-85,59FE8D30,52748,,,7378B941,
,,5,2025-05-27 20:27:15,-74,D7510A57,58833,,,7378B941,
,,1,2025-05-27 20:27:15,-74,D7510A57,58833,,,7378B941,
,,1,2025-05-27 20:27:15,-83,81D187E3,11506,,,7378B941,
,,4,2025-05-27 20:27:15,-83,81D187E3,11506,,,7378B941,
,,5,2025-05-27 20:27:15,-83,81D187E3,11506,,,7378B941,
,,1,2025-05-27 20:27:27,-77,B78FE24A,49074,,,D46BA6A2,
,,1,2025-05-27 20:27:29,-69,59FE8D30,8522,,,D46BA6A2,
,,5,2025-05-27 20:27:29,-69,59FE8D30,8522,,,D46BA6A2,
,,4,2025-05-27 20:27:29,-69,59FE8D30,8522,,,D46BA6A2,
,,5,2025-05-27 20:27:17,-74,13323C65,5827,,,7378B941,
,,1,2025-05-27 20:27:17,-78,367E0F4A,1692,,,7378B941,
,,5,2025-05-27 20:27:17,-78,367E0F4A,1692,,,7378B941,
,,5,2025-05-27 20:27:18,-77,A648A0E7,11078,,,7378B941,
,,5,2025-05-27 20:27:19,-81,59FE8D30,49391,,,7378B941,
,,5,2025-05-27 20:27:25,-77,59FE8D30,43915,,,7378B941,
,,1,2025-05-27 20:27:25,-77,59FE8D30,43915,,,7378B941,
,,5,2025-05-27 20:27:25,-74,D7510A57,29223,,,7378B941,
,,5,2025-05-27 20:27:26,-77,13323C65,24525,,,7378B941,
,,5,2025-05-27 20:27:28,-62,870614B1,39271,,,7378B941,
,,5,2025-05-27 20:27:28,-81,D7510A57,11602,,,7378B941,
,,1,2025-05-27 20:27:28,-81,D7510A57,11602,,,7378B941,
,,4,2025-05-27 20:27:28,-81,D7510A57,11602,,,7378B941,
,,1,2025-05-27 20:27:31,-66,870614B1,20028,,,7378B941,
,,5,2025-05-27 20:27:31,-78,13323C65,4474,,,7378B941,
,,1,2025-05-27 20:27:31,-78,13323C65,4474,,,7378B941,
,,1,2025-05-27 20:27:19,-60,870614B1,48904,,,4D64B5B5,
,,4,2025-05-27 20:27:19,-60,870614B1,48904,,,4D64B5B5,
,,4,2025-05-27 20:27:19,-83,E85FB74C,10579,,,4D64B5B5,
,,1,2025-05-27 20:27:19,-83,E85FB74C,10579,,,4D64B5B5,
,,5,2025-05-27 20:27:26,-77,D7510A57,29223,,,AA4358FB,
,,3,2025-05-27 20:27:26,-77,D7510A57,29223,,,AA4358FB,
,,1,2025-05-27 20:27:26,-77,D7510A57,29223,,,AA4358FB,
,,4,2025-05-27 20:27:26,-77,D7510A57,29223,,,AA4358FB,
,,1,2025-05-27 20:27:27,-82,B78FE24A,25303,,,AA4358FB,
,,2,2025-05-27 20:27:27,-82,B78FE24A,25303,,,AA4358FB,
,,5,2025-05-27 20:27:27,-82,B78FE24A,25303,,,AA4358FB,
,,3,2025-05-27 20:27:27,-82,B78FE24A,25303,,,AA4358FB,
,,1,2025-05-27 20:27:27,-79,81D187E3,20947,,,4D64B5B5,
,,4,2025-05-27 20:27:27,-79,81D187E3,20947,,,4D64B5B5,
,,3,2025-05-27 20:27:30,-81,59FE8D30,8522,,,AA4358FB,
,,1,2025-05-27 20:27:26,-67,367E0F4A,14765,,,7D769A01,
,,1,2025-05-27 20:27:26,-72,07F9389E,49964,,,7D769A01,
,,1,2025-05-27 20:27:27,-72,59FE8D30,53247,,,7D769A01,
,,2,2025-05-27 20:27:31,-78,E197FE3E,17180,,,AA4358FB,
,,5,2025-05-27 20:27:31,-78,E197FE3E,17180,,,AA4358FB,
,,3,2025-05-27 20:27:31,-78,E197FE3E,17180,,,AA4358FB,
,,5,2025-05-27 20:27:31,-66,07F9389E,43537,,,AA4358FB,
,,3,2025-05-27 20:27:31,-66,07F9389E,43537,,,AA4358FB,
,,1,2025-05-27 20:27:27,-77,E2A807D7,8835,,,7D769A01,
,,3,2025-05-27 20:27:33,-72,13323C65,61152,,,AA4358FB,
,,5,2025-05-27 20:27:33,-72,13323C65,61152,,,AA4358FB,
,,1,2025-05-27 20:27:31,-57,23D9727E,51351,,,7D769A01,
,,3,2025-05-27 20:27:34,-69,81D187E3,35639,,,AA4358FB,
,,5,2025-05-27 20:27:34,-69,81D187E3,35639,,,AA4358FB,
,,3,2025-05-27 20:27:34,-75,D7510A57,63577,,,AA4358FB,
,,5,2025-05-27 20:27:34,-75,D7510A57,63577,,,AA4358FB,
,,1,2025-05-27 20:27:34,-65,23D9727E,62697,,,AA4358FB,
,,4,2025-05-27 20:27:34,-65,23D9727E,62697,,,AA4358FB,
,,3,2025-05-27 20:27:34,-65,23D9727E,62697,,,AA4358FB,
,,5,2025-05-27 20:27:34,-65,23D9727E,62697,,,AA4358FB,
,,3,2025-05-27 20:27:35,-76,E2A807D7,54379,,,AA4358FB,
,,5,2025-05-27 20:27:35,-76,E2A807D7,54379,,,AA4358FB,
,,1,2025-05-27 20:27:34,-80,81D187E3,35639,,,7D769A01,
,,4,2025-05-27 20:27:36,-77,13323C65,55495,,,4D64B5B5,
,,1,2025-05-27 20:27:36,-77,13323C65,55495,,,4D64B5B5,
,,3,2025-05-27 20:27:35,-77,D7510A57,64367,,,AA4358FB,
,,5,2025-05-27 20:27:35,-77,D7510A57,64367,,,AA4358FB,
,,3,2025-05-27 20:27:35,-66,367E0F4A,41859,,,AA4358FB,
,,1,2025-05-27 20:27:35,-66,367E0F4A,41859,,,AA4358FB,
,,5,2025-05-27 20:27:35,-66,367E0F4A,41859,,,AA4358FB,
,,1,2025-05-27 20:27:35,-69,D7510A57,64367,,,7D769A01,
,,3,2025-05-27 20:27:36,-80,A648A0E7,40566,,,AA4358FB,
,,1,2025-05-27 20:27:36,-80,A648A0E7,40566,,,AA4358FB,
,,5,2025-05-27 20:27:36,-80,A648A0E7,40566,,,AA4358FB,
,,4,2025-05-27 20:27:38,-72,367E0F4A,44645,,,4D64B5B5,
,,3,2025-05-27 20:27:37,-75,A648A0E7,37717,,,AA4358FB,
,,1,2025-05-27 20:27:37,-75,A648A0E7,37717,,,AA4358FB,
,,5,2025-05-27 20:27:37,-75,A648A0E7,37717,,,AA4358FB,
,,4,2025-05-27 20:27:38,-79,13323C65,42041,,,4D64B5B5,
,,5,2025-05-27 20:27:37,-69,13323C65,55495,,,AA4358FB,
,,3,2025-05-27 20:27:37,-69,13323C65,55495,,,AA4358FB,
,,1,2025-05-27 20:27:37,-75,A648A0E7,37717,,,7D769A01,
,,1,2025-05-27 20:27:37,-67,870614B1,1219,,,7D769A01,
,,3,2025-05-27 20:27:37,-72,81D187E3,50046,,,AA4358FB,
,,4,2025-05-27 20:27:37,-72,81D187E3,50046,,,AA4358FB,
,,5,2025-05-27 20:27:37,-72,81D187E3,50046,,,AA4358FB,
,,1,2025-05-27 20:27:37,-72,81D187E3,50046,,,AA4358FB,
,,2,2025-05-27 20:27:37,-72,81D187E3,50046,,,AA4358FB,
,,1,2025-05-27 20:27:37,-67,23D9727E,65389,,,7D769A01,
,,3,2025-05-27 20:27:37,-66,23D9727E,65389,,,AA4358FB,
,,4,2025-05-27 20:27:40,-71,D7510A57,29168,,,4D64B5B5,
,,1,2025-05-27 20:27:40,-71,D7510A57,29168,,,4D64B5B5,
,,1,2025-05-27 20:27:41,-72,07F9389E,58025,,,4D64B5B5,
,,3,2025-05-27 20:27:37,-76,59FE8D30,13499,,,AA4358FB,
,,2,2025-05-27 20:27:37,-76,59FE8D30,13499,,,AA4358FB,
,,1,2025-05-27 20:27:40,-63,870614B1,16809,,,7D769A01,
,,3,2025-05-27 20:27:38,-77,D7510A57,30627,,,AA4358FB,
,,2,2025-05-27 20:27:38,-77,D7510A57,30627,,,AA4358FB,
,,5,2025-05-27 20:27:38,-68,367E0F4A,44645,,,AA4358FB,
,,1,2025-05-27 20:27:41,-74,A648A0E7,64646,,,7D769A01,
,,1,2025-05-27 20:27:41,-72,13323C65,64639,,,7D769A01,
,,5,2025-05-27 20:27:39,-69,81D187E3,6026,,,AA4358FB,
,,4,2025-05-27 20:27:39,-69,81D187E3,6026,,,AA4358FB,
,,3,2025-05-27 20:27:39,-69,81D187E3,6026,,,AA4358FB,
,,1,2025-05-27 20:27:42,-74,0000006E,48543,,,7D769A01,
,,3,2025-05-27 20:27:39,-67,0000006E,10445,,,AA4358FB,
,,4,2025-05-27 20:27:43,-66,D7510A57,49352,,,7D769A01,
,,1,2025-05-27 20:27:43,-66,D7510A57,49352,,,7D769A01,
,,4,2025-05-27 20:27:43,-81,81D187E3,7531,,,7D769A01,
,,1,2025-05-27 20:27:43,-81,81D187E3,7531,,,7D769A01,
,,1,2025-05-27 20:27:43,-77,870614B1,17156,,,7D769A01,
,,5,2025-05-27 20:27:41,-73,13323C65,64639,,,AA4358FB,
,,5,2025-05-27 20:27:41,-68,367E0F4A,21391,,,AA4358FB,
,,3,2025-05-27 20:27:41,-68,367E0F4A,21391,,,AA4358FB,
,,5,2025-05-27 20:27:43,-74,81D187E3,7531,,,AA4358FB,
,,1,2025-05-27 20:27:30,-69,59FE8D30,43794,,,D46BA6A2,
,,5,2025-05-27 20:27:32,-75,13323C65,61152,,,D46BA6A2,
,,1,2025-05-27 20:27:32,-75,13323C65,61152,,,D46BA6A2,
,,5,2025-05-27 20:27:32,-71,0000006E,10291,,,D46BA6A2,
,,1,2025-05-27 20:27:32,-71,0000006E,10291,,,D46BA6A2,
,,1,2025-05-27 20:27:33,-78,D7510A57,63577,,,D46BA6A2,
,,4,2025-05-27 20:27:33,-78,D7510A57,63577,,,D46BA6A2,
,,5,2025-05-27 20:27:33,-78,D7510A57,63577,,,D46BA6A2,
,,1,2025-05-27 20:27:34,-77,81D187E3,58404,,,D46BA6A2,
,,4,2025-05-27 20:27:34,-71,E197FE3E,39714,,,D46BA6A2,
,,1,2025-05-27 20:27:34,-71,E197FE3E,39714,,,D46BA6A2,
,,1,2025-05-27 20:27:35,-74,13323C65,47929,,,D46BA6A2,
,,4,2025-05-27 20:27:35,-74,13323C65,47929,,,D46BA6A2,
,,5,2025-05-27 20:27:35,-74,13323C65,47929,,,D46BA6A2,
,,5,2025-05-27 20:27:36,-62,870614B1,1219,,,D46BA6A2,
,,1,2025-05-27 20:27:37,-74,59FE8D30,13499,,,D46BA6A2,
,,1,2025-05-27 20:27:38,-69,13323C65,42041,,,D46BA6A2,
,,1,2025-05-27 20:27:39,-70,59FE8D30,28839,,,D46BA6A2,
,,1,2025-05-27 20:27:39,-78,B78FE24A,38039,,,D46BA6A2,
,,1,2025-05-27 20:27:41,-68,59FE8D30,34924,,,D46BA6A2,
,,5,2025-05-27 20:27:41,-68,59FE8D30,34924,,,D46BA6A2,
,,4,2025-05-27 20:27:41,-68,59FE8D30,34924,,,D46BA6A2,
,,5,2025-05-27 20:27:41,-69,13323C65,6485,,,D46BA6A2,
,,4,2025-05-27 20:27:41,-69,13323C65,6485,,,D46BA6A2,
,,1,2025-05-27 20:27:41,-69,13323C65,6485,,,D46BA6A2,
,,5,2025-05-27 20:27:41,-67,D7510A57,34594,,,D46BA6A2,
,,4,2025-05-27 20:27:41,-67,D7510A57,34594,,,D46BA6A2,
,,1,2025-05-27 20:27:41,-67,D7510A57,34594,,,D46BA6A2,
,,4,2025-05-27 20:27:41,-69,0000006E,48543,,,D46BA6A2,
,,1,2025-05-27 20:27:41,-69,0000006E,48543,,,D46BA6A2,
,,1,2025-05-27 20:27:42,-75,3F9E3319,55467,,,D46BA6A2,
,,2,2025-05-27 20:27:25,-76,870614B1,62608,,,520A3C5C,
,,1,2025-05-27 20:27:25,-76,870614B1,62608,,,520A3C5C,
,,4,2025-05-27 20:27:25,-76,870614B1,62608,,,520A3C5C,
,,3,2025-05-27 20:27:25,-76,870614B1,62608,,,520A3C5C,
,,5,2025-05-27 20:27:25,-76,870614B1,62608,,,520A3C5C,
,,5,2025-05-27 20:27:42,-68,D7510A57,49352,,,D46BA6A2,
,,1,2025-05-27 20:27:42,-68,D7510A57,49352,,,D46BA6A2,
,,4,2025-05-27 20:27:42,-68,D7510A57,49352,,,D46BA6A2,
,,2,2025-05-27 20:27:25,-63,23D9727E,56959,,,520A3C5C,
,,1,2025-05-27 20:27:42,-68,870614B1,17156,,,D46BA6A2,
,,2,2025-05-27 20:27:25,-80,59FE8D30,43915,,,520A3C5C,
,,1,2025-05-27 20:27:43,-71,D7510A57,51999,,,D46BA6A2,
,,1,2025-05-27 20:27:43,-78,81D187E3,17069,,,D46BA6A2,
,,5,2025-05-27 20:27:43,-78,81D187E3,17069,,,D46BA6A2,
,,4,2025-05-27 20:27:43,-78,81D187E3,17069,,,D46BA6A2,
,,5,2025-05-27 20:27:26,-67,D7510A57,17271,,,520A3C5C,
,,3,2025-05-27 20:27:26,-67,D7510A57,17271,,,520A3C5C,
,,4,2025-05-27 20:27:26,-67,D7510A57,17271,,,520A3C5C,
,,1,2025-05-27 20:27:26,-67,D7510A57,17271,,,520A3C5C,
,,2,2025-05-27 20:27:26,-67,D7510A57,17271,,,520A3C5C,
,,5,2025-05-27 20:27:26,-83,E2A807D7,8835,,,520A3C5C,
,,3,2025-05-27 20:27:26,-83,E2A807D7,8835,,,520A3C5C,
,,4,2025-05-27 20:27:26,-83,E2A807D7,8835,,,520A3C5C,
,,1,2025-05-27 20:27:26,-83,E2A807D7,8835,,,520A3C5C,
,,2,2025-05-27 20:27:26,-83,E2A807D7,8835,,,520A3C5C,
,,2,2025-05-27 20:27:27,-67,13323C65,29584,,,520A3C5C,
,,5,2025-05-27 20:27:27,-67,13323C65,29584,,,520A3C5C,
,,3,2025-05-27 20:27:27,-67,13323C65,29584,,,520A3C5C,
,,4,2025-05-27 20:27:27,-67,13323C65,29584,,,520A3C5C,
,,1,2025-05-27 20:27:45,-69,D7510A57,46781,,,D46BA6A2,
,,2,2025-05-27 20:27:28,-61,870614B1,39271,,,520A3C5C,
,,5,2025-05-27 20:27:28,-65,23D9727E,54885,,,520A3C5C,
,,1,2025-05-27 20:27:28,-65,23D9727E,54885,,,520A3C5C,
,,3,2025-05-27 20:27:28,-65,23D9727E,54885,,,520A3C5C,
,,4,2025-05-27 20:27:28,-65,23D9727E,54885,,,520A3C5C,
,,2,2025-05-27 20:27:28,-65,23D9727E,54885,,,520A3C5C,
,,1,2025-05-27 20:27:45,-72,E197FE3E,12513,,,D46BA6A2,
,,4,2025-05-27 20:27:45,-72,E197FE3E,12513,,,D46BA6A2,
,,3,2025-05-27 20:27:29,-71,59FE8D30,8522,,,520A3C5C,
,,2,2025-05-27 20:27:29,-71,59FE8D30,8522,,,520A3C5C,
,,1,2025-05-27 20:27:45,-65,870614B1,33594,,,D46BA6A2,
,,4,2025-05-27 20:27:45,-65,870614B1,33594,,,D46BA6A2,
,,5,2025-05-27 20:27:45,-65,870614B1,33594,,,D46BA6A2,
,,3,2025-05-27 20:27:30,-84,3F9E3319,12343,,,520A3C5C,
,,2,2025-05-27 20:27:30,-84,3F9E3319,12343,,,520A3C5C,
,,5,2025-05-27 20:27:32,-76,13323C65,61152,,,520A3C5C,
,,3,2025-05-27 20:27:32,-76,13323C65,61152,,,520A3C5C,
,,4,2025-05-27 20:27:32,-76,13323C65,61152,,,520A3C5C,
,,2,2025-05-27 20:27:32,-76,13323C65,61152,,,520A3C5C,
,,1,2025-05-27 20:27:32,-76,13323C65,61152,,,520A3C5C,
,,5,2025-05-27 20:27:32,-66,D7510A57,2758,,,520A3C5C,
,,3,2025-05-27 20:27:32,-66,D7510A57,2758,,,520A3C5C,
,,1,2025-05-27 20:27:32,-66,D7510A57,2758,,,520A3C5C,
,,2,2025-05-27 20:27:32,-66,D7510A57,2758,,,520A3C5C,
,,4,2025-05-27 20:27:32,-66,D7510A57,2758,,,520A3C5C,
,,2,2025-05-27 20:27:35,-75,367E0F4A,41859,,,520A3C5C,
,,3,2025-05-27 20:27:35,-75,367E0F4A,41859,,,520A3C5C,
,,3,2025-05-27 20:27:35,-74,A648A0E7,40566,,,520A3C5C,
,,2,2025-05-27 20:27:35,-74,A648A0E7,40566,,,520A3C5C,
,,5,2025-05-27 20:27:35,-74,A648A0E7,40566,,,520A3C5C,
,,3,2025-05-27 20:27:35,-67,D7510A57,26149,,,520A3C5C,
,,2,2025-05-27 20:27:35,-67,D7510A57,26149,,,520A3C5C,
,,5,2025-05-27 20:27:36,-67,A648A0E7,37717,,,520A3C5C,
,,3,2025-05-27 20:27:38,-70,367E0F4A,44645,,,520A3C5C,
,,2,2025-05-27 20:27:38,-71,59FE8D30,47571,,,520A3C5C,
,,3,2025-05-27 20:27:38,-71,59FE8D30,47571,,,520A3C5C,
,,5,2025-05-27 20:27:38,-71,59FE8D30,47571,,,520A3C5C,
,,4,2025-05-27 20:27:38,-71,59FE8D30,47571,,,520A3C5C,
,,3,2025-05-27 20:27:39,-73,0000006E,10445,,,520A3C5C,
,,3,2025-05-27 20:27:41,-73,13323C65,6485,,,520A3C5C,
,,5,2025-05-27 20:27:41,-73,13323C65,6485,,,520A3C5C,
,,2,2025-05-27 20:27:41,-73,13323C65,6485,,,520A3C5C,
,,5,2025-05-27 20:27:41,-69,D7510A57,34594,,,520A3C5C,
,,3,2025-05-27 20:27:42,-76,13323C65,2601,,,520A3C5C,
,,2,2025-05-27 20:27:42,-76,13323C65,2601,,,520A3C5C,
,,5,2025-05-27 20:27:43,-67,59FE8D30,36665,,,520A3C5C,
,,3,2025-05-27 20:27:43,-77,81D187E3,17069,,,520A3C5C,
,,4,2025-05-27 20:27:43,-77,81D187E3,17069,,,520A3C5C,
,,5,2025-05-27 20:27:43,-77,81D187E3,17069,,,520A3C5C,
,,2,2025-05-27 20:27:43,-77,81D187E3,17069,,,520A3C5C,
,,3,2025-05-27 20:27:45,-73,13323C65,28059,,,520A3C5C,
,,2,2025-05-27 20:27:45,-73,13323C65,28059,,,520A3C5C,
,,3,2025-05-27 20:27:46,-71,07F9389E,53967,,,520A3C5C,
,,2,2025-05-27 20:27:46,-71,07F9389E,53967,,,520A3C5C,
,,2,2025-05-27 20:27:46,-83,23D9727E,35829,,,520A3C5C,
,,5,2025-05-27 20:27:46,-83,23D9727E,35829,,,520A3C5C,
,,3,2025-05-27 20:27:46,-83,23D9727E,35829,,,520A3C5C,
,,5,2025-05-27 20:27:46,-73,D7510A57,60515,,,520A3C5C,
,,3,2025-05-27 20:27:46,-73,D7510A57,60515,,,520A3C5C,
,,3,2025-05-27 20:27:48,-67,A648A0E7,50366,,,520A3C5C,
,,2,2025-05-27 20:27:48,-67,A648A0E7,50366,,,520A3C5C,
,,3,2025-05-27 20:27:49,-71,367E0F4A,49897,,,520A3C5C,
,,2,2025-05-27 20:27:49,-71,367E0F4A,49897,,,520A3C5C,
,,3,2025-05-27 20:27:49,-75,59FE8D30,27094,,,520A3C5C,
,,2,2025-05-27 20:27:49,-75,59FE8D30,27094,,,520A3C5C,
,,5,2025-05-27 20:27:32,-72,367E0F4A,49952,,,9CC5DC79,
,,1,2025-05-27 20:27:34,-79,367E0F4A,55372,,,9CC5DC79,
,,4,2025-05-27 20:27:34,-79,367E0F4A,55372,,,9CC5DC79,
,,5,2025-05-27 20:27:34,-79,367E0F4A,55372,,,9CC5DC79,
,,1,2025-05-27 20:27:35,-78,13323C65,47929,,,9CC5DC79,
,,1,2025-05-27 20:27:37,-80,59FE8D30,13499,,,9CC5DC79,
,,1,2025-05-27 20:27:37,-71,870614B1,1219,,,CB4A1EAE,
,,4,2025-05-27 20:27:37,-71,870614B1,1219,,,CB4A1EAE,
,,5,2025-05-27 20:27:38,-74,A648A0E7,46747,,,9CC5DC79,
,,1,2025-05-27 20:27:40,-79,367E0F4A,14384,,,9CC5DC79,
,,1,2025-05-27 20:27:42,-69,367E0F4A,46796,,,9CC5DC79,
,,4,2025-05-27 20:27:39,-80,59FE8D30,28839,,,CB4A1EAE,
,,1,2025-05-27 20:27:39,-77,13323C65,42153,,,CB4A1EAE,
,,1,2025-05-27 20:27:44,-70,367E0F4A,41179,,,9CC5DC79,
,,1,2025-05-27 20:27:47,-75,A648A0E7,1030,,,9CC5DC79,
,,1,2025-05-27 20:27:47,-83,81D187E3,13838,,,9CC5DC79,
,,4,2025-05-27 20:27:49,-83,E2A807D7,47188,,,9CC5DC79,
,,1,2025-05-27 20:27:49,-83,E2A807D7,47188,,,9CC5DC79,
,,4,2025-05-27 20:27:46,-81,07F9389E,53967,,,CB4A1EAE,
,,1,2025-05-27 20:27:46,-81,07F9389E,53967,,,CB4A1EAE,
,,5,2025-05-27 20:27:49,-79,367E0F4A,49897,,,9CC5DC79,
,,4,2025-05-27 20:27:49,-79,367E0F4A,49897,,,9CC5DC79,
,,1,2025-05-27 20:27:49,-79,367E0F4A,49897,,,9CC5DC79,
,,1,2025-05-27 20:27:50,-77,13323C65,7369,,,9CC5DC79,
,,4,2025-05-27 20:27:50,-77,13323C65,7369,,,9CC5DC79,
,,4,2025-05-27 20:27:52,-80,367E0F4A,25924,,,9CC5DC79,
,,1,2025-05-27 20:27:52,-80,367E0F4A,25924,,,9CC5DC79,
,,5,2025-05-27 20:27:52,-80,367E0F4A,25924,,,9CC5DC79,
,,4,2025-05-27 20:27:53,-82,13323C65,12490,,,9CC5DC79,
,,1,2025-05-27 20:27:53,-82,13323C65,12490,,,9CC5DC79,
,,1,2025-05-27 20:27:55,-76,A648A0E7,33201,,,9CC5DC79,
,,1,2025-05-27 20:27:46,-74,870614B1,33594,,,7D769A01,
,,1,2025-05-27 20:27:47,-74,59FE8D30,37967,,,7D769A01,
,,4,2025-05-27 20:27:50,-67,367E0F4A,22359,,,7D769A01,
,,1,2025-05-27 20:27:50,-67,367E0F4A,22359,,,7D769A01,
,,1,2025-05-27 20:27:51,-69,367E0F4A,31523,,,7D769A01,
,,4,2025-05-27 20:27:51,-69,367E0F4A,31523,,,7D769A01,
,,1,2025-05-27 20:27:52,-67,367E0F4A,25924,,,7D769A01,
,,1,2025-05-27 20:27:55,-72,59FE8D30,21151,,,7D769A01,
,,1,2025-05-27 20:27:55,-82,E197FE3E,56791,,,7D769A01,
,,1,2025-05-27 20:27:56,-68,367E0F4A,47766,,,7D769A01,
,,4,2025-05-27 20:27:56,-82,D7510A57,57176,,,7D769A01,
,,1,2025-05-27 20:27:56,-82,D7510A57,57176,,,7D769A01,
,,1,2025-05-27 20:27:58,-67,367E0F4A,9134,,,7D769A01,
,,1,2025-05-27 20:27:59,-65,367E0F4A,28454,,,7D769A01,
,,1,2025-05-27 20:28:00,-66,367E0F4A,54233,,,7D769A01,
,,1,2025-05-27 20:28:00,-76,0000006E,29145,,,7D769A01,
,,1,2025-05-27 20:27:37,-82,81D187E3,7724,,,B995250B,
,,4,2025-05-27 20:27:37,-82,81D187E3,7724,,,B995250B,
,,1,2025-05-27 20:28:01,-73,59FE8D30,51652,,,7D769A01,
,,1,2025-05-27 20:28:01,-74,A648A0E7,60658,,,7D769A01,
,,1,2025-05-27 20:27:47,-71,367E0F4A,1718,,,D46BA6A2,
,,5,2025-05-27 20:27:47,-71,367E0F4A,1718,,,D46BA6A2,
,,4,2025-05-27 20:27:47,-71,367E0F4A,1718,,,D46BA6A2,
,,1,2025-05-27 20:28:02,-68,367E0F4A,22164,,,7D769A01,
,,1,2025-05-27 20:27:47,-71,0000006E,17830,,,D46BA6A2,
,,1,2025-05-27 20:28:02,-68,D7510A57,14386,,,7D769A01,
,,1,2025-05-27 20:27:42,-79,0000006E,48543,,,B995250B,
,,4,2025-05-27 20:27:42,-79,0000006E,48543,,,B995250B,
,,5,2025-05-27 20:27:49,-70,13323C65,2031,,,D46BA6A2,
,,1,2025-05-27 20:27:49,-70,13323C65,2031,,,D46BA6A2,
,,1,2025-05-27 20:27:50,-79,81D187E3,11950,,,D46BA6A2,
,,4,2025-05-27 20:27:53,-69,0000006E,24585,,,D46BA6A2,
,,1,2025-05-27 20:27:53,-69,0000006E,24585,,,D46BA6A2,
,,5,2025-05-27 20:27:53,-69,0000006E,24585,,,D46BA6A2,
,,4,2025-05-27 20:27:52,-79,870614B1,17048,,,B995250B,
,,1,2025-05-27 20:27:52,-79,870614B1,17048,,,B995250B,
,,1,2025-05-27 20:27:56,-70,367E0F4A,56965,,,D46BA6A2,
,,4,2025-05-27 20:27:56,-70,367E0F4A,56965,,,D46BA6A2,
,,5,2025-05-27 20:27:56,-70,367E0F4A,56965,,,D46BA6A2,
,,1,2025-05-27 20:27:56,-70,0000006E,60697,,,D46BA6A2,
,,1,2025-05-27 20:27:57,-68,D7510A57,21132,,,D46BA6A2,
,,4,2025-05-27 20:27:57,-68,D7510A57,21132,,,D46BA6A2,
,,5,2025-05-27 20:27:57,-68,D7510A57,21132,,,D46BA6A2,
,,5,2025-05-27 20:28:00,-71,367E0F4A,58449,,,D46BA6A2,
,,1,2025-05-27 20:28:00,-71,367E0F4A,58449,,,D46BA6A2,
,,4,2025-05-27 20:28:00,-71,367E0F4A,58449,,,D46BA6A2,
,,5,2025-05-27 20:27:38,-76,13323C65,42041,,,7378B941,
,,1,2025-05-27 20:28:02,-67,59FE8D30,43562,,,D46BA6A2,
,,4,2025-05-27 20:28:02,-72,D7510A57,34644,,,D46BA6A2,
,,5,2025-05-27 20:28:02,-72,D7510A57,34644,,,D46BA6A2,
,,1,2025-05-27 20:28:02,-72,D7510A57,34644,,,D46BA6A2,
,,5,2025-05-27 20:27:46,-82,A648A0E7,59585,,,7378B941,
,,5,2025-05-27 20:27:48,-76,D7510A57,10522,,,7378B941,
,,5,2025-05-27 20:27:51,-74,13323C65,22140,,,7378B941,
,,1,2025-05-27 20:27:45,-63,367E0F4A,17862,,,AA4358FB,
,,5,2025-05-27 20:27:45,-63,367E0F4A,17862,,,AA4358FB,
,,4,2025-05-27 20:27:45,-63,367E0F4A,17862,,,AA4358FB,
,,3,2025-05-27 20:27:45,-63,367E0F4A,17862,,,AA4358FB,
,,2,2025-05-27 20:27:45,-63,367E0F4A,17862,,,AA4358FB,
,,5,2025-05-27 20:27:46,-80,3F9E3319,49004,,,AA4358FB,
,,5,2025-05-27 20:27:59,-81,367E0F4A,54233,,,7378B941,
,,5,2025-05-27 20:28:00,-79,367E0F4A,58449,,,7378B941,
,,5,2025-05-27 20:28:01,-81,81D187E3,6924,,,7378B941,
,,5,2025-05-27 20:28:01,-77,A648A0E7,42833,,,7378B941,
,,1,2025-05-27 20:27:58,-87,23D9727E,45939,,,4D64B5B5,
,,4,2025-05-27 20:27:58,-87,23D9727E,45939,,,4D64B5B5,
,,3,2025-05-27 20:27:48,-72,81D187E3,13838,,,AA4358FB,
,,5,2025-05-27 20:27:48,-72,81D187E3,13838,,,AA4358FB,
,,2,2025-05-27 20:27:48,-72,81D187E3,13838,,,AA4358FB,
,,5,2025-05-27 20:27:49,-69,81D187E3,34462,,,AA4358FB,
,,1,2025-05-27 20:28:02,-68,D7510A57,14386,,,4D64B5B5,
,,4,2025-05-27 20:28:02,-68,D7510A57,14386,,,4D64B5B5,
,,5,2025-05-27 20:28:05,-78,367E0F4A,30927,,,7378B941,
,,2,2025-05-27 20:27:50,-65,367E0F4A,22359,,,AA4358FB,
,,4,2025-05-27 20:27:51,-68,81D187E3,11950,,,AA4358FB,
,,4,2025-05-27 20:28:03,-83,3F9E3319,51547,,,4D64B5B5,
,,1,2025-05-27 20:28:03,-83,3F9E3319,51547,,,4D64B5B5,
,,3,2025-05-27 20:27:53,-80,59FE8D30,43235,,,AA4358FB,
,,1,2025-05-27 20:27:54,-75,D7510A57,9404,,,AA4358FB,
,,4,2025-05-27 20:27:54,-75,D7510A57,9404,,,AA4358FB,
,,5,2025-05-27 20:27:54,-75,D7510A57,9404,,,AA4358FB,
,,5,2025-05-27 20:27:54,-76,A648A0E7,58886,,,AA4358FB,
,,5,2025-05-27 20:27:54,-73,E85FB74C,60363,,,AA4358FB,
,,5,2025-05-27 20:27:55,-73,13323C65,23888,,,AA4358FB,
,,1,2025-05-27 20:27:55,-73,13323C65,23888,,,AA4358FB,
,,4,2025-05-27 20:27:55,-73,13323C65,23888,,,AA4358FB,
,,2,2025-05-27 20:27:55,-73,13323C65,23888,,,AA4358FB,
,,3,2025-05-27 20:27:55,-73,13323C65,23888,,,AA4358FB,
,,3,2025-05-27 20:27:55,-79,870614B1,39896,,,AA4358FB,
,,5,2025-05-27 20:27:55,-79,870614B1,39896,,,AA4358FB,
,,3,2025-05-27 20:27:55,-73,5504D31A,39346,,,AA4358FB,
,,5,2025-05-27 20:27:56,-80,A648A0E7,33201,,,AA4358FB,
,,3,2025-05-27 20:27:56,-80,A648A0E7,33201,,,AA4358FB,
,,5,2025-05-27 20:27:56,-76,B78FE24A,629,,,AA4358FB,
,,5,2025-05-27 20:27:57,-68,367E0F4A,9134,,,AA4358FB,
,,3,2025-05-27 20:27:57,-68,367E0F4A,9134,,,AA4358FB,
,,3,2025-05-27 20:28:00,-73,81D187E3,65398,,,AA4358FB,
,,5,2025-05-27 20:28:00,-73,81D187E3,65398,,,AA4358FB,
,,3,2025-05-27 20:28:00,-80,A648A0E7,24199,,,AA4358FB,
,,2,2025-05-27 20:28:00,-80,A648A0E7,24199,,,AA4358FB,
,,5,2025-05-27 20:28:00,-80,A648A0E7,24199,,,AA4358FB,
,,5,2025-05-27 20:28:01,-73,81D187E3,29266,,,AA4358FB,
,,5,2025-05-27 20:28:02,-63,367E0F4A,22164,,,AA4358FB,
,,3,2025-05-27 20:28:02,-63,367E0F4A,22164,,,AA4358FB,
,,4,2025-05-27 20:28:03,-71,59FE8D30,43562,,,AA4358FB,
,,1,2025-05-27 20:28:03,-71,59FE8D30,43562,,,AA4358FB,
,,3,2025-05-27 20:28:03,-71,59FE8D30,43562,,,AA4358FB,
,,2,2025-05-27 20:28:03,-71,59FE8D30,43562,,,AA4358FB,
,,5,2025-05-27 20:28:03,-71,59FE8D30,43562,,,AA4358FB,
,,5,2025-05-27 20:28:04,-63,367E0F4A,54166,,,AA4358FB,
,,5,2025-05-27 20:28:04,-69,81D187E3,4755,,,AA4358FB,
,,3,2025-05-27 20:28:04,-69,81D187E3,4755,,,AA4358FB,
,,5,2025-05-27 20:28:04,-73,870614B1,63570,,,AA4358FB,
,,2,2025-05-27 20:27:50,-70,367E0F4A,22359,,,520A3C5C,
,,3,2025-05-27 20:27:50,-70,367E0F4A,22359,,,520A3C5C,
,,5,2025-05-27 20:27:53,-71,367E0F4A,3846,,,520A3C5C,
,,4,2025-05-27 20:27:53,-71,367E0F4A,3846,,,520A3C5C,
,,1,2025-05-27 20:27:53,-71,367E0F4A,3846,,,520A3C5C,
,,2,2025-05-27 20:27:53,-69,D7510A57,9404,,,520A3C5C,
,,3,2025-05-27 20:27:53,-69,D7510A57,9404,,,520A3C5C,
,,3,2025-05-27 20:27:54,-83,3F9E3319,6789,,,520A3C5C,
,,2,2025-05-27 20:27:54,-83,3F9E3319,6789,,,520A3C5C,
,,2,2025-05-27 20:27:54,-76,367E0F4A,21698,,,520A3C5C,
,,3,2025-05-27 20:27:54,-77,59FE8D30,21151,,,520A3C5C,
,,2,2025-05-27 20:27:54,-77,59FE8D30,21151,,,520A3C5C,
,,4,2025-05-27 20:27:55,-76,13323C65,23888,,,520A3C5C,
,,3,2025-05-27 20:27:55,-76,13323C65,23888,,,520A3C5C,
,,2,2025-05-27 20:27:55,-76,13323C65,23888,,,520A3C5C,
,,2,2025-05-27 20:27:55,-75,367E0F4A,47766,,,520A3C5C,
,,2,2025-05-27 20:27:55,-76,59FE8D30,51207,,,520A3C5C,
,,3,2025-05-27 20:27:55,-76,59FE8D30,51207,,,520A3C5C,
,,3,2025-05-27 20:27:56,-76,13323C65,60676,,,520A3C5C,
,,5,2025-05-27 20:27:56,-76,13323C65,60676,,,520A3C5C,
,,5,2025-05-27 20:27:56,-84,B78FE24A,629,,,520A3C5C,
,,2,2025-05-27 20:27:56,-84,B78FE24A,629,,,520A3C5C,
,,3,2025-05-27 20:27:56,-84,B78FE24A,629,,,520A3C5C,
,,5,2025-05-27 20:27:58,-70,367E0F4A,28454,,,520A3C5C,
,,3,2025-05-27 20:27:58,-70,367E0F4A,28454,,,520A3C5C,
,,2,2025-05-27 20:27:58,-70,367E0F4A,28454,,,520A3C5C,
,,4,2025-05-27 20:27:58,-68,D7510A57,61337,,,520A3C5C,
,,2,2025-05-27 20:27:58,-68,D7510A57,61337,,,520A3C5C,
,,5,2025-05-27 20:27:58,-68,D7510A57,61337,,,520A3C5C,
,,3,2025-05-27 20:27:58,-68,D7510A57,61337,,,520A3C5C,
,,1,2025-05-27 20:27:58,-68,D7510A57,61337,,,520A3C5C,
,,2,2025-05-27 20:27:59,-81,A648A0E7,24199,,,520A3C5C,
,,3,2025-05-27 20:27:59,-81,A648A0E7,24199,,,520A3C5C,
,,2,2025-05-27 20:28:00,-76,0000006E,29145,,,520A3C5C,
,,3,2025-05-27 20:28:00,-76,0000006E,29145,,,520A3C5C,
,,5,2025-05-27 20:28:00,-76,0000006E,29145,,,520A3C5C,
,,4,2025-05-27 20:28:01,-68,13323C65,29233,,,520A3C5C,
,,2,2025-05-27 20:28:01,-68,13323C65,29233,,,520A3C5C,
,,3,2025-05-27 20:28:01,-68,13323C65,29233,,,520A3C5C,
,,5,2025-05-27 20:28:01,-68,13323C65,29233,,,520A3C5C,
,,2,2025-05-27 20:28:01,-70,07F9389E,17883,,,520A3C5C,
,,5,2025-05-27 20:28:01,-70,07F9389E,17883,,,520A3C5C,
,,3,2025-05-27 20:28:01,-70,07F9389E,17883,,,520A3C5C,
,,1,2025-05-27 20:28:01,-70,07F9389E,17883,,,520A3C5C,
,,4,2025-05-27 20:28:01,-70,07F9389E,17883,,,520A3C5C,
,,5,2025-05-27 20:28:02,-79,E2A807D7,24305,,,520A3C5C,
,,3,2025-05-27 20:28:02,-79,E2A807D7,24305,,,520A3C5C,
,,2,2025-05-27 20:28:02,-79,E2A807D7,24305,,,520A3C5C,
,,3,2025-05-27 20:28:02,-86,B78FE24A,60602,,,520A3C5C,
,,5,2025-05-27 20:28:02,-86,B78FE24A,60602,,,520A3C5C,
,,2,2025-05-27 20:28:02,-86,B78FE24A,60602,,,520A3C5C,
,,2,2025-05-27 20:28:03,-75,59FE8D30,24193,,,520A3C5C,
,,5,2025-05-27 20:28:03,-75,59FE8D30,24193,,,520A3C5C,
,,3,2025-05-27 20:28:03,-75,59FE8D30,24193,,,520A3C5C,
,,3,2025-05-27 20:28:03,-76,367E0F4A,54166,,,520A3C5C,
,,2,2025-05-27 20:28:03,-76,367E0F4A,54166,,,520A3C5C,
,,4,2025-05-27 20:28:03,-70,D7510A57,57545,,,520A3C5C,
,,5,2025-05-27 20:28:04,-75,A648A0E7,58467,,,520A3C5C,
,,3,2025-05-27 20:28:04,-75,A648A0E7,58467,,,520A3C5C,
,,3,2025-05-27 20:28:04,-69,870614B1,63570,,,520A3C5C,
,,5,2025-05-27 20:28:04,-69,870614B1,63570,,,520A3C5C,
,,5,2025-05-27 20:28:05,-77,59FE8D30,19416,,,520A3C5C,
,,3,2025-05-27 20:28:05,-77,59FE8D30,19416,,,520A3C5C,
,,2,2025-05-27 20:28:05,-77,59FE8D30,19416,,,520A3C5C,
,,4,2025-05-27 20:28:05,-77,59FE8D30,19416,,,520A3C5C,
,,1,2025-05-27 20:28:05,-77,59FE8D30,19416,,,520A3C5C,
,,2,2025-05-27 20:28:06,-73,0000006E,42980,,,520A3C5C,
,,1,2025-05-27 20:28:03,-72,870614B1,63570,,,D46BA6A2,
,,5,2025-05-27 20:28:03,-72,870614B1,63570,,,D46BA6A2,
,,1,2025-05-27 20:28:03,-78,B78FE24A,52916,,,D46BA6A2,
,,5,2025-05-27 20:28:04,-73,59FE8D30,27279,,,D46BA6A2,
,,1,2025-05-27 20:28:04,-73,59FE8D30,27279,,,D46BA6A2,
,,4,2025-05-27 20:28:04,-73,59FE8D30,27279,,,D46BA6A2,
,,3,2025-05-27 20:28:04,-73,59FE8D30,27279,,,D46BA6A2,
,,1,2025-05-27 20:28:05,-71,59FE8D30,19416,,,D46BA6A2,
,,5,2025-05-27 20:28:05,-71,59FE8D30,19416,,,D46BA6A2,
,,4,2025-05-27 20:28:06,-69,D7510A57,19862,,,D46BA6A2,
,,1,2025-05-27 20:28:04,-75,59FE8D30,24193,,,7D769A01,
,,1,2025-05-27 20:28:00,-72,367E0F4A,58449,,,9CC5DC79,
,,5,2025-05-27 20:28:02,-80,367E0F4A,16858,,,9CC5DC79,
,,5,2025-05-27 20:28:07,-79,E197FE3E,26723,,,D46BA6A2,
,,1,2025-05-27 20:28:06,-76,59FE8D30,19416,,,7D769A01,
,,1,2025-05-27 20:28:07,-78,59FE8D30,5866,,,9CC5DC79,
,,1,2025-05-27 20:28:10,-78,B78FE24A,36729,,,D46BA6A2,
,,1,2025-05-27 20:28:09,-71,367E0F4A,28498,,,9CC5DC79,
,,1,2025-05-27 20:28:07,-72,13323C65,32369,,,7D769A01,
,,3,2025-05-27 20:28:14,-69,13323C65,39843,,,D46BA6A2,
,,1,2025-05-27 20:28:08,-79,23D9727E,13835,,,7D769A01,
,,1,2025-05-27 20:28:14,-70,0000006E,60798,,,D46BA6A2,
,,4,2025-05-27 20:28:11,-74,59FE8D30,10747,,,7D769A01,
,,1,2025-05-27 20:28:11,-74,59FE8D30,10747,,,7D769A01,
,,1,2025-05-27 20:28:15,-73,13323C65,29138,,,9CC5DC79,
,,1,2025-05-27 20:28:18,-77,81D187E3,52287,,,D46BA6A2,
,,5,2025-05-27 20:28:14,-70,D7510A57,3383,,,7D769A01,
,,4,2025-05-27 20:28:14,-70,D7510A57,3383,,,7D769A01,
,,1,2025-05-27 20:28:14,-70,D7510A57,3383,,,7D769A01,
,,1,2025-05-27 20:28:16,-72,367E0F4A,42511,,,9CC5DC79,
,,1,2025-05-27 20:28:15,-72,59FE8D30,16049,,,7D769A01,
,,5,2025-05-27 20:28:15,-72,59FE8D30,16049,,,7D769A01,
,,4,2025-05-27 20:28:16,-83,81D187E3,16997,,,9CC5DC79,
,,3,2025-05-27 20:28:21,-70,367E0F4A,32683,,,D46BA6A2,
,,1,2025-05-27 20:28:21,-70,367E0F4A,32683,,,D46BA6A2,
,,4,2025-05-27 20:28:20,-79,367E0F4A,24509,,,9CC5DC79,
,,5,2025-05-27 20:28:20,-79,367E0F4A,24509,,,9CC5DC79,
,,1,2025-05-27 20:28:20,-79,367E0F4A,24509,,,9CC5DC79,
,,1,2025-05-27 20:28:05,-75,59FE8D30,27279,,,AA4358FB,
,,1,2025-05-27 20:28:21,-81,07F9389E,6600,,,9CC5DC79,
,,5,2025-05-27 20:28:07,-72,81D187E3,57131,,,AA4358FB,
,,5,2025-05-27 20:28:08,-76,D7510A57,3246,,,AA4358FB,
,,5,2025-05-27 20:28:08,-79,A648A0E7,28840,,,AA4358FB,
,,5,2025-05-27 20:28:09,-77,59FE8D30,36512,,,AA4358FB,
,,3,2025-05-27 20:28:09,-76,D7510A57,19908,,,AA4358FB,
,,5,2025-05-27 20:28:09,-76,D7510A57,19908,,,AA4358FB,
,,5,2025-05-27 20:28:11,-66,367E0F4A,26138,,,AA4358FB,
,,5,2025-05-27 20:28:11,-74,D7510A57,44281,,,AA4358FB,
,,1,2025-05-27 20:28:11,-74,D7510A57,44281,,,AA4358FB,
,,5,2025-05-27 20:28:12,-68,81D187E3,34926,,,AA4358FB,
,,5,2025-05-27 20:28:12,-75,0000006E,35484,,,AA4358FB,
,,5,2025-05-27 20:28:13,-82,59FE8D30,4088,,,AA4358FB,
,,4,2025-05-27 20:28:13,-82,59FE8D30,4088,,,AA4358FB,
,,2,2025-05-27 20:28:13,-82,59FE8D30,4088,,,AA4358FB,
,,5,2025-05-27 20:28:14,-66,367E0F4A,50225,,,AA4358FB,
,,5,2025-05-27 20:28:16,-66,07F9389E,13011,,,AA4358FB,
,,3,2025-05-27 20:28:16,-66,07F9389E,13011,,,AA4358FB,
,,5,2025-05-27 20:28:17,-70,367E0F4A,42511,,,AA4358FB,
,,5,2025-05-27 20:28:20,-77,E2A807D7,64901,,,AA4358FB,
,,4,2025-05-27 20:28:20,-77,E2A807D7,64901,,,AA4358FB,
,,2,2025-05-27 20:28:20,-77,E2A807D7,64901,,,AA4358FB,
,,3,2025-05-27 20:28:20,-77,E2A807D7,64901,,,AA4358FB,
,,5,2025-05-27 20:28:21,-73,13323C65,43758,,,AA4358FB,
,,3,2025-05-27 20:28:21,-73,13323C65,43758,,,AA4358FB,
,,4,2025-05-27 20:28:04,-83,A648A0E7,58467,,,CB4A1EAE,
,,1,2025-05-27 20:28:04,-83,A648A0E7,58467,,,CB4A1EAE,
,,4,2025-05-27 20:28:06,-82,07F9389E,34459,,,CB4A1EAE,
,,1,2025-05-27 20:28:06,-82,07F9389E,34459,,,CB4A1EAE,
,,1,2025-05-27 20:28:06,-78,59FE8D30,29863,,,CB4A1EAE,
,,4,2025-05-27 20:28:06,-78,59FE8D30,29863,,,CB4A1EAE,
,,1,2025-05-27 20:28:07,-72,367E0F4A,60023,,,B995250B,
,,1,2025-05-27 20:28:09,-71,367E0F4A,28498,,,4D64B5B5,
,,1,2025-05-27 20:28:18,-73,367E0F4A,55636,,,B995250B,
,,4,2025-05-27 20:28:17,-79,59FE8D30,7508,,,CB4A1EAE,
,,4,2025-05-27 20:28:18,-80,A648A0E7,10185,,,CB4A1EAE,
,,4,2025-05-27 20:28:21,-79,13323C65,43758,,,CB4A1EAE,
,,1,2025-05-27 20:28:22,-79,367E0F4A,32683,,,CB4A1EAE,
,,4,2025-05-27 20:28:22,-79,367E0F4A,32683,,,CB4A1EAE,
,,1,2025-05-27 20:28:23,-74,D7510A57,40703,,,CB4A1EAE,
,,1,2025-05-27 20:28:26,-73,D7510A57,21610,,,CB4A1EAE,
,,4,2025-05-27 20:28:26,-73,D7510A57,21610,,,CB4A1EAE,
,,5,2025-05-27 20:28:24,-74,D7510A57,40703,,,B995250B,
,,4,2025-05-27 20:28:24,-74,D7510A57,40703,,,B995250B,
,,1,2025-05-27 20:28:24,-74,D7510A57,40703,,,B995250B,
,,1,2025-05-27 20:28:21,-72,367E0F4A,24509,,,4D64B5B5,
,,4,2025-05-27 20:28:21,-72,367E0F4A,24509,,,4D64B5B5,
,,1,2025-05-27 20:28:30,-71,59FE8D30,48408,,,B995250B,
,,2,2025-05-27 20:28:07,-73,59FE8D30,5866,,,520A3C5C,
,,3,2025-05-27 20:28:07,-73,59FE8D30,5866,,,520A3C5C,
,,3,2025-05-27 20:28:08,-85,B78FE24A,36954,,,520A3C5C,
,,4,2025-05-27 20:28:08,-85,B78FE24A,36954,,,520A3C5C,
,,2,2025-05-27 20:28:08,-85,B78FE24A,36954,,,520A3C5C,
,,3,2025-05-27 20:28:09,-76,59FE8D30,1820,,,520A3C5C,
,,1,2025-05-27 20:28:09,-76,59FE8D30,1820,,,520A3C5C,
,,4,2025-05-27 20:28:09,-76,59FE8D30,1820,,,520A3C5C,
,,5,2025-05-27 20:28:09,-76,59FE8D30,1820,,,520A3C5C,
,,2,2025-05-27 20:28:09,-76,59FE8D30,1820,,,520A3C5C,
,,2,2025-05-27 20:28:10,-68,13323C65,58099,,,520A3C5C,
,,3,2025-05-27 20:28:10,-68,13323C65,58099,,,520A3C5C,
,,5,2025-05-27 20:28:10,-70,367E0F4A,26138,,,520A3C5C,
,,4,2025-05-27 20:28:11,-68,D7510A57,24512,,,520A3C5C,
,,5,2025-05-27 20:28:11,-68,D7510A57,24512,,,520A3C5C,
,,2,2025-05-27 20:28:11,-68,D7510A57,24512,,,520A3C5C,
,,3,2025-05-27 20:28:11,-68,D7510A57,24512,,,520A3C5C,
,,5,2025-05-27 20:28:12,-75,59FE8D30,4088,,,520A3C5C,
,,3,2025-05-27 20:28:16,-81,E2A807D7,40864,,,520A3C5C,
,,2,2025-05-27 20:28:16,-81,E2A807D7,40864,,,520A3C5C,
,,2,2025-05-27 20:28:17,-78,E2A807D7,55812,,,520A3C5C,
,,2,2025-05-27 20:28:18,-75,0000006E,21599,,,520A3C5C,
,,5,2025-05-27 20:28:18,-75,0000006E,21599,,,520A3C5C,
,,2,2025-05-27 20:28:21,-70,59FE8D30,16381,,,520A3C5C,
,,2,2025-05-27 20:28:22,-74,A648A0E7,45750,,,520A3C5C,
,,3,2025-05-27 20:28:22,-70,870614B1,42800,,,520A3C5C,
,,5,2025-05-27 20:28:22,-70,870614B1,42800,,,520A3C5C,
,,2,2025-05-27 20:28:22,-70,870614B1,42800,,,520A3C5C,
,,4,2025-05-27 20:28:22,-70,870614B1,42800,,,520A3C5C,
,,2,2025-05-27 20:28:22,-74,59FE8D30,37899,,,520A3C5C,
,,2,2025-05-27 20:28:23,-70,59FE8D30,34857,,,520A3C5C,
,,3,2025-05-27 20:28:23,-70,59FE8D30,34857,,,520A3C5C,
,,4,2025-05-27 20:28:23,-68,D7510A57,40703,,,520A3C5C,
,,1,2025-05-27 20:28:23,-68,D7510A57,40703,,,520A3C5C,
,,3,2025-05-27 20:28:23,-68,D7510A57,40703,,,520A3C5C,
,,5,2025-05-27 20:28:23,-68,D7510A57,40703,,,520A3C5C,
,,2,2025-05-27 20:28:23,-68,D7510A57,40703,,,520A3C5C,
,,4,2025-05-27 20:28:24,-75,367E0F4A,59162,,,520A3C5C,
,,2,2025-05-27 20:28:24,-75,367E0F4A,59162,,,520A3C5C,
,,2,2025-05-27 20:28:24,-73,0000006E,48659,,,520A3C5C,
,,3,2025-05-27 20:28:24,-73,0000006E,48659,,,520A3C5C,
,,1,2025-05-27 20:28:24,-73,0000006E,48659,,,520A3C5C,
,,4,2025-05-27 20:28:24,-73,0000006E,48659,,,520A3C5C,
,,5,2025-05-27 20:28:24,-73,0000006E,48659,,,520A3C5C,
,,2,2025-05-27 20:28:24,-83,19836CFF,63893,,,520A3C5C,
,,4,2025-05-27 20:28:24,-83,19836CFF,63893,,,520A3C5C,
,,2,2025-05-27 20:28:25,-68,13323C65,38539,,,520A3C5C,
,,3,2025-05-27 20:28:27,-74,0000006E,29607,,,520A3C5C,
,,5,2025-05-27 20:28:27,-74,0000006E,29607,,,520A3C5C,
,,4,2025-05-27 20:28:27,-74,0000006E,29607,,,520A3C5C,
,,2,2025-05-27 20:28:27,-74,0000006E,29607,,,520A3C5C,
,,2,2025-05-27 20:28:28,-67,A648A0E7,43310,,,520A3C5C,
,,5,2025-05-27 20:28:28,-67,A648A0E7,43310,,,520A3C5C,
,,4,2025-05-27 20:28:28,-67,A648A0E7,43310,,,520A3C5C,
,,3,2025-05-27 20:28:28,-67,A648A0E7,43310,,,520A3C5C,
,,4,2025-05-27 20:28:28,-71,13323C65,54570,,,520A3C5C,
,,5,2025-05-27 20:28:28,-80,E85FB74C,58248,,,520A3C5C,
,,4,2025-05-27 20:28:28,-80,E85FB74C,58248,,,520A3C5C,
,,2,2025-05-27 20:28:28,-80,E85FB74C,58248,,,520A3C5C,
,,4,2025-05-27 20:28:29,-70,367E0F4A,22915,,,520A3C5C,
,,2,2025-05-27 20:28:29,-70,367E0F4A,22915,,,520A3C5C,
,,3,2025-05-27 20:28:29,-70,367E0F4A,22915,,,520A3C5C,
,,5,2025-05-27 20:28:29,-70,367E0F4A,22915,,,520A3C5C,
,,4,2025-05-27 20:28:30,-70,59FE8D30,48408,,,520A3C5C,
,,2,2025-05-27 20:28:30,-70,59FE8D30,48408,,,520A3C5C,
,,3,2025-05-27 20:28:30,-70,59FE8D30,48408,,,520A3C5C,
,,5,2025-05-27 20:28:31,-74,A648A0E7,42767,,,520A3C5C,
,,1,2025-05-27 20:28:31,-74,A648A0E7,42767,,,520A3C5C,
,,2,2025-05-27 20:28:31,-74,A648A0E7,42767,,,520A3C5C,
,,4,2025-05-27 20:28:31,-74,A648A0E7,42767,,,520A3C5C,
,,3,2025-05-27 20:28:31,-74,A648A0E7,42767,,,520A3C5C,
,,5,2025-05-27 20:28:31,-79,59FE8D30,25277,,,520A3C5C,
,,2,2025-05-27 20:28:31,-79,59FE8D30,25277,,,520A3C5C,
,,4,2025-05-27 20:28:31,-79,59FE8D30,25277,,,520A3C5C,
,,3,2025-05-27 20:28:31,-79,59FE8D30,25277,,,520A3C5C,
,,4,2025-05-27 20:28:32,-75,13323C65,59166,,,520A3C5C,
,,5,2025-05-27 20:28:26,-71,07F9389E,14592,,,7D769A01,
,,1,2025-05-27 20:28:27,-72,59FE8D30,41758,,,7D769A01,
,,5,2025-05-27 20:28:27,-72,59FE8D30,41758,,,7D769A01,
,,1,2025-05-27 20:28:27,-66,367E0F4A,32276,,,7D769A01,
,,1,2025-05-27 20:28:28,-73,59FE8D30,13300,,,7D769A01,
,,1,2025-05-27 20:28:29,-71,13323C65,54570,,,7D769A01,
,,1,2025-05-27 20:28:29,-68,367E0F4A,22915,,,7D769A01,
,,1,2025-05-27 20:28:30,-77,B78FE24A,40330,,,7D769A01,
,,1,2025-05-27 20:28:30,-75,59FE8D30,55029,,,7D769A01,
,,1,2025-05-27 20:28:30,-75,A648A0E7,27818,,,7D769A01,
,,1,2025-05-27 20:28:34,-77,81D187E3,27513,,,7D769A01,
,,5,2025-05-27 20:28:23,-67,D7510A57,40703,,,D46BA6A2,
,,2,2025-05-27 20:28:23,-67,D7510A57,40703,,,D46BA6A2,
,,1,2025-05-27 20:28:23,-67,D7510A57,40703,,,D46BA6A2,
,,4,2025-05-27 20:28:23,-67,D7510A57,40703,,,D46BA6A2,
,,3,2025-05-27 20:28:23,-67,D7510A57,40703,,,D46BA6A2,
,,5,2025-05-27 20:28:24,-77,81D187E3,26623,,,D46BA6A2,
,,4,2025-05-27 20:28:24,-77,81D187E3,26623,,,D46BA6A2,
,,3,2025-05-27 20:28:24,-77,81D187E3,26623,,,D46BA6A2,
,,1,2025-05-27 20:28:24,-77,81D187E3,26623,,,D46BA6A2,
,,5,2025-05-27 20:28:24,-72,A648A0E7,65031,,,D46BA6A2,
,,1,2025-05-27 20:28:24,-72,A648A0E7,65031,,,D46BA6A2,
,,4,2025-05-27 20:28:24,-72,A648A0E7,65031,,,D46BA6A2,
,,3,2025-05-27 20:28:24,-72,A648A0E7,65031,,,D46BA6A2,
,,1,2025-05-27 20:28:25,-70,E197FE3E,15019,,,D46BA6A2,
,,3,2025-05-27 20:28:25,-75,D7510A57,56393,,,D46BA6A2,
,,4,2025-05-27 20:28:25,-75,D7510A57,56393,,,D46BA6A2,
,,3,2025-05-27 20:28:25,-71,07F9389E,14592,,,D46BA6A2,
,,4,2025-05-27 20:28:25,-71,07F9389E,14592,,,D46BA6A2,
,,1,2025-05-27 20:28:25,-71,07F9389E,14592,,,D46BA6A2,
,,5,2025-05-27 20:28:25,-71,07F9389E,14592,,,D46BA6A2,
,,3,2025-05-27 20:28:26,-67,59FE8D30,41758,,,D46BA6A2,
,,1,2025-05-27 20:28:26,-67,D7510A57,21610,,,D46BA6A2,
,,3,2025-05-27 20:28:26,-67,D7510A57,21610,,,D46BA6A2,
,,2,2025-05-27 20:28:26,-67,D7510A57,21610,,,D46BA6A2,
,,4,2025-05-27 20:28:26,-67,D7510A57,21610,,,D46BA6A2,
,,2,2025-05-27 20:28:21,-77,E2A807D7,5632,,,AA4358FB,
,,3,2025-05-27 20:28:21,-77,E2A807D7,5632,,,AA4358FB,
,,4,2025-05-27 20:28:21,-77,E2A807D7,5632,,,AA4358FB,
,,3,2025-05-27 20:28:26,-76,81D187E3,17614,,,D46BA6A2,
,,1,2025-05-27 20:28:26,-76,81D187E3,17614,,,D46BA6A2,
,,4,2025-05-27 20:28:26,-76,81D187E3,17614,,,D46BA6A2,
,,3,2025-05-27 20:28:22,-66,367E0F4A,32683,,,AA4358FB,
,,2,2025-05-27 20:28:22,-66,367E0F4A,32683,,,AA4358FB,
,,3,2025-05-27 20:28:26,-80,367E0F4A,32276,,,D46BA6A2,
,,2,2025-05-27 20:28:26,-80,367E0F4A,32276,,,D46BA6A2,
,,4,2025-05-27 20:28:26,-80,367E0F4A,32276,,,D46BA6A2,
,,1,2025-05-27 20:28:26,-80,367E0F4A,32276,,,D46BA6A2,
,,5,2025-05-27 20:28:26,-80,367E0F4A,32276,,,D46BA6A2,
,,3,2025-05-27 20:28:27,-75,870614B1,26945,,,D46BA6A2,
,,5,2025-05-27 20:28:27,-75,870614B1,26945,,,D46BA6A2,
,,1,2025-05-27 20:28:28,-78,E85FB74C,58248,,,D46BA6A2,
,,4,2025-05-27 20:28:28,-78,E85FB74C,58248,,,D46BA6A2,
,,3,2025-05-27 20:28:28,-78,E85FB74C,58248,,,D46BA6A2,
,,5,2025-05-27 20:28:28,-78,E85FB74C,58248,,,D46BA6A2,
,,4,2025-05-27 20:28:23,-69,81D187E3,53709,,,AA4358FB,
,,1,2025-05-27 20:28:23,-69,81D187E3,53709,,,AA4358FB,
,,5,2025-05-27 20:28:23,-69,81D187E3,53709,,,AA4358FB,
,,2,2025-05-27 20:28:23,-69,81D187E3,53709,,,AA4358FB,
,,3,2025-05-27 20:28:23,-69,81D187E3,53709,,,AA4358FB,
,,5,2025-05-27 20:28:24,-78,E85FB74C,23347,,,AA4358FB,
,,5,2025-05-27 20:28:24,-69,0000006E,48659,,,AA4358FB,
,,3,2025-05-27 20:28:24,-69,0000006E,48659,,,AA4358FB,
,,3,2025-05-27 20:28:29,-69,13323C65,4415,,,D46BA6A2,
,,1,2025-05-27 20:28:29,-69,13323C65,4415,,,D46BA6A2,
,,4,2025-05-27 20:28:29,-69,13323C65,4415,,,D46BA6A2,
,,2,2025-05-27 20:28:29,-69,13323C65,4415,,,D46BA6A2,
,,5,2025-05-27 20:28:29,-69,13323C65,4415,,,D46BA6A2,
,,3,2025-05-27 20:28:24,-75,A648A0E7,12288,,,AA4358FB,
,,5,2025-05-27 20:28:24,-75,A648A0E7,12288,,,AA4358FB,
,,3,2025-05-27 20:28:25,-69,81D187E3,26623,,,AA4358FB,
,,2,2025-05-27 20:28:25,-69,81D187E3,26623,,,AA4358FB,
,,5,2025-05-27 20:28:25,-69,81D187E3,26623,,,AA4358FB,
,,1,2025-05-27 20:28:30,-78,D7510A57,54492,,,D46BA6A2,
,,5,2025-05-27 20:28:30,-78,D7510A57,54492,,,D46BA6A2,
,,3,2025-05-27 20:28:30,-78,D7510A57,54492,,,D46BA6A2,
,,4,2025-05-27 20:28:30,-78,D7510A57,54492,,,D46BA6A2,
,,1,2025-05-27 20:28:30,-74,B78FE24A,11744,,,D46BA6A2,
,,4,2025-05-27 20:28:31,-71,A648A0E7,42767,,,D46BA6A2,
,,1,2025-05-27 20:28:31,-71,A648A0E7,42767,,,D46BA6A2,
,,2,2025-05-27 20:28:31,-71,A648A0E7,42767,,,D46BA6A2,
,,3,2025-05-27 20:28:31,-71,A648A0E7,42767,,,D46BA6A2,
,,5,2025-05-27 20:28:31,-71,A648A0E7,42767,,,D46BA6A2,
,,5,2025-05-27 20:28:32,-69,13323C65,59166,,,D46BA6A2,
,,3,2025-05-27 20:28:32,-69,13323C65,59166,,,D46BA6A2,
,,1,2025-05-27 20:28:32,-69,13323C65,59166,,,D46BA6A2,
,,4,2025-05-27 20:28:32,-69,13323C65,59166,,,D46BA6A2,
,,2,2025-05-27 20:28:32,-69,13323C65,59166,,,D46BA6A2,
,,2,2025-05-27 20:28:26,-67,07F9389E,14592,,,AA4358FB,
,,5,2025-05-27 20:28:26,-67,07F9389E,14592,,,AA4358FB,
,,2,2025-05-27 20:28:32,-68,59FE8D30,62675,,,D46BA6A2,
,,5,2025-05-27 20:28:32,-68,59FE8D30,62675,,,D46BA6A2,
,,3,2025-05-27 20:28:32,-68,59FE8D30,62675,,,D46BA6A2,
,,3,2025-05-27 20:28:33,-68,D7510A57,38844,,,D46BA6A2,
,,2,2025-05-27 20:28:33,-68,D7510A57,38844,,,D46BA6A2,
,,5,2025-05-27 20:28:34,-80,A648A0E7,44925,,,D46BA6A2,
,,3,2025-05-27 20:28:34,-80,A648A0E7,44925,,,D46BA6A2,
,,5,2025-05-27 20:28:28,-71,59FE8D30,13300,,,AA4358FB,
,,3,2025-05-27 20:28:28,-71,59FE8D30,13300,,,AA4358FB,
,,2,2025-05-27 20:28:34,-78,B78FE24A,27547,,,D46BA6A2,
,,3,2025-05-27 20:28:34,-78,B78FE24A,27547,,,D46BA6A2,
,,5,2025-05-27 20:28:29,-75,E85FB74C,58248,,,AA4358FB,
,,3,2025-05-27 20:28:29,-75,E85FB74C,58248,,,AA4358FB,
,,4,2025-05-27 20:28:29,-75,E85FB74C,58248,,,AA4358FB,
,,2,2025-05-27 20:28:29,-75,E85FB74C,58248,,,AA4358FB,
,,5,2025-05-27 20:28:29,-80,D7510A57,25613,,,AA4358FB,
,,3,2025-05-27 20:28:30,-66,367E0F4A,23330,,,AA4358FB,
,,5,2025-05-27 20:28:30,-66,367E0F4A,23330,,,AA4358FB,
,,4,2025-05-27 20:28:39,-81,367E0F4A,26210,,,D46BA6A2,
,,1,2025-05-27 20:28:39,-81,367E0F4A,26210,,,D46BA6A2,
,,3,2025-05-27 20:28:39,-76,E2A807D7,27827,,,D46BA6A2,
,,4,2025-05-27 20:28:39,-76,E2A807D7,27827,,,D46BA6A2,
,,1,2025-05-27 20:28:39,-76,E2A807D7,27827,,,D46BA6A2,
,,4,2025-05-27 20:28:31,-68,13323C65,8851,,,AA4358FB,
,,1,2025-05-27 20:28:31,-68,13323C65,8851,,,AA4358FB,
,,2,2025-05-27 20:28:31,-68,13323C65,8851,,,AA4358FB,
,,3,2025-05-27 20:28:31,-68,13323C65,8851,,,AA4358FB,
,,5,2025-05-27 20:28:31,-68,13323C65,8851,,,AA4358FB,
,,3,2025-05-27 20:28:39,-70,59FE8D30,3994,,,D46BA6A2,
,,2,2025-05-27 20:28:39,-70,59FE8D30,3994,,,D46BA6A2,
,,3,2025-05-27 20:28:39,-78,81D187E3,3062,,,D46BA6A2,
,,2,2025-05-27 20:28:31,-81,A648A0E7,42767,,,AA4358FB,
,,3,2025-05-27 20:28:31,-81,A648A0E7,42767,,,AA4358FB,
,,5,2025-05-27 20:28:31,-81,A648A0E7,42767,,,AA4358FB,
,,2,2025-05-27 20:28:32,-69,81D187E3,59940,,,AA4358FB,
,,1,2025-05-27 20:28:32,-69,81D187E3,59940,,,AA4358FB,
,,3,2025-05-27 20:28:32,-69,81D187E3,59940,,,AA4358FB,
,,5,2025-05-27 20:28:32,-69,81D187E3,59940,,,AA4358FB,
,,4,2025-05-27 20:28:32,-69,81D187E3,59940,,,AA4358FB,
,,2,2025-05-27 20:28:40,-71,367E0F4A,49949,,,D46BA6A2,
,,1,2025-05-27 20:28:32,-76,B78FE24A,21056,,,AA4358FB,
,,5,2025-05-27 20:28:33,-74,13323C65,59166,,,AA4358FB,
,,2,2025-05-27 20:28:33,-74,13323C65,59166,,,AA4358FB,
,,3,2025-05-27 20:28:33,-64,0000006E,13041,,,AA4358FB,
,,4,2025-05-27 20:28:33,-64,0000006E,13041,,,AA4358FB,
,,5,2025-05-27 20:28:33,-64,0000006E,13041,,,AA4358FB,
,,2,2025-05-27 20:28:33,-64,0000006E,13041,,,AA4358FB,
,,3,2025-05-27 20:28:37,-71,59FE8D30,16208,,,AA4358FB,
,,5,2025-05-27 20:28:37,-71,59FE8D30,16208,,,AA4358FB,
,,5,2025-05-27 20:28:37,-79,D7510A57,49482,,,AA4358FB,
,,3,2025-05-27 20:28:37,-79,D7510A57,49482,,,AA4358FB,
,,2,2025-05-27 20:28:37,-79,D7510A57,49482,,,AA4358FB,
,,2,2025-05-27 20:28:39,-65,0000006E,55365,,,AA4358FB,
,,5,2025-05-27 20:28:39,-65,0000006E,55365,,,AA4358FB,
,,3,2025-05-27 20:28:39,-65,0000006E,55365,,,AA4358FB,
,,4,2025-05-27 20:28:39,-64,367E0F4A,26210,,,AA4358FB,
,,3,2025-05-27 20:28:39,-64,367E0F4A,26210,,,AA4358FB,
,,2,2025-05-27 20:28:39,-64,367E0F4A,26210,,,AA4358FB,
,,2,2025-05-27 20:28:40,-73,81D187E3,3062,,,AA4358FB,
,,4,2025-05-27 20:28:40,-73,81D187E3,3062,,,AA4358FB,
,,3,2025-05-27 20:28:40,-73,81D187E3,3062,,,AA4358FB,
,,5,2025-05-27 20:28:40,-73,81D187E3,3062,,,AA4358FB,
,,4,2025-05-27 20:28:41,-69,13323C65,1864,,,AA4358FB,
,,5,2025-05-27 20:28:41,-69,13323C65,1864,,,AA4358FB,
,,1,2025-05-27 20:28:41,-69,13323C65,1864,,,AA4358FB,
,,3,2025-05-27 20:28:41,-69,13323C65,1864,,,AA4358FB,
,,2,2025-05-27 20:28:41,-69,13323C65,1864,,,AA4358FB,
,,4,2025-05-27 20:28:41,-77,E197FE3E,44512,,,AA4358FB,
,,5,2025-05-27 20:28:41,-77,E197FE3E,44512,,,AA4358FB,
,,3,2025-05-27 20:28:41,-77,E197FE3E,44512,,,AA4358FB,
,,2,2025-05-27 20:28:41,-77,E197FE3E,44512,,,AA4358FB,
,,5,2025-05-27 20:28:13,-76,13323C65,49376,,,7378B941,
,,5,2025-05-27 20:28:13,-75,59FE8D30,516,,,7378B941,
,,5,2025-05-27 20:28:13,-81,23D9727E,6307,,,7378B941,
,,5,2025-05-27 20:28:15,-77,367E0F4A,46702,,,7378B941,
,,4,2025-05-27 20:28:15,-77,367E0F4A,46702,,,7378B941,
,,1,2025-05-27 20:28:15,-77,367E0F4A,46702,,,7378B941,
,,1,2025-05-27 20:28:21,-74,13323C65,43758,,,7378B941,
,,5,2025-05-27 20:28:21,-74,13323C65,43758,,,7378B941,
,,4,2025-05-27 20:28:21,-74,13323C65,43758,,,7378B941,
,,1,2025-05-27 20:28:21,-79,367E0F4A,32683,,,7378B941,
,,5,2025-05-27 20:28:30,-73,13323C65,8851,,,7378B941,
,,1,2025-05-27 20:28:24,-78,59FE8D30,26503,,,9CC5DC79,
,,1,2025-05-27 20:28:41,-81,B78FE24A,37213,,,4D64B5B5,
,,4,2025-05-27 20:28:41,-81,B78FE24A,37213,,,4D64B5B5,
,,5,2025-05-27 20:28:30,-78,13323C65,8851,,,9CC5DC79,
,,1,2025-05-27 20:28:30,-78,13323C65,8851,,,9CC5DC79,
,,1,2025-05-27 20:28:45,-70,D7510A57,40420,,,4D64B5B5,
,,4,2025-05-27 20:28:45,-70,D7510A57,40420,,,4D64B5B5,
,,5,2025-05-27 20:28:34,-84,81D187E3,19493,,,9CC5DC79,
,,4,2025-05-27 20:28:34,-84,81D187E3,19493,,,9CC5DC79,
,,1,2025-05-27 20:28:34,-84,81D187E3,19493,,,9CC5DC79,
,,5,2025-05-27 20:28:37,-80,D7510A57,28333,,,9CC5DC79,
,,3,2025-05-27 20:28:37,-80,D7510A57,28333,,,9CC5DC79,
,,1,2025-05-27 20:28:37,-72,13323C65,46370,,,7D769A01,
,,3,2025-05-27 20:28:41,-79,367E0F4A,58238,,,9CC5DC79,
,,1,2025-05-27 20:28:41,-79,367E0F4A,58238,,,9CC5DC79,
,,2,2025-05-27 20:28:41,-79,367E0F4A,58238,,,9CC5DC79,
,,4,2025-05-27 20:28:41,-79,367E0F4A,58238,,,9CC5DC79,
,,1,2025-05-27 20:28:39,-73,13323C65,60558,,,7D769A01,
,,1,2025-05-27 20:28:40,-76,B78FE24A,36194,,,7D769A01,
,,1,2025-05-27 20:28:43,-81,81D187E3,46168,,,7D769A01,
,,4,2025-05-27 20:28:52,-83,13323C65,17517,,,4D64B5B5,
,,4,2025-05-27 20:28:50,-71,367E0F4A,34907,,,9CC5DC79,
,,3,2025-05-27 20:28:50,-71,367E0F4A,34907,,,9CC5DC79,
,,5,2025-05-27 20:28:50,-71,367E0F4A,34907,,,9CC5DC79,
,,1,2025-05-27 20:28:43,-76,E2A807D7,55870,,,7D769A01,
,,1,2025-05-27 20:28:44,-71,13323C65,23812,,,7D769A01,
,,1,2025-05-27 20:28:54,-73,81D187E3,28152,,,4D64B5B5,
,,4,2025-05-27 20:28:54,-73,81D187E3,28152,,,4D64B5B5,
,,1,2025-05-27 20:28:45,-72,59FE8D30,34029,,,7D769A01,
,,1,2025-05-27 20:28:45,-70,D7510A57,40420,,,7D769A01,
,,4,2025-05-27 20:28:54,-79,13323C65,65047,,,9CC5DC79,
,,2,2025-05-27 20:28:54,-79,13323C65,65047,,,9CC5DC79,
,,1,2025-05-27 20:28:54,-79,13323C65,65047,,,9CC5DC79,
,,3,2025-05-27 20:28:54,-79,13323C65,65047,,,9CC5DC79,
,,5,2025-05-27 20:28:54,-79,13323C65,65047,,,9CC5DC79,
,,1,2025-05-27 20:28:46,-78,E2A807D7,40064,,,7D769A01,
,,4,2025-05-27 20:28:55,-75,A648A0E7,57742,,,9CC5DC79,
,,1,2025-05-27 20:28:55,-75,A648A0E7,57742,,,9CC5DC79,
,,3,2025-05-27 20:28:55,-75,A648A0E7,57742,,,9CC5DC79,
,,2,2025-05-27 20:28:55,-75,A648A0E7,57742,,,9CC5DC79,
,,5,2025-05-27 20:28:55,-75,A648A0E7,57742,,,9CC5DC79,
,,1,2025-05-27 20:28:48,-67,367E0F4A,35449,,,7D769A01,
,,1,2025-05-27 20:28:48,-75,0000006E,50614,,,7D769A01,
,,1,2025-05-27 20:28:51,-75,59FE8D30,49534,,,7D769A01,
,,1,2025-05-27 20:28:55,-71,59FE8D30,15017,,,7D769A01,
,,1,2025-05-27 20:28:55,-74,81D187E3,22511,,,7D769A01,
,,5,2025-05-27 20:28:45,-76,19836CFF,65073,,,AA4358FB,
,,3,2025-05-27 20:28:45,-76,19836CFF,65073,,,AA4358FB,
,,2,2025-05-27 20:28:45,-80,D7510A57,40420,,,AA4358FB,
,,3,2025-05-27 20:28:45,-75,A648A0E7,27507,,,AA4358FB,
,,2,2025-05-27 20:28:45,-75,A648A0E7,27507,,,AA4358FB,
,,3,2025-05-27 20:28:46,-72,81D187E3,42964,,,AA4358FB,
,,5,2025-05-27 20:28:33,-70,367E0F4A,25723,,,520A3C5C,
,,3,2025-05-27 20:28:33,-76,0000006E,13041,,,520A3C5C,
,,5,2025-05-27 20:28:33,-76,0000006E,13041,,,520A3C5C,
,,2,2025-05-27 20:28:33,-76,0000006E,13041,,,520A3C5C,
,,1,2025-05-27 20:28:33,-76,0000006E,13041,,,520A3C5C,
,,4,2025-05-27 20:28:33,-76,0000006E,13041,,,520A3C5C,
,,3,2025-05-27 20:28:48,-69,13323C65,57494,,,AA4358FB,
,,2,2025-05-27 20:28:48,-69,13323C65,57494,,,AA4358FB,
,,3,2025-05-27 20:28:33,-68,D7510A57,38844,,,520A3C5C,
,,2,2025-05-27 20:28:33,-68,D7510A57,38844,,,520A3C5C,
,,5,2025-05-27 20:28:34,-69,870614B1,20311,,,520A3C5C,
,,3,2025-05-27 20:28:48,-62,367E0F4A,2482,,,AA4358FB,
,,2,2025-05-27 20:28:48,-62,367E0F4A,2482,,,AA4358FB,
,,2,2025-05-27 20:28:34,-82,A648A0E7,44925,,,520A3C5C,
,,1,2025-05-27 20:28:49,-79,A648A0E7,27806,,,AA4358FB,
,,5,2025-05-27 20:28:49,-76,59FE8D30,35694,,,AA4358FB,
,,2,2025-05-27 20:28:49,-76,59FE8D30,35694,,,AA4358FB,
,,5,2025-05-27 20:28:50,-77,E2A807D7,62400,,,AA4358FB,
,,3,2025-05-27 20:28:36,-74,59FE8D30,16208,,,520A3C5C,
,,4,2025-05-27 20:28:36,-74,59FE8D30,16208,,,520A3C5C,
,,2,2025-05-27 20:28:36,-74,59FE8D30,16208,,,520A3C5C,
,,3,2025-05-27 20:28:50,-63,367E0F4A,34907,,,AA4358FB,
,,2,2025-05-27 20:28:50,-63,367E0F4A,34907,,,AA4358FB,
,,4,2025-05-27 20:28:52,-76,E197FE3E,33934,,,AA4358FB,
,,5,2025-05-27 20:28:52,-76,E197FE3E,33934,,,AA4358FB,
,,2,2025-05-27 20:28:52,-76,E197FE3E,33934,,,AA4358FB,
,,3,2025-05-27 20:28:52,-76,E197FE3E,33934,,,AA4358FB,
,,4,2025-05-27 20:28:52,-72,81D187E3,58223,,,AA4358FB,
,,5,2025-05-27 20:28:52,-72,81D187E3,58223,,,AA4358FB,
,,2,2025-05-27 20:28:52,-72,81D187E3,58223,,,AA4358FB,
,,3,2025-05-27 20:28:52,-72,81D187E3,58223,,,AA4358FB,
,,5,2025-05-27 20:28:38,-78,E2A807D7,2020,,,520A3C5C,
,,2,2025-05-27 20:28:53,-75,59FE8D30,60612,,,AA4358FB,
,,5,2025-05-27 20:28:39,-76,13323C65,61151,,,520A3C5C,
,,2,2025-05-27 20:28:39,-76,13323C65,61151,,,520A3C5C,
,,3,2025-05-27 20:28:39,-76,13323C65,61151,,,520A3C5C,
,,4,2025-05-27 20:28:53,-82,B78FE24A,48938,,,AA4358FB,
,,2,2025-05-27 20:28:53,-82,B78FE24A,48938,,,AA4358FB,
,,5,2025-05-27 20:28:53,-82,B78FE24A,48938,,,AA4358FB,
,,3,2025-05-27 20:28:53,-82,B78FE24A,48938,,,AA4358FB,
,,1,2025-05-27 20:28:53,-82,B78FE24A,48938,,,AA4358FB,
,,2,2025-05-27 20:28:54,-70,59FE8D30,22806,,,AA4358FB,
,,5,2025-05-27 20:28:54,-70,59FE8D30,22806,,,AA4358FB,
,,2,2025-05-27 20:28:55,-66,367E0F4A,52049,,,AA4358FB,
,,5,2025-05-27 20:28:55,-66,367E0F4A,52049,,,AA4358FB,
,,3,2025-05-27 20:28:55,-66,367E0F4A,52049,,,AA4358FB,
,,5,2025-05-27 20:28:57,-74,A648A0E7,11248,,,AA4358FB,
,,5,2025-05-27 20:28:43,-68,870614B1,64092,,,520A3C5C,
,,3,2025-05-27 20:28:43,-68,870614B1,64092,,,520A3C5C,
,,2,2025-05-27 20:28:43,-68,870614B1,64092,,,520A3C5C,
,,5,2025-05-27 20:28:57,-72,0000006E,55246,,,AA4358FB,
,,3,2025-05-27 20:28:57,-72,0000006E,55246,,,AA4358FB,
,,2,2025-05-27 20:28:57,-72,0000006E,55246,,,AA4358FB,
,,5,2025-05-27 20:28:58,-73,81D187E3,43843,,,AA4358FB,
,,3,2025-05-27 20:28:58,-73,81D187E3,43843,,,AA4358FB,
,,2,2025-05-27 20:28:58,-73,81D187E3,43843,,,AA4358FB,
,,4,2025-05-27 20:28:58,-73,81D187E3,43843,,,AA4358FB,
,,4,2025-05-27 20:28:58,-70,870614B1,2141,,,AA4358FB,
,,3,2025-05-27 20:28:58,-70,870614B1,2141,,,AA4358FB,
,,5,2025-05-27 20:28:58,-70,870614B1,2141,,,AA4358FB,
,,2,2025-05-27 20:28:58,-70,870614B1,2141,,,AA4358FB,
,,5,2025-05-27 20:29:00,-66,367E0F4A,59881,,,AA4358FB,
,,2,2025-05-27 20:28:45,-80,B78FE24A,60794,,,520A3C5C,
,,5,2025-05-27 20:29:00,-72,59FE8D30,40972,,,AA4358FB,
,,3,2025-05-27 20:28:46,-72,870614B1,15111,,,520A3C5C,
,,2,2025-05-27 20:28:46,-72,870614B1,15111,,,520A3C5C,
,,5,2025-05-27 20:29:00,-72,81D187E3,34184,,,AA4358FB,
,,4,2025-05-27 20:29:00,-72,81D187E3,34184,,,AA4358FB,
,,1,2025-05-27 20:29:00,-67,0000006E,32327,,,AA4358FB,
,,1,2025-05-27 20:28:27,-84,13323C65,2902,,,CB4A1EAE,
,,4,2025-05-27 20:28:27,-84,13323C65,2902,,,CB4A1EAE,
,,3,2025-05-27 20:28:48,-84,19836CFF,30434,,,520A3C5C,
,,5,2025-05-27 20:28:48,-84,19836CFF,30434,,,520A3C5C,
,,4,2025-05-27 20:28:48,-84,19836CFF,30434,,,520A3C5C,
,,2,2025-05-27 20:28:48,-84,19836CFF,30434,,,520A3C5C,
,,3,2025-05-27 20:28:49,-70,367E0F4A,11556,,,520A3C5C,
,,4,2025-05-27 20:28:49,-70,367E0F4A,11556,,,520A3C5C,
,,2,2025-05-27 20:28:49,-70,367E0F4A,11556,,,520A3C5C,
,,3,2025-05-27 20:28:49,-80,E2A807D7,62400,,,520A3C5C,
,,4,2025-05-27 20:28:49,-80,E2A807D7,62400,,,520A3C5C,
,,2,2025-05-27 20:28:49,-80,E2A807D7,62400,,,520A3C5C,
,,5,2025-05-27 20:28:49,-68,D7510A57,23484,,,520A3C5C,
,,2,2025-05-27 20:28:49,-68,D7510A57,23484,,,520A3C5C,
,,3,2025-05-27 20:28:50,-78,81D187E3,32500,,,520A3C5C,
,,5,2025-05-27 20:28:50,-78,81D187E3,32500,,,520A3C5C,
,,2,2025-05-27 20:28:50,-78,81D187E3,32500,,,520A3C5C,
,,4,2025-05-27 20:28:50,-78,81D187E3,32500,,,520A3C5C,
,,2,2025-05-27 20:28:50,-78,59FE8D30,49534,,,520A3C5C,
,,3,2025-05-27 20:28:50,-78,59FE8D30,49534,,,520A3C5C,
,,5,2025-05-27 20:28:50,-78,59FE8D30,49534,,,520A3C5C,
,,2,2025-05-27 20:28:50,-69,D7510A57,50012,,,520A3C5C,
,,3,2025-05-27 20:28:50,-69,D7510A57,50012,,,520A3C5C,
,,2,2025-05-27 20:28:52,-70,367E0F4A,15207,,,520A3C5C,
,,5,2025-05-27 20:28:52,-70,367E0F4A,15207,,,520A3C5C,
,,4,2025-05-27 20:28:52,-70,367E0F4A,15207,,,520A3C5C,
,,1,2025-05-27 20:28:52,-70,367E0F4A,15207,,,520A3C5C,
,,3,2025-05-27 20:28:52,-70,367E0F4A,15207,,,520A3C5C,
,,4,2025-05-27 20:28:52,-70,D7510A57,64636,,,520A3C5C,
,,3,2025-05-27 20:28:52,-70,D7510A57,64636,,,520A3C5C,
,,2,2025-05-27 20:28:52,-70,D7510A57,64636,,,520A3C5C,
,,5,2025-05-27 20:28:52,-70,D7510A57,64636,,,520A3C5C,
,,1,2025-05-27 20:28:40,-79,A648A0E7,51312,,,CB4A1EAE,
,,2,2025-05-27 20:28:53,-76,81D187E3,46539,,,520A3C5C,
,,1,2025-05-27 20:28:32,-82,23D9727E,32320,,,B995250B,
,,4,2025-05-27 20:28:52,-87,E197FE3E,33934,,,CB4A1EAE,
,,1,2025-05-27 20:28:52,-87,E197FE3E,33934,,,CB4A1EAE,
,,4,2025-05-27 20:28:32,-85,A648A0E7,51362,,,B995250B,
,,1,2025-05-27 20:28:32,-85,A648A0E7,51362,,,B995250B,
,,1,2025-05-27 20:28:54,-78,A648A0E7,10774,,,CB4A1EAE,
,,1,2025-05-27 20:28:55,-80,59FE8D30,1570,,,CB4A1EAE,
,,4,2025-05-27 20:28:55,-80,59FE8D30,1570,,,CB4A1EAE,
,,3,2025-05-27 20:28:42,-70,367E0F4A,16534,,,D46BA6A2,
,,5,2025-05-27 20:28:42,-70,367E0F4A,16534,,,D46BA6A2,
,,4,2025-05-27 20:28:42,-70,367E0F4A,16534,,,D46BA6A2,
,,1,2025-05-27 20:28:42,-70,367E0F4A,16534,,,D46BA6A2,
,,3,2025-05-27 20:28:42,-67,59FE8D30,52105,,,D46BA6A2,
,,4,2025-05-27 20:28:42,-67,59FE8D30,52105,,,D46BA6A2,
,,2,2025-05-27 20:28:42,-66,D7510A57,38982,,,D46BA6A2,
,,5,2025-05-27 20:28:42,-66,D7510A57,38982,,,D46BA6A2,
,,4,2025-05-27 20:28:42,-66,D7510A57,38982,,,D46BA6A2,
,,1,2025-05-27 20:28:42,-66,D7510A57,38982,,,D46BA6A2,
,,3,2025-05-27 20:28:42,-66,D7510A57,38982,,,D46BA6A2,
,,4,2025-05-27 20:28:43,-68,59FE8D30,50910,,,D46BA6A2,
,,5,2025-05-27 20:28:43,-68,59FE8D30,50910,,,D46BA6A2,
,,1,2025-05-27 20:28:43,-68,59FE8D30,50910,,,D46BA6A2,
,,3,2025-05-27 20:28:43,-68,59FE8D30,50910,,,D46BA6A2,
,,5,2025-05-27 20:28:43,-76,13323C65,23812,,,D46BA6A2,
,,3,2025-05-27 20:28:43,-76,13323C65,23812,,,D46BA6A2,
,,1,2025-05-27 20:28:45,-71,E197FE3E,41780,,,D46BA6A2,
,,3,2025-05-27 20:28:45,-71,E197FE3E,41780,,,D46BA6A2,
,,5,2025-05-27 20:28:45,-71,E197FE3E,41780,,,D46BA6A2,
,,4,2025-05-27 20:28:45,-71,E197FE3E,41780,,,D46BA6A2,
,,5,2025-05-27 20:28:45,-72,D7510A57,35939,,,D46BA6A2,
,,3,2025-05-27 20:28:45,-72,D7510A57,35939,,,D46BA6A2,
,,1,2025-05-27 20:28:46,-70,13323C65,49419,,,D46BA6A2,
,,5,2025-05-27 20:28:47,-69,59FE8D30,23104,,,D46BA6A2,
,,4,2025-05-27 20:29:04,-73,367E0F4A,10306,,,B995250B,
,,1,2025-05-27 20:29:04,-73,367E0F4A,10306,,,B995250B,
,,1,2025-05-27 20:28:50,-71,D7510A57,50012,,,D46BA6A2,
,,3,2025-05-27 20:28:53,-70,A648A0E7,34992,,,D46BA6A2,
,,4,2025-05-27 20:28:53,-70,A648A0E7,34992,,,D46BA6A2,
,,2,2025-05-27 20:28:53,-70,A648A0E7,34992,,,D46BA6A2,
,,1,2025-05-27 20:28:53,-70,A648A0E7,34992,,,D46BA6A2,
,,3,2025-05-27 20:28:53,-72,59FE8D30,22806,,,D46BA6A2,
,,4,2025-05-27 20:28:53,-72,59FE8D30,22806,,,D46BA6A2,
,,5,2025-05-27 20:28:53,-72,59FE8D30,22806,,,D46BA6A2,
,,3,2025-05-27 20:28:53,-76,3F9E3319,34772,,,D46BA6A2,
,,1,2025-05-27 20:28:53,-69,13323C65,65047,,,D46BA6A2,
,,3,2025-05-27 20:28:54,-77,81D187E3,22511,,,D46BA6A2,
,,4,2025-05-27 20:28:54,-77,81D187E3,22511,,,D46BA6A2,
,,2,2025-05-27 20:28:54,-77,81D187E3,22511,,,D46BA6A2,
,,3,2025-05-27 20:28:54,-69,13323C65,23481,,,D46BA6A2,
,,4,2025-05-27 20:28:54,-69,13323C65,23481,,,D46BA6A2,
,,1,2025-05-27 20:28:54,-69,13323C65,23481,,,D46BA6A2,
,,2,2025-05-27 20:28:54,-69,13323C65,23481,,,D46BA6A2,
,,5,2025-05-27 20:28:54,-69,13323C65,23481,,,D46BA6A2,
,,5,2025-05-27 20:28:55,-79,5504D31A,37671,,,D46BA6A2,
,,3,2025-05-27 20:28:55,-79,5504D31A,37671,,,D46BA6A2,
,,1,2025-05-27 20:28:55,-79,5504D31A,37671,,,D46BA6A2,
,,1,2025-05-27 20:28:57,-74,D7510A57,14641,,,D46BA6A2,
,,3,2025-05-27 20:28:57,-79,81D187E3,43843,,,D46BA6A2,
,,5,2025-05-27 20:28:58,-77,E85FB74C,29453,,,D46BA6A2,
,,3,2025-05-27 20:28:58,-77,E85FB74C,29453,,,D46BA6A2,
,,1,2025-05-27 20:28:58,-77,E85FB74C,29453,,,D46BA6A2,
,,4,2025-05-27 20:28:58,-77,E85FB74C,29453,,,D46BA6A2,
,,1,2025-05-27 20:28:58,-74,B78FE24A,14642,,,D46BA6A2,
,,3,2025-05-27 20:28:59,-66,59FE8D30,40972,,,D46BA6A2,
,,4,2025-05-27 20:28:59,-66,59FE8D30,40972,,,D46BA6A2,
,,5,2025-05-27 20:28:59,-66,59FE8D30,40972,,,D46BA6A2,
,,3,2025-05-27 20:29:00,-63,59FE8D30,65520,,,D46BA6A2,
,,2,2025-05-27 20:29:00,-63,59FE8D30,65520,,,D46BA6A2,
,,4,2025-05-27 20:29:00,-63,59FE8D30,65520,,,D46BA6A2,
,,1,2025-05-27 20:29:00,-63,59FE8D30,65520,,,D46BA6A2,
,,4,2025-05-27 20:29:00,-69,13323C65,8475,,,D46BA6A2,
,,1,2025-05-27 20:29:00,-69,13323C65,8475,,,D46BA6A2,
,,5,2025-05-27 20:29:00,-69,13323C65,8475,,,D46BA6A2,
,,3,2025-05-27 20:29:00,-69,13323C65,8475,,,D46BA6A2,
,,2,2025-05-27 20:29:00,-69,13323C65,8475,,,D46BA6A2,
,,5,2025-05-27 20:28:56,-72,07F9389E,56035,,,520A3C5C,
,,3,2025-05-27 20:28:56,-72,07F9389E,56035,,,520A3C5C,
,,2,2025-05-27 20:28:56,-72,07F9389E,56035,,,520A3C5C,
,,3,2025-05-27 20:28:57,-69,D7510A57,14641,,,520A3C5C,
,,2,2025-05-27 20:28:57,-69,D7510A57,14641,,,520A3C5C,
,,5,2025-05-27 20:28:57,-69,D7510A57,14641,,,520A3C5C,
,,1,2025-05-27 20:28:57,-69,D7510A57,14641,,,520A3C5C,
,,4,2025-05-27 20:28:57,-69,D7510A57,14641,,,520A3C5C,
,,4,2025-05-27 20:28:58,-77,81D187E3,43843,,,520A3C5C,
,,3,2025-05-27 20:28:58,-77,81D187E3,43843,,,520A3C5C,
,,2,2025-05-27 20:28:58,-77,81D187E3,43843,,,520A3C5C,
,,5,2025-05-27 20:28:59,-76,23D9727E,43858,,,520A3C5C,
,,3,2025-05-27 20:28:59,-76,23D9727E,43858,,,520A3C5C,
,,2,2025-05-27 20:28:59,-76,23D9727E,43858,,,520A3C5C,
,,5,2025-05-27 20:28:59,-68,D7510A57,4497,,,520A3C5C,
,,2,2025-05-27 20:28:59,-68,D7510A57,4497,,,520A3C5C,
,,3,2025-05-27 20:28:59,-68,D7510A57,4497,,,520A3C5C,
,,4,2025-05-27 20:28:59,-68,D7510A57,4497,,,520A3C5C,
,,5,2025-05-27 20:29:01,-68,D7510A57,21970,,,520A3C5C,
,,2,2025-05-27 20:29:03,-75,367E0F4A,21849,,,520A3C5C,
,,4,2025-05-27 20:29:03,-75,367E0F4A,21849,,,520A3C5C,
,,5,2025-05-27 20:29:06,-70,59FE8D30,46900,,,520A3C5C,
,,2,2025-05-27 20:29:06,-70,59FE8D30,46900,,,520A3C5C,
,,3,2025-05-27 20:29:06,-70,59FE8D30,46900,,,520A3C5C,
,,4,2025-05-27 20:29:06,-70,59FE8D30,46900,,,520A3C5C,
,,5,2025-05-27 20:29:08,-83,19836CFF,15223,,,520A3C5C,
,,2,2025-05-27 20:29:08,-83,19836CFF,15223,,,520A3C5C,
,,1,2025-05-27 20:29:08,-69,59FE8D30,11490,,,520A3C5C,
,,3,2025-05-27 20:29:08,-69,59FE8D30,11490,,,520A3C5C,
,,2,2025-05-27 20:29:08,-69,59FE8D30,11490,,,520A3C5C,
,,4,2025-05-27 20:29:08,-69,59FE8D30,11490,,,520A3C5C,
,,5,2025-05-27 20:29:08,-69,59FE8D30,11490,,,520A3C5C,
,,5,2025-05-27 20:29:09,-76,81D187E3,21098,,,520A3C5C,
,,4,2025-05-27 20:29:09,-76,81D187E3,21098,,,520A3C5C,
,,2,2025-05-27 20:29:09,-76,81D187E3,21098,,,520A3C5C,
,,3,2025-05-27 20:29:09,-76,81D187E3,21098,,,520A3C5C,
,,3,2025-05-27 20:29:09,-80,E2A807D7,30401,,,520A3C5C,
,,5,2025-05-27 20:29:09,-80,E2A807D7,30401,,,520A3C5C,
,,2,2025-05-27 20:29:09,-80,E2A807D7,30401,,,520A3C5C,
,,2,2025-05-27 20:29:10,-74,870614B1,24927,,,520A3C5C,
,,5,2025-05-27 20:29:10,-75,A648A0E7,45996,,,520A3C5C,
,,2,2025-05-27 20:29:10,-75,A648A0E7,45996,,,520A3C5C,
,,1,2025-05-27 20:29:11,-67,13323C65,25114,,,520A3C5C,
,,5,2025-05-27 20:29:11,-67,13323C65,25114,,,520A3C5C,
,,4,2025-05-27 20:29:11,-67,13323C65,25114,,,520A3C5C,
,,2,2025-05-27 20:29:11,-67,13323C65,25114,,,520A3C5C,
,,3,2025-05-27 20:29:11,-67,13323C65,25114,,,520A3C5C,
,,2,2025-05-27 20:29:11,-83,E2A807D7,30337,,,520A3C5C,
,,3,2025-05-27 20:29:11,-83,E2A807D7,30337,,,520A3C5C,
,,5,2025-05-27 20:29:11,-83,E2A807D7,30337,,,520A3C5C,
,,1,2025-05-27 20:29:11,-75,A648A0E7,53016,,,520A3C5C,
,,5,2025-05-27 20:29:11,-75,A648A0E7,53016,,,520A3C5C,
,,2,2025-05-27 20:29:11,-75,A648A0E7,53016,,,520A3C5C,
,,3,2025-05-27 20:29:11,-75,A648A0E7,53016,,,520A3C5C,
,,4,2025-05-27 20:29:11,-75,A648A0E7,53016,,,520A3C5C,
,,1,2025-05-27 20:28:58,-81,81D187E3,43843,,,7D769A01,
,,5,2025-05-27 20:29:12,-67,13323C65,30291,,,520A3C5C,
,,3,2025-05-27 20:29:12,-67,13323C65,30291,,,520A3C5C,
,,2,2025-05-27 20:29:12,-67,13323C65,30291,,,520A3C5C,
,,5,2025-05-27 20:29:12,-67,A648A0E7,6629,,,520A3C5C,
,,3,2025-05-27 20:29:12,-67,A648A0E7,6629,,,520A3C5C,
,,4,2025-05-27 20:29:12,-67,A648A0E7,6629,,,520A3C5C,
,,2,2025-05-27 20:29:12,-67,A648A0E7,6629,,,520A3C5C,
,,4,2025-05-27 20:29:03,-72,367E0F4A,21849,,,4D64B5B5,
,,1,2025-05-27 20:29:03,-72,367E0F4A,21849,,,4D64B5B5,
,,4,2025-05-27 20:29:13,-67,D7510A57,8400,,,520A3C5C,
,,2,2025-05-27 20:29:13,-67,D7510A57,8400,,,520A3C5C,
,,1,2025-05-27 20:29:13,-67,D7510A57,8400,,,520A3C5C,
,,5,2025-05-27 20:29:13,-67,D7510A57,8400,,,520A3C5C,
,,3,2025-05-27 20:29:13,-67,D7510A57,8400,,,520A3C5C,
,,4,2025-05-27 20:29:13,-72,13323C65,50227,,,520A3C5C,
,,3,2025-05-27 20:29:13,-72,13323C65,50227,,,520A3C5C,
,,5,2025-05-27 20:29:13,-72,13323C65,50227,,,520A3C5C,
,,2,2025-05-27 20:29:13,-72,13323C65,50227,,,520A3C5C,
,,3,2025-05-27 20:29:13,-75,A648A0E7,33300,,,520A3C5C,
,,3,2025-05-27 20:29:14,-67,D7510A57,9033,,,520A3C5C,
,,5,2025-05-27 20:29:14,-67,D7510A57,9033,,,520A3C5C,
,,2,2025-05-27 20:29:14,-67,D7510A57,9033,,,520A3C5C,
,,4,2025-05-27 20:28:45,-85,B78FE24A,60794,,,7378B941,
,,1,2025-05-27 20:28:45,-85,B78FE24A,60794,,,7378B941,
,,5,2025-05-27 20:28:45,-85,B78FE24A,60794,,,7378B941,
,,2,2025-05-27 20:29:14,-67,13323C65,48084,,,520A3C5C,
,,3,2025-05-27 20:29:14,-67,13323C65,48084,,,520A3C5C,
,,5,2025-05-27 20:28:46,-81,59FE8D30,6932,,,7378B941,
,,1,2025-05-27 20:29:14,-69,59FE8D30,7026,,,520A3C5C,
,,2,2025-05-27 20:29:14,-69,59FE8D30,7026,,,520A3C5C,
,,4,2025-05-27 20:29:14,-69,59FE8D30,7026,,,520A3C5C,
,,3,2025-05-27 20:29:14,-69,59FE8D30,7026,,,520A3C5C,
,,2,2025-05-27 20:29:15,-68,D7510A57,20899,,,520A3C5C,
,,4,2025-05-27 20:29:15,-68,D7510A57,20899,,,520A3C5C,
,,5,2025-05-27 20:29:15,-68,D7510A57,20899,,,520A3C5C,
,,3,2025-05-27 20:29:15,-68,D7510A57,20899,,,520A3C5C,
,,1,2025-05-27 20:29:15,-68,D7510A57,20899,,,520A3C5C,
,,2,2025-05-27 20:29:15,-82,3F9E3319,37673,,,520A3C5C,
,,3,2025-05-27 20:29:15,-82,3F9E3319,37673,,,520A3C5C,
,,5,2025-05-27 20:29:15,-82,3F9E3319,37673,,,520A3C5C,
,,4,2025-05-27 20:29:15,-82,3F9E3319,37673,,,520A3C5C,
,,5,2025-05-27 20:28:47,-83,59FE8D30,23104,,,7378B941,
,,5,2025-05-27 20:29:15,-67,A648A0E7,56006,,,520A3C5C,
,,2,2025-05-27 20:29:15,-67,A648A0E7,56006,,,520A3C5C,
,,3,2025-05-27 20:29:15,-67,A648A0E7,56006,,,520A3C5C,
,,4,2025-05-27 20:29:15,-67,A648A0E7,56006,,,520A3C5C,
,,1,2025-05-27 20:29:05,-72,367E0F4A,1638,,,4D64B5B5,
,,4,2025-05-27 20:29:05,-72,367E0F4A,1638,,,4D64B5B5,
,,4,2025-05-27 20:29:06,-76,59FE8D30,46900,,,4D64B5B5,
,,1,2025-05-27 20:29:06,-76,59FE8D30,46900,,,4D64B5B5,
,,1,2025-05-27 20:29:07,-81,A648A0E7,13162,,,4D64B5B5,
,,1,2025-05-27 20:29:06,-73,59FE8D30,11684,,,7D769A01,
,,4,2025-05-27 20:29:08,-85,13323C65,36679,,,4D64B5B5,
,,4,2025-05-27 20:29:08,-76,59FE8D30,11490,,,4D64B5B5,
,,5,2025-05-27 20:28:49,-76,59FE8D30,41759,,,7378B941,
,,1,2025-05-27 20:29:06,-71,13323C65,32773,,,7D769A01,
,,1,2025-05-27 20:29:07,-74,59FE8D30,46900,,,7D769A01,
,,1,2025-05-27 20:29:08,-71,D7510A57,4925,,,7D769A01,
,,1,2025-05-27 20:29:09,-78,E2A807D7,30401,,,7D769A01,
,,1,2025-05-27 20:29:11,-78,59FE8D30,32366,,,4D64B5B5,
,,1,2025-05-27 20:29:10,-76,E2A807D7,24203,,,7D769A01,
,,5,2025-05-27 20:28:55,-76,A648A0E7,57742,,,7378B941,
,,1,2025-05-27 20:29:11,-74,A648A0E7,45996,,,7D769A01,
,,4,2025-05-27 20:29:13,-69,D7510A57,8400,,,4D64B5B5,
,,1,2025-05-27 20:29:13,-69,D7510A57,8400,,,4D64B5B5,
,,1,2025-05-27 20:29:12,-72,59FE8D30,32366,,,7D769A01,
,,1,2025-05-27 20:29:12,-74,A648A0E7,53016,,,7D769A01,
,,1,2025-05-27 20:29:16,-72,07F9389E,47165,,,4D64B5B5,
,,4,2025-05-27 20:29:16,-72,07F9389E,47165,,,4D64B5B5,
,,1,2025-05-27 20:29:13,-76,B78FE24A,59548,,,7D769A01,
,,5,2025-05-27 20:29:00,-79,367E0F4A,42337,,,7378B941,
,,1,2025-05-27 20:29:00,-78,59FE8D30,65520,,,7378B941,
,,5,2025-05-27 20:29:01,-74,13323C65,16196,,,7378B941,
,,1,2025-05-27 20:29:14,-66,367E0F4A,32553,,,7D769A01,
,,1,2025-05-27 20:29:16,-73,59FE8D30,13533,,,7D769A01,
,,1,2025-05-27 20:29:16,-74,D7510A57,11172,,,7D769A01,
,,1,2025-05-27 20:29:16,-68,367E0F4A,32222,,,7D769A01,
,,5,2025-05-27 20:29:03,-81,367E0F4A,21849,,,7378B941,
,,5,2025-05-27 20:29:04,-82,367E0F4A,10306,,,7378B941,
,,5,2025-05-27 20:29:11,-82,59FE8D30,32366,,,7378B941,
,,5,2025-05-27 20:29:14,-78,59FE8D30,7026,,,7378B941,
,,4,2025-05-27 20:29:14,-78,59FE8D30,7026,,,7378B941,
,,1,2025-05-27 20:29:14,-78,59FE8D30,7026,,,7378B941,
,,2,2025-05-27 20:29:01,-81,81D187E3,34879,,,D46BA6A2,
,,3,2025-05-27 20:29:02,-75,B78FE24A,6576,,,D46BA6A2,
,,1,2025-05-27 20:29:02,-71,367E0F4A,9196,,,D46BA6A2,
,,5,2025-05-27 20:29:02,-71,367E0F4A,9196,,,D46BA6A2,
,,1,2025-05-27 20:29:03,-67,59FE8D30,25385,,,D46BA6A2,
,,4,2025-05-27 20:29:03,-70,367E0F4A,21849,,,D46BA6A2,
,,4,2025-05-27 20:29:03,-79,81D187E3,45385,,,D46BA6A2,
,,3,2025-05-27 20:29:04,-75,3F9E3319,39721,,,D46BA6A2,
,,1,2025-05-27 20:29:04,-75,3F9E3319,39721,,,D46BA6A2,
,,5,2025-05-27 20:29:04,-75,3F9E3319,39721,,,D46BA6A2,
,,4,2025-05-27 20:29:04,-75,3F9E3319,39721,,,D46BA6A2,
,,2,2025-05-27 20:29:04,-75,3F9E3319,39721,,,D46BA6A2,
,,3,2025-05-27 20:29:05,-80,B78FE24A,34631,,,D46BA6A2,
,,4,2025-05-27 20:29:08,-81,A648A0E7,59641,,,D46BA6A2,
,,5,2025-05-27 20:29:08,-81,A648A0E7,59641,,,D46BA6A2,
,,1,2025-05-27 20:29:08,-81,A648A0E7,59641,,,D46BA6A2,
,,1,2025-05-27 20:29:08,-71,D7510A57,44972,,,D46BA6A2,
,,2,2025-05-27 20:29:08,-71,D7510A57,44972,,,D46BA6A2,
,,5,2025-05-27 20:29:08,-71,D7510A57,44972,,,D46BA6A2,
,,3,2025-05-27 20:29:08,-71,D7510A57,44972,,,D46BA6A2,
,,3,2025-05-27 20:29:08,-75,13323C65,53491,,,D46BA6A2,
,,2,2025-05-27 20:29:08,-75,13323C65,53491,,,D46BA6A2,
,,5,2025-05-27 20:29:08,-75,13323C65,53491,,,D46BA6A2,
,,1,2025-05-27 20:29:09,-72,367E0F4A,18586,,,D46BA6A2,
,,1,2025-05-27 20:29:12,-70,13323C65,30291,,,D46BA6A2,
,,5,2025-05-27 20:29:13,-75,D7510A57,9033,,,D46BA6A2,
,,3,2025-05-27 20:29:13,-75,D7510A57,9033,,,D46BA6A2,
,,1,2025-05-27 20:29:14,-70,A648A0E7,887,,,D46BA6A2,
,,3,2025-05-27 20:29:16,-69,13323C65,14725,,,D46BA6A2,
,,4,2025-05-27 20:29:16,-69,13323C65,14725,,,D46BA6A2,
,,3,2025-05-27 20:29:17,-68,59FE8D30,26252,,,D46BA6A2,
,,1,2025-05-27 20:29:18,-69,59FE8D30,20615,,,D46BA6A2,
,,3,2025-05-27 20:29:19,-81,B78FE24A,15438,,,D46BA6A2,
,,2,2025-05-27 20:29:19,-81,B78FE24A,15438,,,D46BA6A2,
,,1,2025-05-27 20:29:19,-81,B78FE24A,15438,,,D46BA6A2,
,,4,2025-05-27 20:29:19,-81,B78FE24A,15438,,,D46BA6A2,
,,3,2025-05-27 20:29:22,-69,870614B1,619,,,D46BA6A2,
,,2,2025-05-27 20:29:22,-69,870614B1,619,,,D46BA6A2,
,,4,2025-05-27 20:29:22,-69,870614B1,619,,,D46BA6A2,
,,1,2025-05-27 20:29:22,-76,B78FE24A,42796,,,D46BA6A2,
,,5,2025-05-27 20:29:22,-76,B78FE24A,42796,,,D46BA6A2,
,,4,2025-05-27 20:29:22,-76,B78FE24A,42796,,,D46BA6A2,
,,3,2025-05-27 20:29:22,-76,B78FE24A,42796,,,D46BA6A2,
,,3,2025-05-27 20:29:23,-69,13323C65,3548,,,D46BA6A2,
,,2,2025-05-27 20:29:23,-69,13323C65,3548,,,D46BA6A2,
,,5,2025-05-27 20:29:23,-69,13323C65,3548,,,D46BA6A2,
,,4,2025-05-27 20:29:23,-69,13323C65,3548,,,D46BA6A2,
,,1,2025-05-27 20:29:23,-69,13323C65,3548,,,D46BA6A2,
,,5,2025-05-27 20:29:01,-70,59FE8D30,65520,,,AA4358FB,
,,2,2025-05-27 20:29:01,-70,59FE8D30,65520,,,AA4358FB,
,,3,2025-05-27 20:29:01,-70,59FE8D30,65520,,,AA4358FB,
,,3,2025-05-27 20:29:03,-68,13323C65,40788,,,AA4358FB,
,,1,2025-05-27 20:29:03,-68,13323C65,40788,,,AA4358FB,
,,2,2025-05-27 20:29:03,-68,13323C65,40788,,,AA4358FB,
,,4,2025-05-27 20:29:03,-68,13323C65,40788,,,AA4358FB,
,,5,2025-05-27 20:29:03,-68,13323C65,40788,,,AA4358FB,
,,5,2025-05-27 20:29:04,-77,D7510A57,8919,,,AA4358FB,
,,5,2025-05-27 20:29:04,-68,13323C65,6674,,,AA4358FB,
,,2,2025-05-27 20:29:05,-72,59FE8D30,4683,,,AA4358FB,
,,5,2025-05-27 20:29:05,-72,59FE8D30,4683,,,AA4358FB,
,,5,2025-05-27 20:29:09,-68,13323C65,53491,,,AA4358FB,
,,2,2025-05-27 20:29:09,-68,13323C65,53491,,,AA4358FB,
,,3,2025-05-27 20:29:09,-68,13323C65,53491,,,AA4358FB,
,,5,2025-05-27 20:29:12,-71,59FE8D30,32366,,,AA4358FB,
,,2,2025-05-27 20:29:12,-71,59FE8D30,32366,,,AA4358FB,
,,4,2025-05-27 20:29:12,-71,59FE8D30,32366,,,AA4358FB,
,,3,2025-05-27 20:29:12,-71,59FE8D30,32366,,,AA4358FB,
,,2,2025-05-27 20:29:12,-74,0000006E,17913,,,AA4358FB,
,,4,2025-05-27 20:29:12,-74,0000006E,17913,,,AA4358FB,
,,3,2025-05-27 20:29:12,-74,0000006E,17913,,,AA4358FB,
,,5,2025-05-27 20:29:12,-74,0000006E,17913,,,AA4358FB,
,,4,2025-05-27 20:29:13,-77,A648A0E7,6629,,,AA4358FB,
,,3,2025-05-27 20:29:13,-77,A648A0E7,6629,,,AA4358FB,
,,5,2025-05-27 20:29:13,-77,A648A0E7,6629,,,AA4358FB,
,,2,2025-05-27 20:29:13,-77,A648A0E7,6629,,,AA4358FB,
,,1,2025-05-27 20:29:13,-77,A648A0E7,6629,,,AA4358FB,
,,5,2025-05-27 20:29:14,-68,367E0F4A,32553,,,AA4358FB,
,,1,2025-05-27 20:29:15,-77,59FE8D30,7026,,,AA4358FB,
,,3,2025-05-27 20:29:15,-77,59FE8D30,7026,,,AA4358FB,
,,4,2025-05-27 20:29:15,-77,59FE8D30,7026,,,AA4358FB,
,,2,2025-05-27 20:29:15,-77,59FE8D30,7026,,,AA4358FB,
,,5,2025-05-27 20:29:15,-77,59FE8D30,7026,,,AA4358FB,
,,3,2025-05-27 20:29:16,-76,59FE8D30,13533,,,AA4358FB,
,,2,2025-05-27 20:29:16,-76,59FE8D30,13533,,,AA4358FB,
,,5,2025-05-27 20:29:16,-76,59FE8D30,13533,,,AA4358FB,
,,4,2025-05-27 20:29:16,-76,59FE8D30,13533,,,AA4358FB,
,,3,2025-05-27 20:29:16,-76,A648A0E7,56006,,,AA4358FB,
,,2,2025-05-27 20:29:16,-76,A648A0E7,56006,,,AA4358FB,
,,5,2025-05-27 20:29:16,-76,A648A0E7,56006,,,AA4358FB,
,,5,2025-05-27 20:29:16,-80,D7510A57,11172,,,AA4358FB,
,,3,2025-05-27 20:29:16,-66,07F9389E,47165,,,AA4358FB,
,,5,2025-05-27 20:29:16,-66,07F9389E,47165,,,AA4358FB,
,,5,2025-05-27 20:29:16,-78,13323C65,14725,,,AA4358FB,
,,3,2025-05-27 20:29:17,-76,59FE8D30,51568,,,AA4358FB,
,,5,2025-05-27 20:29:17,-76,59FE8D30,51568,,,AA4358FB,
,,5,2025-05-27 20:29:17,-75,A648A0E7,43274,,,AA4358FB,
,,5,2025-05-27 20:29:21,-77,E2A807D7,56660,,,AA4358FB,
,,3,2025-05-27 20:29:21,-77,E2A807D7,56660,,,AA4358FB,
,,4,2025-05-27 20:29:21,-78,59FE8D30,18652,,,AA4358FB,
,,5,2025-05-27 20:29:21,-78,59FE8D30,18652,,,AA4358FB,
,,3,2025-05-27 20:29:21,-78,59FE8D30,18652,,,AA4358FB,
,,2,2025-05-27 20:29:21,-78,59FE8D30,18652,,,AA4358FB,
,,5,2025-05-27 20:29:21,-74,81D187E3,4684,,,AA4358FB,
,,3,2025-05-27 20:29:21,-74,81D187E3,4684,,,AA4358FB,
,,3,2025-05-27 20:29:22,-78,D7510A57,49159,,,AA4358FB,
,,2,2025-05-27 20:29:22,-78,D7510A57,49159,,,AA4358FB,
,,4,2025-05-27 20:29:22,-78,D7510A57,49159,,,AA4358FB,
,,5,2025-05-27 20:29:22,-80,13323C65,7934,,,AA4358FB,
,,2,2025-05-27 20:29:22,-80,13323C65,7934,,,AA4358FB,
,,3,2025-05-27 20:29:22,-80,13323C65,7934,,,AA4358FB,
,,3,2025-05-27 20:29:23,-73,13323C65,3548,,,AA4358FB,
,,5,2025-05-27 20:29:23,-73,13323C65,3548,,,AA4358FB,
,,1,2025-05-27 20:28:58,-82,81D187E3,43843,,,9CC5DC79,
,,5,2025-05-27 20:28:58,-82,81D187E3,43843,,,9CC5DC79,
,,4,2025-05-27 20:28:58,-82,81D187E3,43843,,,9CC5DC79,
,,2,2025-05-27 20:28:58,-82,81D187E3,43843,,,9CC5DC79,
,,3,2025-05-27 20:28:58,-82,81D187E3,43843,,,9CC5DC79,
,,1,2025-05-27 20:29:00,-78,13323C65,30287,,,9CC5DC79,
,,2,2025-05-27 20:29:00,-82,59FE8D30,65520,,,9CC5DC79,
,,4,2025-05-27 20:29:03,-81,0000006E,13880,,,9CC5DC79,
,,3,2025-05-27 20:29:03,-81,0000006E,13880,,,9CC5DC79,
,,2,2025-05-27 20:29:03,-81,0000006E,13880,,,9CC5DC79,
,,1,2025-05-27 20:29:03,-81,0000006E,13880,,,9CC5DC79,
,,1,2025-05-27 20:29:04,-83,81D187E3,45385,,,9CC5DC79,
,,1,2025-05-27 20:29:04,-72,367E0F4A,10306,,,9CC5DC79,
,,5,2025-05-27 20:29:04,-72,367E0F4A,10306,,,9CC5DC79,
,,2,2025-05-27 20:29:04,-72,367E0F4A,10306,,,9CC5DC79,
,,5,2025-05-27 20:29:08,-81,23D9727E,55454,,,9CC5DC79,
,,3,2025-05-27 20:29:10,-76,D7510A57,61590,,,9CC5DC79,
,,1,2025-05-27 20:29:10,-76,D7510A57,61590,,,9CC5DC79,
,,5,2025-05-27 20:29:10,-76,D7510A57,61590,,,9CC5DC79,
,,2,2025-05-27 20:29:10,-76,D7510A57,61590,,,9CC5DC79,
,,4,2025-05-27 20:29:10,-76,D7510A57,61590,,,9CC5DC79,
,,1,2025-05-27 20:29:11,-78,59FE8D30,32366,,,9CC5DC79,
,,3,2025-05-27 20:29:11,-79,A648A0E7,53016,,,9CC5DC79,
,,4,2025-05-27 20:29:11,-79,A648A0E7,53016,,,9CC5DC79,
,,1,2025-05-27 20:29:11,-79,A648A0E7,53016,,,9CC5DC79,
,,5,2025-05-27 20:29:11,-79,A648A0E7,53016,,,9CC5DC79,
,,4,2025-05-27 20:29:12,-75,A648A0E7,6629,,,9CC5DC79,
,,1,2025-05-27 20:29:12,-75,A648A0E7,6629,,,9CC5DC79,
,,5,2025-05-27 20:29:12,-75,A648A0E7,6629,,,9CC5DC79,
,,1,2025-05-27 20:29:13,-75,A648A0E7,33300,,,9CC5DC79,
,,5,2025-05-27 20:29:13,-75,A648A0E7,33300,,,9CC5DC79,
,,3,2025-05-27 20:29:13,-75,A648A0E7,33300,,,9CC5DC79,
,,4,2025-05-27 20:29:13,-75,A648A0E7,33300,,,9CC5DC79,
,,1,2025-05-27 20:29:15,-75,A648A0E7,56006,,,9CC5DC79,
,,4,2025-05-27 20:29:15,-75,A648A0E7,56006,,,9CC5DC79,
,,1,2025-05-27 20:29:18,-75,A648A0E7,24491,,,9CC5DC79,
,,5,2025-05-27 20:29:18,-75,A648A0E7,24491,,,9CC5DC79,
,,4,2025-05-27 20:29:18,-75,A648A0E7,24491,,,9CC5DC79,
,,5,2025-05-27 20:29:20,-85,81D187E3,34129,,,9CC5DC79,
,,4,2025-05-27 20:29:22,-81,E197FE3E,51624,,,9CC5DC79,
,,5,2025-05-27 20:29:22,-81,E197FE3E,51624,,,9CC5DC79,
,,1,2025-05-27 20:29:22,-81,E197FE3E,51624,,,9CC5DC79,
,,1,2025-05-27 20:29:24,-72,13323C65,57657,,,9CC5DC79,
,,5,2025-05-27 20:29:24,-72,13323C65,57657,,,9CC5DC79,
,,1,2025-05-27 20:29:19,-71,13323C65,34438,,,7D769A01,
,,1,2025-05-27 20:29:20,-72,59FE8D30,43711,,,7D769A01,
,,1,2025-05-27 20:29:21,-67,367E0F4A,55431,,,7D769A01,
,,1,2025-05-27 20:29:22,-74,A648A0E7,52040,,,7D769A01,
,,1,2025-05-27 20:29:23,-75,E2A807D7,43055,,,7D769A01,
,,1,2025-05-27 20:29:25,-78,E2A807D7,25526,,,7D769A01,
,,1,2025-05-27 20:29:26,-77,81D187E3,7962,,,7D769A01,
,,1,2025-05-27 20:29:26,-65,367E0F4A,23727,,,7D769A01,
,,1,2025-05-27 20:29:28,-74,B78FE24A,38313,,,7D769A01,
,,1,2025-05-27 20:29:28,-65,367E0F4A,27850,,,7D769A01,
,,1,2025-05-27 20:29:28,-76,E2A807D7,7988,,,7D769A01,
,,1,2025-05-27 20:29:28,-71,870614B1,53495,,,7D769A01,
,,1,2025-05-27 20:29:30,-72,13323C65,13928,,,7D769A01,
,,1,2025-05-27 20:29:33,-71,13323C65,8949,,,7D769A01,
,,1,2025-05-27 20:29:34,-71,D7510A57,28363,,,7D769A01,
,,1,2025-05-27 20:29:34,-68,367E0F4A,49817,,,7D769A01,
,,4,2025-05-27 20:29:05,-71,59FE8D30,11684,,,B995250B,
,,4,2025-05-27 20:29:11,-72,D7510A57,57564,,,B995250B,
,,4,2025-05-27 20:29:13,-73,D7510A57,8400,,,B995250B,
,,4,2025-05-27 20:29:14,-81,A648A0E7,33300,,,B995250B,
,,1,2025-05-27 20:29:14,-81,A648A0E7,33300,,,B995250B,
,,1,2025-05-27 20:29:24,-81,81D187E3,8362,,,B995250B,
,,1,2025-05-27 20:29:27,-81,A648A0E7,39771,,,B995250B,
,,1,2025-05-27 20:29:27,-79,13323C65,48157,,,B995250B,
,,4,2025-05-27 20:29:27,-79,13323C65,48157,,,B995250B,
,,1,2025-05-27 20:29:31,-84,A648A0E7,16521,,,B995250B,
,,4,2025-05-27 20:29:31,-84,A648A0E7,16521,,,B995250B,
,,4,2025-05-27 20:29:09,-84,13323C65,53491,,,CB4A1EAE,
,,1,2025-05-27 20:29:09,-84,13323C65,53491,,,CB4A1EAE,
,,5,2025-05-27 20:29:16,-69,D7510A57,11172,,,520A3C5C,
,,2,2025-05-27 20:29:16,-69,D7510A57,11172,,,520A3C5C,
,,5,2025-05-27 20:29:16,-76,81D187E3,31289,,,520A3C5C,
,,4,2025-05-27 20:29:11,-82,D7510A57,57564,,,CB4A1EAE,
,,5,2025-05-27 20:29:16,-71,07F9389E,47165,,,520A3C5C,
,,2,2025-05-27 20:29:16,-71,07F9389E,47165,,,520A3C5C,
,,1,2025-05-27 20:29:16,-69,59FE8D30,51568,,,520A3C5C,
,,5,2025-05-27 20:29:16,-69,59FE8D30,51568,,,520A3C5C,
,,2,2025-05-27 20:29:16,-69,59FE8D30,51568,,,520A3C5C,
,,3,2025-05-27 20:29:16,-69,59FE8D30,51568,,,520A3C5C,
,,4,2025-05-27 20:29:16,-69,59FE8D30,51568,,,520A3C5C,
,,3,2025-05-27 20:29:18,-67,13323C65,64403,,,520A3C5C,
,,5,2025-05-27 20:29:18,-67,13323C65,64403,,,520A3C5C,
,,4,2025-05-27 20:29:18,-67,13323C65,64403,,,520A3C5C,
,,1,2025-05-27 20:29:18,-67,13323C65,64403,,,520A3C5C,
,,2,2025-05-27 20:29:18,-77,59FE8D30,20615,,,520A3C5C,
,,3,2025-05-27 20:29:18,-77,59FE8D30,20615,,,520A3C5C,
,,5,2025-05-27 20:29:18,-77,59FE8D30,20615,,,520A3C5C,
,,4,2025-05-27 20:29:18,-77,59FE8D30,20615,,,520A3C5C,
,,1,2025-05-27 20:29:16,-79,A648A0E7,56006,,,CB4A1EAE,
,,4,2025-05-27 20:29:16,-79,A648A0E7,56006,,,CB4A1EAE,
,,2,2025-05-27 20:29:19,-69,870614B1,55208,,,520A3C5C,
,,5,2025-05-27 20:29:19,-69,870614B1,55208,,,520A3C5C,
,,1,2025-05-27 20:29:23,-74,D7510A57,52570,,,D46BA6A2,
,,3,2025-05-27 20:29:22,-70,D7510A57,49159,,,520A3C5C,
,,5,2025-05-27 20:29:22,-70,D7510A57,49159,,,520A3C5C,
,,1,2025-05-27 20:29:23,-84,81D187E3,9132,,,CB4A1EAE,
,,4,2025-05-27 20:29:23,-84,81D187E3,9132,,,CB4A1EAE,
,,5,2025-05-27 20:29:22,-69,59FE8D30,60493,,,520A3C5C,
,,4,2025-05-27 20:29:25,-83,59FE8D30,59556,,,CB4A1EAE,
,,1,2025-05-27 20:29:25,-83,59FE8D30,59556,,,CB4A1EAE,
,,2,2025-05-27 20:29:25,-78,81D187E3,7962,,,D46BA6A2,
,,1,2025-05-27 20:29:25,-78,81D187E3,7962,,,D46BA6A2,
,,5,2025-05-27 20:29:25,-78,81D187E3,7962,,,D46BA6A2,
,,3,2025-05-27 20:29:25,-78,81D187E3,7962,,,D46BA6A2,
,,4,2025-05-27 20:29:25,-78,81D187E3,7962,,,D46BA6A2,
,,4,2025-05-27 20:29:23,-67,D7510A57,3399,,,520A3C5C,
,,2,2025-05-27 20:29:23,-67,D7510A57,3399,,,520A3C5C,
,,1,2025-05-27 20:29:27,-76,B78FE24A,38313,,,D46BA6A2,
,,5,2025-05-27 20:29:23,-71,13323C65,3548,,,520A3C5C,
,,4,2025-05-27 20:29:23,-71,13323C65,3548,,,520A3C5C,
,,4,2025-05-27 20:29:29,-74,D7510A57,16814,,,CB4A1EAE,
,,1,2025-05-27 20:29:29,-74,D7510A57,16814,,,CB4A1EAE,
,,2,2025-05-27 20:29:24,-70,D7510A57,52570,,,520A3C5C,
,,3,2025-05-27 20:29:24,-70,D7510A57,52570,,,520A3C5C,
,,5,2025-05-27 20:29:24,-70,D7510A57,52570,,,520A3C5C,
,,4,2025-05-27 20:29:28,-76,B78FE24A,30750,,,D46BA6A2,
,,1,2025-05-27 20:29:28,-76,B78FE24A,30750,,,D46BA6A2,
,,3,2025-05-27 20:29:24,-77,59FE8D30,28438,,,520A3C5C,
,,2,2025-05-27 20:29:24,-77,59FE8D30,28438,,,520A3C5C,
,,2,2025-05-27 20:29:25,-72,870614B1,60000,,,520A3C5C,
,,5,2025-05-27 20:29:25,-72,870614B1,60000,,,520A3C5C,
,,3,2025-05-27 20:29:25,-72,870614B1,60000,,,520A3C5C,
,,3,2025-05-27 20:29:26,-69,D7510A57,5669,,,520A3C5C,
,,5,2025-05-27 20:29:26,-69,D7510A57,5669,,,520A3C5C,
,,2,2025-05-27 20:29:26,-69,D7510A57,5669,,,520A3C5C,
,,4,2025-05-27 20:29:26,-69,D7510A57,5669,,,520A3C5C,
,,5,2025-05-27 20:29:27,-75,A648A0E7,39771,,,520A3C5C,
,,2,2025-05-27 20:29:28,-75,A648A0E7,17788,,,520A3C5C,
,,5,2025-05-27 20:29:28,-75,A648A0E7,17788,,,520A3C5C,
,,1,2025-05-27 20:29:22,-72,D7510A57,49159,,,4D64B5B5,
,,4,2025-05-27 20:29:22,-72,D7510A57,49159,,,4D64B5B5,
,,4,2025-05-27 20:29:37,-81,D7510A57,9252,,,CB4A1EAE,
,,4,2025-05-27 20:29:32,-70,367E0F4A,45269,,,D46BA6A2,
,,1,2025-05-27 20:29:32,-70,367E0F4A,45269,,,D46BA6A2,
,,5,2025-05-27 20:29:29,-76,81D187E3,48913,,,520A3C5C,
,,2,2025-05-27 20:29:29,-76,81D187E3,48913,,,520A3C5C,
,,3,2025-05-27 20:29:29,-76,81D187E3,48913,,,520A3C5C,
,,2,2025-05-27 20:29:29,-75,367E0F4A,48269,,,520A3C5C,
,,4,2025-05-27 20:29:29,-75,367E0F4A,48269,,,520A3C5C,
,,1,2025-05-27 20:29:29,-75,367E0F4A,48269,,,520A3C5C,
,,3,2025-05-27 20:29:29,-75,367E0F4A,48269,,,520A3C5C,
,,5,2025-05-27 20:29:29,-75,367E0F4A,48269,,,520A3C5C,
,,3,2025-05-27 20:29:32,-79,B78FE24A,25143,,,D46BA6A2,
,,4,2025-05-27 20:29:22,-71,367E0F4A,12636,,,4D64B5B5,
,,1,2025-05-27 20:29:22,-71,367E0F4A,12636,,,4D64B5B5,
,,4,2025-05-27 20:29:33,-77,E85FB74C,43995,,,D46BA6A2,
,,1,2025-05-27 20:29:37,-82,59FE8D30,49021,,,CB4A1EAE,
,,2,2025-05-27 20:29:31,-65,D7510A57,5811,,,520A3C5C,
,,5,2025-05-27 20:29:31,-75,13323C65,21029,,,520A3C5C,
,,2,2025-05-27 20:29:31,-75,13323C65,21029,,,520A3C5C,
,,3,2025-05-27 20:29:31,-75,13323C65,21029,,,520A3C5C,
,,4,2025-05-27 20:29:23,-79,59FE8D30,48700,,,4D64B5B5,
,,2,2025-05-27 20:29:31,-70,59FE8D30,63822,,,520A3C5C,
,,4,2025-05-27 20:29:31,-70,59FE8D30,63822,,,520A3C5C,
,,3,2025-05-27 20:29:31,-70,59FE8D30,63822,,,520A3C5C,
,,1,2025-05-27 20:29:32,-67,D7510A57,26593,,,520A3C5C,
,,3,2025-05-27 20:29:32,-67,D7510A57,26593,,,520A3C5C,
,,5,2025-05-27 20:29:32,-67,D7510A57,26593,,,520A3C5C,
,,2,2025-05-27 20:29:32,-67,D7510A57,26593,,,520A3C5C,
,,4,2025-05-27 20:29:32,-67,D7510A57,26593,,,520A3C5C,
,,4,2025-05-27 20:29:32,-67,13323C65,8949,,,520A3C5C,
,,4,2025-05-27 20:29:33,-75,A648A0E7,62102,,,520A3C5C,
,,5,2025-05-27 20:29:33,-75,A648A0E7,62102,,,520A3C5C,
,,2,2025-05-27 20:29:33,-75,A648A0E7,62102,,,520A3C5C,
,,3,2025-05-27 20:29:33,-75,A648A0E7,62102,,,520A3C5C,
,,2,2025-05-27 20:29:33,-72,13323C65,12844,,,520A3C5C,
,,4,2025-05-27 20:29:36,-70,13323C65,61960,,,D46BA6A2,
,,5,2025-05-27 20:29:34,-68,59FE8D30,46036,,,520A3C5C,
,,2,2025-05-27 20:29:34,-68,59FE8D30,46036,,,520A3C5C,
,,1,2025-05-27 20:29:36,-71,59FE8D30,38137,,,D46BA6A2,
,,5,2025-05-27 20:29:36,-71,59FE8D30,38137,,,D46BA6A2,
,,4,2025-05-27 20:29:36,-71,59FE8D30,38137,,,D46BA6A2,
,,3,2025-05-27 20:29:36,-71,59FE8D30,38137,,,D46BA6A2,
,,4,2025-05-27 20:29:36,-77,81D187E3,45809,,,520A3C5C,
,,3,2025-05-27 20:29:36,-77,81D187E3,45809,,,520A3C5C,
,,2,2025-05-27 20:29:36,-77,81D187E3,45809,,,520A3C5C,
,,5,2025-05-27 20:29:36,-77,81D187E3,45809,,,520A3C5C,
,,5,2025-05-27 20:29:38,-78,81D187E3,10543,,,520A3C5C,
,,4,2025-05-27 20:29:38,-78,81D187E3,10543,,,520A3C5C,
,,3,2025-05-27 20:29:38,-78,81D187E3,10543,,,520A3C5C,
,,2,2025-05-27 20:29:38,-78,81D187E3,10543,,,520A3C5C,
,,5,2025-05-27 20:29:39,-69,367E0F4A,20104,,,D46BA6A2,
,,2,2025-05-27 20:29:39,-69,367E0F4A,20104,,,D46BA6A2,
,,3,2025-05-27 20:29:40,-74,B78FE24A,35660,,,D46BA6A2,
,,2,2025-05-27 20:29:41,-68,59FE8D30,14380,,,D46BA6A2,
,,1,2025-05-27 20:29:41,-68,59FE8D30,14380,,,D46BA6A2,
,,5,2025-05-27 20:29:41,-68,59FE8D30,14380,,,D46BA6A2,
,,4,2025-05-27 20:29:41,-68,59FE8D30,14380,,,D46BA6A2,
,,5,2025-05-27 20:29:24,-72,81D187E3,8362,,,AA4358FB,
,,4,2025-05-27 20:29:25,-65,367E0F4A,10977,,,AA4358FB,
,,4,2025-05-27 20:29:27,-72,81D187E3,55092,,,AA4358FB,
,,3,2025-05-27 20:29:27,-72,81D187E3,55092,,,AA4358FB,
,,5,2025-05-27 20:29:27,-72,81D187E3,55092,,,AA4358FB,
,,2,2025-05-27 20:29:27,-72,81D187E3,55092,,,AA4358FB,
,,3,2025-05-27 20:29:27,-63,367E0F4A,54467,,,AA4358FB,
,,2,2025-05-27 20:29:27,-63,367E0F4A,54467,,,AA4358FB,
,,2,2025-05-27 20:29:28,-77,870614B1,53495,,,AA4358FB,
,,3,2025-05-27 20:29:28,-77,870614B1,53495,,,AA4358FB,
,,3,2025-05-27 20:29:29,-69,81D187E3,48913,,,AA4358FB,
,,5,2025-05-27 20:29:29,-69,81D187E3,48913,,,AA4358FB,
,,2,2025-05-27 20:29:29,-69,81D187E3,48913,,,AA4358FB,
,,5,2025-05-27 20:29:29,-75,3F9E3319,54387,,,AA4358FB,
,,2,2025-05-27 20:29:29,-75,3F9E3319,54387,,,AA4358FB,
,,1,2025-05-27 20:29:29,-75,3F9E3319,54387,,,AA4358FB,
,,3,2025-05-27 20:29:29,-75,3F9E3319,54387,,,AA4358FB,
,,5,2025-05-27 20:29:30,-68,367E0F4A,30359,,,AA4358FB,
,,3,2025-05-27 20:29:30,-68,367E0F4A,30359,,,AA4358FB,
,,5,2025-05-27 20:29:31,-75,A648A0E7,16521,,,AA4358FB,
,,5,2025-05-27 20:29:33,-72,81D187E3,4719,,,AA4358FB,
,,5,2025-05-27 20:29:33,-78,E85FB74C,43995,,,AA4358FB,
,,3,2025-05-27 20:29:34,-74,D7510A57,28363,,,AA4358FB,
,,5,2025-05-27 20:29:34,-74,D7510A57,28363,,,AA4358FB,
,,2,2025-05-27 20:29:34,-76,B78FE24A,62078,,,AA4358FB,
,,3,2025-05-27 20:29:34,-76,B78FE24A,62078,,,AA4358FB,
,,1,2025-05-27 20:29:37,-69,59FE8D30,38137,,,AA4358FB,
,,5,2025-05-27 20:29:37,-69,81D187E3,1972,,,AA4358FB,
,,3,2025-05-27 20:29:38,-74,13323C65,25948,,,AA4358FB,
,,3,2025-05-27 20:29:39,-63,367E0F4A,20104,,,AA4358FB,
,,5,2025-05-27 20:29:39,-63,367E0F4A,20104,,,AA4358FB,
,,3,2025-05-27 20:29:42,-68,0000006E,17355,,,AA4358FB,
,,5,2025-05-27 20:29:43,-74,13323C65,57464,,,AA4358FB,
,,5,2025-05-27 20:29:43,-78,D7510A57,45813,,,AA4358FB,
,,2,2025-05-27 20:29:43,-78,D7510A57,45813,,,AA4358FB,
,,5,2025-05-27 20:29:44,-65,367E0F4A,53019,,,AA4358FB,
,,5,2025-05-27 20:29:47,-63,367E0F4A,4157,,,AA4358FB,
,,1,2025-05-27 20:29:28,-85,59FE8D30,1652,,,9CC5DC79,
,,1,2025-05-27 20:29:29,-72,13323C65,13928,,,9CC5DC79,
,,1,2025-05-27 20:29:32,-79,A648A0E7,13381,,,9CC5DC79,
,,4,2025-05-27 20:29:32,-79,A648A0E7,13381,,,9CC5DC79,
,,3,2025-05-27 20:29:33,-71,13323C65,12844,,,9CC5DC79,
,,2,2025-05-27 20:29:33,-71,13323C65,12844,,,9CC5DC79,
,,5,2025-05-27 20:29:34,-81,E197FE3E,939,,,9CC5DC79,
,,2,2025-05-27 20:29:34,-81,E197FE3E,939,,,9CC5DC79,
,,1,2025-05-27 20:29:34,-81,E197FE3E,939,,,9CC5DC79,
,,4,2025-05-27 20:29:34,-81,E197FE3E,939,,,9CC5DC79,
,,3,2025-05-27 20:29:34,-81,E197FE3E,939,,,9CC5DC79,
,,3,2025-05-27 20:29:35,-78,59FE8D30,54524,,,9CC5DC79,
,,4,2025-05-27 20:29:35,-78,59FE8D30,54524,,,9CC5DC79,
,,1,2025-05-27 20:29:35,-78,59FE8D30,54524,,,9CC5DC79,
,,5,2025-05-27 20:29:35,-78,59FE8D30,54524,,,9CC5DC79,
,,2,2025-05-27 20:29:35,-78,59FE8D30,54524,,,9CC5DC79,
,,5,2025-05-27 20:29:36,-82,81D187E3,45809,,,9CC5DC79,
,,1,2025-05-27 20:29:36,-82,81D187E3,45809,,,9CC5DC79,
,,4,2025-05-27 20:29:36,-82,81D187E3,45809,,,9CC5DC79,
,,1,2025-05-27 20:29:36,-71,367E0F4A,52475,,,9CC5DC79,
,,4,2025-05-27 20:29:36,-71,367E0F4A,52475,,,9CC5DC79,
,,4,2025-05-27 20:29:41,-75,A648A0E7,4358,,,9CC5DC79,
,,5,2025-05-27 20:29:41,-75,A648A0E7,4358,,,9CC5DC79,
,,5,2025-05-27 20:29:42,-79,13323C65,57464,,,9CC5DC79,
,,1,2025-05-27 20:29:42,-79,13323C65,57464,,,9CC5DC79,
,,4,2025-05-27 20:29:42,-79,13323C65,57464,,,9CC5DC79,
,,3,2025-05-27 20:29:42,-79,13323C65,57464,,,9CC5DC79,
,,1,2025-05-27 20:29:43,-80,A648A0E7,36287,,,9CC5DC79,
,,4,2025-05-27 20:29:46,-77,59FE8D30,44997,,,9CC5DC79,
,,1,2025-05-27 20:29:46,-77,59FE8D30,44997,,,9CC5DC79,
,,5,2025-05-27 20:29:46,-77,59FE8D30,44997,,,9CC5DC79,
,,3,2025-05-27 20:29:46,-77,59FE8D30,44997,,,9CC5DC79,
,,4,2025-05-27 20:29:47,-79,367E0F4A,7260,,,9CC5DC79,
,,1,2025-05-27 20:29:41,-76,B78FE24A,35660,,,7D769A01,
,,1,2025-05-27 20:29:42,-76,B78FE24A,37946,,,7D769A01,
,,1,2025-05-27 20:29:44,-71,59FE8D30,39495,,,7D769A01,
,,5,2025-05-27 20:29:47,-72,13323C65,65460,,,7D769A01,
,,1,2025-05-27 20:29:48,-68,367E0F4A,7260,,,7D769A01,
,,1,2025-05-27 20:29:48,-71,13323C65,25484,,,7D769A01,
,,1,2025-05-27 20:29:52,-72,59FE8D30,44875,,,7D769A01,
,,1,2025-05-27 20:29:53,-78,59FE8D30,26644,,,7D769A01,
,,1,2025-05-27 20:29:54,-77,E197FE3E,58143,,,7D769A01,
,,4,2025-05-27 20:29:54,-71,13323C65,43309,,,7D769A01,
,,1,2025-05-27 20:29:54,-71,13323C65,43309,,,7D769A01,
,,2,2025-05-27 20:29:38,-80,E85FB74C,64952,,,520A3C5C,
,,3,2025-05-27 20:29:38,-80,E85FB74C,64952,,,520A3C5C,
,,5,2025-05-27 20:29:38,-80,E85FB74C,64952,,,520A3C5C,
,,3,2025-05-27 20:29:39,-67,13323C65,64860,,,520A3C5C,
,,2,2025-05-27 20:29:39,-84,E2A807D7,54878,,,520A3C5C,
,,3,2025-05-27 20:29:39,-84,E2A807D7,54878,,,520A3C5C,
,,5,2025-05-27 20:29:39,-84,E2A807D7,54878,,,520A3C5C,
,,5,2025-05-27 20:29:41,-67,D7510A57,34770,,,520A3C5C,
,,4,2025-05-27 20:29:41,-67,D7510A57,34770,,,520A3C5C,
,,2,2025-05-27 20:29:41,-67,D7510A57,34770,,,520A3C5C,
,,2,2025-05-27 20:29:42,-80,0000006E,17355,,,520A3C5C,
,,3,2025-05-27 20:29:42,-76,13323C65,57464,,,520A3C5C,
,,2,2025-05-27 20:29:42,-76,13323C65,57464,,,520A3C5C,
,,4,2025-05-27 20:29:42,-76,13323C65,57464,,,520A3C5C,
,,1,2025-05-27 20:29:42,-76,13323C65,57464,,,520A3C5C,
,,5,2025-05-27 20:29:42,-76,13323C65,57464,,,520A3C5C,
,,3,2025-05-27 20:29:43,-68,D7510A57,45813,,,520A3C5C,
,,2,2025-05-27 20:29:43,-68,D7510A57,45813,,,520A3C5C,
,,4,2025-05-27 20:29:43,-68,D7510A57,45813,,,520A3C5C,
,,5,2025-05-27 20:29:43,-68,D7510A57,45813,,,520A3C5C,
,,5,2025-05-27 20:29:43,-81,E85FB74C,35301,,,520A3C5C,
,,2,2025-05-27 20:29:43,-81,E85FB74C,35301,,,520A3C5C,
,,3,2025-05-27 20:29:43,-81,E85FB74C,35301,,,520A3C5C,
,,4,2025-05-27 20:29:43,-81,E85FB74C,35301,,,520A3C5C,
,,5,2025-05-27 20:29:43,-75,A648A0E7,36287,,,520A3C5C,
,,4,2025-05-27 20:29:43,-75,13323C65,3437,,,520A3C5C,
,,5,2025-05-27 20:29:43,-75,13323C65,3437,,,520A3C5C,
,,3,2025-05-27 20:29:43,-75,13323C65,3437,,,520A3C5C,
,,2,2025-05-27 20:29:43,-75,13323C65,3437,,,520A3C5C,
,,4,2025-05-27 20:29:44,-68,D7510A57,13494,,,520A3C5C,
,,5,2025-05-27 20:29:44,-68,D7510A57,13494,,,520A3C5C,
,,2,2025-05-27 20:29:44,-68,D7510A57,13494,,,520A3C5C,
,,3,2025-05-27 20:29:44,-68,D7510A57,13494,,,520A3C5C,
,,4,2025-05-27 20:29:44,-67,13323C65,13135,,,520A3C5C,
,,3,2025-05-27 20:29:44,-67,13323C65,13135,,,520A3C5C,
,,2,2025-05-27 20:29:46,-71,07F9389E,32585,,,520A3C5C,
,,3,2025-05-27 20:29:46,-71,07F9389E,32585,,,520A3C5C,
,,1,2025-05-27 20:29:46,-75,59FE8D30,44997,,,520A3C5C,
,,5,2025-05-27 20:29:46,-75,59FE8D30,44997,,,520A3C5C,
,,2,2025-05-27 20:29:46,-75,59FE8D30,44997,,,520A3C5C,
,,3,2025-05-27 20:29:46,-75,59FE8D30,44997,,,520A3C5C,
,,4,2025-05-27 20:29:46,-75,59FE8D30,44997,,,520A3C5C,
,,5,2025-05-27 20:29:47,-71,367E0F4A,7260,,,520A3C5C,
,,5,2025-05-27 20:29:49,-74,870614B1,56299,,,520A3C5C,
,,4,2025-05-27 20:29:49,-70,59FE8D30,62440,,,520A3C5C,
,,1,2025-05-27 20:29:49,-70,59FE8D30,62440,,,520A3C5C,
,,5,2025-05-27 20:29:49,-70,59FE8D30,62440,,,520A3C5C,
,,1,2025-05-27 20:29:28,-77,870614B1,53495,,,7378B941,
,,3,2025-05-27 20:29:50,-77,E2A807D7,54121,,,520A3C5C,
,,2,2025-05-27 20:29:50,-77,E2A807D7,54121,,,520A3C5C,
,,3,2025-05-27 20:29:51,-74,13323C65,35216,,,520A3C5C,
,,5,2025-05-27 20:29:51,-74,13323C65,35216,,,520A3C5C,
,,4,2025-05-27 20:29:51,-77,59FE8D30,44875,,,520A3C5C,
,,5,2025-05-27 20:29:51,-77,59FE8D30,44875,,,520A3C5C,
,,3,2025-05-27 20:29:51,-77,59FE8D30,44875,,,520A3C5C,
,,5,2025-05-27 20:29:34,-79,367E0F4A,49817,,,7378B941,
,,5,2025-05-27 20:29:53,-71,13323C65,55028,,,520A3C5C,
,,1,2025-05-27 20:29:35,-83,23D9727E,50855,,,7378B941,
,,2,2025-05-27 20:29:53,-65,A648A0E7,17102,,,520A3C5C,
,,3,2025-05-27 20:29:53,-65,A648A0E7,17102,,,520A3C5C,
,,5,2025-05-27 20:29:54,-76,13323C65,43309,,,520A3C5C,
,,4,2025-05-27 20:29:54,-76,13323C65,43309,,,520A3C5C,
,,3,2025-05-27 20:29:54,-76,13323C65,43309,,,520A3C5C,
,,2,2025-05-27 20:29:54,-76,13323C65,43309,,,520A3C5C,
,,3,2025-05-27 20:29:54,-71,D7510A57,16287,,,520A3C5C,
,,5,2025-05-27 20:29:54,-76,81D187E3,56433,,,520A3C5C,
,,2,2025-05-27 20:29:55,-73,870614B1,41477,,,520A3C5C,
,,3,2025-05-27 20:29:55,-73,870614B1,41477,,,520A3C5C,
,,5,2025-05-27 20:29:55,-73,870614B1,41477,,,520A3C5C,
,,1,2025-05-27 20:29:44,-69,13323C65,13135,,,D46BA6A2,
,,3,2025-05-27 20:29:44,-73,D7510A57,34116,,,D46BA6A2,
,,2,2025-05-27 20:29:44,-73,D7510A57,34116,,,D46BA6A2,
,,1,2025-05-27 20:29:44,-73,D7510A57,34116,,,D46BA6A2,
,,4,2025-05-27 20:29:44,-73,D7510A57,34116,,,D46BA6A2,
,,2,2025-05-27 20:29:44,-80,81D187E3,22396,,,D46BA6A2,
,,4,2025-05-27 20:29:44,-80,81D187E3,22396,,,D46BA6A2,
,,1,2025-05-27 20:29:44,-80,81D187E3,22396,,,D46BA6A2,
,,5,2025-05-27 20:29:44,-80,81D187E3,22396,,,D46BA6A2,
,,3,2025-05-27 20:29:44,-80,81D187E3,22396,,,D46BA6A2,
,,5,2025-05-27 20:29:46,-69,367E0F4A,4157,,,D46BA6A2,
,,4,2025-05-27 20:29:46,-69,367E0F4A,4157,,,D46BA6A2,
,,3,2025-05-27 20:29:46,-69,367E0F4A,4157,,,D46BA6A2,
,,1,2025-05-27 20:29:46,-69,367E0F4A,4157,,,D46BA6A2,
,,3,2025-05-27 20:29:47,-78,81D187E3,31363,,,D46BA6A2,
,,4,2025-05-27 20:29:47,-78,81D187E3,31363,,,D46BA6A2,
,,2,2025-05-27 20:29:47,-78,81D187E3,31363,,,D46BA6A2,
,,5,2025-05-27 20:29:48,-70,0000006E,37070,,,D46BA6A2,
,,3,2025-05-27 20:29:48,-70,0000006E,37070,,,D46BA6A2,
,,4,2025-05-27 20:29:48,-70,0000006E,37070,,,D46BA6A2,
,,1,2025-05-27 20:29:48,-70,0000006E,37070,,,D46BA6A2,
,,5,2025-05-27 20:29:45,-78,0000006E,26663,,,7378B941,
,,1,2025-05-27 20:29:49,-75,B78FE24A,36189,,,D46BA6A2,
,,1,2025-05-27 20:29:49,-75,13323C65,31304,,,D46BA6A2,
,,3,2025-05-27 20:29:49,-75,13323C65,31304,,,D46BA6A2,
,,5,2025-05-27 20:29:49,-75,13323C65,31304,,,D46BA6A2,
,,2,2025-05-27 20:29:49,-75,13323C65,31304,,,D46BA6A2,
,,3,2025-05-27 20:29:51,-66,59FE8D30,44875,,,D46BA6A2,
,,2,2025-05-27 20:29:51,-66,59FE8D30,44875,,,D46BA6A2,
,,4,2025-05-27 20:29:51,-66,59FE8D30,44875,,,D46BA6A2,
,,1,2025-05-27 20:29:51,-66,59FE8D30,44875,,,D46BA6A2,
,,3,2025-05-27 20:29:51,-67,D7510A57,15824,,,D46BA6A2,
,,2,2025-05-27 20:29:51,-67,D7510A57,15824,,,D46BA6A2,
,,4,2025-05-27 20:29:51,-67,D7510A57,15824,,,D46BA6A2,
,,1,2025-05-27 20:29:51,-67,D7510A57,15824,,,D46BA6A2,
,,1,2025-05-27 20:29:52,-71,A648A0E7,41837,,,D46BA6A2,
,,5,2025-05-27 20:29:52,-82,59FE8D30,26644,,,7378B941,
,,4,2025-05-27 20:29:52,-82,59FE8D30,26644,,,7378B941,
,,1,2025-05-27 20:29:52,-82,59FE8D30,26644,,,7378B941,
,,5,2025-05-27 20:29:54,-82,A648A0E7,16977,,,7378B941,
,,3,2025-05-27 20:29:53,-70,13323C65,43309,,,D46BA6A2,
,,2,2025-05-27 20:29:53,-70,13323C65,43309,,,D46BA6A2,
,,1,2025-05-27 20:29:53,-67,D7510A57,16287,,,D46BA6A2,
,,4,2025-05-27 20:29:53,-67,D7510A57,16287,,,D46BA6A2,
,,3,2025-05-27 20:29:53,-67,D7510A57,16287,,,D46BA6A2,
,,5,2025-05-27 20:29:53,-67,D7510A57,16287,,,D46BA6A2,
,,5,2025-05-27 20:29:55,-78,870614B1,41477,,,7378B941,
,,3,2025-05-27 20:29:55,-67,D7510A57,3786,,,D46BA6A2,
,,5,2025-05-27 20:29:55,-67,D7510A57,3786,,,D46BA6A2,
,,2,2025-05-27 20:29:55,-67,D7510A57,3786,,,D46BA6A2,
,,2,2025-05-27 20:29:56,-69,59FE8D30,18783,,,D46BA6A2,
,,4,2025-05-27 20:29:56,-69,59FE8D30,18783,,,D46BA6A2,
,,3,2025-05-27 20:29:56,-69,59FE8D30,18783,,,D46BA6A2,
,,5,2025-05-27 20:29:56,-69,59FE8D30,18783,,,D46BA6A2,
,,1,2025-05-27 20:29:57,-78,81D187E3,60447,,,D46BA6A2,
,,5,2025-05-27 20:29:58,-68,59FE8D30,10192,,,D46BA6A2,
,,4,2025-05-27 20:29:58,-68,59FE8D30,10192,,,D46BA6A2,
,,1,2025-05-27 20:29:58,-68,59FE8D30,10192,,,D46BA6A2,
,,1,2025-05-27 20:29:46,-79,B78FE24A,55139,,,4D64B5B5,
,,4,2025-05-27 20:29:46,-79,B78FE24A,55139,,,4D64B5B5,
,,1,2025-05-27 20:29:59,-80,A648A0E7,16148,,,4D64B5B5,
,,4,2025-05-27 20:29:59,-80,A648A0E7,16148,,,4D64B5B5,
,,2,2025-05-27 20:29:48,-63,367E0F4A,7260,,,AA4358FB,
,,4,2025-05-27 20:29:48,-63,367E0F4A,7260,,,AA4358FB,
,,3,2025-05-27 20:29:48,-63,367E0F4A,7260,,,AA4358FB,
,,4,2025-05-27 20:29:48,-78,D7510A57,36545,,,AA4358FB,
,,3,2025-05-27 20:29:48,-78,D7510A57,36545,,,AA4358FB,
,,1,2025-05-27 20:29:48,-78,D7510A57,36545,,,AA4358FB,
,,2,2025-05-27 20:29:48,-78,D7510A57,36545,,,AA4358FB,
,,5,2025-05-27 20:29:48,-78,D7510A57,36545,,,AA4358FB,
,,5,2025-05-27 20:29:48,-69,81D187E3,31363,,,AA4358FB,
,,4,2025-05-27 20:29:48,-69,81D187E3,31363,,,AA4358FB,
,,3,2025-05-27 20:29:49,-69,81D187E3,12212,,,AA4358FB,
,,2,2025-05-27 20:29:49,-69,81D187E3,12212,,,AA4358FB,
,,4,2025-05-27 20:29:49,-69,81D187E3,12212,,,AA4358FB,
,,5,2025-05-27 20:29:49,-69,81D187E3,12212,,,AA4358FB,
,,3,2025-05-27 20:29:50,-82,E197FE3E,46908,,,AA4358FB,
,,2,2025-05-27 20:29:50,-82,E197FE3E,46908,,,AA4358FB,
,,4,2025-05-27 20:29:50,-82,E197FE3E,46908,,,AA4358FB,
,,3,2025-05-27 20:29:50,-80,E2A807D7,54121,,,AA4358FB,
,,2,2025-05-27 20:29:50,-80,E2A807D7,54121,,,AA4358FB,
,,4,2025-05-27 20:29:50,-80,E2A807D7,54121,,,AA4358FB,
,,5,2025-05-27 20:29:50,-80,E2A807D7,54121,,,AA4358FB,
,,2,2025-05-27 20:29:50,-74,A648A0E7,40671,,,AA4358FB,
,,4,2025-05-27 20:29:50,-74,A648A0E7,40671,,,AA4358FB,
,,5,2025-05-27 20:29:50,-74,A648A0E7,40671,,,AA4358FB,
,,1,2025-05-27 20:29:50,-74,A648A0E7,40671,,,AA4358FB,
,,3,2025-05-27 20:29:50,-74,A648A0E7,40671,,,AA4358FB,
,,5,2025-05-27 20:29:54,-65,367E0F4A,60059,,,AA4358FB,
,,1,2025-05-27 20:29:54,-73,81D187E3,56433,,,AA4358FB,
,,1,2025-05-27 20:29:54,-66,0000006E,7181,,,AA4358FB,
,,1,2025-05-27 20:29:55,-76,E2A807D7,59143,,,AA4358FB,
,,4,2025-05-27 20:29:55,-76,E2A807D7,59143,,,AA4358FB,
,,2,2025-05-27 20:29:55,-76,E2A807D7,59143,,,AA4358FB,
,,5,2025-05-27 20:29:55,-76,E2A807D7,59143,,,AA4358FB,
,,3,2025-05-27 20:29:55,-76,E2A807D7,59143,,,AA4358FB,
,,5,2025-05-27 20:29:55,-75,A648A0E7,2275,,,AA4358FB,
,,3,2025-05-27 20:29:55,-75,A648A0E7,2275,,,AA4358FB,
,,5,2025-05-27 20:29:56,-65,367E0F4A,39578,,,AA4358FB,
,,4,2025-05-27 20:29:57,-68,13323C65,24839,,,AA4358FB,
,,3,2025-05-27 20:29:57,-68,13323C65,24839,,,AA4358FB,
,,1,2025-05-27 20:29:57,-68,13323C65,24839,,,AA4358FB,
,,2,2025-05-27 20:29:57,-68,13323C65,24839,,,AA4358FB,
,,5,2025-05-27 20:29:57,-68,13323C65,24839,,,AA4358FB,
,,4,2025-05-27 20:29:58,-66,367E0F4A,7968,,,AA4358FB,
,,3,2025-05-27 20:29:58,-66,367E0F4A,7968,,,AA4358FB,
,,1,2025-05-27 20:29:58,-66,367E0F4A,7968,,,AA4358FB,
,,5,2025-05-27 20:29:58,-66,367E0F4A,7968,,,AA4358FB,
,,2,2025-05-27 20:29:58,-66,367E0F4A,7968,,,AA4358FB,
,,3,2025-05-27 20:29:58,-70,13323C65,12092,,,AA4358FB,
,,5,2025-05-27 20:29:58,-70,13323C65,12092,,,AA4358FB,
,,3,2025-05-27 20:30:00,-66,0000006E,44313,,,AA4358FB,
,,5,2025-05-27 20:30:00,-66,0000006E,44313,,,AA4358FB,
,,4,2025-05-27 20:30:00,-66,0000006E,44313,,,AA4358FB,
,,1,2025-05-27 20:30:03,-69,13323C65,5274,,,AA4358FB,
,,5,2025-05-27 20:30:03,-69,13323C65,5274,,,AA4358FB,
,,4,2025-05-27 20:30:03,-69,13323C65,5274,,,AA4358FB,
,,3,2025-05-27 20:30:04,-63,367E0F4A,13634,,,AA4358FB,
,,2,2025-05-27 20:30:04,-63,367E0F4A,13634,,,AA4358FB,
,,5,2025-05-27 20:30:04,-63,367E0F4A,13634,,,AA4358FB,
,,2,2025-05-27 20:30:05,-72,59FE8D30,20303,,,AA4358FB,
,,5,2025-05-27 20:30:05,-72,59FE8D30,20303,,,AA4358FB,
,,3,2025-05-27 20:30:05,-72,59FE8D30,20303,,,AA4358FB,
,,5,2025-05-27 20:30:05,-67,367E0F4A,26800,,,AA4358FB,
,,2,2025-05-27 20:30:07,-78,E197FE3E,34813,,,AA4358FB,
,,5,2025-05-27 20:30:07,-78,E197FE3E,34813,,,AA4358FB,
,,3,2025-05-27 20:30:07,-78,E197FE3E,34813,,,AA4358FB,
,,3,2025-05-27 20:30:08,-80,A648A0E7,10298,,,AA4358FB,
,,5,2025-05-27 20:30:08,-80,A648A0E7,10298,,,AA4358FB,
,,1,2025-05-27 20:29:49,-73,D7510A57,45852,,,CB4A1EAE,
,,4,2025-05-27 20:29:49,-73,D7510A57,45852,,,CB4A1EAE,
,,4,2025-05-27 20:29:57,-74,D7510A57,11272,,,CB4A1EAE,
,,1,2025-05-27 20:29:57,-74,D7510A57,11272,,,CB4A1EAE,
,,1,2025-05-27 20:30:08,-77,13323C65,2545,,,CB4A1EAE,
,,1,2025-05-27 20:30:08,-78,A648A0E7,874,,,CB4A1EAE,
,,4,2025-05-27 20:30:08,-78,A648A0E7,874,,,CB4A1EAE,
,,1,2025-05-27 20:30:13,-77,367E0F4A,47803,,,CB4A1EAE,
,,1,2025-05-27 20:29:40,-82,A648A0E7,5734,,,B995250B,
,,1,2025-05-27 20:29:41,-72,367E0F4A,38940,,,B995250B,
,,4,2025-05-27 20:29:45,-79,13323C65,13135,,,B995250B,
,,1,2025-05-27 20:29:45,-79,13323C65,13135,,,B995250B,
,,4,2025-05-27 20:29:46,-82,870614B1,49335,,,B995250B,
,,1,2025-05-27 20:29:46,-82,870614B1,49335,,,B995250B,
,,1,2025-05-27 20:29:56,-78,E197FE3E,2826,,,7D769A01,
,,1,2025-05-27 20:29:57,-81,23D9727E,40193,,,7D769A01,
,,1,2025-05-27 20:30:00,-78,E2A807D7,39073,,,7D769A01,
,,1,2025-05-27 20:30:01,-72,07F9389E,21819,,,7D769A01,
,,1,2025-05-27 20:30:03,-72,367E0F4A,6234,,,B995250B,
,,4,2025-05-27 20:30:03,-72,367E0F4A,6234,,,B995250B,
,,1,2025-05-27 20:30:02,-75,81D187E3,15243,,,7D769A01,
,,1,2025-05-27 20:30:05,-73,59FE8D30,20303,,,7D769A01,
,,1,2025-05-27 20:30:05,-65,367E0F4A,26800,,,7D769A01,
,,1,2025-05-27 20:30:12,-73,D7510A57,63583,,,B995250B,
,,4,2025-05-27 20:30:12,-73,D7510A57,63583,,,B995250B,
,,1,2025-05-27 20:30:07,-69,D7510A57,26024,,,7D769A01,
,,1,2025-05-27 20:30:11,-75,A648A0E7,60052,,,7D769A01,
,,1,2025-05-27 20:30:11,-82,81D187E3,29921,,,7D769A01,
,,1,2025-05-27 20:30:17,-74,A648A0E7,58524,,,7D769A01,
,,3,2025-05-27 20:29:59,-70,A648A0E7,16148,,,D46BA6A2,
,,5,2025-05-27 20:29:59,-70,A648A0E7,16148,,,D46BA6A2,
,,4,2025-05-27 20:29:59,-70,A648A0E7,16148,,,D46BA6A2,
,,1,2025-05-27 20:30:00,-78,E197FE3E,56351,,,D46BA6A2,
,,5,2025-05-27 20:30:02,-68,59FE8D30,64106,,,D46BA6A2,
,,2,2025-05-27 20:30:02,-68,59FE8D30,64106,,,D46BA6A2,
,,4,2025-05-27 20:30:02,-68,59FE8D30,64106,,,D46BA6A2,
,,3,2025-05-27 20:30:02,-68,59FE8D30,64106,,,D46BA6A2,
,,3,2025-05-27 20:30:02,-76,3F9E3319,36959,,,D46BA6A2,
,,4,2025-05-27 20:30:02,-76,3F9E3319,36959,,,D46BA6A2,
,,2,2025-05-27 20:30:02,-76,3F9E3319,36959,,,D46BA6A2,
,,1,2025-05-27 20:30:03,-68,59FE8D30,48009,,,D46BA6A2,
,,1,2025-05-27 20:30:06,-71,07F9389E,3279,,,D46BA6A2,
,,3,2025-05-27 20:30:06,-78,E197FE3E,34813,,,D46BA6A2,
,,1,2025-05-27 20:30:06,-78,E197FE3E,34813,,,D46BA6A2,
,,2,2025-05-27 20:30:06,-78,E197FE3E,34813,,,D46BA6A2,
,,5,2025-05-27 20:30:06,-78,E197FE3E,34813,,,D46BA6A2,
,,4,2025-05-27 20:30:06,-78,E197FE3E,34813,,,D46BA6A2,
,,1,2025-05-27 20:30:07,-68,870614B1,25223,,,D46BA6A2,
,,1,2025-05-27 20:30:08,-65,59FE8D30,43832,,,D46BA6A2,
,,1,2025-05-27 20:30:11,-77,23D9727E,30287,,,D46BA6A2,
,,4,2025-05-27 20:30:11,-77,81D187E3,56992,,,D46BA6A2,
,,3,2025-05-27 20:30:11,-77,81D187E3,56992,,,D46BA6A2,
,,2,2025-05-27 20:30:11,-77,81D187E3,56992,,,D46BA6A2,
,,4,2025-05-27 20:30:12,-69,13323C65,700,,,D46BA6A2,
,,3,2025-05-27 20:30:12,-69,13323C65,700,,,D46BA6A2,
,,1,2025-05-27 20:30:13,-69,59FE8D30,11645,,,D46BA6A2,
,,1,2025-05-27 20:30:14,-78,B78FE24A,54622,,,D46BA6A2,
,,3,2025-05-27 20:30:14,-78,B78FE24A,54622,,,D46BA6A2,
,,4,2025-05-27 20:30:14,-78,B78FE24A,54622,,,D46BA6A2,
,,1,2025-05-27 20:30:15,-74,D7510A57,20791,,,D46BA6A2,
,,4,2025-05-27 20:30:15,-70,367E0F4A,8139,,,D46BA6A2,
,,1,2025-05-27 20:30:15,-70,367E0F4A,8139,,,D46BA6A2,
,,1,2025-05-27 20:29:53,-84,81D187E3,53999,,,9CC5DC79,
,,1,2025-05-27 20:30:16,-78,E197FE3E,28324,,,D46BA6A2,
,,3,2025-05-27 20:30:16,-78,E197FE3E,28324,,,D46BA6A2,
,,4,2025-05-27 20:29:55,-71,870614B1,41477,,,9CC5DC79,
,,3,2025-05-27 20:29:55,-71,870614B1,41477,,,9CC5DC79,
,,5,2025-05-27 20:29:55,-71,870614B1,41477,,,9CC5DC79,
,,1,2025-05-27 20:29:55,-71,870614B1,41477,,,9CC5DC79,
,,3,2025-05-27 20:30:18,-68,59FE8D30,18535,,,D46BA6A2,
,,3,2025-05-27 20:30:18,-78,A648A0E7,21703,,,D46BA6A2,
,,2,2025-05-27 20:30:02,-72,367E0F4A,6234,,,9CC5DC79,
,,3,2025-05-27 20:30:02,-72,367E0F4A,6234,,,9CC5DC79,
,,4,2025-05-27 20:30:02,-72,367E0F4A,6234,,,9CC5DC79,
,,5,2025-05-27 20:30:02,-72,367E0F4A,6234,,,9CC5DC79,
,,1,2025-05-27 20:30:02,-72,367E0F4A,6234,,,9CC5DC79,
,,5,2025-05-27 20:30:07,-72,870614B1,25223,,,9CC5DC79,
,,5,2025-05-27 20:30:08,-72,13323C65,2545,,,9CC5DC79,
,,3,2025-05-27 20:30:08,-72,13323C65,2545,,,9CC5DC79,
,,4,2025-05-27 20:30:08,-72,13323C65,2545,,,9CC5DC79,
,,1,2025-05-27 20:30:08,-72,13323C65,2545,,,9CC5DC79,
,,2,2025-05-27 20:30:08,-72,13323C65,2545,,,9CC5DC79,
,,1,2025-05-27 20:30:12,-70,367E0F4A,41984,,,9CC5DC79,
,,4,2025-05-27 20:30:14,-80,59FE8D30,25038,,,9CC5DC79,
,,3,2025-05-27 20:30:14,-80,59FE8D30,25038,,,9CC5DC79,
,,1,2025-05-27 20:30:14,-80,59FE8D30,25038,,,9CC5DC79,
,,1,2025-05-27 20:30:16,-79,07F9389E,47547,,,9CC5DC79,
,,5,2025-05-27 20:30:19,-72,367E0F4A,2643,,,9CC5DC79,
,,4,2025-05-27 20:30:19,-72,367E0F4A,2643,,,9CC5DC79,
,,3,2025-05-27 20:30:19,-72,367E0F4A,2643,,,9CC5DC79,
,,1,2025-05-27 20:30:19,-72,367E0F4A,2643,,,9CC5DC79,
,,1,2025-05-27 20:30:19,-79,A648A0E7,44865,,,9CC5DC79,
,,4,2025-05-27 20:30:19,-79,A648A0E7,44865,,,9CC5DC79,
,,3,2025-05-27 20:30:19,-79,A648A0E7,44865,,,9CC5DC79,
,,5,2025-05-27 20:30:19,-79,A648A0E7,44865,,,9CC5DC79,
,,2,2025-05-27 20:29:59,-75,23D9727E,22293,,,520A3C5C,
,,3,2025-05-27 20:29:59,-75,23D9727E,22293,,,520A3C5C,
,,4,2025-05-27 20:29:59,-75,23D9727E,22293,,,520A3C5C,
,,5,2025-05-27 20:30:00,-69,D7510A57,64779,,,520A3C5C,
,,3,2025-05-27 20:30:00,-69,D7510A57,64779,,,520A3C5C,
,,5,2025-05-27 20:30:03,-68,D7510A57,12756,,,520A3C5C,
,,2,2025-05-27 20:30:03,-68,D7510A57,12756,,,520A3C5C,
,,3,2025-05-27 20:30:03,-68,D7510A57,12756,,,520A3C5C,
,,4,2025-05-27 20:30:03,-70,59FE8D30,48009,,,520A3C5C,
,,2,2025-05-27 20:30:03,-70,59FE8D30,48009,,,520A3C5C,
,,3,2025-05-27 20:30:03,-70,59FE8D30,48009,,,520A3C5C,
,,5,2025-05-27 20:30:04,-67,13323C65,57939,,,520A3C5C,
,,3,2025-05-27 20:30:04,-67,13323C65,57939,,,520A3C5C,
,,4,2025-05-27 20:30:04,-67,13323C65,57939,,,520A3C5C,
,,2,2025-05-27 20:30:04,-67,13323C65,57939,,,520A3C5C,
,,2,2025-05-27 20:30:04,-70,870614B1,39163,,,520A3C5C,
,,5,2025-05-27 20:30:04,-70,870614B1,39163,,,520A3C5C,
,,3,2025-05-27 20:30:04,-70,870614B1,39163,,,520A3C5C,
,,1,2025-05-27 20:30:05,-70,13323C65,23604,,,520A3C5C,
,,2,2025-05-27 20:30:08,-70,367E0F4A,18533,,,520A3C5C,
,,2,2025-05-27 20:30:08,-70,D7510A57,56287,,,520A3C5C,
,,4,2025-05-27 20:30:08,-79,59FE8D30,43832,,,520A3C5C,
,,2,2025-05-27 20:30:08,-79,59FE8D30,43832,,,520A3C5C,
,,5,2025-05-27 20:30:08,-79,59FE8D30,43832,,,520A3C5C,
,,2,2025-05-27 20:30:10,-71,13323C65,35131,,,520A3C5C,
,,3,2025-05-27 20:30:10,-71,13323C65,35131,,,520A3C5C,
,,5,2025-05-27 20:30:11,-68,D7510A57,49155,,,520A3C5C,
,,4,2025-05-27 20:30:11,-68,D7510A57,49155,,,520A3C5C,
,,4,2025-05-27 20:30:13,-75,870614B1,20900,,,520A3C5C,
,,5,2025-05-27 20:30:17,-71,D7510A57,56251,,,520A3C5C,
,,3,2025-05-27 20:30:17,-71,D7510A57,56251,,,520A3C5C,
,,2,2025-05-27 20:30:17,-71,D7510A57,56251,,,520A3C5C,
,,5,2025-05-27 20:30:18,-75,23D9727E,27523,,,520A3C5C,
,,5,2025-05-27 20:30:19,-71,D7510A57,62406,,,520A3C5C,
,,4,2025-05-27 20:30:19,-65,870614B1,51015,,,520A3C5C,
,,2,2025-05-27 20:30:19,-65,870614B1,51015,,,520A3C5C,
,,3,2025-05-27 20:30:19,-65,870614B1,51015,,,520A3C5C,
,,5,2025-05-27 20:30:19,-65,870614B1,51015,,,520A3C5C,
,,2,2025-05-27 20:30:22,-69,D7510A57,63743,,,520A3C5C,
,,1,2025-05-27 20:30:22,-69,D7510A57,63743,,,520A3C5C,
,,5,2025-05-27 20:30:22,-69,D7510A57,63743,,,520A3C5C,
,,3,2025-05-27 20:30:22,-69,D7510A57,63743,,,520A3C5C,
,,4,2025-05-27 20:30:22,-69,D7510A57,63743,,,520A3C5C,
,,1,2025-05-27 20:30:11,-79,13323C65,40530,,,4D64B5B5,
,,4,2025-05-27 20:30:11,-79,13323C65,40530,,,4D64B5B5,
,,4,2025-05-27 20:30:12,-69,D7510A57,63583,,,4D64B5B5,
,,1,2025-05-27 20:30:13,-80,59FE8D30,11645,,,4D64B5B5,
,,4,2025-05-27 20:30:13,-80,59FE8D30,11645,,,4D64B5B5,
,,4,2025-05-27 20:30:14,-72,81D187E3,57362,,,4D64B5B5,
,,4,2025-05-27 20:30:14,-72,367E0F4A,35750,,,4D64B5B5,
,,4,2025-05-27 20:30:17,-76,59FE8D30,29707,,,4D64B5B5,
,,1,2025-05-27 20:30:17,-76,59FE8D30,29707,,,4D64B5B5,
,,5,2025-05-27 20:30:10,-68,367E0F4A,61281,,,AA4358FB,
,,2,2025-05-27 20:30:10,-68,367E0F4A,61281,,,AA4358FB,
,,3,2025-05-27 20:30:10,-68,367E0F4A,61281,,,AA4358FB,
,,5,2025-05-27 20:30:11,-69,81D187E3,29921,,,AA4358FB,
,,4,2025-05-27 20:30:12,-73,13323C65,700,,,AA4358FB,
,,2,2025-05-27 20:30:12,-73,13323C65,700,,,AA4358FB,
,,5,2025-05-27 20:30:12,-73,13323C65,700,,,AA4358FB,
,,3,2025-05-27 20:30:12,-73,13323C65,700,,,AA4358FB,
,,1,2025-05-27 20:30:13,-76,59FE8D30,54114,,,AA4358FB,
,,5,2025-05-27 20:30:14,-74,59FE8D30,11645,,,AA4358FB,
,,3,2025-05-27 20:30:14,-74,59FE8D30,11645,,,AA4358FB,
,,2,2025-05-27 20:30:16,-69,13323C65,43295,,,AA4358FB,
,,5,2025-05-27 20:30:16,-69,13323C65,43295,,,AA4358FB,
,,4,2025-05-27 20:30:16,-69,13323C65,43295,,,AA4358FB,
,,3,2025-05-27 20:30:16,-69,13323C65,43295,,,AA4358FB,
,,1,2025-05-27 20:30:16,-69,13323C65,43295,,,AA4358FB,
,,5,2025-05-27 20:30:17,-72,81D187E3,33603,,,AA4358FB,
,,3,2025-05-27 20:30:17,-72,81D187E3,33603,,,AA4358FB,
,,5,2025-05-27 20:30:18,-65,0000006E,6174,,,AA4358FB,
,,5,2025-05-27 20:29:56,-84,367E0F4A,11990,,,7378B941,
,,4,2025-05-27 20:29:56,-84,367E0F4A,11990,,,7378B941,
,,1,2025-05-27 20:29:56,-84,367E0F4A,11990,,,7378B941,
,,2,2025-05-27 20:30:21,-74,A648A0E7,39779,,,AA4358FB,
,,1,2025-05-27 20:30:21,-74,A648A0E7,39779,,,AA4358FB,
,,5,2025-05-27 20:30:21,-74,A648A0E7,39779,,,AA4358FB,
,,4,2025-05-27 20:30:21,-74,A648A0E7,39779,,,AA4358FB,
,,3,2025-05-27 20:30:21,-74,A648A0E7,39779,,,AA4358FB,
,,4,2025-05-27 20:29:58,-80,13323C65,20682,,,7378B941,
,,1,2025-05-27 20:29:58,-80,13323C65,20682,,,7378B941,
,,4,2025-05-27 20:30:21,-77,07F9389E,23375,,,AA4358FB,
,,2,2025-05-27 20:30:21,-77,07F9389E,23375,,,AA4358FB,
,,1,2025-05-27 20:30:21,-77,07F9389E,23375,,,AA4358FB,
,,5,2025-05-27 20:30:21,-77,07F9389E,23375,,,AA4358FB,
,,3,2025-05-27 20:30:21,-77,07F9389E,23375,,,AA4358FB,
,,5,2025-05-27 20:30:23,-75,E2A807D7,16740,,,AA4358FB,
,,5,2025-05-27 20:30:23,-79,D7510A57,9945,,,AA4358FB,
,,4,2025-05-27 20:30:23,-79,D7510A57,9945,,,AA4358FB,
,,5,2025-05-27 20:30:23,-75,3F9E3319,48054,,,AA4358FB,
,,5,2025-05-27 20:30:24,-65,367E0F4A,62329,,,AA4358FB,
,,3,2025-05-27 20:30:24,-65,367E0F4A,62329,,,AA4358FB,
,,3,2025-05-27 20:30:25,-68,81D187E3,35583,,,AA4358FB,
,,5,2025-05-27 20:30:26,-78,59FE8D30,15127,,,AA4358FB,
,,3,2025-05-27 20:30:26,-78,59FE8D30,15127,,,AA4358FB,
,,2,2025-05-27 20:30:26,-78,59FE8D30,15127,,,AA4358FB,
,,1,2025-05-27 20:30:26,-78,59FE8D30,15127,,,AA4358FB,
,,4,2025-05-27 20:30:26,-78,59FE8D30,15127,,,AA4358FB,
,,2,2025-05-27 20:30:27,-73,81D187E3,32841,,,AA4358FB,
,,3,2025-05-27 20:30:27,-73,81D187E3,32841,,,AA4358FB,
,,4,2025-05-27 20:30:27,-73,81D187E3,32841,,,AA4358FB,
,,1,2025-05-27 20:30:08,-76,59FE8D30,43832,,,7378B941,
,,4,2025-05-27 20:30:08,-76,59FE8D30,43832,,,7378B941,
,,5,2025-05-27 20:30:08,-76,59FE8D30,43832,,,7378B941,
,,5,2025-05-27 20:30:27,-66,0000006E,47275,,,AA4358FB,
,,3,2025-05-27 20:30:27,-66,0000006E,47275,,,AA4358FB,
,,5,2025-05-27 20:30:08,-79,367E0F4A,45053,,,7378B941,
,,3,2025-05-27 20:30:28,-68,13323C65,61011,,,AA4358FB,
,,4,2025-05-27 20:30:28,-68,13323C65,61011,,,AA4358FB,
,,1,2025-05-27 20:30:28,-68,13323C65,61011,,,AA4358FB,
,,5,2025-05-27 20:30:28,-68,13323C65,61011,,,AA4358FB,
,,2,2025-05-27 20:30:28,-68,13323C65,61011,,,AA4358FB,
,,5,2025-05-27 20:30:28,-75,A648A0E7,41245,,,AA4358FB,
,,2,2025-05-27 20:30:28,-75,A648A0E7,41245,,,AA4358FB,
,,3,2025-05-27 20:30:28,-75,A648A0E7,41245,,,AA4358FB,
,,4,2025-05-27 20:30:28,-75,A648A0E7,41245,,,AA4358FB,
,,3,2025-05-27 20:30:28,-72,81D187E3,18784,,,AA4358FB,
,,5,2025-05-27 20:30:12,-77,D7510A57,63583,,,7378B941,
,,2,2025-05-27 20:30:28,-78,3F9E3319,57976,,,AA4358FB,
,,5,2025-05-27 20:30:28,-78,3F9E3319,57976,,,AA4358FB,
,,1,2025-05-27 20:30:28,-78,3F9E3319,57976,,,AA4358FB,
,,3,2025-05-27 20:30:28,-78,3F9E3319,57976,,,AA4358FB,
,,4,2025-05-27 20:30:28,-78,3F9E3319,57976,,,AA4358FB,
,,3,2025-05-27 20:30:28,-65,367E0F4A,23464,,,AA4358FB,
,,1,2025-05-27 20:30:15,-80,367E0F4A,39521,,,7378B941,
,,5,2025-05-27 20:30:15,-80,367E0F4A,39521,,,7378B941,
,,5,2025-05-27 20:30:29,-72,81D187E3,25623,,,AA4358FB,
,,3,2025-05-27 20:30:29,-72,81D187E3,25623,,,AA4358FB,
,,5,2025-05-27 20:30:15,-81,81D187E3,61342,,,7378B941,
,,5,2025-05-27 20:30:30,-78,E197FE3E,12967,,,AA4358FB,
,,5,2025-05-27 20:30:30,-80,D7510A57,30279,,,AA4358FB,
,,5,2025-05-27 20:30:18,-76,D7510A57,52652,,,7378B941,
,,5,2025-05-27 20:30:20,-83,D7510A57,45492,,,7378B941,
,,5,2025-05-27 20:30:23,-77,D7510A57,9945,,,7378B941,
,,1,2025-05-27 20:30:23,-80,A648A0E7,60896,,,7378B941,
,,5,2025-05-27 20:30:27,-73,D7510A57,47450,,,7378B941,
,,4,2025-05-27 20:30:27,-73,D7510A57,47450,,,7378B941,
,,5,2025-05-27 20:30:27,-79,13323C65,61011,,,7378B941,
,,5,2025-05-27 20:30:29,-83,367E0F4A,50252,,,7378B941,
,,5,2025-05-27 20:30:29,-74,13323C65,39073,,,7378B941,
,,4,2025-05-27 20:30:18,-72,13323C65,27097,,,7D769A01,
,,1,2025-05-27 20:30:18,-72,13323C65,27097,,,7D769A01,
,,1,2025-05-27 20:30:18,-81,23D9727E,27523,,,7D769A01,
,,1,2025-05-27 20:30:19,-72,59FE8D30,18535,,,7D769A01,
,,1,2025-05-27 20:30:19,-74,A648A0E7,21703,,,7D769A01,
,,1,2025-05-27 20:30:23,-69,D7510A57,9945,,,7D769A01,
,,1,2025-05-27 20:30:24,-74,0000006E,23880,,,7D769A01,
,,4,2025-05-27 20:30:24,-74,0000006E,23880,,,7D769A01,
,,4,2025-05-27 20:30:25,-68,D7510A57,49308,,,7D769A01,
,,1,2025-05-27 20:30:25,-68,D7510A57,49308,,,7D769A01,
,,1,2025-05-27 20:30:25,-68,367E0F4A,50841,,,7D769A01,
,,1,2025-05-27 20:30:27,-77,81D187E3,32841,,,7D769A01,
,,1,2025-05-27 20:30:28,-72,59FE8D30,58429,,,7D769A01,
,,1,2025-05-27 20:30:29,-80,81D187E3,25623,,,7D769A01,
,,1,2025-05-27 20:30:31,-72,13323C65,46459,,,7D769A01,
,,1,2025-05-27 20:30:32,-67,367E0F4A,35285,,,7D769A01,
,,1,2025-05-27 20:30:32,-72,59FE8D30,916,,,7D769A01,
,,3,2025-05-27 20:30:20,-77,B78FE24A,54318,,,D46BA6A2,
,,1,2025-05-27 20:30:20,-78,81D187E3,54514,,,D46BA6A2,
,,2,2025-05-27 20:30:20,-78,81D187E3,54514,,,D46BA6A2,
,,3,2025-05-27 20:30:20,-78,81D187E3,54514,,,D46BA6A2,
,,4,2025-05-27 20:30:20,-78,81D187E3,54514,,,D46BA6A2,
,,4,2025-05-27 20:30:21,-66,0000006E,45603,,,D46BA6A2,
,,3,2025-05-27 20:30:21,-66,0000006E,45603,,,D46BA6A2,
,,5,2025-05-27 20:30:21,-66,0000006E,45603,,,D46BA6A2,
,,1,2025-05-27 20:30:21,-66,0000006E,45603,,,D46BA6A2,
,,3,2025-05-27 20:30:22,-80,E85FB74C,48419,,,520A3C5C,
,,5,2025-05-27 20:30:21,-78,B78FE24A,30688,,,D46BA6A2,
,,2,2025-05-27 20:30:21,-78,B78FE24A,30688,,,D46BA6A2,
,,4,2025-05-27 20:30:21,-78,B78FE24A,30688,,,D46BA6A2,
,,3,2025-05-27 20:30:21,-67,D7510A57,63743,,,D46BA6A2,
,,5,2025-05-27 20:30:21,-67,D7510A57,63743,,,D46BA6A2,
,,1,2025-05-27 20:30:21,-67,D7510A57,63743,,,D46BA6A2,
,,2,2025-05-27 20:30:21,-67,D7510A57,63743,,,D46BA6A2,
,,4,2025-05-27 20:30:21,-67,D7510A57,63743,,,D46BA6A2,
,,2,2025-05-27 20:30:23,-71,D7510A57,9945,,,520A3C5C,
,,4,2025-05-27 20:30:23,-67,A648A0E7,60896,,,520A3C5C,
,,3,2025-05-27 20:30:23,-67,A648A0E7,60896,,,520A3C5C,
,,5,2025-05-27 20:30:23,-67,A648A0E7,60896,,,520A3C5C,
,,2,2025-05-27 20:30:23,-67,A648A0E7,60896,,,520A3C5C,
,,2,2025-05-27 20:30:22,-72,870614B1,4977,,,D46BA6A2,
,,1,2025-05-27 20:30:22,-72,870614B1,4977,,,D46BA6A2,
,,4,2025-05-27 20:30:22,-72,870614B1,4977,,,D46BA6A2,
,,3,2025-05-27 20:30:22,-72,870614B1,4977,,,D46BA6A2,
,,5,2025-05-27 20:30:22,-72,870614B1,4977,,,D46BA6A2,
,,2,2025-05-27 20:30:24,-67,D7510A57,38880,,,520A3C5C,
,,4,2025-05-27 20:30:24,-67,D7510A57,38880,,,520A3C5C,
,,5,2025-05-27 20:30:24,-67,D7510A57,38880,,,520A3C5C,
,,1,2025-05-27 20:30:23,-65,59FE8D30,55248,,,D46BA6A2,
,,4,2025-05-27 20:30:25,-71,13323C65,1198,,,520A3C5C,
,,2,2025-05-27 20:30:25,-71,13323C65,1198,,,520A3C5C,
,,5,2025-05-27 20:30:25,-71,13323C65,1198,,,520A3C5C,
,,3,2025-05-27 20:30:25,-71,13323C65,1198,,,520A3C5C,
,,3,2025-05-27 20:30:25,-71,367E0F4A,50841,,,D46BA6A2,
,,3,2025-05-27 20:30:25,-69,13323C65,1198,,,D46BA6A2,
,,4,2025-05-27 20:30:25,-69,13323C65,1198,,,D46BA6A2,
,,1,2025-05-27 20:30:25,-69,13323C65,1198,,,D46BA6A2,
,,2,2025-05-27 20:30:25,-69,13323C65,1198,,,D46BA6A2,
,,4,2025-05-27 20:30:27,-75,0000006E,47275,,,520A3C5C,
,,3,2025-05-27 20:30:26,-78,81D187E3,32841,,,D46BA6A2,
,,4,2025-05-27 20:30:27,-76,59FE8D30,58429,,,520A3C5C,
,,1,2025-05-27 20:30:27,-76,59FE8D30,58429,,,520A3C5C,
,,5,2025-05-27 20:30:27,-76,59FE8D30,58429,,,520A3C5C,
,,3,2025-05-27 20:30:27,-76,59FE8D30,58429,,,520A3C5C,
,,2,2025-05-27 20:30:27,-76,59FE8D30,58429,,,520A3C5C,
,,4,2025-05-27 20:30:27,-67,A648A0E7,41245,,,520A3C5C,
,,1,2025-05-27 20:30:27,-77,D7510A57,18721,,,D46BA6A2,
,,4,2025-05-27 20:30:28,-73,367E0F4A,23464,,,520A3C5C,
,,3,2025-05-27 20:30:28,-71,13323C65,617,,,520A3C5C,
,,2,2025-05-27 20:30:28,-71,13323C65,617,,,520A3C5C,
,,4,2025-05-27 20:30:28,-71,13323C65,617,,,520A3C5C,
,,5,2025-05-27 20:30:28,-71,13323C65,617,,,520A3C5C,
,,2,2025-05-27 20:30:28,-77,59FE8D30,60949,,,520A3C5C,
,,5,2025-05-27 20:30:28,-77,59FE8D30,60949,,,520A3C5C,
,,4,2025-05-27 20:30:28,-76,13323C65,617,,,D46BA6A2,
,,5,2025-05-27 20:30:29,-77,59FE8D30,33041,,,520A3C5C,
,,2,2025-05-27 20:30:29,-77,59FE8D30,33041,,,520A3C5C,
,,3,2025-05-27 20:30:29,-77,59FE8D30,33041,,,520A3C5C,
,,4,2025-05-27 20:30:29,-77,59FE8D30,33041,,,520A3C5C,
,,4,2025-05-27 20:30:28,-68,59FE8D30,60949,,,D46BA6A2,
,,2,2025-05-27 20:30:30,-75,0000006E,18891,,,520A3C5C,
,,5,2025-05-27 20:30:30,-75,0000006E,18891,,,520A3C5C,
,,4,2025-05-27 20:30:29,-79,E197FE3E,12967,,,D46BA6A2,
,,1,2025-05-27 20:30:29,-79,E197FE3E,12967,,,D46BA6A2,
,,3,2025-05-27 20:30:30,-70,367E0F4A,60371,,,520A3C5C,
,,2,2025-05-27 20:30:30,-70,367E0F4A,60371,,,520A3C5C,
,,5,2025-05-27 20:30:30,-70,367E0F4A,60371,,,520A3C5C,
,,4,2025-05-27 20:30:30,-71,13323C65,46459,,,520A3C5C,
,,1,2025-05-27 20:30:30,-69,0000006E,18891,,,D46BA6A2,
,,3,2025-05-27 20:30:30,-69,0000006E,18891,,,D46BA6A2,
,,4,2025-05-27 20:30:30,-69,0000006E,18891,,,D46BA6A2,
,,2,2025-05-27 20:30:30,-69,0000006E,18891,,,D46BA6A2,
,,3,2025-05-27 20:30:31,-78,13323C65,5499,,,520A3C5C,
,,4,2025-05-27 20:30:31,-78,13323C65,5499,,,520A3C5C,
,,5,2025-05-27 20:30:31,-78,13323C65,5499,,,520A3C5C,
,,2,2025-05-27 20:30:31,-78,13323C65,5499,,,520A3C5C,
,,1,2025-05-27 20:30:30,-75,B78FE24A,40755,,,D46BA6A2,
,,2,2025-05-27 20:30:32,-71,13323C65,9723,,,520A3C5C,
,,3,2025-05-27 20:30:32,-71,13323C65,9723,,,520A3C5C,
,,1,2025-05-27 20:30:31,-76,13323C65,5499,,,D46BA6A2,
,,2,2025-05-27 20:30:31,-76,13323C65,5499,,,D46BA6A2,
,,3,2025-05-27 20:30:31,-76,13323C65,5499,,,D46BA6A2,
,,4,2025-05-27 20:30:33,-70,367E0F4A,62390,,,520A3C5C,
,,2,2025-05-27 20:30:33,-70,367E0F4A,62390,,,520A3C5C,
,,5,2025-05-27 20:30:33,-70,367E0F4A,62390,,,520A3C5C,
,,3,2025-05-27 20:30:33,-70,367E0F4A,62390,,,520A3C5C,
,,1,2025-05-27 20:30:32,-65,59FE8D30,56986,,,D46BA6A2,
,,2,2025-05-27 20:30:34,-75,870614B1,14588,,,520A3C5C,
,,3,2025-05-27 20:30:35,-70,59FE8D30,46529,,,520A3C5C,
,,5,2025-05-27 20:30:35,-70,59FE8D30,46529,,,520A3C5C,
,,4,2025-05-27 20:30:35,-70,59FE8D30,46529,,,520A3C5C,
,,2,2025-05-27 20:30:35,-70,59FE8D30,46529,,,520A3C5C,
,,4,2025-05-27 20:30:36,-76,367E0F4A,59635,,,520A3C5C,
,,2,2025-05-27 20:30:36,-76,367E0F4A,59635,,,520A3C5C,
,,3,2025-05-27 20:30:36,-76,367E0F4A,59635,,,520A3C5C,
,,1,2025-05-27 20:30:33,-80,E197FE3E,52221,,,D46BA6A2,
,,5,2025-05-27 20:30:37,-70,13323C65,30201,,,520A3C5C,
,,2,2025-05-27 20:30:37,-70,13323C65,30201,,,520A3C5C,
,,4,2025-05-27 20:30:37,-70,13323C65,30201,,,520A3C5C,
,,3,2025-05-27 20:30:37,-70,13323C65,30201,,,520A3C5C,
,,1,2025-05-27 20:30:37,-72,870614B1,21253,,,D46BA6A2,
,,4,2025-05-27 20:30:38,-75,13323C65,17363,,,520A3C5C,
,,5,2025-05-27 20:30:38,-75,13323C65,17363,,,520A3C5C,
,,2,2025-05-27 20:30:38,-75,13323C65,17363,,,520A3C5C,
,,3,2025-05-27 20:30:38,-75,13323C65,17363,,,520A3C5C,
,,1,2025-05-27 20:30:37,-70,E197FE3E,2729,,,D46BA6A2,
,,2,2025-05-27 20:30:37,-70,E197FE3E,2729,,,D46BA6A2,
,,3,2025-05-27 20:30:37,-70,E197FE3E,2729,,,D46BA6A2,
,,4,2025-05-27 20:30:37,-70,E197FE3E,2729,,,D46BA6A2,
,,2,2025-05-27 20:30:39,-74,0000006E,21450,,,520A3C5C,
,,2,2025-05-27 20:30:38,-74,367E0F4A,32030,,,D46BA6A2,
,,1,2025-05-27 20:30:38,-74,367E0F4A,32030,,,D46BA6A2,
,,3,2025-05-27 20:30:38,-74,367E0F4A,32030,,,D46BA6A2,
,,2,2025-05-27 20:30:40,-77,81D187E3,42561,,,520A3C5C,
,,2,2025-05-27 20:30:24,-72,13323C65,60019,,,9CC5DC79,
,,2,2025-05-27 20:30:25,-71,870614B1,25266,,,9CC5DC79,
,,5,2025-05-27 20:30:25,-71,870614B1,25266,,,9CC5DC79,
,,3,2025-05-27 20:30:25,-71,870614B1,25266,,,9CC5DC79,
,,4,2025-05-27 20:30:25,-71,870614B1,25266,,,9CC5DC79,
,,1,2025-05-27 20:30:25,-71,870614B1,25266,,,9CC5DC79,
,,4,2025-05-27 20:30:27,-83,81D187E3,32841,,,9CC5DC79,
,,1,2025-05-27 20:30:27,-83,81D187E3,32841,,,9CC5DC79,
,,2,2025-05-27 20:30:27,-83,81D187E3,32841,,,9CC5DC79,
,,3,2025-05-27 20:30:27,-83,81D187E3,32841,,,9CC5DC79,
,,1,2025-05-27 20:30:29,-80,E197FE3E,12967,,,9CC5DC79,
,,4,2025-05-27 20:30:29,-80,E197FE3E,12967,,,9CC5DC79,
,,1,2025-05-27 20:30:29,-84,59FE8D30,33041,,,9CC5DC79,
,,5,2025-05-27 20:30:29,-84,59FE8D30,33041,,,9CC5DC79,
,,4,2025-05-27 20:30:29,-84,59FE8D30,33041,,,9CC5DC79,
,,2,2025-05-27 20:30:29,-84,59FE8D30,33041,,,9CC5DC79,
,,3,2025-05-27 20:30:29,-84,59FE8D30,33041,,,9CC5DC79,
,,1,2025-05-27 20:30:33,-78,59FE8D30,5893,,,9CC5DC79,
,,3,2025-05-27 20:30:36,-76,59FE8D30,35659,,,9CC5DC79,
,,4,2025-05-27 20:30:40,-72,367E0F4A,17131,,,9CC5DC79,
,,4,2025-05-27 20:30:40,-78,13323C65,38202,,,9CC5DC79,
,,1,2025-05-27 20:30:40,-78,13323C65,38202,,,9CC5DC79,
,,4,2025-05-27 20:30:45,-75,A648A0E7,55605,,,9CC5DC79,
,,3,2025-05-27 20:30:45,-75,A648A0E7,55605,,,9CC5DC79,
,,1,2025-05-27 20:30:45,-75,A648A0E7,55605,,,9CC5DC79,
,,5,2025-05-27 20:30:45,-75,A648A0E7,55605,,,9CC5DC79,
,,2,2025-05-27 20:30:45,-75,A648A0E7,55605,,,9CC5DC79,
,,4,2025-05-27 20:30:45,-72,13323C65,24909,,,9CC5DC79,
,,1,2025-05-27 20:30:24,-72,367E0F4A,62329,,,B995250B,
,,4,2025-05-27 20:30:24,-72,367E0F4A,62329,,,B995250B,
,,4,2025-05-27 20:30:29,-78,13323C65,39073,,,B995250B,
,,1,2025-05-27 20:30:29,-78,13323C65,39073,,,B995250B,
,,4,2025-05-27 20:30:14,-79,367E0F4A,35750,,,CB4A1EAE,
,,4,2025-05-27 20:30:14,-78,13323C65,33983,,,CB4A1EAE,
,,1,2025-05-27 20:30:14,-78,13323C65,33983,,,CB4A1EAE,
,,4,2025-05-27 20:30:39,-83,0000006E,21450,,,B995250B,
,,1,2025-05-27 20:30:39,-83,0000006E,21450,,,B995250B,
,,4,2025-05-27 20:30:43,-75,870614B1,17607,,,B995250B,
,,1,2025-05-27 20:30:43,-75,870614B1,17607,,,B995250B,
,,4,2025-05-27 20:30:31,-78,367E0F4A,35285,,,CB4A1EAE,
,,4,2025-05-27 20:30:32,-82,13323C65,9723,,,CB4A1EAE,
,,1,2025-05-27 20:30:32,-82,13323C65,9723,,,CB4A1EAE,
,,4,2025-05-27 20:30:45,-79,13323C65,36866,,,B995250B,
,,1,2025-05-27 20:30:45,-79,13323C65,36866,,,B995250B,
,,1,2025-05-27 20:30:45,-72,367E0F4A,32468,,,B995250B,
,,1,2025-05-27 20:30:44,-79,367E0F4A,18739,,,CB4A1EAE,
,,4,2025-05-27 20:30:44,-79,367E0F4A,18739,,,CB4A1EAE,
,,5,2025-05-27 20:30:44,-79,367E0F4A,18739,,,CB4A1EAE,
,,4,2025-05-27 20:30:45,-83,13323C65,36866,,,CB4A1EAE,
,,3,2025-05-27 20:30:31,-78,D7510A57,34744,,,AA4358FB,
,,3,2025-05-27 20:30:33,-81,E2A807D7,1843,,,AA4358FB,
,,2,2025-05-27 20:30:33,-81,E2A807D7,1843,,,AA4358FB,
,,2,2025-05-27 20:30:34,-71,59FE8D30,5893,,,AA4358FB,
,,1,2025-05-27 20:30:34,-71,59FE8D30,5893,,,AA4358FB,
,,4,2025-05-27 20:30:34,-71,59FE8D30,5893,,,AA4358FB,
,,3,2025-05-27 20:30:34,-71,59FE8D30,5893,,,AA4358FB,
,,5,2025-05-27 20:30:35,-77,59FE8D30,35005,,,AA4358FB,
,,3,2025-05-27 20:30:35,-77,59FE8D30,35005,,,AA4358FB,
,,4,2025-05-27 20:30:36,-78,E2A807D7,35550,,,AA4358FB,
,,3,2025-05-27 20:30:36,-78,E2A807D7,35550,,,AA4358FB,
,,5,2025-05-27 20:30:36,-78,E2A807D7,35550,,,AA4358FB,
,,4,2025-05-27 20:30:36,-79,59FE8D30,46529,,,AA4358FB,
,,3,2025-05-27 20:30:36,-79,59FE8D30,46529,,,AA4358FB,
,,2,2025-05-27 20:30:37,-68,367E0F4A,59635,,,AA4358FB,
,,5,2025-05-27 20:30:37,-68,367E0F4A,59635,,,AA4358FB,
,,4,2025-05-27 20:30:37,-68,367E0F4A,59635,,,AA4358FB,
,,1,2025-05-27 20:30:37,-68,367E0F4A,59635,,,AA4358FB,
,,3,2025-05-27 20:30:37,-68,367E0F4A,59635,,,AA4358FB,
,,5,2025-05-27 20:30:38,-77,E85FB74C,54498,,,AA4358FB,
,,3,2025-05-27 20:30:38,-76,E197FE3E,2729,,,AA4358FB,
,,5,2025-05-27 20:30:38,-77,A648A0E7,49626,,,AA4358FB,
,,3,2025-05-27 20:30:38,-77,A648A0E7,49626,,,AA4358FB,
,,2,2025-05-27 20:30:38,-77,A648A0E7,49626,,,AA4358FB,
,,1,2025-05-27 20:30:39,-68,81D187E3,6421,,,AA4358FB,
,,3,2025-05-27 20:30:41,-72,81D187E3,25602,,,AA4358FB,
,,1,2025-05-27 20:30:41,-72,81D187E3,25602,,,AA4358FB,
,,4,2025-05-27 20:30:41,-72,81D187E3,25602,,,AA4358FB,
,,5,2025-05-27 20:30:41,-72,81D187E3,25602,,,AA4358FB,
,,5,2025-05-27 20:30:42,-75,E197FE3E,33210,,,AA4358FB,
,,1,2025-05-27 20:30:42,-75,E197FE3E,33210,,,AA4358FB,
,,3,2025-05-27 20:30:42,-75,E197FE3E,33210,,,AA4358FB,
,,2,2025-05-27 20:30:42,-75,E197FE3E,33210,,,AA4358FB,
,,4,2025-05-27 20:30:42,-75,E197FE3E,33210,,,AA4358FB,
,,5,2025-05-27 20:30:42,-66,0000006E,47153,,,AA4358FB,
,,1,2025-05-27 20:30:42,-66,0000006E,47153,,,AA4358FB,
,,3,2025-05-27 20:30:43,-69,367E0F4A,3262,,,AA4358FB,
,,4,2025-05-27 20:30:43,-69,367E0F4A,3262,,,AA4358FB,
,,5,2025-05-27 20:30:43,-69,367E0F4A,3262,,,AA4358FB,
,,1,2025-05-27 20:30:43,-69,367E0F4A,3262,,,AA4358FB,
,,1,2025-05-27 20:30:44,-69,870614B1,17607,,,AA4358FB,
,,4,2025-05-27 20:30:44,-69,870614B1,17607,,,AA4358FB,
,,5,2025-05-27 20:30:44,-69,870614B1,17607,,,AA4358FB,
,,1,2025-05-27 20:30:44,-79,A648A0E7,56853,,,AA4358FB,
,,2,2025-05-27 20:30:44,-79,A648A0E7,56853,,,AA4358FB,
,,3,2025-05-27 20:30:44,-79,A648A0E7,56853,,,AA4358FB,
,,4,2025-05-27 20:30:44,-79,A648A0E7,56853,,,AA4358FB,
,,5,2025-05-27 20:30:44,-79,A648A0E7,56853,,,AA4358FB,
,,1,2025-05-27 20:30:45,-62,367E0F4A,18739,,,AA4358FB,
,,3,2025-05-27 20:30:45,-62,367E0F4A,18739,,,AA4358FB,
,,5,2025-05-27 20:30:45,-62,367E0F4A,18739,,,AA4358FB,
,,5,2025-05-27 20:30:46,-72,81D187E3,63066,,,AA4358FB,
,,3,2025-05-27 20:30:46,-72,81D187E3,63066,,,AA4358FB,
,,2,2025-05-27 20:30:46,-72,81D187E3,63066,,,AA4358FB,
,,4,2025-05-27 20:30:47,-63,367E0F4A,9561,,,AA4358FB,
,,1,2025-05-27 20:30:47,-63,367E0F4A,9561,,,AA4358FB,
,,5,2025-05-27 20:30:47,-63,367E0F4A,9561,,,AA4358FB,
,,2,2025-05-27 20:30:47,-63,367E0F4A,9561,,,AA4358FB,
,,3,2025-05-27 20:30:47,-63,367E0F4A,9561,,,AA4358FB,
,,5,2025-05-27 20:30:48,-78,E85FB74C,39088,,,AA4358FB,
,,5,2025-05-27 20:30:48,-68,81D187E3,10265,,,AA4358FB,
,,3,2025-05-27 20:30:48,-64,0000006E,32580,,,AA4358FB,
,,5,2025-05-27 20:30:48,-64,0000006E,32580,,,AA4358FB,
,,4,2025-05-27 20:30:48,-64,0000006E,32580,,,AA4358FB,
,,3,2025-05-27 20:30:49,-75,A648A0E7,679,,,AA4358FB,
,,5,2025-05-27 20:30:49,-75,A648A0E7,679,,,AA4358FB,
,,4,2025-05-27 20:30:49,-75,A648A0E7,679,,,AA4358FB,
,,1,2025-05-27 20:30:50,-72,13323C65,34262,,,AA4358FB,
,,5,2025-05-27 20:30:50,-72,13323C65,34262,,,AA4358FB,
,,4,2025-05-27 20:30:50,-72,13323C65,34262,,,AA4358FB,
,,3,2025-05-27 20:30:50,-84,B78FE24A,26725,,,AA4358FB,
,,5,2025-05-27 20:30:50,-84,B78FE24A,26725,,,AA4358FB,
,,5,2025-05-27 20:30:50,-75,D7510A57,2896,,,AA4358FB,
,,1,2025-05-27 20:30:30,-81,59FE8D30,33041,,,4D64B5B5,
,,4,2025-05-27 20:30:31,-75,81D187E3,15617,,,4D64B5B5,
,,1,2025-05-27 20:30:31,-75,81D187E3,15617,,,4D64B5B5,
,,1,2025-05-27 20:30:37,-73,D7510A57,46006,,,7D769A01,
,,1,2025-05-27 20:30:38,-70,870614B1,21253,,,7D769A01,
,,1,2025-05-27 20:30:38,-78,81D187E3,27088,,,7D769A01,
,,1,2025-05-27 20:30:39,-73,59FE8D30,30375,,,7D769A01,
,,4,2025-05-27 20:30:46,-76,59FE8D30,22926,,,4D64B5B5,
,,1,2025-05-27 20:30:46,-76,59FE8D30,22926,,,4D64B5B5,
,,1,2025-05-27 20:30:39,-74,0000006E,21450,,,7D769A01,
,,1,2025-05-27 20:30:41,-70,870614B1,52373,,,7D769A01,
,,1,2025-05-27 20:30:42,-73,13323C65,9925,,,7D769A01,
,,1,2025-05-27 20:30:50,-82,A648A0E7,55233,,,4D64B5B5,
,,4,2025-05-27 20:30:50,-71,D7510A57,2896,,,4D64B5B5,
,,1,2025-05-27 20:30:46,-77,E197FE3E,44973,,,7D769A01,
,,4,2025-05-27 20:30:47,-71,59FE8D30,22926,,,7D769A01,
,,1,2025-05-27 20:30:47,-71,59FE8D30,22926,,,7D769A01,
,,1,2025-05-27 20:30:50,-71,13323C65,34262,,,7D769A01,
,,1,2025-05-27 20:30:51,-70,59FE8D30,45182,,,7D769A01,
,,4,2025-05-27 20:30:51,-70,59FE8D30,45182,,,7D769A01,
,,1,2025-05-27 20:30:52,-65,367E0F4A,36670,,,7D769A01,
,,1,2025-05-27 20:30:54,-78,B78FE24A,65418,,,7D769A01,
,,1,2025-05-27 20:30:59,-71,59FE8D30,57464,,,7D769A01,
,,1,2025-05-27 20:30:38,-66,59FE8D30,30375,,,D46BA6A2,
,,3,2025-05-27 20:30:38,-66,59FE8D30,30375,,,D46BA6A2,
,,3,2025-05-27 20:30:38,-77,81D187E3,6421,,,D46BA6A2,
,,3,2025-05-27 20:30:39,-69,0000006E,21450,,,D46BA6A2,
,,1,2025-05-27 20:30:39,-79,B78FE24A,55973,,,D46BA6A2,
,,2,2025-05-27 20:30:41,-77,B78FE24A,49437,,,D46BA6A2,
,,3,2025-05-27 20:30:41,-77,B78FE24A,49437,,,D46BA6A2,
,,4,2025-05-27 20:30:41,-77,B78FE24A,49437,,,D46BA6A2,
,,2,2025-05-27 20:30:42,-70,367E0F4A,3262,,,D46BA6A2,
,,4,2025-05-27 20:30:42,-70,367E0F4A,3262,,,D46BA6A2,
,,3,2025-05-27 20:30:42,-70,367E0F4A,3262,,,D46BA6A2,
,,1,2025-05-27 20:30:42,-70,367E0F4A,3262,,,D46BA6A2,
,,1,2025-05-27 20:30:44,-84,E2A807D7,14361,,,D46BA6A2,
,,3,2025-05-27 20:30:48,-79,A648A0E7,679,,,D46BA6A2,
,,3,2025-05-27 20:30:48,-80,81D187E3,62169,,,D46BA6A2,
,,2,2025-05-27 20:30:48,-80,81D187E3,62169,,,D46BA6A2,
,,1,2025-05-27 20:30:49,-70,13323C65,34262,,,D46BA6A2,
,,3,2025-05-27 20:30:49,-70,13323C65,34262,,,D46BA6A2,
,,1,2025-05-27 20:30:50,-73,D7510A57,2896,,,D46BA6A2,
,,5,2025-05-27 20:30:50,-73,D7510A57,2896,,,D46BA6A2,
,,3,2025-05-27 20:30:50,-73,D7510A57,2896,,,D46BA6A2,
,,4,2025-05-27 20:30:50,-73,D7510A57,2896,,,D46BA6A2,
,,5,2025-05-27 20:30:50,-80,E197FE3E,9156,,,D46BA6A2,
,,4,2025-05-27 20:30:50,-80,E197FE3E,9156,,,D46BA6A2,
,,2,2025-05-27 20:30:50,-80,E197FE3E,9156,,,D46BA6A2,
,,3,2025-05-27 20:30:50,-80,E197FE3E,9156,,,D46BA6A2,
,,1,2025-05-27 20:30:50,-80,E197FE3E,9156,,,D46BA6A2,
,,1,2025-05-27 20:30:51,-78,81D187E3,31196,,,D46BA6A2,
,,1,2025-05-27 20:30:52,-68,59FE8D30,50978,,,D46BA6A2,
,,5,2025-05-27 20:30:52,-68,59FE8D30,50978,,,D46BA6A2,
,,2,2025-05-27 20:30:52,-68,59FE8D30,50978,,,D46BA6A2,
,,3,2025-05-27 20:30:52,-68,59FE8D30,50978,,,D46BA6A2,
,,4,2025-05-27 20:30:52,-68,59FE8D30,50978,,,D46BA6A2,
,,3,2025-05-27 20:30:53,-70,13323C65,49394,,,D46BA6A2,
,,4,2025-05-27 20:30:53,-70,13323C65,49394,,,D46BA6A2,
,,1,2025-05-27 20:30:53,-70,13323C65,49394,,,D46BA6A2,
,,3,2025-05-27 20:30:55,-67,D7510A57,8253,,,D46BA6A2,
,,1,2025-05-27 20:30:55,-67,D7510A57,8253,,,D46BA6A2,
,,4,2025-05-27 20:30:55,-67,D7510A57,8253,,,D46BA6A2,
,,4,2025-05-27 20:30:56,-77,B78FE24A,9987,,,D46BA6A2,
,,3,2025-05-27 20:30:56,-77,B78FE24A,9987,,,D46BA6A2,
,,5,2025-05-27 20:30:56,-77,B78FE24A,9987,,,D46BA6A2,
,,2,2025-05-27 20:30:56,-77,B78FE24A,9987,,,D46BA6A2,
,,1,2025-05-27 20:31:00,-69,13323C65,14251,,,D46BA6A2,
,,5,2025-05-27 20:30:41,-72,D7510A57,32427,,,520A3C5C,
,,2,2025-05-27 20:30:41,-72,D7510A57,32427,,,520A3C5C,
,,1,2025-05-27 20:30:41,-72,D7510A57,32427,,,520A3C5C,
,,3,2025-05-27 20:30:41,-72,D7510A57,32427,,,520A3C5C,
,,4,2025-05-27 20:30:41,-72,D7510A57,32427,,,520A3C5C,
,,3,2025-05-27 20:30:41,-70,59FE8D30,53380,,,520A3C5C,
,,5,2025-05-27 20:30:41,-70,59FE8D30,53380,,,520A3C5C,
,,4,2025-05-27 20:30:41,-70,59FE8D30,53380,,,520A3C5C,
,,2,2025-05-27 20:30:41,-70,59FE8D30,53380,,,520A3C5C,
,,3,2025-05-27 20:30:43,-67,13323C65,8309,,,520A3C5C,
,,5,2025-05-27 20:30:43,-67,13323C65,8309,,,520A3C5C,
,,2,2025-05-27 20:30:43,-67,13323C65,8309,,,520A3C5C,
,,4,2025-05-27 20:30:43,-67,13323C65,8309,,,520A3C5C,
,,5,2025-05-27 20:30:45,-67,A648A0E7,55605,,,520A3C5C,
,,2,2025-05-27 20:30:45,-70,D7510A57,3111,,,520A3C5C,
,,2,2025-05-27 20:30:45,-78,0000006E,60123,,,520A3C5C,
,,4,2025-05-27 20:30:45,-78,0000006E,60123,,,520A3C5C,
,,3,2025-05-27 20:30:45,-78,0000006E,60123,,,520A3C5C,
,,4,2025-05-27 20:30:45,-83,E2A807D7,36677,,,520A3C5C,
,,5,2025-05-27 20:30:45,-83,E2A807D7,36677,,,520A3C5C,
,,2,2025-05-27 20:30:45,-83,E2A807D7,36677,,,520A3C5C,
,,3,2025-05-27 20:30:45,-83,E2A807D7,36677,,,520A3C5C,
,,4,2025-05-27 20:30:45,-71,13323C65,24909,,,520A3C5C,
,,3,2025-05-27 20:30:45,-71,13323C65,24909,,,520A3C5C,
,,2,2025-05-27 20:30:45,-71,13323C65,24909,,,520A3C5C,
,,2,2025-05-27 20:30:46,-74,A648A0E7,39695,,,520A3C5C,
,,5,2025-05-27 20:30:46,-74,A648A0E7,39695,,,520A3C5C,
,,5,2025-05-27 20:30:46,-74,59FE8D30,22926,,,520A3C5C,
,,3,2025-05-27 20:30:46,-74,59FE8D30,22926,,,520A3C5C,
,,2,2025-05-27 20:30:46,-74,59FE8D30,22926,,,520A3C5C,
,,3,2025-05-27 20:30:49,-67,A648A0E7,679,,,520A3C5C,
,,2,2025-05-27 20:30:49,-67,A648A0E7,679,,,520A3C5C,
,,5,2025-05-27 20:30:49,-67,A648A0E7,679,,,520A3C5C,
,,2,2025-05-27 20:30:49,-78,81D187E3,62169,,,520A3C5C,
,,3,2025-05-27 20:30:49,-78,81D187E3,62169,,,520A3C5C,
,,2,2025-05-27 20:30:50,-67,13323C65,34262,,,520A3C5C,
,,3,2025-05-27 20:30:50,-67,13323C65,34262,,,520A3C5C,
,,5,2025-05-27 20:30:50,-67,13323C65,34262,,,520A3C5C,
,,5,2025-05-27 20:30:50,-70,D7510A57,2896,,,520A3C5C,
,,2,2025-05-27 20:30:50,-70,D7510A57,2896,,,520A3C5C,
,,3,2025-05-27 20:30:50,-70,D7510A57,2896,,,520A3C5C,
,,4,2025-05-27 20:30:50,-70,D7510A57,2896,,,520A3C5C,
,,2,2025-05-27 20:30:50,-70,59FE8D30,45182,,,520A3C5C,
,,3,2025-05-27 20:30:50,-70,59FE8D30,45182,,,520A3C5C,
,,5,2025-05-27 20:30:50,-70,59FE8D30,45182,,,520A3C5C,
,,5,2025-05-27 20:30:51,-67,A648A0E7,37815,,,520A3C5C,
,,5,2025-05-27 20:30:53,-76,367E0F4A,14487,,,520A3C5C,
,,3,2025-05-27 20:30:53,-76,367E0F4A,14487,,,520A3C5C,
,,4,2025-05-27 20:30:53,-76,367E0F4A,14487,,,520A3C5C,
,,5,2025-05-27 20:30:55,-68,D7510A57,8253,,,520A3C5C,
,,2,2025-05-27 20:30:57,-74,0000006E,31760,,,520A3C5C,
,,5,2025-05-27 20:30:57,-74,0000006E,31760,,,520A3C5C,
,,4,2025-05-27 20:30:58,-68,D7510A57,34043,,,520A3C5C,
,,5,2025-05-27 20:31:00,-75,367E0F4A,5154,,,520A3C5C,
,,2,2025-05-27 20:31:00,-75,367E0F4A,5154,,,520A3C5C,
,,3,2025-05-27 20:31:00,-75,367E0F4A,5154,,,520A3C5C,
,,4,2025-05-27 20:31:00,-75,367E0F4A,5154,,,520A3C5C,
,,5,2025-05-27 20:31:01,-67,D7510A57,65315,,,520A3C5C,
,,5,2025-05-27 20:31:01,-71,07F9389E,59349,,,520A3C5C,
,,5,2025-05-27 20:31:01,-71,59FE8D30,39929,,,520A3C5C,
,,5,2025-05-27 20:31:03,-84,3F9E3319,12557,,,520A3C5C,
,,2,2025-05-27 20:31:03,-84,3F9E3319,12557,,,520A3C5C,
,,3,2025-05-27 20:31:03,-84,3F9E3319,12557,,,520A3C5C,
,,2,2025-05-27 20:31:04,-77,870614B1,60431,,,520A3C5C,
,,5,2025-05-27 20:31:04,-77,870614B1,60431,,,520A3C5C,
,,3,2025-05-27 20:31:04,-77,870614B1,60431,,,520A3C5C,
,,4,2025-05-27 20:31:04,-77,870614B1,60431,,,520A3C5C,
,,4,2025-05-27 20:31:06,-70,D7510A57,25485,,,520A3C5C,
,,2,2025-05-27 20:31:06,-70,D7510A57,25485,,,520A3C5C,
,,5,2025-05-27 20:31:06,-70,D7510A57,25485,,,520A3C5C,
,,3,2025-05-27 20:31:06,-70,D7510A57,25485,,,520A3C5C,
,,4,2025-05-27 20:31:06,-76,0000006E,27034,,,520A3C5C,
,,2,2025-05-27 20:31:06,-76,0000006E,27034,,,520A3C5C,
,,5,2025-05-27 20:31:06,-76,0000006E,27034,,,520A3C5C,
,,3,2025-05-27 20:31:06,-76,0000006E,27034,,,520A3C5C,
,,1,2025-05-27 20:30:30,-79,367E0F4A,60371,,,7378B941,
,,5,2025-05-27 20:30:34,-75,870614B1,14588,,,7378B941,
,,1,2025-05-27 20:30:42,-80,367E0F4A,3262,,,7378B941,
,,5,2025-05-27 20:30:42,-80,367E0F4A,3262,,,7378B941,
,,5,2025-05-27 20:30:45,-75,D7510A57,3111,,,7378B941,
,,1,2025-05-27 20:30:47,-80,367E0F4A,51437,,,7378B941,
,,4,2025-05-27 20:30:47,-80,367E0F4A,51437,,,7378B941,
,,5,2025-05-27 20:30:51,-78,D7510A57,55874,,,7378B941,
,,5,2025-05-27 20:30:52,-76,870614B1,58687,,,7378B941,
,,4,2025-05-27 20:30:55,-77,A648A0E7,30936,,,7378B941,
,,1,2025-05-27 20:30:55,-77,A648A0E7,30936,,,7378B941,
,,5,2025-05-27 20:30:55,-77,A648A0E7,30936,,,7378B941,
,,4,2025-05-27 20:30:56,-76,A648A0E7,37914,,,7378B941,
,,1,2025-05-27 20:30:56,-76,A648A0E7,37914,,,7378B941,
,,5,2025-05-27 20:30:56,-76,A648A0E7,37914,,,7378B941,
,,3,2025-05-27 20:30:54,-62,0000006E,6871,,,AA4358FB,
,,2,2025-05-27 20:30:54,-62,0000006E,6871,,,AA4358FB,
,,1,2025-05-27 20:31:01,-76,D7510A57,65315,,,7378B941,
,,5,2025-05-27 20:31:01,-76,D7510A57,65315,,,7378B941,
,,5,2025-05-27 20:31:03,-76,A648A0E7,28980,,,7378B941,
,,1,2025-05-27 20:31:03,-76,A648A0E7,28980,,,7378B941,
,,1,2025-05-27 20:31:04,-77,13323C65,51312,,,7378B941,
,,1,2025-05-27 20:31:06,-76,D7510A57,25485,,,7378B941,
,,4,2025-05-27 20:31:07,-76,A648A0E7,57764,,,7378B941,
,,5,2025-05-27 20:31:07,-76,A648A0E7,57764,,,7378B941,
,,1,2025-05-27 20:31:07,-76,A648A0E7,57764,,,7378B941,
,,1,2025-05-27 20:31:08,-76,D7510A57,40048,,,7378B941,
,,3,2025-05-27 20:31:01,-72,13323C65,14251,,,AA4358FB,
,,3,2025-05-27 20:31:02,-75,870614B1,54192,,,AA4358FB,
,,3,2025-05-27 20:31:02,-79,D7510A57,1629,,,AA4358FB,
,,2,2025-05-27 20:31:02,-79,D7510A57,1629,,,AA4358FB,
,,4,2025-05-27 20:31:02,-79,D7510A57,1629,,,AA4358FB,
,,5,2025-05-27 20:31:02,-79,D7510A57,1629,,,AA4358FB,
,,1,2025-05-27 20:31:02,-79,D7510A57,1629,,,AA4358FB,
,,5,2025-05-27 20:31:03,-81,B78FE24A,43079,,,AA4358FB,
,,3,2025-05-27 20:31:03,-81,B78FE24A,43079,,,AA4358FB,
,,4,2025-05-27 20:31:03,-81,B78FE24A,43079,,,AA4358FB,
,,2,2025-05-27 20:31:03,-81,B78FE24A,43079,,,AA4358FB,
,,5,2025-05-27 20:31:03,-72,0000006E,27723,,,AA4358FB,
,,3,2025-05-27 20:31:03,-72,0000006E,27723,,,AA4358FB,
,,2,2025-05-27 20:31:03,-72,0000006E,27723,,,AA4358FB,
,,4,2025-05-27 20:31:03,-72,0000006E,27723,,,AA4358FB,
,,4,2025-05-27 20:31:06,-68,81D187E3,35940,,,AA4358FB,
,,5,2025-05-27 20:31:06,-68,81D187E3,35940,,,AA4358FB,
,,3,2025-05-27 20:31:06,-68,81D187E3,35940,,,AA4358FB,
,,5,2025-05-27 20:31:06,-77,D7510A57,25485,,,AA4358FB,
,,5,2025-05-27 20:31:06,-79,23D9727E,62476,,,AA4358FB,
,,5,2025-05-27 20:31:08,-80,13323C65,58828,,,AA4358FB,
,,3,2025-05-27 20:31:08,-75,A648A0E7,62252,,,AA4358FB,
,,3,2025-05-27 20:31:10,-77,B78FE24A,2850,,,AA4358FB,
,,4,2025-05-27 20:31:10,-65,367E0F4A,36513,,,AA4358FB,
,,5,2025-05-27 20:31:10,-65,367E0F4A,36513,,,AA4358FB,
,,2,2025-05-27 20:31:10,-65,367E0F4A,36513,,,AA4358FB,
,,3,2025-05-27 20:31:10,-65,367E0F4A,36513,,,AA4358FB,
,,1,2025-05-27 20:31:06,-76,81D187E3,35940,,,7D769A01,
,,1,2025-05-27 20:31:08,-74,A648A0E7,57764,,,7D769A01,
,,1,2025-05-27 20:31:08,-71,870614B1,25666,,,7D769A01,
,,1,2025-05-27 20:31:12,-67,367E0F4A,31223,,,7D769A01,
,,1,2025-05-27 20:31:17,-71,13323C65,29560,,,7D769A01,
,,1,2025-05-27 20:31:17,-66,D7510A57,28318,,,7D769A01,
,,1,2025-05-27 20:30:49,-81,81D187E3,62169,,,B995250B,
,,1,2025-05-27 20:31:20,-72,13323C65,783,,,7D769A01,
,,1,2025-05-27 20:30:49,-72,13323C65,64098,,,9CC5DC79,
,,1,2025-05-27 20:30:55,-73,367E0F4A,43732,,,B995250B,
,,5,2025-05-27 20:30:50,-79,A648A0E7,55233,,,9CC5DC79,
,,4,2025-05-27 20:30:50,-79,A648A0E7,55233,,,9CC5DC79,
,,1,2025-05-27 20:30:54,-73,367E0F4A,43732,,,9CC5DC79,
,,1,2025-05-27 20:31:00,-79,367E0F4A,5154,,,B995250B,
,,3,2025-05-27 20:30:56,-80,A648A0E7,37914,,,9CC5DC79,
,,1,2025-05-27 20:30:56,-80,A648A0E7,37914,,,9CC5DC79,
,,4,2025-05-27 20:30:56,-80,A648A0E7,37914,,,9CC5DC79,
,,1,2025-05-27 20:30:56,-75,D7510A57,15255,,,9CC5DC79,
,,4,2025-05-27 20:30:56,-75,D7510A57,15255,,,9CC5DC79,
,,3,2025-05-27 20:30:56,-75,D7510A57,15255,,,9CC5DC79,
,,1,2025-05-27 20:31:01,-71,870614B1,54192,,,9CC5DC79,
,,4,2025-05-27 20:31:03,-70,D7510A57,26492,,,4D64B5B5,
,,4,2025-05-27 20:31:04,-76,81D187E3,24313,,,4D64B5B5,
,,3,2025-05-27 20:31:01,-77,81D187E3,57030,,,D46BA6A2,
,,5,2025-05-27 20:31:06,-78,59FE8D30,16402,,,9CC5DC79,
,,1,2025-05-27 20:31:02,-80,E197FE3E,35723,,,D46BA6A2,
,,5,2025-05-27 20:31:02,-80,E197FE3E,35723,,,D46BA6A2,
,,4,2025-05-27 20:31:02,-80,E197FE3E,35723,,,D46BA6A2,
,,2,2025-05-27 20:31:02,-80,E197FE3E,35723,,,D46BA6A2,
,,3,2025-05-27 20:31:02,-80,E197FE3E,35723,,,D46BA6A2,
,,1,2025-05-27 20:31:02,-78,367E0F4A,51635,,,D46BA6A2,
,,2,2025-05-27 20:31:02,-78,367E0F4A,51635,,,D46BA6A2,
,,4,2025-05-27 20:31:02,-78,367E0F4A,51635,,,D46BA6A2,
,,5,2025-05-27 20:31:02,-78,367E0F4A,51635,,,D46BA6A2,
,,3,2025-05-27 20:31:02,-78,367E0F4A,51635,,,D46BA6A2,
,,5,2025-05-27 20:31:10,-72,367E0F4A,36513,,,9CC5DC79,
,,1,2025-05-27 20:31:04,-76,B78FE24A,36376,,,D46BA6A2,
,,4,2025-05-27 20:31:06,-70,13323C65,5218,,,D46BA6A2,
,,1,2025-05-27 20:31:06,-70,13323C65,5218,,,D46BA6A2,
,,3,2025-05-27 20:31:06,-70,13323C65,5218,,,D46BA6A2,
,,5,2025-05-27 20:31:06,-70,13323C65,5218,,,D46BA6A2,
,,4,2025-05-27 20:31:13,-79,59FE8D30,35308,,,9CC5DC79,
,,2,2025-05-27 20:31:13,-79,59FE8D30,35308,,,9CC5DC79,
,,1,2025-05-27 20:31:13,-79,59FE8D30,35308,,,9CC5DC79,
,,3,2025-05-27 20:31:13,-79,59FE8D30,35308,,,9CC5DC79,
,,5,2025-05-27 20:31:13,-79,59FE8D30,35308,,,9CC5DC79,
,,1,2025-05-27 20:31:15,-83,59FE8D30,63795,,,9CC5DC79,
,,5,2025-05-27 20:31:15,-83,59FE8D30,63795,,,9CC5DC79,
,,4,2025-05-27 20:31:15,-83,59FE8D30,63795,,,9CC5DC79,
,,3,2025-05-27 20:31:16,-79,13323C65,29560,,,9CC5DC79,
,,5,2025-05-27 20:31:18,-77,0000006E,19886,,,9CC5DC79,
,,5,2025-05-27 20:31:18,-73,367E0F4A,8462,,,9CC5DC79,
,,1,2025-05-27 20:31:12,-75,3F9E3319,50074,,,D46BA6A2,
,,4,2025-05-27 20:31:15,-78,81D187E3,17192,,,D46BA6A2,
,,3,2025-05-27 20:31:15,-78,81D187E3,17192,,,D46BA6A2,
,,4,2025-05-27 20:31:16,-70,13323C65,29560,,,D46BA6A2,
,,3,2025-05-27 20:31:16,-70,13323C65,29560,,,D46BA6A2,
,,1,2025-05-27 20:31:16,-70,13323C65,29560,,,D46BA6A2,
,,2,2025-05-27 20:31:16,-70,13323C65,29560,,,D46BA6A2,
,,3,2025-05-27 20:31:16,-71,07F9389E,3611,,,D46BA6A2,
,,4,2025-05-27 20:31:16,-71,07F9389E,3611,,,D46BA6A2,
,,1,2025-05-27 20:31:18,-78,367E0F4A,8462,,,4D64B5B5,
,,4,2025-05-27 20:31:17,-77,D7510A57,28318,,,D46BA6A2,
,,3,2025-05-27 20:31:17,-77,D7510A57,28318,,,D46BA6A2,
,,1,2025-05-27 20:31:17,-77,D7510A57,28318,,,D46BA6A2,
,,2,2025-05-27 20:31:17,-77,D7510A57,28318,,,D46BA6A2,
,,2,2025-05-27 20:31:18,-77,81D187E3,42070,,,D46BA6A2,
,,4,2025-05-27 20:31:18,-77,81D187E3,42070,,,D46BA6A2,
,,3,2025-05-27 20:31:18,-77,81D187E3,42070,,,D46BA6A2,
,,1,2025-05-27 20:31:18,-77,81D187E3,42070,,,D46BA6A2,
,,5,2025-05-27 20:31:18,-77,81D187E3,42070,,,D46BA6A2,
,,3,2025-05-27 20:31:19,-70,13323C65,783,,,D46BA6A2,
,,2,2025-05-27 20:31:19,-70,13323C65,783,,,D46BA6A2,
,,5,2025-05-27 20:31:19,-70,13323C65,783,,,D46BA6A2,
,,3,2025-05-27 20:31:22,-72,367E0F4A,19365,,,D46BA6A2,
,,1,2025-05-27 20:31:22,-72,367E0F4A,19365,,,D46BA6A2,
,,4,2025-05-27 20:31:22,-72,367E0F4A,19365,,,D46BA6A2,
,,1,2025-05-27 20:31:22,-75,13323C65,26783,,,D46BA6A2,
,,3,2025-05-27 20:31:22,-75,13323C65,26783,,,D46BA6A2,
,,1,2025-05-27 20:31:22,-70,A648A0E7,6924,,,D46BA6A2,
,,2,2025-05-27 20:31:22,-70,A648A0E7,6924,,,D46BA6A2,
,,4,2025-05-27 20:31:22,-70,A648A0E7,6924,,,D46BA6A2,
,,3,2025-05-27 20:31:22,-70,A648A0E7,6924,,,D46BA6A2,
,,5,2025-05-27 20:31:22,-70,A648A0E7,6924,,,D46BA6A2,
,,1,2025-05-27 20:31:23,-68,D7510A57,33004,,,D46BA6A2,
,,4,2025-05-27 20:31:23,-68,D7510A57,33004,,,D46BA6A2,
,,3,2025-05-27 20:31:23,-68,D7510A57,33004,,,D46BA6A2,
,,2,2025-05-27 20:31:23,-68,D7510A57,33004,,,D46BA6A2,
,,2,2025-05-27 20:31:23,-75,E2A807D7,62004,,,D46BA6A2,
,,5,2025-05-27 20:31:23,-75,E2A807D7,62004,,,D46BA6A2,
,,3,2025-05-27 20:31:23,-75,E2A807D7,62004,,,D46BA6A2,
,,1,2025-05-27 20:30:49,-80,A648A0E7,679,,,CB4A1EAE,
,,4,2025-05-27 20:30:49,-80,A648A0E7,679,,,CB4A1EAE,
,,4,2025-05-27 20:30:55,-84,5504D31A,35825,,,CB4A1EAE,
,,4,2025-05-27 20:31:07,-82,A648A0E7,57764,,,CB4A1EAE,
,,1,2025-05-27 20:31:07,-82,A648A0E7,57764,,,CB4A1EAE,
,,1,2025-05-27 20:31:08,-84,A648A0E7,62252,,,CB4A1EAE,
,,4,2025-05-27 20:31:08,-84,A648A0E7,62252,,,CB4A1EAE,
,,3,2025-05-27 20:31:07,-71,870614B1,25666,,,520A3C5C,
,,4,2025-05-27 20:31:07,-71,870614B1,25666,,,520A3C5C,
,,2,2025-05-27 20:31:07,-71,870614B1,25666,,,520A3C5C,
,,2,2025-05-27 20:31:08,-67,A648A0E7,62252,,,520A3C5C,
,,1,2025-05-27 20:31:08,-67,A648A0E7,62252,,,520A3C5C,
,,5,2025-05-27 20:31:08,-67,A648A0E7,62252,,,520A3C5C,
,,3,2025-05-27 20:31:08,-67,A648A0E7,62252,,,520A3C5C,
,,4,2025-05-27 20:31:08,-67,A648A0E7,62252,,,520A3C5C,
,,3,2025-05-27 20:31:09,-68,13323C65,4728,,,520A3C5C,
,,2,2025-05-27 20:31:09,-68,13323C65,4728,,,520A3C5C,
,,4,2025-05-27 20:31:09,-68,13323C65,4728,,,520A3C5C,
,,5,2025-05-27 20:31:09,-68,13323C65,4728,,,520A3C5C,
,,1,2025-05-27 20:31:09,-68,13323C65,4728,,,520A3C5C,
,,3,2025-05-27 20:31:09,-67,A648A0E7,26526,,,520A3C5C,
,,2,2025-05-27 20:31:09,-67,A648A0E7,26526,,,520A3C5C,
,,4,2025-05-27 20:31:09,-67,A648A0E7,26526,,,520A3C5C,
,,3,2025-05-27 20:31:10,-71,367E0F4A,36513,,,520A3C5C,
,,2,2025-05-27 20:31:10,-71,367E0F4A,36513,,,520A3C5C,
,,4,2025-05-27 20:31:10,-71,367E0F4A,36513,,,520A3C5C,
,,5,2025-05-27 20:31:10,-71,367E0F4A,36513,,,520A3C5C,
,,1,2025-05-27 20:31:10,-71,367E0F4A,36513,,,520A3C5C,
,,3,2025-05-27 20:31:11,-70,D7510A57,20194,,,520A3C5C,
,,2,2025-05-27 20:31:11,-70,D7510A57,20194,,,520A3C5C,
,,4,2025-05-27 20:31:11,-70,D7510A57,20194,,,520A3C5C,
,,5,2025-05-27 20:31:11,-70,D7510A57,20194,,,520A3C5C,
,,2,2025-05-27 20:31:12,-68,13323C65,53536,,,520A3C5C,
,,5,2025-05-27 20:31:12,-68,13323C65,53536,,,520A3C5C,
,,4,2025-05-27 20:31:15,-76,13323C65,42517,,,520A3C5C,
,,5,2025-05-27 20:31:15,-76,13323C65,42517,,,520A3C5C,
,,3,2025-05-27 20:31:15,-76,13323C65,42517,,,520A3C5C,
,,2,2025-05-27 20:31:15,-76,13323C65,42517,,,520A3C5C,
,,4,2025-05-27 20:31:16,-84,B78FE24A,58353,,,520A3C5C,
,,5,2025-05-27 20:31:16,-84,B78FE24A,58353,,,520A3C5C,
,,2,2025-05-27 20:31:16,-84,B78FE24A,58353,,,520A3C5C,
,,3,2025-05-27 20:31:16,-84,B78FE24A,58353,,,520A3C5C,
,,1,2025-05-27 20:31:16,-84,B78FE24A,58353,,,520A3C5C,
,,5,2025-05-27 20:31:16,-75,870614B1,36387,,,520A3C5C,
,,3,2025-05-27 20:31:16,-75,870614B1,36387,,,520A3C5C,
,,2,2025-05-27 20:31:16,-75,870614B1,36387,,,520A3C5C,
,,4,2025-05-27 20:31:16,-75,870614B1,36387,,,520A3C5C,
,,4,2025-05-27 20:31:17,-79,E85FB74C,9360,,,520A3C5C,
,,5,2025-05-27 20:31:17,-79,E85FB74C,9360,,,520A3C5C,
,,2,2025-05-27 20:31:17,-79,E85FB74C,9360,,,520A3C5C,
,,1,2025-05-27 20:31:17,-79,E85FB74C,9360,,,520A3C5C,
,,5,2025-05-27 20:31:17,-70,D7510A57,28318,,,520A3C5C,
,,2,2025-05-27 20:31:17,-68,13323C65,9098,,,520A3C5C,
,,2,2025-05-27 20:31:18,-75,0000006E,19886,,,520A3C5C,
,,3,2025-05-27 20:31:18,-75,0000006E,19886,,,520A3C5C,
,,5,2025-05-27 20:31:18,-75,0000006E,19886,,,520A3C5C,
,,5,2025-05-27 20:31:18,-76,81D187E3,42070,,,520A3C5C,
,,2,2025-05-27 20:31:18,-76,81D187E3,42070,,,520A3C5C,
,,4,2025-05-27 20:31:18,-76,81D187E3,42070,,,520A3C5C,
,,1,2025-05-27 20:31:18,-76,81D187E3,42070,,,520A3C5C,
,,3,2025-05-27 20:31:18,-76,81D187E3,42070,,,520A3C5C,
,,2,2025-05-27 20:31:18,-71,13323C65,28232,,,520A3C5C,
,,3,2025-05-27 20:31:18,-71,13323C65,28232,,,520A3C5C,
,,4,2025-05-27 20:31:18,-71,13323C65,28232,,,520A3C5C,
,,1,2025-05-27 20:31:18,-71,13323C65,28232,,,520A3C5C,
,,5,2025-05-27 20:31:18,-71,13323C65,28232,,,520A3C5C,
,,2,2025-05-27 20:31:20,-70,D7510A57,28420,,,520A3C5C,
,,4,2025-05-27 20:31:20,-70,D7510A57,28420,,,520A3C5C,
,,3,2025-05-27 20:31:20,-70,D7510A57,28420,,,520A3C5C,
,,5,2025-05-27 20:31:20,-70,D7510A57,28420,,,520A3C5C,
,,5,2025-05-27 20:31:20,-67,A648A0E7,8763,,,520A3C5C,
,,5,2025-05-27 20:31:21,-83,E197FE3E,16534,,,520A3C5C,
,,5,2025-05-27 20:31:22,-69,367E0F4A,19365,,,520A3C5C,
,,1,2025-05-27 20:31:23,-73,59FE8D30,43229,,,520A3C5C,
,,3,2025-05-27 20:31:26,-68,D7510A57,28525,,,520A3C5C,
,,2,2025-05-27 20:31:26,-68,D7510A57,28525,,,520A3C5C,
,,5,2025-05-27 20:31:28,-79,E2A807D7,15056,,,520A3C5C,
,,3,2025-05-27 20:31:12,-68,13323C65,53536,,,AA4358FB,
,,2,2025-05-27 20:31:12,-68,13323C65,53536,,,AA4358FB,
,,5,2025-05-27 20:31:12,-68,13323C65,53536,,,AA4358FB,
,,3,2025-05-27 20:31:13,-82,E197FE3E,46526,,,AA4358FB,
,,2,2025-05-27 20:31:13,-82,E197FE3E,46526,,,AA4358FB,
,,5,2025-05-27 20:31:13,-82,E197FE3E,46526,,,AA4358FB,
,,4,2025-05-27 20:31:13,-82,E197FE3E,46526,,,AA4358FB,
,,4,2025-05-27 20:31:18,-68,13323C65,28232,,,AA4358FB,
,,2,2025-05-27 20:31:18,-68,13323C65,28232,,,AA4358FB,
,,5,2025-05-27 20:31:18,-68,13323C65,28232,,,AA4358FB,
,,3,2025-05-27 20:31:18,-68,13323C65,28232,,,AA4358FB,
,,5,2025-05-27 20:31:19,-71,13323C65,783,,,AA4358FB,
,,3,2025-05-27 20:31:19,-71,13323C65,783,,,AA4358FB,
,,1,2025-05-27 20:31:20,-71,13323C65,40646,,,AA4358FB,
,,3,2025-05-27 20:31:20,-71,13323C65,40646,,,AA4358FB,
,,2,2025-05-27 20:31:20,-71,13323C65,40646,,,AA4358FB,
,,2,2025-05-27 20:31:22,-65,367E0F4A,19365,,,AA4358FB,
,,3,2025-05-27 20:31:22,-65,367E0F4A,19365,,,AA4358FB,
,,5,2025-05-27 20:31:22,-65,367E0F4A,19365,,,AA4358FB,
,,4,2025-05-27 20:31:24,-76,A648A0E7,2262,,,AA4358FB,
,,5,2025-05-27 20:31:24,-76,A648A0E7,2262,,,AA4358FB,
,,3,2025-05-27 20:31:24,-76,A648A0E7,2262,,,AA4358FB,
,,2,2025-05-27 20:31:24,-76,A648A0E7,2262,,,AA4358FB,
,,5,2025-05-27 20:31:25,-77,59FE8D30,9233,,,AA4358FB,
,,5,2025-05-27 20:31:26,-65,367E0F4A,11626,,,AA4358FB,
,,3,2025-05-27 20:31:26,-65,367E0F4A,11626,,,AA4358FB,
,,3,2025-05-27 20:31:26,-66,07F9389E,58031,,,AA4358FB,
,,5,2025-05-27 20:31:26,-66,07F9389E,58031,,,AA4358FB,
,,2,2025-05-27 20:31:26,-66,07F9389E,58031,,,AA4358FB,
,,5,2025-05-27 20:31:27,-79,59FE8D30,29362,,,AA4358FB,
,,2,2025-05-27 20:31:27,-79,59FE8D30,29362,,,AA4358FB,
,,3,2025-05-27 20:31:27,-79,59FE8D30,29362,,,AA4358FB,
,,4,2025-05-27 20:31:27,-79,59FE8D30,29362,,,AA4358FB,
,,2,2025-05-27 20:31:27,-72,81D187E3,50697,,,AA4358FB,
,,3,2025-05-27 20:31:27,-72,81D187E3,50697,,,AA4358FB,
,,5,2025-05-27 20:31:27,-72,81D187E3,50697,,,AA4358FB,
,,3,2025-05-27 20:31:28,-72,81D187E3,47554,,,AA4358FB,
,,2,2025-05-27 20:31:28,-72,81D187E3,47554,,,AA4358FB,
,,5,2025-05-27 20:31:28,-72,81D187E3,47554,,,AA4358FB,
,,4,2025-05-27 20:31:28,-74,D7510A57,20610,,,AA4358FB,
,,5,2025-05-27 20:31:28,-74,D7510A57,20610,,,AA4358FB,
,,2,2025-05-27 20:31:28,-74,D7510A57,20610,,,AA4358FB,
,,3,2025-05-27 20:31:28,-74,D7510A57,20610,,,AA4358FB,
,,3,2025-05-27 20:31:29,-61,367E0F4A,9328,,,AA4358FB,
,,1,2025-05-27 20:31:30,-67,13323C65,62011,,,AA4358FB,
,,5,2025-05-27 20:31:32,-76,E197FE3E,6347,,,AA4358FB,
,,2,2025-05-27 20:31:32,-76,D7510A57,17543,,,AA4358FB,
,,3,2025-05-27 20:31:33,-75,3F9E3319,28128,,,AA4358FB,
,,2,2025-05-27 20:31:33,-75,3F9E3319,28128,,,AA4358FB,
,,5,2025-05-27 20:31:33,-75,3F9E3319,28128,,,AA4358FB,
,,1,2025-05-27 20:31:33,-75,3F9E3319,28128,,,AA4358FB,
,,4,2025-05-27 20:31:33,-75,3F9E3319,28128,,,AA4358FB,
,,3,2025-05-27 20:31:34,-75,A648A0E7,62819,,,AA4358FB,
,,2,2025-05-27 20:31:34,-75,A648A0E7,62819,,,AA4358FB,
,,5,2025-05-27 20:31:35,-65,367E0F4A,53125,,,AA4358FB,
,,1,2025-05-27 20:31:24,-69,367E0F4A,4139,,,7D769A01,
,,1,2025-05-27 20:31:25,-78,E2A807D7,15878,,,7D769A01,
,,1,2025-05-27 20:31:27,-77,07F9389E,58031,,,7D769A01,
,,1,2025-05-27 20:31:28,-80,E197FE3E,19464,,,7D769A01,
,,5,2025-05-27 20:31:13,-85,59FE8D30,35308,,,7378B941,
,,1,2025-05-27 20:31:16,-75,07F9389E,3611,,,7378B941,
,,1,2025-05-27 20:31:31,-74,A648A0E7,5637,,,7D769A01,
,,5,2025-05-27 20:31:20,-77,13323C65,40646,,,7378B941,
,,4,2025-05-27 20:31:20,-77,13323C65,40646,,,7378B941,
,,1,2025-05-27 20:31:20,-77,13323C65,40646,,,7378B941,
,,4,2025-05-27 20:31:21,-75,07F9389E,47618,,,7378B941,
,,1,2025-05-27 20:31:21,-75,07F9389E,47618,,,7378B941,
,,5,2025-05-27 20:31:21,-75,07F9389E,47618,,,7378B941,
,,1,2025-05-27 20:31:33,-82,81D187E3,2129,,,7D769A01,
,,1,2025-05-27 20:31:22,-78,13323C65,26783,,,7378B941,
,,1,2025-05-27 20:31:34,-69,367E0F4A,37265,,,7D769A01,
,,1,2025-05-27 20:31:34,-77,E197FE3E,61859,,,7D769A01,
,,5,2025-05-27 20:31:23,-77,13323C65,37300,,,7378B941,
,,1,2025-05-27 20:31:34,-74,13323C65,1698,,,7D769A01,
,,1,2025-05-27 20:31:36,-65,367E0F4A,33714,,,7D769A01,
,,1,2025-05-27 20:31:36,-82,E197FE3E,1057,,,7D769A01,
,,5,2025-05-27 20:31:31,-76,D7510A57,33465,,,7378B941,
,,1,2025-05-27 20:31:31,-76,D7510A57,33465,,,7378B941,
,,1,2025-05-27 20:31:31,-76,59FE8D30,45204,,,7378B941,
,,4,2025-05-27 20:31:31,-76,59FE8D30,45204,,,7378B941,
,,5,2025-05-27 20:31:31,-76,59FE8D30,45204,,,7378B941,
,,1,2025-05-27 20:31:32,-76,D7510A57,17543,,,7378B941,
,,4,2025-05-27 20:31:32,-76,D7510A57,17543,,,7378B941,
,,5,2025-05-27 20:31:32,-76,D7510A57,17543,,,7378B941,
,,1,2025-05-27 20:31:37,-79,D7510A57,24176,,,7D769A01,
,,1,2025-05-27 20:31:40,-79,E2A807D7,5727,,,7D769A01,
,,1,2025-05-27 20:31:41,-71,870614B1,19300,,,7D769A01,
,,4,2025-05-27 20:31:23,-78,59FE8D30,43229,,,4D64B5B5,
,,1,2025-05-27 20:31:23,-78,59FE8D30,43229,,,4D64B5B5,
,,5,2025-05-27 20:31:35,-80,59FE8D30,16503,,,7378B941,
,,1,2025-05-27 20:31:43,-73,13323C65,54167,,,7D769A01,
,,4,2025-05-27 20:31:37,-73,13323C65,53333,,,7378B941,
,,1,2025-05-27 20:31:37,-73,13323C65,53333,,,7378B941,
,,5,2025-05-27 20:31:37,-73,13323C65,53333,,,7378B941,
,,4,2025-05-27 20:31:24,-77,B78FE24A,35082,,,D46BA6A2,
,,1,2025-05-27 20:31:24,-77,B78FE24A,35082,,,D46BA6A2,
,,5,2025-05-27 20:31:24,-77,B78FE24A,35082,,,D46BA6A2,
,,2,2025-05-27 20:31:24,-77,B78FE24A,35082,,,D46BA6A2,
,,3,2025-05-27 20:31:24,-77,B78FE24A,35082,,,D46BA6A2,
,,1,2025-05-27 20:31:39,-78,13323C65,57513,,,7378B941,
,,2,2025-05-27 20:31:25,-69,870614B1,61760,,,D46BA6A2,
,,5,2025-05-27 20:31:25,-69,870614B1,61760,,,D46BA6A2,
,,3,2025-05-27 20:31:25,-69,870614B1,61760,,,D46BA6A2,
,,4,2025-05-27 20:31:25,-69,870614B1,61760,,,D46BA6A2,
,,1,2025-05-27 20:31:25,-76,E2A807D7,30862,,,D46BA6A2,
,,5,2025-05-27 20:31:25,-76,E2A807D7,30862,,,D46BA6A2,
,,3,2025-05-27 20:31:25,-76,E2A807D7,30862,,,D46BA6A2,
,,4,2025-05-27 20:31:25,-76,E2A807D7,30862,,,D46BA6A2,
,,4,2025-05-27 20:31:27,-71,367E0F4A,6358,,,4D64B5B5,
,,3,2025-05-27 20:31:26,-70,13323C65,6490,,,D46BA6A2,
,,1,2025-05-27 20:31:28,-77,81D187E3,47554,,,D46BA6A2,
,,1,2025-05-27 20:31:29,-68,59FE8D30,48547,,,D46BA6A2,
,,3,2025-05-27 20:31:30,-72,367E0F4A,50294,,,D46BA6A2,
,,3,2025-05-27 20:31:31,-76,13323C65,5365,,,D46BA6A2,
,,1,2025-05-27 20:31:31,-76,13323C65,5365,,,D46BA6A2,
,,3,2025-05-27 20:31:32,-71,367E0F4A,10204,,,D46BA6A2,
,,2,2025-05-27 20:31:33,-78,81D187E3,2129,,,D46BA6A2,
,,5,2025-05-27 20:31:33,-78,81D187E3,2129,,,D46BA6A2,
,,3,2025-05-27 20:31:33,-78,81D187E3,2129,,,D46BA6A2,
,,3,2025-05-27 20:31:33,-70,13323C65,1698,,,D46BA6A2,
,,4,2025-05-27 20:31:33,-70,13323C65,1698,,,D46BA6A2,
,,1,2025-05-27 20:31:33,-70,13323C65,1698,,,D46BA6A2,
,,2,2025-05-27 20:31:33,-70,13323C65,1698,,,D46BA6A2,
,,5,2025-05-27 20:31:33,-70,13323C65,1698,,,D46BA6A2,
,,4,2025-05-27 20:31:39,-81,59FE8D30,21608,,,4D64B5B5,
,,2,2025-05-27 20:31:34,-75,D7510A57,56909,,,D46BA6A2,
,,3,2025-05-27 20:31:34,-75,D7510A57,56909,,,D46BA6A2,
,,4,2025-05-27 20:31:34,-75,D7510A57,56909,,,D46BA6A2,
,,1,2025-05-27 20:31:34,-75,D7510A57,56909,,,D46BA6A2,
,,4,2025-05-27 20:31:39,-70,D7510A57,38932,,,4D64B5B5,
,,3,2025-05-27 20:31:36,-72,07F9389E,50334,,,D46BA6A2,
,,1,2025-05-27 20:31:36,-77,A648A0E7,40108,,,D46BA6A2,
,,1,2025-05-27 20:31:44,-79,59FE8D30,39030,,,4D64B5B5,
,,1,2025-05-27 20:31:37,-72,D7510A57,24176,,,D46BA6A2,
,,3,2025-05-27 20:31:38,-78,81D187E3,9441,,,D46BA6A2,
,,3,2025-05-27 20:31:39,-73,D7510A57,38932,,,D46BA6A2,
,,4,2025-05-27 20:31:39,-73,D7510A57,38932,,,D46BA6A2,
,,2,2025-05-27 20:31:39,-73,D7510A57,38932,,,D46BA6A2,
,,2,2025-05-27 20:31:40,-67,59FE8D30,24428,,,D46BA6A2,
,,4,2025-05-27 20:31:40,-67,59FE8D30,24428,,,D46BA6A2,
,,1,2025-05-27 20:31:40,-67,59FE8D30,24428,,,D46BA6A2,
,,5,2025-05-27 20:31:40,-67,59FE8D30,24428,,,D46BA6A2,
,,3,2025-05-27 20:31:40,-67,59FE8D30,24428,,,D46BA6A2,
,,2,2025-05-27 20:31:41,-69,0000006E,14420,,,D46BA6A2,
,,3,2025-05-27 20:31:41,-69,0000006E,14420,,,D46BA6A2,
,,4,2025-05-27 20:31:24,-82,59FE8D30,43229,,,B995250B,
,,1,2025-05-27 20:31:24,-79,13323C65,2346,,,B995250B,
,,4,2025-05-27 20:31:24,-79,13323C65,2346,,,B995250B,
,,2,2025-05-27 20:31:28,-66,A648A0E7,23272,,,520A3C5C,
,,5,2025-05-27 20:31:28,-66,A648A0E7,23272,,,520A3C5C,
,,1,2025-05-27 20:31:29,-78,E2A807D7,37787,,,520A3C5C,
,,4,2025-05-27 20:31:29,-78,E2A807D7,37787,,,520A3C5C,
,,3,2025-05-27 20:31:29,-78,E2A807D7,37787,,,520A3C5C,
,,2,2025-05-27 20:31:29,-78,E2A807D7,37787,,,520A3C5C,
,,5,2025-05-27 20:31:29,-78,E2A807D7,37787,,,520A3C5C,
,,1,2025-05-27 20:31:30,-81,A648A0E7,5637,,,B995250B,
,,4,2025-05-27 20:31:30,-81,A648A0E7,5637,,,B995250B,
,,5,2025-05-27 20:31:30,-78,59FE8D30,2947,,,520A3C5C,
,,4,2025-05-27 20:31:33,-74,A648A0E7,62819,,,520A3C5C,
,,3,2025-05-27 20:31:36,-80,A648A0E7,40108,,,520A3C5C,
,,5,2025-05-27 20:31:36,-80,A648A0E7,40108,,,520A3C5C,
,,2,2025-05-27 20:31:36,-80,A648A0E7,40108,,,520A3C5C,
,,5,2025-05-27 20:31:38,-68,D7510A57,60361,,,520A3C5C,
,,3,2025-05-27 20:31:24,-78,13323C65,2346,,,9CC5DC79,
,,1,2025-05-27 20:31:24,-78,13323C65,2346,,,9CC5DC79,
,,2,2025-05-27 20:31:24,-78,13323C65,2346,,,9CC5DC79,
,,5,2025-05-27 20:31:24,-78,13323C65,2346,,,9CC5DC79,
,,4,2025-05-27 20:31:24,-78,13323C65,2346,,,9CC5DC79,
,,3,2025-05-27 20:31:39,-78,0000006E,6906,,,520A3C5C,
,,4,2025-05-27 20:31:44,-88,59FE8D30,39030,,,B995250B,
,,1,2025-05-27 20:31:44,-88,59FE8D30,39030,,,B995250B,
,,2,2025-05-27 20:31:25,-82,81D187E3,12485,,,9CC5DC79,
,,5,2025-05-27 20:31:25,-82,81D187E3,12485,,,9CC5DC79,
,,4,2025-05-27 20:31:25,-82,81D187E3,12485,,,9CC5DC79,
,,3,2025-05-27 20:31:25,-82,81D187E3,12485,,,9CC5DC79,
,,5,2025-05-27 20:31:40,-74,870614B1,19300,,,520A3C5C,
,,2,2025-05-27 20:31:40,-74,870614B1,19300,,,520A3C5C,
,,4,2025-05-27 20:31:40,-74,870614B1,19300,,,520A3C5C,
,,3,2025-05-27 20:31:40,-74,870614B1,19300,,,520A3C5C,
,,5,2025-05-27 20:31:41,-67,A648A0E7,7514,,,520A3C5C,
,,2,2025-05-27 20:31:41,-67,A648A0E7,7514,,,520A3C5C,
,,1,2025-05-27 20:31:28,-74,A648A0E7,23272,,,9CC5DC79,
,,5,2025-05-27 20:31:28,-74,A648A0E7,23272,,,9CC5DC79,
,,5,2025-05-27 20:31:44,-76,59FE8D30,15102,,,520A3C5C,
,,2,2025-05-27 20:31:44,-76,59FE8D30,15102,,,520A3C5C,
,,3,2025-05-27 20:31:44,-76,59FE8D30,15102,,,520A3C5C,
,,4,2025-05-27 20:31:44,-76,59FE8D30,15102,,,520A3C5C,
,,2,2025-05-27 20:31:45,-76,0000006E,44074,,,520A3C5C,
,,3,2025-05-27 20:31:45,-76,0000006E,44074,,,520A3C5C,
,,4,2025-05-27 20:31:45,-76,0000006E,44074,,,520A3C5C,
,,5,2025-05-27 20:31:47,-66,D7510A57,14991,,,520A3C5C,
,,2,2025-05-27 20:31:47,-66,D7510A57,14991,,,520A3C5C,
,,4,2025-05-27 20:31:47,-77,81D187E3,42342,,,520A3C5C,
,,5,2025-05-27 20:31:47,-77,81D187E3,42342,,,520A3C5C,
,,2,2025-05-27 20:31:47,-77,81D187E3,42342,,,520A3C5C,
,,3,2025-05-27 20:31:47,-77,81D187E3,42342,,,520A3C5C,
,,2,2025-05-27 20:31:34,-72,13323C65,62356,,,9CC5DC79,
,,5,2025-05-27 20:31:34,-72,13323C65,62356,,,9CC5DC79,
,,3,2025-05-27 20:31:34,-72,13323C65,62356,,,9CC5DC79,
,,4,2025-05-27 20:31:34,-72,13323C65,62356,,,9CC5DC79,
,,1,2025-05-27 20:31:34,-72,13323C65,62356,,,9CC5DC79,
,,1,2025-05-27 20:31:36,-75,A648A0E7,40108,,,9CC5DC79,
,,2,2025-05-27 20:31:49,-70,D7510A57,18589,,,520A3C5C,
,,3,2025-05-27 20:31:49,-70,D7510A57,18589,,,520A3C5C,
,,5,2025-05-27 20:31:49,-70,D7510A57,18589,,,520A3C5C,
,,4,2025-05-27 20:31:49,-70,D7510A57,18589,,,520A3C5C,
,,2,2025-05-27 20:31:50,-71,13323C65,32504,,,520A3C5C,
,,3,2025-05-27 20:31:50,-71,13323C65,32504,,,520A3C5C,
,,5,2025-05-27 20:31:50,-71,13323C65,32504,,,520A3C5C,
,,4,2025-05-27 20:31:50,-71,13323C65,32504,,,520A3C5C,
,,4,2025-05-27 20:31:50,-80,A648A0E7,21011,,,520A3C5C,
,,5,2025-05-27 20:31:41,-71,367E0F4A,50386,,,9CC5DC79,
,,3,2025-05-27 20:31:41,-71,367E0F4A,50386,,,9CC5DC79,
,,4,2025-05-27 20:31:41,-71,367E0F4A,50386,,,9CC5DC79,
,,1,2025-05-27 20:31:41,-71,367E0F4A,50386,,,9CC5DC79,
,,2,2025-05-27 20:31:41,-71,367E0F4A,50386,,,9CC5DC79,
,,1,2025-05-27 20:31:43,-79,59FE8D30,39030,,,9CC5DC79,
,,5,2025-05-27 20:31:43,-79,59FE8D30,39030,,,9CC5DC79,
,,4,2025-05-27 20:31:46,-84,59FE8D30,64993,,,9CC5DC79,
,,5,2025-05-27 20:31:46,-84,59FE8D30,64993,,,9CC5DC79,
,,3,2025-05-27 20:31:46,-84,59FE8D30,64993,,,9CC5DC79,
,,1,2025-05-27 20:31:47,-79,A648A0E7,34826,,,9CC5DC79,
,,4,2025-05-27 20:31:23,-78,A648A0E7,2262,,,CB4A1EAE,
,,1,2025-05-27 20:31:23,-78,A648A0E7,2262,,,CB4A1EAE,
,,1,2025-05-27 20:31:48,-79,59FE8D30,37445,,,9CC5DC79,
,,5,2025-05-27 20:31:51,-76,0000006E,43042,,,9CC5DC79,
,,4,2025-05-27 20:31:27,-77,367E0F4A,6358,,,CB4A1EAE,
,,1,2025-05-27 20:31:27,-77,367E0F4A,6358,,,CB4A1EAE,
,,4,2025-05-27 20:31:30,-80,59FE8D30,2947,,,CB4A1EAE,
,,1,2025-05-27 20:31:33,-78,13323C65,1698,,,CB4A1EAE,
,,4,2025-05-27 20:31:33,-78,13323C65,1698,,,CB4A1EAE,
,,4,2025-05-27 20:31:36,-79,367E0F4A,65027,,,CB4A1EAE,
,,5,2025-05-27 20:31:37,-68,367E0F4A,65027,,,AA4358FB,
,,5,2025-05-27 20:31:37,-72,81D187E3,40938,,,AA4358FB,
,,3,2025-05-27 20:31:37,-72,81D187E3,40938,,,AA4358FB,
,,2,2025-05-27 20:31:37,-72,81D187E3,40938,,,AA4358FB,
,,5,2025-05-27 20:31:38,-69,367E0F4A,37721,,,AA4358FB,
,,3,2025-05-27 20:31:38,-75,B78FE24A,11717,,,AA4358FB,
,,5,2025-05-27 20:31:40,-68,13323C65,57513,,,AA4358FB,
,,4,2025-05-27 20:31:40,-68,13323C65,57513,,,AA4358FB,
,,1,2025-05-27 20:31:40,-68,13323C65,57513,,,AA4358FB,
,,3,2025-05-27 20:31:40,-68,13323C65,57513,,,AA4358FB,
,,2,2025-05-27 20:31:40,-68,13323C65,57513,,,AA4358FB,
,,3,2025-05-27 20:31:41,-77,59FE8D30,24428,,,AA4358FB,
,,2,2025-05-27 20:31:41,-77,59FE8D30,24428,,,AA4358FB,
,,5,2025-05-27 20:31:41,-77,59FE8D30,24428,,,AA4358FB,
,,3,2025-05-27 20:31:42,-63,0000006E,14420,,,AA4358FB,
,,2,2025-05-27 20:31:42,-63,0000006E,14420,,,AA4358FB,
,,3,2025-05-27 20:31:42,-69,81D187E3,40169,,,AA4358FB,
,,2,2025-05-27 20:31:43,-65,367E0F4A,45321,,,AA4358FB,
,,3,2025-05-27 20:31:43,-65,367E0F4A,45321,,,AA4358FB,
,,3,2025-05-27 20:31:44,-83,D7510A57,64812,,,AA4358FB,
,,4,2025-05-27 20:31:44,-83,D7510A57,64812,,,AA4358FB,
,,1,2025-05-27 20:31:49,-71,59FE8D30,37445,,,AA4358FB,
,,1,2025-05-27 20:31:49,-78,13323C65,55171,,,AA4358FB,
,,5,2025-05-27 20:31:49,-68,81D187E3,11766,,,AA4358FB,
,,2,2025-05-27 20:31:50,-81,E197FE3E,9649,,,AA4358FB,
,,5,2025-05-27 20:31:50,-81,E197FE3E,9649,,,AA4358FB,
,,4,2025-05-27 20:31:51,-76,59FE8D30,35678,,,AA4358FB,
,,3,2025-05-27 20:31:51,-76,59FE8D30,35678,,,AA4358FB,
,,1,2025-05-27 20:31:51,-76,59FE8D30,35678,,,AA4358FB,
,,2,2025-05-27 20:31:51,-65,367E0F4A,12625,,,AA4358FB,
,,5,2025-05-27 20:31:51,-65,367E0F4A,12625,,,AA4358FB,
,,1,2025-05-27 20:31:51,-65,367E0F4A,12625,,,AA4358FB,
,,4,2025-05-27 20:31:51,-65,367E0F4A,12625,,,AA4358FB,
,,3,2025-05-27 20:31:51,-65,367E0F4A,12625,,,AA4358FB,
,,5,2025-05-27 20:31:51,-64,0000006E,43042,,,AA4358FB,
,,3,2025-05-27 20:31:51,-64,0000006E,43042,,,AA4358FB,
,,3,2025-05-27 20:31:56,-70,870614B1,45687,,,AA4358FB,
,,2,2025-05-27 20:31:56,-70,870614B1,45687,,,AA4358FB,
,,5,2025-05-27 20:31:56,-68,13323C65,4417,,,AA4358FB,
,,5,2025-05-27 20:31:56,-63,367E0F4A,62298,,,AA4358FB,
,,5,2025-05-27 20:31:56,-69,81D187E3,14135,,,AA4358FB,
,,1,2025-05-27 20:31:43,-71,D7510A57,23073,,,7D769A01,
,,1,2025-05-27 20:31:50,-72,13323C65,32504,,,7D769A01,
,,1,2025-05-27 20:31:52,-69,D7510A57,11773,,,7D769A01,
,,1,2025-05-27 20:31:53,-65,367E0F4A,46131,,,7D769A01,
,,1,2025-05-27 20:31:44,-70,0000006E,44074,,,D46BA6A2,
,,4,2025-05-27 20:31:44,-70,0000006E,44074,,,D46BA6A2,
,,1,2025-05-27 20:31:56,-65,367E0F4A,62298,,,7D769A01,
,,1,2025-05-27 20:31:56,-81,E197FE3E,20131,,,7D769A01,
,,3,2025-05-27 20:31:46,-70,07F9389E,6505,,,D46BA6A2,
,,4,2025-05-27 20:31:46,-70,07F9389E,6505,,,D46BA6A2,
,,1,2025-05-27 20:31:57,-76,59FE8D30,33496,,,7D769A01,
,,4,2025-05-27 20:31:48,-69,59FE8D30,37445,,,D46BA6A2,
,,1,2025-05-27 20:31:59,-72,59FE8D30,29585,,,7D769A01,
,,2,2025-05-27 20:31:50,-66,D7510A57,47152,,,D46BA6A2,
,,1,2025-05-27 20:31:50,-66,D7510A57,47152,,,D46BA6A2,
,,3,2025-05-27 20:31:50,-66,D7510A57,47152,,,D46BA6A2,
,,4,2025-05-27 20:31:50,-66,D7510A57,47152,,,D46BA6A2,
,,1,2025-05-27 20:32:00,-77,E2A807D7,32322,,,7D769A01,
,,3,2025-05-27 20:31:51,-77,E85FB74C,9478,,,D46BA6A2,
,,4,2025-05-27 20:31:51,-77,E85FB74C,9478,,,D46BA6A2,
,,1,2025-05-27 20:31:51,-77,E85FB74C,9478,,,D46BA6A2,
,,5,2025-05-27 20:31:51,-77,E85FB74C,9478,,,D46BA6A2,
,,2,2025-05-27 20:31:51,-77,E85FB74C,9478,,,D46BA6A2,
,,4,2025-05-27 20:31:52,-75,D7510A57,11773,,,D46BA6A2,
,,1,2025-05-27 20:32:02,-77,E2A807D7,39829,,,7D769A01,
,,3,2025-05-27 20:31:53,-77,B78FE24A,4514,,,D46BA6A2,
,,5,2025-05-27 20:31:53,-76,13323C65,41060,,,D46BA6A2,
,,2,2025-05-27 20:31:53,-76,13323C65,41060,,,D46BA6A2,
,,4,2025-05-27 20:31:53,-76,13323C65,41060,,,D46BA6A2,
,,3,2025-05-27 20:31:53,-76,13323C65,41060,,,D46BA6A2,
,,1,2025-05-27 20:31:54,-75,3F9E3319,56276,,,D46BA6A2,
,,4,2025-05-27 20:31:54,-75,3F9E3319,56276,,,D46BA6A2,
,,3,2025-05-27 20:31:54,-75,3F9E3319,56276,,,D46BA6A2,
,,1,2025-05-27 20:31:56,-68,59FE8D30,33496,,,D46BA6A2,
,,3,2025-05-27 20:31:56,-70,13323C65,61474,,,D46BA6A2,
,,3,2025-05-27 20:31:57,-78,81D187E3,1243,,,D46BA6A2,
,,3,2025-05-27 20:31:59,-69,0000006E,15418,,,D46BA6A2,
,,1,2025-05-27 20:32:00,-75,D7510A57,19001,,,D46BA6A2,
,,3,2025-05-27 20:32:00,-78,81D187E3,33480,,,D46BA6A2,
,,3,2025-05-27 20:32:00,-69,59FE8D30,55747,,,D46BA6A2,
,,5,2025-05-27 20:32:00,-69,59FE8D30,55747,,,D46BA6A2,
,,5,2025-05-27 20:32:00,-76,13323C65,50950,,,D46BA6A2,
,,1,2025-05-27 20:32:00,-76,13323C65,50950,,,D46BA6A2,
,,3,2025-05-27 20:32:00,-76,13323C65,50950,,,D46BA6A2,
,,3,2025-05-27 20:32:01,-65,59FE8D30,46719,,,D46BA6A2,
,,4,2025-05-27 20:32:01,-65,59FE8D30,46719,,,D46BA6A2,
,,2,2025-05-27 20:32:01,-69,A648A0E7,51652,,,D46BA6A2,
,,1,2025-05-27 20:32:01,-69,A648A0E7,51652,,,D46BA6A2,
,,3,2025-05-27 20:32:01,-69,A648A0E7,51652,,,D46BA6A2,
,,4,2025-05-27 20:32:01,-69,A648A0E7,51652,,,D46BA6A2,
,,5,2025-05-27 20:32:01,-69,A648A0E7,51652,,,D46BA6A2,
,,2,2025-05-27 20:32:02,-73,D7510A57,11127,,,D46BA6A2,
,,3,2025-05-27 20:32:02,-73,D7510A57,11127,,,D46BA6A2,
,,1,2025-05-27 20:32:02,-73,D7510A57,11127,,,D46BA6A2,
,,4,2025-05-27 20:32:02,-73,D7510A57,11127,,,D46BA6A2,
,,5,2025-05-27 20:32:02,-73,D7510A57,11127,,,D46BA6A2,
,,2,2025-05-27 20:31:50,-70,59FE8D30,35678,,,520A3C5C,
,,4,2025-05-27 20:31:51,-67,D7510A57,23368,,,520A3C5C,
,,3,2025-05-27 20:31:51,-67,D7510A57,23368,,,520A3C5C,
,,2,2025-05-27 20:31:51,-67,D7510A57,23368,,,520A3C5C,
,,2,2025-05-27 20:31:54,-75,59FE8D30,10366,,,520A3C5C,
,,3,2025-05-27 20:31:54,-75,59FE8D30,10366,,,520A3C5C,
,,3,2025-05-27 20:31:55,-74,870614B1,45687,,,520A3C5C,
,,4,2025-05-27 20:31:55,-74,870614B1,45687,,,520A3C5C,
,,1,2025-05-27 20:31:55,-74,870614B1,45687,,,520A3C5C,
,,2,2025-05-27 20:31:55,-74,870614B1,45687,,,520A3C5C,
,,5,2025-05-27 20:31:57,-67,D7510A57,41235,,,520A3C5C,
,,5,2025-05-27 20:31:58,-71,D7510A57,48439,,,520A3C5C,
,,2,2025-05-27 20:31:58,-71,D7510A57,48439,,,520A3C5C,
,,4,2025-05-27 20:31:58,-71,D7510A57,48439,,,520A3C5C,
,,5,2025-05-27 20:32:00,-68,13323C65,9989,,,520A3C5C,
,,2,2025-05-27 20:32:00,-79,81D187E3,33480,,,520A3C5C,
,,3,2025-05-27 20:32:00,-79,81D187E3,33480,,,520A3C5C,
,,5,2025-05-27 20:32:00,-79,81D187E3,33480,,,520A3C5C,
,,5,2025-05-27 20:32:01,-71,D7510A57,61578,,,520A3C5C,
,,5,2025-05-27 20:32:02,-72,13323C65,14421,,,520A3C5C,
,,2,2025-05-27 20:32:02,-72,13323C65,14421,,,520A3C5C,
,,4,2025-05-27 20:32:02,-72,13323C65,14421,,,520A3C5C,
,,4,2025-05-27 20:32:07,-80,13323C65,1931,,,4D64B5B5,
,,4,2025-05-27 20:32:04,-66,A648A0E7,35439,,,520A3C5C,
,,4,2025-05-27 20:32:04,-70,59FE8D30,36871,,,520A3C5C,
,,3,2025-05-27 20:32:04,-70,59FE8D30,36871,,,520A3C5C,
,,5,2025-05-27 20:32:05,-67,D7510A57,43475,,,520A3C5C,
,,3,2025-05-27 20:32:05,-67,D7510A57,43475,,,520A3C5C,
,,4,2025-05-27 20:32:05,-67,D7510A57,43475,,,520A3C5C,
,,2,2025-05-27 20:32:05,-67,D7510A57,43475,,,520A3C5C,
,,2,2025-05-27 20:32:05,-66,A648A0E7,26785,,,520A3C5C,
,,5,2025-05-27 20:32:05,-66,A648A0E7,26785,,,520A3C5C,
,,3,2025-05-27 20:32:05,-66,A648A0E7,26785,,,520A3C5C,
,,2,2025-05-27 20:32:06,-69,D7510A57,51476,,,520A3C5C,
,,3,2025-05-27 20:32:06,-69,D7510A57,51476,,,520A3C5C,
,,5,2025-05-27 20:32:06,-69,D7510A57,51476,,,520A3C5C,
,,4,2025-05-27 20:32:06,-69,D7510A57,51476,,,520A3C5C,
,,2,2025-05-27 20:32:06,-76,367E0F4A,33476,,,520A3C5C,
,,5,2025-05-27 20:32:06,-76,367E0F4A,33476,,,520A3C5C,
,,3,2025-05-27 20:32:06,-76,367E0F4A,33476,,,520A3C5C,
,,4,2025-05-27 20:32:06,-76,367E0F4A,33476,,,520A3C5C,
,,1,2025-05-27 20:32:10,-71,367E0F4A,56185,,,4D64B5B5,
,,5,2025-05-27 20:32:06,-77,E2A807D7,38816,,,520A3C5C,
,,2,2025-05-27 20:32:06,-77,E2A807D7,38816,,,520A3C5C,
,,5,2025-05-27 20:32:07,-75,367E0F4A,18866,,,520A3C5C,
,,1,2025-05-27 20:32:07,-75,367E0F4A,18866,,,520A3C5C,
,,4,2025-05-27 20:32:07,-75,367E0F4A,18866,,,520A3C5C,
,,5,2025-05-27 20:32:07,-66,870614B1,17892,,,520A3C5C,
,,3,2025-05-27 20:32:07,-66,870614B1,17892,,,520A3C5C,
,,2,2025-05-27 20:32:07,-66,870614B1,17892,,,520A3C5C,
,,5,2025-05-27 20:32:08,-71,13323C65,64515,,,520A3C5C,
,,2,2025-05-27 20:32:08,-70,59FE8D30,60038,,,520A3C5C,
,,3,2025-05-27 20:32:08,-70,59FE8D30,60038,,,520A3C5C,
,,5,2025-05-27 20:32:08,-70,59FE8D30,60038,,,520A3C5C,
,,4,2025-05-27 20:32:08,-70,59FE8D30,60038,,,520A3C5C,
,,2,2025-05-27 20:32:09,-74,A648A0E7,7312,,,520A3C5C,
,,3,2025-05-27 20:32:09,-74,A648A0E7,7312,,,520A3C5C,
,,5,2025-05-27 20:32:09,-74,A648A0E7,7312,,,520A3C5C,
,,4,2025-05-27 20:32:09,-74,A648A0E7,7312,,,520A3C5C,
,,2,2025-05-27 20:32:10,-76,59FE8D30,14801,,,520A3C5C,
,,3,2025-05-27 20:32:10,-76,59FE8D30,14801,,,520A3C5C,
,,4,2025-05-27 20:31:49,-83,D7510A57,18589,,,B995250B,
,,1,2025-05-27 20:31:49,-83,D7510A57,18589,,,B995250B,
,,1,2025-05-27 20:31:51,-80,13323C65,2214,,,B995250B,
,,1,2025-05-27 20:32:01,-81,A648A0E7,15008,,,B995250B,
,,4,2025-05-27 20:32:01,-81,A648A0E7,15008,,,B995250B,
,,1,2025-05-27 20:32:04,-71,59FE8D30,10553,,,B995250B,
,,4,2025-05-27 20:32:04,-71,59FE8D30,10553,,,B995250B,
,,5,2025-05-27 20:31:47,-78,13323C65,5590,,,7378B941,
,,1,2025-05-27 20:31:47,-78,13323C65,5590,,,7378B941,
,,4,2025-05-27 20:31:47,-78,13323C65,5590,,,7378B941,
,,5,2025-05-27 20:31:51,-81,23D9727E,32390,,,7378B941,
,,4,2025-05-27 20:31:51,-81,23D9727E,32390,,,7378B941,
,,1,2025-05-27 20:31:51,-81,23D9727E,32390,,,7378B941,
,,5,2025-05-27 20:31:53,-76,D7510A57,21441,,,7378B941,
,,1,2025-05-27 20:32:09,-85,0000006E,64833,,,B995250B,
,,4,2025-05-27 20:32:09,-85,0000006E,64833,,,B995250B,
,,4,2025-05-27 20:32:05,-74,13323C65,44336,,,7378B941,
,,1,2025-05-27 20:32:05,-74,13323C65,44336,,,7378B941,
,,5,2025-05-27 20:32:08,-76,D7510A57,2078,,,7378B941,
,,5,2025-05-27 20:32:08,-75,13323C65,64515,,,7378B941,
,,1,2025-05-27 20:32:10,-74,870614B1,29540,,,7378B941,
,,4,2025-05-27 20:32:10,-74,870614B1,29540,,,7378B941,
,,5,2025-05-27 20:32:10,-74,870614B1,29540,,,7378B941,
,,5,2025-05-27 20:31:57,-76,E85FB74C,43886,,,AA4358FB,
,,2,2025-05-27 20:31:57,-76,E85FB74C,43886,,,AA4358FB,
,,3,2025-05-27 20:31:57,-80,D7510A57,41235,,,AA4358FB,
,,3,2025-05-27 20:31:58,-69,81D187E3,55697,,,AA4358FB,
,,5,2025-05-27 20:31:58,-69,81D187E3,55697,,,AA4358FB,
,,4,2025-05-27 20:31:58,-69,81D187E3,55697,,,AA4358FB,
,,2,2025-05-27 20:31:58,-69,81D187E3,55697,,,AA4358FB,
,,5,2025-05-27 20:32:00,-82,D7510A57,19001,,,AA4358FB,
,,4,2025-05-27 20:32:00,-82,D7510A57,19001,,,AA4358FB,
,,2,2025-05-27 20:32:00,-82,D7510A57,19001,,,AA4358FB,
,,3,2025-05-27 20:32:00,-82,D7510A57,19001,,,AA4358FB,
,,1,2025-05-27 20:32:00,-82,D7510A57,19001,,,AA4358FB,
,,4,2025-05-27 20:32:01,-72,13323C65,50950,,,AA4358FB,
,,5,2025-05-27 20:32:01,-72,13323C65,50950,,,AA4358FB,
,,3,2025-05-27 20:32:01,-72,13323C65,50950,,,AA4358FB,
,,5,2025-05-27 20:32:02,-65,367E0F4A,20870,,,AA4358FB,
,,3,2025-05-27 20:32:02,-65,367E0F4A,20870,,,AA4358FB,
,,1,2025-05-27 20:32:03,-72,13323C65,43850,,,AA4358FB,
,,2,2025-05-27 20:32:03,-72,13323C65,43850,,,AA4358FB,
,,4,2025-05-27 20:32:03,-72,13323C65,43850,,,AA4358FB,
,,3,2025-05-27 20:32:03,-72,13323C65,43850,,,AA4358FB,
,,5,2025-05-27 20:32:04,-73,59FE8D30,10553,,,AA4358FB,
,,3,2025-05-27 20:32:04,-73,59FE8D30,10553,,,AA4358FB,
,,2,2025-05-27 20:32:04,-73,59FE8D30,10553,,,AA4358FB,
,,4,2025-05-27 20:32:04,-76,D7510A57,8622,,,AA4358FB,
,,3,2025-05-27 20:32:04,-76,D7510A57,8622,,,AA4358FB,
,,2,2025-05-27 20:32:04,-76,D7510A57,8622,,,AA4358FB,
,,5,2025-05-27 20:32:04,-76,D7510A57,8622,,,AA4358FB,
,,1,2025-05-27 20:32:05,-75,3F9E3319,64645,,,AA4358FB,
,,1,2025-05-27 20:32:09,-66,0000006E,64833,,,AA4358FB,
,,3,2025-05-27 20:32:10,-73,59FE8D30,14801,,,AA4358FB,
,,5,2025-05-27 20:32:10,-73,59FE8D30,14801,,,AA4358FB,
,,4,2025-05-27 20:32:10,-73,59FE8D30,14801,,,AA4358FB,
,,2,2025-05-27 20:32:10,-73,59FE8D30,14801,,,AA4358FB,
,,3,2025-05-27 20:32:10,-66,367E0F4A,56185,,,AA4358FB,
,,5,2025-05-27 20:32:10,-66,367E0F4A,56185,,,AA4358FB,
,,3,2025-05-27 20:32:10,-73,81D187E3,37366,,,AA4358FB,
,,5,2025-05-27 20:32:10,-73,81D187E3,37366,,,AA4358FB,
,,2,2025-05-27 20:32:10,-73,81D187E3,37366,,,AA4358FB,
,,3,2025-05-27 20:32:11,-74,870614B1,29540,,,AA4358FB,
,,5,2025-05-27 20:32:11,-74,870614B1,29540,,,AA4358FB,
,,2,2025-05-27 20:32:11,-74,870614B1,29540,,,AA4358FB,
,,1,2025-05-27 20:32:11,-74,870614B1,29540,,,AA4358FB,
,,4,2025-05-27 20:32:11,-74,870614B1,29540,,,AA4358FB,
,,5,2025-05-27 20:32:11,-77,59FE8D30,9740,,,AA4358FB,
,,4,2025-05-27 20:32:11,-77,59FE8D30,9740,,,AA4358FB,
,,2,2025-05-27 20:32:11,-77,59FE8D30,9740,,,AA4358FB,
,,3,2025-05-27 20:32:11,-77,59FE8D30,9740,,,AA4358FB,
,,2,2025-05-27 20:32:11,-81,B78FE24A,16889,,,AA4358FB,
,,5,2025-05-27 20:32:11,-81,B78FE24A,16889,,,AA4358FB,
,,4,2025-05-27 20:32:11,-81,B78FE24A,16889,,,AA4358FB,
,,1,2025-05-27 20:32:11,-81,B78FE24A,16889,,,AA4358FB,
,,3,2025-05-27 20:32:11,-81,B78FE24A,16889,,,AA4358FB,
,,3,2025-05-27 20:32:13,-68,367E0F4A,7552,,,AA4358FB,
,,3,2025-05-27 20:32:14,-74,870614B1,54288,,,AA4358FB,
,,2,2025-05-27 20:32:14,-74,870614B1,54288,,,AA4358FB,
,,5,2025-05-27 20:32:14,-74,870614B1,54288,,,AA4358FB,
,,2,2025-05-27 20:32:14,-76,D7510A57,48268,,,AA4358FB,
,,3,2025-05-27 20:32:14,-76,D7510A57,48268,,,AA4358FB,
,,5,2025-05-27 20:32:14,-76,D7510A57,48268,,,AA4358FB,
,,1,2025-05-27 20:32:03,-75,0000006E,43545,,,7D769A01,
,,4,2025-05-27 20:32:14,-63,367E0F4A,25240,,,AA4358FB,
,,1,2025-05-27 20:32:14,-63,367E0F4A,25240,,,AA4358FB,
,,2,2025-05-27 20:32:14,-63,367E0F4A,25240,,,AA4358FB,
,,3,2025-05-27 20:32:14,-63,367E0F4A,25240,,,AA4358FB,
,,5,2025-05-27 20:32:14,-63,367E0F4A,25240,,,AA4358FB,
,,1,2025-05-27 20:32:03,-65,367E0F4A,38863,,,7D769A01,
,,5,2025-05-27 20:32:17,-80,E197FE3E,8290,,,AA4358FB,
,,1,2025-05-27 20:32:05,-69,D7510A57,43475,,,7D769A01,
,,2,2025-05-27 20:32:17,-74,13323C65,47777,,,AA4358FB,
,,3,2025-05-27 20:32:17,-74,13323C65,47777,,,AA4358FB,
,,5,2025-05-27 20:32:18,-65,367E0F4A,54915,,,AA4358FB,
,,1,2025-05-27 20:32:07,-68,D7510A57,32444,,,7D769A01,
,,1,2025-05-27 20:32:07,-65,367E0F4A,18866,,,7D769A01,
,,1,2025-05-27 20:32:09,-85,19836CFF,24838,,,7D769A01,
,,1,2025-05-27 20:32:09,-65,367E0F4A,9188,,,7D769A01,
,,1,2025-05-27 20:32:11,-68,D7510A57,49548,,,7D769A01,
,,1,2025-05-27 20:32:11,-73,13323C65,38102,,,7D769A01,
,,1,2025-05-27 20:32:12,-75,81D187E3,10701,,,7D769A01,
,,1,2025-05-27 20:32:14,-68,D7510A57,48268,,,7D769A01,
,,1,2025-05-27 20:32:15,-68,367E0F4A,25240,,,7D769A01,
,,1,2025-05-27 20:32:15,-76,B78FE24A,49125,,,7D769A01,
,,1,2025-05-27 20:32:17,-77,B78FE24A,31994,,,7D769A01,
,,1,2025-05-27 20:32:17,-73,59FE8D30,3743,,,7D769A01,
,,1,2025-05-27 20:32:17,-69,D7510A57,30829,,,7D769A01,
,,1,2025-05-27 20:32:17,-81,E197FE3E,8290,,,7D769A01,
,,4,2025-05-27 20:31:52,-75,D7510A57,11773,,,CB4A1EAE,
,,1,2025-05-27 20:31:52,-86,59FE8D30,8310,,,CB4A1EAE,
,,1,2025-05-27 20:32:02,-86,E2A807D7,39248,,,CB4A1EAE,
,,4,2025-05-27 20:32:02,-86,E2A807D7,39248,,,CB4A1EAE,
,,4,2025-05-27 20:32:04,-82,D7510A57,8622,,,CB4A1EAE,
,,1,2025-05-27 20:32:06,-74,D7510A57,51476,,,CB4A1EAE,
,,1,2025-05-27 20:32:08,-79,367E0F4A,15030,,,CB4A1EAE,
,,4,2025-05-27 20:32:08,-79,367E0F4A,15030,,,CB4A1EAE,
,,4,2025-05-27 20:32:14,-78,367E0F4A,25240,,,CB4A1EAE,
,,1,2025-05-27 20:32:14,-78,367E0F4A,25240,,,CB4A1EAE,
,,1,2025-05-27 20:32:19,-78,A648A0E7,19146,,,CB4A1EAE,
,,4,2025-05-27 20:32:19,-78,A648A0E7,19146,,,CB4A1EAE,
,,4,2025-05-27 20:31:54,-76,0000006E,40290,,,9CC5DC79,
,,2,2025-05-27 20:31:54,-76,0000006E,40290,,,9CC5DC79,
,,1,2025-05-27 20:31:54,-76,0000006E,40290,,,9CC5DC79,
,,3,2025-05-27 20:31:54,-76,0000006E,40290,,,9CC5DC79,
,,5,2025-05-27 20:31:54,-76,0000006E,40290,,,9CC5DC79,
,,1,2025-05-27 20:32:00,-80,A648A0E7,47548,,,9CC5DC79,
,,3,2025-05-27 20:32:00,-80,A648A0E7,47548,,,9CC5DC79,
,,5,2025-05-27 20:32:00,-80,A648A0E7,47548,,,9CC5DC79,
,,4,2025-05-27 20:32:00,-80,A648A0E7,47548,,,9CC5DC79,
,,5,2025-05-27 20:32:00,-79,D7510A57,19001,,,9CC5DC79,
,,1,2025-05-27 20:32:00,-79,D7510A57,19001,,,9CC5DC79,
,,1,2025-05-27 20:32:02,-81,E2A807D7,39248,,,9CC5DC79,
,,5,2025-05-27 20:32:06,-78,0000006E,56045,,,9CC5DC79,
,,2,2025-05-27 20:32:06,-78,0000006E,56045,,,9CC5DC79,
,,3,2025-05-27 20:32:06,-78,0000006E,56045,,,9CC5DC79,
,,4,2025-05-27 20:32:22,-70,870614B1,9947,,,9CC5DC79,
,,3,2025-05-27 20:32:22,-70,870614B1,9947,,,9CC5DC79,
,,1,2025-05-27 20:32:22,-70,870614B1,9947,,,9CC5DC79,
,,5,2025-05-27 20:32:25,-71,870614B1,3365,,,9CC5DC79,
,,4,2025-05-27 20:32:04,-74,D7510A57,43475,,,D46BA6A2,
,,3,2025-05-27 20:32:04,-74,D7510A57,43475,,,D46BA6A2,
,,4,2025-05-27 20:32:05,-66,D7510A57,51476,,,D46BA6A2,
,,3,2025-05-27 20:32:05,-66,D7510A57,51476,,,D46BA6A2,
,,2,2025-05-27 20:32:05,-66,D7510A57,51476,,,D46BA6A2,
,,1,2025-05-27 20:32:05,-66,D7510A57,51476,,,D46BA6A2,
,,5,2025-05-27 20:32:05,-66,D7510A57,51476,,,D46BA6A2,
,,3,2025-05-27 20:32:09,-69,59FE8D30,14801,,,D46BA6A2,
,,1,2025-05-27 20:32:09,-69,59FE8D30,14801,,,D46BA6A2,
,,1,2025-05-27 20:32:16,-80,A648A0E7,60067,,,D46BA6A2,
,,1,2025-05-27 20:32:16,-74,B78FE24A,31994,,,D46BA6A2,
,,3,2025-05-27 20:32:16,-65,59FE8D30,3743,,,D46BA6A2,
,,4,2025-05-27 20:32:16,-65,59FE8D30,3743,,,D46BA6A2,
,,2,2025-05-27 20:32:16,-65,59FE8D30,3743,,,D46BA6A2,
,,4,2025-05-27 20:32:17,-70,0000006E,25173,,,D46BA6A2,
,,1,2025-05-27 20:32:17,-70,0000006E,25173,,,D46BA6A2,
,,3,2025-05-27 20:32:17,-70,0000006E,25173,,,D46BA6A2,
,,1,2025-05-27 20:32:18,-73,D7510A57,18896,,,D46BA6A2,
,,3,2025-05-27 20:32:18,-73,D7510A57,18896,,,D46BA6A2,
,,5,2025-05-27 20:32:18,-73,D7510A57,18896,,,D46BA6A2,
,,4,2025-05-27 20:32:18,-73,D7510A57,18896,,,D46BA6A2,
,,2,2025-05-27 20:32:19,-80,B78FE24A,7907,,,D46BA6A2,
,,4,2025-05-27 20:32:19,-80,B78FE24A,7907,,,D46BA6A2,
,,1,2025-05-27 20:32:19,-80,B78FE24A,7907,,,D46BA6A2,
,,3,2025-05-27 20:32:19,-80,B78FE24A,7907,,,D46BA6A2,
,,5,2025-05-27 20:32:19,-80,B78FE24A,7907,,,D46BA6A2,
,,3,2025-05-27 20:32:19,-70,E197FE3E,11464,,,D46BA6A2,
,,1,2025-05-27 20:32:19,-70,E197FE3E,11464,,,D46BA6A2,
,,4,2025-05-27 20:32:19,-70,E197FE3E,11464,,,D46BA6A2,
,,3,2025-05-27 20:32:19,-70,367E0F4A,17351,,,D46BA6A2,
,,3,2025-05-27 20:32:22,-76,3F9E3319,52150,,,D46BA6A2,
,,1,2025-05-27 20:32:23,-67,0000006E,46433,,,D46BA6A2,
,,1,2025-05-27 20:32:24,-80,81D187E3,42566,,,D46BA6A2,
,,5,2025-05-27 20:32:24,-75,B78FE24A,49787,,,D46BA6A2,
,,4,2025-05-27 20:32:24,-75,B78FE24A,49787,,,D46BA6A2,
,,1,2025-05-27 20:32:24,-75,B78FE24A,49787,,,D46BA6A2,
,,2,2025-05-27 20:32:24,-75,B78FE24A,49787,,,D46BA6A2,
,,3,2025-05-27 20:32:24,-75,B78FE24A,49787,,,D46BA6A2,
,,3,2025-05-27 20:32:25,-78,81D187E3,4794,,,D46BA6A2,
,,1,2025-05-27 20:32:26,-69,0000006E,43794,,,D46BA6A2,
,,3,2025-05-27 20:32:27,-78,81D187E3,59054,,,D46BA6A2,
,,2,2025-05-27 20:32:27,-78,81D187E3,59054,,,D46BA6A2,
,,2,2025-05-27 20:32:28,-83,A648A0E7,42366,,,D46BA6A2,
,,1,2025-05-27 20:32:28,-83,A648A0E7,42366,,,D46BA6A2,
,,4,2025-05-27 20:32:28,-83,A648A0E7,42366,,,D46BA6A2,
,,5,2025-05-27 20:32:28,-83,A648A0E7,42366,,,D46BA6A2,
,,3,2025-05-27 20:32:28,-83,A648A0E7,42366,,,D46BA6A2,
,,5,2025-05-27 20:32:12,-82,D7510A57,12969,,,7378B941,
,,5,2025-05-27 20:32:13,-79,13323C65,58067,,,7378B941,
,,1,2025-05-27 20:32:14,-84,0000006E,15336,,,7378B941,
,,4,2025-05-27 20:32:14,-84,0000006E,15336,,,7378B941,
,,5,2025-05-27 20:32:14,-84,0000006E,15336,,,7378B941,
,,5,2025-05-27 20:32:15,-73,13323C65,28074,,,7378B941,
,,2,2025-05-27 20:32:13,-69,D7510A57,45589,,,520A3C5C,
,,3,2025-05-27 20:32:13,-69,D7510A57,45589,,,520A3C5C,
,,1,2025-05-27 20:32:14,-69,D7510A57,48268,,,520A3C5C,
,,4,2025-05-27 20:32:14,-69,D7510A57,48268,,,520A3C5C,
,,3,2025-05-27 20:32:14,-69,D7510A57,48268,,,520A3C5C,
,,5,2025-05-27 20:32:14,-69,D7510A57,48268,,,520A3C5C,
,,2,2025-05-27 20:32:14,-69,D7510A57,48268,,,520A3C5C,
,,1,2025-05-27 20:32:20,-75,D7510A57,47240,,,7378B941,
,,5,2025-05-27 20:32:15,-76,0000006E,15336,,,520A3C5C,
,,2,2025-05-27 20:32:15,-76,0000006E,15336,,,520A3C5C,
,,3,2025-05-27 20:32:15,-76,0000006E,15336,,,520A3C5C,
,,3,2025-05-27 20:32:16,-68,13323C65,8050,,,520A3C5C,
,,2,2025-05-27 20:32:16,-68,13323C65,8050,,,520A3C5C,
,,4,2025-05-27 20:32:16,-68,13323C65,8050,,,520A3C5C,
,,1,2025-05-27 20:32:16,-67,870614B1,43315,,,520A3C5C,
,,5,2025-05-27 20:32:16,-67,870614B1,43315,,,520A3C5C,
,,3,2025-05-27 20:32:16,-67,870614B1,43315,,,520A3C5C,
,,4,2025-05-27 20:32:16,-67,870614B1,43315,,,520A3C5C,
,,2,2025-05-27 20:32:16,-67,870614B1,43315,,,520A3C5C,
,,1,2025-05-27 20:32:16,-71,59FE8D30,3743,,,520A3C5C,
,,5,2025-05-27 20:32:16,-71,59FE8D30,3743,,,520A3C5C,
,,3,2025-05-27 20:32:16,-71,59FE8D30,3743,,,520A3C5C,
,,4,2025-05-27 20:32:16,-71,59FE8D30,3743,,,520A3C5C,
,,2,2025-05-27 20:32:16,-71,59FE8D30,3743,,,520A3C5C,
,,5,2025-05-27 20:32:25,-79,367E0F4A,7064,,,7378B941,
,,1,2025-05-27 20:32:25,-79,367E0F4A,7064,,,7378B941,
,,5,2025-05-27 20:32:25,-80,59FE8D30,29423,,,7378B941,
,,1,2025-05-27 20:32:25,-80,59FE8D30,29423,,,7378B941,
,,4,2025-05-27 20:32:19,-65,870614B1,28813,,,520A3C5C,
,,5,2025-05-27 20:32:19,-65,870614B1,28813,,,520A3C5C,
,,3,2025-05-27 20:32:19,-65,870614B1,28813,,,520A3C5C,
,,2,2025-05-27 20:32:19,-65,870614B1,28813,,,520A3C5C,
,,5,2025-05-27 20:32:26,-75,07F9389E,30271,,,7378B941,
,,5,2025-05-27 20:32:27,-81,D7510A57,38071,,,7378B941,
,,2,2025-05-27 20:32:23,-69,D7510A57,4733,,,520A3C5C,
,,3,2025-05-27 20:32:23,-69,D7510A57,4733,,,520A3C5C,
,,3,2025-05-27 20:32:23,-70,367E0F4A,50386,,,520A3C5C,
,,2,2025-05-27 20:32:23,-70,367E0F4A,50386,,,520A3C5C,
,,5,2025-05-27 20:32:23,-70,367E0F4A,50386,,,520A3C5C,
,,5,2025-05-27 20:32:28,-76,13323C65,31670,,,7378B941,
,,1,2025-05-27 20:32:28,-76,13323C65,31670,,,7378B941,
,,4,2025-05-27 20:32:28,-76,13323C65,31670,,,7378B941,
,,4,2025-05-27 20:32:24,-70,D7510A57,40467,,,520A3C5C,
,,5,2025-05-27 20:32:24,-70,D7510A57,40467,,,520A3C5C,
,,5,2025-05-27 20:32:25,-70,367E0F4A,7064,,,520A3C5C,
,,3,2025-05-27 20:32:25,-70,367E0F4A,7064,,,520A3C5C,
,,4,2025-05-27 20:32:26,-77,59FE8D30,29423,,,520A3C5C,
,,4,2025-05-27 20:32:27,-76,81D187E3,59054,,,520A3C5C,
,,2,2025-05-27 20:32:27,-76,81D187E3,59054,,,520A3C5C,
,,5,2025-05-27 20:32:27,-76,81D187E3,59054,,,520A3C5C,
,,3,2025-05-27 20:32:27,-76,81D187E3,59054,,,520A3C5C,
,,1,2025-05-27 20:32:27,-76,81D187E3,59054,,,520A3C5C,
,,4,2025-05-27 20:32:28,-80,59FE8D30,18868,,,520A3C5C,
,,3,2025-05-27 20:32:30,-80,59FE8D30,47773,,,520A3C5C,
,,2,2025-05-27 20:32:30,-80,59FE8D30,47773,,,520A3C5C,
,,5,2025-05-27 20:32:30,-80,59FE8D30,47773,,,520A3C5C,
,,5,2025-05-27 20:32:30,-82,A648A0E7,18440,,,520A3C5C,
,,3,2025-05-27 20:32:30,-82,A648A0E7,18440,,,520A3C5C,
,,2,2025-05-27 20:32:30,-82,A648A0E7,18440,,,520A3C5C,
,,5,2025-05-27 20:32:30,-75,13323C65,17500,,,520A3C5C,
,,2,2025-05-27 20:32:31,-76,81D187E3,29161,,,520A3C5C,
,,3,2025-05-27 20:32:31,-76,81D187E3,29161,,,520A3C5C,
,,4,2025-05-27 20:32:31,-76,81D187E3,29161,,,520A3C5C,
,,2,2025-05-27 20:32:32,-79,19836CFF,39718,,,520A3C5C,
,,4,2025-05-27 20:32:32,-79,19836CFF,39718,,,520A3C5C,
,,3,2025-05-27 20:32:32,-79,19836CFF,39718,,,520A3C5C,
,,5,2025-05-27 20:32:34,-75,81D187E3,34672,,,520A3C5C,
,,1,2025-05-27 20:32:34,-78,13323C65,57314,,,7378B941,
,,3,2025-05-27 20:32:34,-80,E2A807D7,24462,,,520A3C5C,
,,4,2025-05-27 20:32:34,-80,E2A807D7,24462,,,520A3C5C,
,,5,2025-05-27 20:32:34,-80,E2A807D7,24462,,,520A3C5C,
,,2,2025-05-27 20:32:34,-80,E2A807D7,24462,,,520A3C5C,
,,5,2025-05-27 20:32:35,-75,D7510A57,15272,,,7378B941,
,,2,2025-05-27 20:32:35,-68,D7510A57,15272,,,520A3C5C,
,,5,2025-05-27 20:32:35,-68,D7510A57,15272,,,520A3C5C,
,,3,2025-05-27 20:32:35,-68,D7510A57,15272,,,520A3C5C,
,,4,2025-05-27 20:32:35,-68,D7510A57,15272,,,520A3C5C,
,,1,2025-05-27 20:32:36,-82,B78FE24A,22702,,,7378B941,
,,5,2025-05-27 20:32:36,-80,E2A807D7,9953,,,520A3C5C,
,,3,2025-05-27 20:32:36,-66,D7510A57,53482,,,520A3C5C,
,,5,2025-05-27 20:32:36,-66,D7510A57,53482,,,520A3C5C,
,,4,2025-05-27 20:32:36,-75,59FE8D30,25964,,,520A3C5C,
,,5,2025-05-27 20:32:36,-75,59FE8D30,25964,,,520A3C5C,
,,2,2025-05-27 20:32:36,-75,59FE8D30,25964,,,520A3C5C,
,,3,2025-05-27 20:32:36,-75,59FE8D30,25964,,,520A3C5C,
,,5,2025-05-27 20:32:37,-80,81D187E3,29034,,,7378B941,
,,5,2025-05-27 20:32:37,-77,13323C65,18825,,,7378B941,
,,1,2025-05-27 20:32:37,-77,13323C65,18825,,,7378B941,
,,4,2025-05-27 20:32:37,-77,13323C65,18825,,,7378B941,
,,5,2025-05-27 20:32:37,-66,A648A0E7,26719,,,520A3C5C,
,,1,2025-05-27 20:32:17,-72,D7510A57,30829,,,4D64B5B5,
,,1,2025-05-27 20:32:19,-81,B78FE24A,7907,,,4D64B5B5,
,,4,2025-05-27 20:32:19,-81,B78FE24A,7907,,,4D64B5B5,
,,1,2025-05-27 20:32:28,-76,A648A0E7,42366,,,4D64B5B5,
,,4,2025-05-27 20:32:28,-76,A648A0E7,42366,,,4D64B5B5,
,,1,2025-05-27 20:32:21,-74,0000006E,55337,,,7D769A01,
,,1,2025-05-27 20:32:32,-70,D7510A57,1705,,,4D64B5B5,
,,1,2025-05-27 20:32:24,-73,A648A0E7,26368,,,7D769A01,
,,1,2025-05-27 20:32:24,-67,367E0F4A,50386,,,7D769A01,
,,1,2025-05-27 20:32:34,-70,D7510A57,38613,,,4D64B5B5,
,,4,2025-05-27 20:32:34,-70,D7510A57,38613,,,4D64B5B5,
,,1,2025-05-27 20:32:24,-68,D7510A57,40467,,,7D769A01,
,,1,2025-05-27 20:32:36,-70,D7510A57,53482,,,4D64B5B5,
,,1,2025-05-27 20:32:25,-65,367E0F4A,6449,,,7D769A01,
,,1,2025-05-27 20:32:38,-83,A648A0E7,11519,,,4D64B5B5,
,,4,2025-05-27 20:32:38,-83,A648A0E7,11519,,,4D64B5B5,
,,1,2025-05-27 20:32:30,-75,59FE8D30,47773,,,7D769A01,
,,1,2025-05-27 20:32:32,-75,81D187E3,29161,,,7D769A01,
,,1,2025-05-27 20:32:32,-71,07F9389E,60359,,,7D769A01,
,,1,2025-05-27 20:32:33,-74,A648A0E7,20264,,,7D769A01,
,,1,2025-05-27 20:32:35,-65,367E0F4A,29594,,,7D769A01,
,,1,2025-05-27 20:32:36,-79,D7510A57,53482,,,7D769A01,
,,1,2025-05-27 20:32:37,-75,59FE8D30,25964,,,7D769A01,
,,1,2025-05-27 20:32:39,-75,59FE8D30,60150,,,7D769A01,
,,1,2025-05-27 20:32:22,-73,367E0F4A,58909,,,B995250B,
,,4,2025-05-27 20:32:22,-73,367E0F4A,58909,,,B995250B,
,,1,2025-05-27 20:32:40,-66,367E0F4A,33951,,,7D769A01,
,,1,2025-05-27 20:32:41,-75,A648A0E7,64052,,,7D769A01,
,,2,2025-05-27 20:32:19,-66,367E0F4A,55580,,,AA4358FB,
,,5,2025-05-27 20:32:19,-66,367E0F4A,55580,,,AA4358FB,
,,3,2025-05-27 20:32:19,-66,367E0F4A,55580,,,AA4358FB,
,,4,2025-05-27 20:32:19,-66,367E0F4A,55580,,,AA4358FB,
,,5,2025-05-27 20:32:22,-80,07F9389E,10082,,,AA4358FB,
,,3,2025-05-27 20:32:23,-74,3F9E3319,52150,,,AA4358FB,
,,4,2025-05-27 20:32:23,-74,3F9E3319,52150,,,AA4358FB,
,,5,2025-05-27 20:32:23,-74,3F9E3319,52150,,,AA4358FB,
,,4,2025-05-27 20:32:24,-76,59FE8D30,34454,,,AA4358FB,
,,2,2025-05-27 20:32:24,-66,0000006E,46433,,,AA4358FB,
,,5,2025-05-27 20:32:24,-66,0000006E,46433,,,AA4358FB,
,,3,2025-05-27 20:32:24,-66,0000006E,46433,,,AA4358FB,
,,5,2025-05-27 20:32:24,-72,81D187E3,42566,,,AA4358FB,
,,1,2025-05-27 20:32:35,-71,367E0F4A,29594,,,B995250B,
,,5,2025-05-27 20:32:25,-72,81D187E3,4794,,,AA4358FB,
,,3,2025-05-27 20:32:25,-72,81D187E3,4794,,,AA4358FB,
,,4,2025-05-27 20:32:25,-72,81D187E3,4794,,,AA4358FB,
,,3,2025-05-27 20:32:26,-71,13323C65,31657,,,AA4358FB,
,,2,2025-05-27 20:32:26,-71,13323C65,31657,,,AA4358FB,
,,4,2025-05-27 20:32:26,-71,13323C65,31657,,,AA4358FB,
,,5,2025-05-27 20:32:26,-71,13323C65,31657,,,AA4358FB,
,,3,2025-05-27 20:32:26,-73,81D187E3,48357,,,AA4358FB,
,,5,2025-05-27 20:32:26,-73,81D187E3,48357,,,AA4358FB,
,,1,2025-05-27 20:32:41,-83,A648A0E7,48101,,,B995250B,
,,5,2025-05-27 20:32:30,-74,0000006E,57732,,,AA4358FB,
,,3,2025-05-27 20:32:30,-74,0000006E,57732,,,AA4358FB,
,,3,2025-05-27 20:32:30,-76,59FE8D30,47773,,,AA4358FB,
,,5,2025-05-27 20:32:30,-76,59FE8D30,47773,,,AA4358FB,
,,5,2025-05-27 20:32:32,-69,07F9389E,60359,,,AA4358FB,
,,1,2025-05-27 20:32:32,-69,07F9389E,60359,,,AA4358FB,
,,4,2025-05-27 20:32:32,-69,07F9389E,60359,,,AA4358FB,
,,2,2025-05-27 20:32:32,-69,07F9389E,60359,,,AA4358FB,
,,3,2025-05-27 20:32:32,-69,07F9389E,60359,,,AA4358FB,
,,5,2025-05-27 20:32:33,-68,81D187E3,53966,,,AA4358FB,
,,3,2025-05-27 20:32:34,-65,367E0F4A,33902,,,AA4358FB,
,,5,2025-05-27 20:32:34,-65,367E0F4A,33902,,,AA4358FB,
,,2,2025-05-27 20:32:34,-65,367E0F4A,33902,,,AA4358FB,
,,4,2025-05-27 20:32:34,-65,367E0F4A,33902,,,AA4358FB,
,,5,2025-05-27 20:32:36,-84,E2A807D7,9953,,,AA4358FB,
,,2,2025-05-27 20:32:37,-78,E85FB74C,943,,,AA4358FB,
,,3,2025-05-27 20:32:37,-78,E85FB74C,943,,,AA4358FB,
,,5,2025-05-27 20:32:37,-76,59FE8D30,25964,,,AA4358FB,
,,3,2025-05-27 20:32:38,-69,59FE8D30,10875,,,AA4358FB,
,,2,2025-05-27 20:32:38,-69,59FE8D30,10875,,,AA4358FB,
,,3,2025-05-27 20:32:38,-63,367E0F4A,17004,,,AA4358FB,
,,4,2025-05-27 20:32:38,-63,367E0F4A,17004,,,AA4358FB,
,,2,2025-05-27 20:32:38,-63,367E0F4A,17004,,,AA4358FB,
,,5,2025-05-27 20:32:38,-63,367E0F4A,17004,,,AA4358FB,
,,3,2025-05-27 20:32:41,-75,3F9E3319,24635,,,AA4358FB,
,,2,2025-05-27 20:32:41,-75,3F9E3319,24635,,,AA4358FB,
,,4,2025-05-27 20:32:41,-75,3F9E3319,24635,,,AA4358FB,
,,1,2025-05-27 20:32:30,-75,D7510A57,57420,,,D46BA6A2,
,,3,2025-05-27 20:32:30,-75,D7510A57,57420,,,D46BA6A2,
,,4,2025-05-27 20:32:30,-75,D7510A57,57420,,,D46BA6A2,
,,3,2025-05-27 20:32:32,-71,13323C65,43556,,,D46BA6A2,
,,4,2025-05-27 20:32:32,-71,13323C65,43556,,,D46BA6A2,
,,2,2025-05-27 20:32:32,-65,59FE8D30,55776,,,D46BA6A2,
,,5,2025-05-27 20:32:32,-65,59FE8D30,55776,,,D46BA6A2,
,,4,2025-05-27 20:32:32,-65,59FE8D30,55776,,,D46BA6A2,
,,3,2025-05-27 20:32:32,-65,59FE8D30,55776,,,D46BA6A2,
,,1,2025-05-27 20:32:32,-65,59FE8D30,55776,,,D46BA6A2,
,,4,2025-05-27 20:32:33,-68,59FE8D30,340,,,D46BA6A2,
,,3,2025-05-27 20:32:33,-68,59FE8D30,340,,,D46BA6A2,
,,1,2025-05-27 20:32:33,-68,59FE8D30,340,,,D46BA6A2,
,,2,2025-05-27 20:32:33,-68,59FE8D30,340,,,D46BA6A2,
,,1,2025-05-27 20:32:34,-68,D7510A57,38613,,,D46BA6A2,
,,2,2025-05-27 20:32:34,-68,D7510A57,38613,,,D46BA6A2,
,,3,2025-05-27 20:32:34,-68,D7510A57,38613,,,D46BA6A2,
,,4,2025-05-27 20:32:34,-68,D7510A57,38613,,,D46BA6A2,
,,3,2025-05-27 20:32:35,-66,D7510A57,15272,,,D46BA6A2,
,,4,2025-05-27 20:32:35,-70,13323C65,19885,,,D46BA6A2,
,,2,2025-05-27 20:32:35,-70,13323C65,19885,,,D46BA6A2,
,,1,2025-05-27 20:32:35,-70,13323C65,19885,,,D46BA6A2,
,,5,2025-05-27 20:32:35,-70,13323C65,19885,,,D46BA6A2,
,,3,2025-05-27 20:32:35,-70,13323C65,19885,,,D46BA6A2,
,,3,2025-05-27 20:32:36,-76,13323C65,5248,,,D46BA6A2,
,,1,2025-05-27 20:32:36,-76,13323C65,5248,,,D46BA6A2,
,,4,2025-05-27 20:32:36,-76,13323C65,5248,,,D46BA6A2,
,,3,2025-05-27 20:32:36,-69,59FE8D30,25964,,,D46BA6A2,
,,2,2025-05-27 20:32:39,-66,D7510A57,60249,,,D46BA6A2,
,,1,2025-05-27 20:32:39,-66,D7510A57,60249,,,D46BA6A2,
,,4,2025-05-27 20:32:39,-66,D7510A57,60249,,,D46BA6A2,
,,5,2025-05-27 20:32:39,-66,D7510A57,60249,,,D46BA6A2,
,,3,2025-05-27 20:32:39,-66,D7510A57,60249,,,D46BA6A2,
,,2,2025-05-27 20:32:40,-74,D7510A57,23002,,,D46BA6A2,
,,3,2025-05-27 20:32:40,-74,D7510A57,23002,,,D46BA6A2,
,,5,2025-05-27 20:32:40,-74,D7510A57,23002,,,D46BA6A2,
,,3,2025-05-27 20:32:41,-76,E85FB74C,37037,,,D46BA6A2,
,,3,2025-05-27 20:32:41,-76,13323C65,61431,,,D46BA6A2,
,,4,2025-05-27 20:32:42,-67,D7510A57,51732,,,D46BA6A2,
,,3,2025-05-27 20:32:42,-67,D7510A57,51732,,,D46BA6A2,
,,3,2025-05-27 20:32:43,-74,D7510A57,49697,,,D46BA6A2,
,,3,2025-05-27 20:32:43,-70,A648A0E7,3539,,,D46BA6A2,
,,4,2025-05-27 20:32:43,-70,A648A0E7,3539,,,D46BA6A2,
,,4,2025-05-27 20:32:43,-70,870614B1,26548,,,D46BA6A2,
,,1,2025-05-27 20:32:43,-70,870614B1,26548,,,D46BA6A2,
,,3,2025-05-27 20:32:43,-70,870614B1,26548,,,D46BA6A2,
,,2,2025-05-27 20:32:43,-70,870614B1,26548,,,D46BA6A2,
,,5,2025-05-27 20:32:43,-70,870614B1,26548,,,D46BA6A2,
,,4,2025-05-27 20:32:45,-78,81D187E3,17690,,,D46BA6A2,
,,3,2025-05-27 20:32:45,-78,81D187E3,17690,,,D46BA6A2,
,,2,2025-05-27 20:32:45,-78,81D187E3,17690,,,D46BA6A2,
,,3,2025-05-27 20:32:46,-73,07F9389E,48685,,,D46BA6A2,
,,2,2025-05-27 20:32:46,-73,07F9389E,48685,,,D46BA6A2,
,,3,2025-05-27 20:32:46,-67,59FE8D30,12791,,,D46BA6A2,
,,4,2025-05-27 20:32:46,-67,59FE8D30,12791,,,D46BA6A2,
,,2,2025-05-27 20:32:46,-67,59FE8D30,12791,,,D46BA6A2,
,,1,2025-05-27 20:32:46,-67,59FE8D30,12791,,,D46BA6A2,
,,5,2025-05-27 20:32:46,-67,59FE8D30,12791,,,D46BA6A2,
,,5,2025-05-27 20:32:38,-74,A648A0E7,11519,,,520A3C5C,
,,4,2025-05-27 20:32:38,-74,A648A0E7,11519,,,520A3C5C,
,,2,2025-05-27 20:32:38,-74,A648A0E7,11519,,,520A3C5C,
,,3,2025-05-27 20:32:38,-74,A648A0E7,11519,,,520A3C5C,
,,5,2025-05-27 20:32:38,-77,59FE8D30,60150,,,520A3C5C,
,,2,2025-05-27 20:32:39,-77,81D187E3,34627,,,520A3C5C,
,,3,2025-05-27 20:32:39,-77,81D187E3,34627,,,520A3C5C,
,,5,2025-05-27 20:32:39,-77,81D187E3,34627,,,520A3C5C,
,,5,2025-05-27 20:32:39,-67,13323C65,53283,,,520A3C5C,
,,2,2025-05-27 20:32:39,-67,13323C65,53283,,,520A3C5C,
,,4,2025-05-27 20:32:40,-70,59FE8D30,26078,,,520A3C5C,
,,4,2025-05-27 20:32:41,-71,13323C65,61431,,,520A3C5C,
,,3,2025-05-27 20:32:41,-71,13323C65,61431,,,520A3C5C,
,,2,2025-05-27 20:32:41,-71,13323C65,61431,,,520A3C5C,
,,5,2025-05-27 20:32:41,-71,13323C65,61431,,,520A3C5C,
,,4,2025-05-27 20:32:42,-69,D7510A57,51732,,,520A3C5C,
,,2,2025-05-27 20:32:42,-69,D7510A57,51732,,,520A3C5C,
,,3,2025-05-27 20:32:42,-69,D7510A57,51732,,,520A3C5C,
,,5,2025-05-27 20:32:42,-69,D7510A57,51732,,,520A3C5C,
,,1,2025-05-27 20:32:42,-69,D7510A57,51732,,,520A3C5C,
,,5,2025-05-27 20:32:43,-70,D7510A57,49697,,,520A3C5C,
,,2,2025-05-27 20:32:43,-77,81D187E3,42671,,,520A3C5C,
,,5,2025-05-27 20:32:43,-77,81D187E3,42671,,,520A3C5C,
,,2,2025-05-27 20:32:43,-67,13323C65,42032,,,520A3C5C,
,,3,2025-05-27 20:32:43,-67,13323C65,42032,,,520A3C5C,
,,5,2025-05-27 20:32:43,-67,13323C65,42032,,,520A3C5C,
,,5,2025-05-27 20:32:44,-78,367E0F4A,19098,,,520A3C5C,
,,4,2025-05-27 20:32:44,-78,367E0F4A,19098,,,520A3C5C,
,,5,2025-05-27 20:32:47,-71,D7510A57,53452,,,520A3C5C,
,,5,2025-05-27 20:32:48,-77,13323C65,44397,,,520A3C5C,
,,2,2025-05-27 20:32:48,-77,13323C65,44397,,,520A3C5C,
,,5,2025-05-27 20:32:48,-82,19836CFF,17349,,,520A3C5C,
,,5,2025-05-27 20:32:49,-83,3F9E3319,18071,,,520A3C5C,
,,4,2025-05-27 20:32:50,-71,D7510A57,8428,,,520A3C5C,
,,3,2025-05-27 20:32:50,-71,D7510A57,8428,,,520A3C5C,
,,5,2025-05-27 20:32:50,-71,D7510A57,8428,,,520A3C5C,
,,5,2025-05-27 20:32:51,-76,13323C65,45441,,,520A3C5C,
,,2,2025-05-27 20:32:51,-76,13323C65,45441,,,520A3C5C,
,,4,2025-05-27 20:32:52,-69,870614B1,4930,,,520A3C5C,
,,5,2025-05-27 20:32:53,-68,59FE8D30,55393,,,520A3C5C,
,,2,2025-05-27 20:32:53,-68,59FE8D30,55393,,,520A3C5C,
,,4,2025-05-27 20:32:53,-68,59FE8D30,55393,,,520A3C5C,
,,3,2025-05-27 20:32:53,-68,59FE8D30,55393,,,520A3C5C,
,,2,2025-05-27 20:32:53,-68,13323C65,56287,,,520A3C5C,
,,5,2025-05-27 20:32:53,-68,13323C65,56287,,,520A3C5C,
,,4,2025-05-27 20:32:53,-68,13323C65,56287,,,520A3C5C,
,,3,2025-05-27 20:32:53,-68,13323C65,56287,,,520A3C5C,
,,2,2025-05-27 20:32:53,-76,0000006E,9584,,,520A3C5C,
,,4,2025-05-27 20:32:53,-76,0000006E,9584,,,520A3C5C,
,,3,2025-05-27 20:32:53,-76,0000006E,9584,,,520A3C5C,
,,5,2025-05-27 20:32:55,-84,E2A807D7,54974,,,520A3C5C,
,,5,2025-05-27 20:32:55,-68,870614B1,22882,,,520A3C5C,
,,3,2025-05-27 20:32:55,-68,870614B1,22882,,,520A3C5C,
,,4,2025-05-27 20:32:55,-68,870614B1,22882,,,520A3C5C,
,,5,2025-05-27 20:32:57,-67,A648A0E7,42504,,,520A3C5C,
,,4,2025-05-27 20:32:57,-67,A648A0E7,42504,,,520A3C5C,
,,3,2025-05-27 20:32:57,-67,A648A0E7,42504,,,520A3C5C,
,,2,2025-05-27 20:32:57,-67,A648A0E7,42504,,,520A3C5C,
,,1,2025-05-27 20:32:25,-81,D7510A57,35843,,,CB4A1EAE,
,,4,2025-05-27 20:32:25,-81,D7510A57,35843,,,CB4A1EAE,
,,3,2025-05-27 20:32:44,-68,13323C65,42032,,,AA4358FB,
,,5,2025-05-27 20:32:44,-68,13323C65,42032,,,AA4358FB,
,,4,2025-05-27 20:32:44,-68,13323C65,42032,,,AA4358FB,
,,1,2025-05-27 20:32:44,-68,13323C65,42032,,,AA4358FB,
,,2,2025-05-27 20:32:44,-68,13323C65,42032,,,AA4358FB,
,,3,2025-05-27 20:32:44,-64,367E0F4A,19098,,,AA4358FB,
,,2,2025-05-27 20:32:44,-64,367E0F4A,19098,,,AA4358FB,
,,4,2025-05-27 20:32:44,-64,367E0F4A,19098,,,AA4358FB,
,,5,2025-05-27 20:32:44,-77,B78FE24A,14370,,,AA4358FB,
,,4,2025-05-27 20:32:38,-78,A648A0E7,11519,,,CB4A1EAE,
,,3,2025-05-27 20:32:45,-84,E2A807D7,45554,,,AA4358FB,
,,5,2025-05-27 20:32:45,-84,E2A807D7,45554,,,AA4358FB,
,,4,2025-05-27 20:32:45,-84,E2A807D7,45554,,,AA4358FB,
,,1,2025-05-27 20:32:42,-77,367E0F4A,23961,,,CB4A1EAE,
,,1,2025-05-27 20:32:42,-74,D7510A57,51732,,,CB4A1EAE,
,,5,2025-05-27 20:32:46,-68,59FE8D30,49646,,,AA4358FB,
,,4,2025-05-27 20:32:46,-68,59FE8D30,49646,,,AA4358FB,
,,2,2025-05-27 20:32:46,-68,59FE8D30,49646,,,AA4358FB,
,,1,2025-05-27 20:32:46,-68,59FE8D30,49646,,,AA4358FB,
,,3,2025-05-27 20:32:46,-68,59FE8D30,49646,,,AA4358FB,
,,5,2025-05-27 20:32:46,-75,13323C65,49593,,,AA4358FB,
,,3,2025-05-27 20:32:46,-75,13323C65,49593,,,AA4358FB,
,,5,2025-05-27 20:32:47,-63,367E0F4A,31170,,,AA4358FB,
,,4,2025-05-27 20:32:47,-63,367E0F4A,31170,,,AA4358FB,
,,2,2025-05-27 20:32:47,-63,367E0F4A,31170,,,AA4358FB,
,,3,2025-05-27 20:32:47,-63,367E0F4A,31170,,,AA4358FB,
,,3,2025-05-27 20:32:47,-79,D7510A57,53452,,,AA4358FB,
,,5,2025-05-27 20:32:48,-67,59FE8D30,53812,,,AA4358FB,
,,3,2025-05-27 20:32:48,-67,59FE8D30,53812,,,AA4358FB,
,,3,2025-05-27 20:32:50,-65,367E0F4A,11661,,,AA4358FB,
,,3,2025-05-27 20:32:50,-78,D7510A57,8428,,,AA4358FB,
,,2,2025-05-27 20:32:50,-78,D7510A57,8428,,,AA4358FB,
,,5,2025-05-27 20:32:50,-78,D7510A57,8428,,,AA4358FB,
,,4,2025-05-27 20:32:53,-79,0000006E,9584,,,CB4A1EAE,
,,3,2025-05-27 20:32:54,-74,81D187E3,5842,,,AA4358FB,
,,5,2025-05-27 20:32:54,-76,A648A0E7,55339,,,AA4358FB,
,,4,2025-05-27 20:32:56,-78,A648A0E7,40584,,,CB4A1EAE,
,,5,2025-05-27 20:32:54,-70,367E0F4A,40012,,,AA4358FB,
,,5,2025-05-27 20:32:55,-76,59FE8D30,19165,,,AA4358FB,
,,5,2025-05-27 20:32:55,-63,367E0F4A,28626,,,AA4358FB,
,,2,2025-05-27 20:32:55,-63,367E0F4A,28626,,,AA4358FB,
,,1,2025-05-27 20:32:41,-82,A648A0E7,48101,,,4D64B5B5,
,,3,2025-05-27 20:32:56,-73,81D187E3,62159,,,AA4358FB,
,,2,2025-05-27 20:32:56,-73,81D187E3,62159,,,AA4358FB,
,,5,2025-05-27 20:32:56,-73,81D187E3,62159,,,AA4358FB,
,,3,2025-05-27 20:32:57,-74,81D187E3,14687,,,AA4358FB,
,,4,2025-05-27 20:32:57,-74,81D187E3,14687,,,AA4358FB,
,,1,2025-05-27 20:32:57,-74,81D187E3,14687,,,AA4358FB,
,,5,2025-05-27 20:32:57,-74,81D187E3,14687,,,AA4358FB,
,,2,2025-05-27 20:32:57,-74,81D187E3,14687,,,AA4358FB,
,,4,2025-05-27 20:32:44,-71,D7510A57,52412,,,4D64B5B5,
,,1,2025-05-27 20:32:42,-74,D7510A57,51732,,,7D769A01,
,,1,2025-05-27 20:32:43,-78,E197FE3E,8127,,,7D769A01,
,,3,2025-05-27 20:32:58,-68,13323C65,19160,,,AA4358FB,
,,5,2025-05-27 20:32:58,-68,13323C65,19160,,,AA4358FB,
,,4,2025-05-27 20:32:58,-68,13323C65,19160,,,AA4358FB,
,,2,2025-05-27 20:32:58,-68,13323C65,19160,,,AA4358FB,
,,1,2025-05-27 20:32:43,-77,81D187E3,24916,,,7D769A01,
,,3,2025-05-27 20:32:58,-75,D7510A57,42173,,,AA4358FB,
,,1,2025-05-27 20:32:45,-75,81D187E3,31050,,,7D769A01,
,,2,2025-05-27 20:32:58,-68,367E0F4A,11806,,,AA4358FB,
,,5,2025-05-27 20:32:58,-68,367E0F4A,11806,,,AA4358FB,
,,4,2025-05-27 20:32:58,-68,367E0F4A,11806,,,AA4358FB,
,,3,2025-05-27 20:32:58,-68,367E0F4A,11806,,,AA4358FB,
,,4,2025-05-27 20:32:59,-78,B78FE24A,41591,,,AA4358FB,
,,3,2025-05-27 20:32:59,-78,B78FE24A,41591,,,AA4358FB,
,,5,2025-05-27 20:32:59,-77,E2A807D7,12756,,,AA4358FB,
,,3,2025-05-27 20:32:59,-68,367E0F4A,2360,,,AA4358FB,
,,2,2025-05-27 20:32:59,-68,367E0F4A,2360,,,AA4358FB,
,,1,2025-05-27 20:32:46,-73,A648A0E7,4588,,,7D769A01,
,,1,2025-05-27 20:32:47,-75,81D187E3,23926,,,7D769A01,
,,4,2025-05-27 20:32:50,-81,59FE8D30,20320,,,4D64B5B5,
,,1,2025-05-27 20:32:50,-81,59FE8D30,20320,,,4D64B5B5,
,,1,2025-05-27 20:32:49,-74,59FE8D30,20253,,,7D769A01,
,,1,2025-05-27 20:32:51,-71,367E0F4A,56544,,,4D64B5B5,
,,1,2025-05-27 20:32:50,-65,367E0F4A,11661,,,7D769A01,
,,1,2025-05-27 20:32:50,-71,D7510A57,8428,,,7D769A01,
,,1,2025-05-27 20:32:51,-69,D7510A57,50045,,,7D769A01,
,,1,2025-05-27 20:32:53,-73,870614B1,4930,,,7D769A01,
,,1,2025-05-27 20:32:54,-75,81D187E3,5842,,,7D769A01,
,,1,2025-05-27 20:32:55,-74,A648A0E7,63925,,,7D769A01,
,,1,2025-05-27 20:32:55,-80,E197FE3E,38806,,,7D769A01,
,,1,2025-05-27 20:32:56,-79,07F9389E,45169,,,4D64B5B5,
,,1,2025-05-27 20:32:55,-80,E2A807D7,54974,,,7D769A01,
,,1,2025-05-27 20:32:56,-70,13323C65,36297,,,7D769A01,
,,1,2025-05-27 20:32:57,-74,A648A0E7,42504,,,7D769A01,
,,4,2025-05-27 20:33:01,-78,13323C65,59873,,,4D64B5B5,
,,1,2025-05-27 20:33:01,-71,367E0F4A,18031,,,4D64B5B5,
,,1,2025-05-27 20:32:59,-69,367E0F4A,2360,,,7D769A01,
,,4,2025-05-27 20:33:01,-75,81D187E3,45069,,,4D64B5B5,
,,1,2025-05-27 20:33:02,-79,367E0F4A,15770,,,4D64B5B5,
,,1,2025-05-27 20:33:01,-65,367E0F4A,18031,,,7D769A01,
,,1,2025-05-27 20:32:44,-79,59FE8D30,32278,,,B995250B,
,,4,2025-05-27 20:32:44,-79,59FE8D30,32278,,,B995250B,
,,1,2025-05-27 20:32:52,-77,D7510A57,37013,,,B995250B,
,,4,2025-05-27 20:32:52,-78,23D9727E,36248,,,B995250B,
,,5,2025-05-27 20:32:36,-80,E197FE3E,23741,,,9CC5DC79,
,,4,2025-05-27 20:32:57,-71,D7510A57,13946,,,B995250B,
,,1,2025-05-27 20:32:57,-71,D7510A57,13946,,,B995250B,
,,1,2025-05-27 20:32:57,-73,367E0F4A,8626,,,B995250B,
,,4,2025-05-27 20:32:57,-73,367E0F4A,8626,,,B995250B,
,,5,2025-05-27 20:32:39,-83,E2A807D7,42143,,,9CC5DC79,
,,1,2025-05-27 20:32:59,-79,59FE8D30,10692,,,B995250B,
,,4,2025-05-27 20:32:43,-80,59FE8D30,32278,,,9CC5DC79,
,,5,2025-05-27 20:32:43,-80,59FE8D30,32278,,,9CC5DC79,
,,3,2025-05-27 20:32:43,-80,59FE8D30,32278,,,9CC5DC79,
,,4,2025-05-27 20:32:44,-72,367E0F4A,19098,,,9CC5DC79,
,,5,2025-05-27 20:32:44,-72,367E0F4A,19098,,,9CC5DC79,
,,3,2025-05-27 20:32:44,-72,367E0F4A,19098,,,9CC5DC79,
,,4,2025-05-27 20:32:44,-82,81D187E3,31050,,,9CC5DC79,
,,5,2025-05-27 20:32:44,-82,81D187E3,31050,,,9CC5DC79,
,,3,2025-05-27 20:32:44,-82,81D187E3,31050,,,9CC5DC79,
,,1,2025-05-27 20:32:44,-82,81D187E3,31050,,,9CC5DC79,
,,2,2025-05-27 20:32:47,-79,13323C65,31339,,,9CC5DC79,
,,4,2025-05-27 20:32:47,-79,13323C65,31339,,,9CC5DC79,
,,5,2025-05-27 20:32:47,-79,13323C65,31339,,,9CC5DC79,
,,1,2025-05-27 20:32:47,-79,13323C65,31339,,,9CC5DC79,
,,3,2025-05-27 20:32:48,-79,E197FE3E,20925,,,9CC5DC79,
,,5,2025-05-27 20:32:48,-79,E197FE3E,20925,,,9CC5DC79,
,,1,2025-05-27 20:32:48,-79,E197FE3E,20925,,,9CC5DC79,
,,4,2025-05-27 20:32:48,-79,E197FE3E,20925,,,9CC5DC79,
,,1,2025-05-27 20:32:49,-82,59FE8D30,20320,,,9CC5DC79,
,,5,2025-05-27 20:32:42,-76,A648A0E7,1423,,,7378B941,
,,5,2025-05-27 20:32:46,-81,81D187E3,23926,,,7378B941,
,,1,2025-05-27 20:33:00,-80,A648A0E7,7324,,,9CC5DC79,
,,4,2025-05-27 20:33:00,-80,A648A0E7,7324,,,9CC5DC79,
,,3,2025-05-27 20:33:00,-80,A648A0E7,7324,,,9CC5DC79,
,,2,2025-05-27 20:33:00,-80,A648A0E7,7324,,,9CC5DC79,
,,5,2025-05-27 20:33:00,-80,A648A0E7,7324,,,9CC5DC79,
,,4,2025-05-27 20:33:01,-72,367E0F4A,18031,,,9CC5DC79,
,,1,2025-05-27 20:33:01,-72,367E0F4A,18031,,,9CC5DC79,
,,2,2025-05-27 20:33:01,-72,367E0F4A,18031,,,9CC5DC79,
,,3,2025-05-27 20:33:02,-80,0000006E,32711,,,9CC5DC79,
,,5,2025-05-27 20:33:02,-80,0000006E,32711,,,9CC5DC79,
,,2,2025-05-27 20:33:02,-80,0000006E,32711,,,9CC5DC79,
,,2,2025-05-27 20:33:04,-78,13323C65,23617,,,9CC5DC79,
,,3,2025-05-27 20:33:04,-78,13323C65,23617,,,9CC5DC79,
,,5,2025-05-27 20:33:04,-78,13323C65,23617,,,9CC5DC79,
,,4,2025-05-27 20:33:04,-78,13323C65,23617,,,9CC5DC79,
,,1,2025-05-27 20:33:04,-78,13323C65,23617,,,9CC5DC79,
,,1,2025-05-27 20:32:50,-83,D7510A57,8428,,,7378B941,
,,4,2025-05-27 20:32:50,-83,D7510A57,8428,,,7378B941,
,,5,2025-05-27 20:32:50,-83,D7510A57,8428,,,7378B941,
,,5,2025-05-27 20:32:52,-83,E197FE3E,10069,,,7378B941,
,,5,2025-05-27 20:32:54,-77,D7510A57,17627,,,7378B941,
,,5,2025-05-27 20:32:55,-77,D7510A57,45288,,,7378B941,
,,5,2025-05-27 20:32:56,-76,07F9389E,45169,,,7378B941,
,,1,2025-05-27 20:32:58,-73,13323C65,19160,,,7378B941,
,,5,2025-05-27 20:32:58,-73,13323C65,19160,,,7378B941,
,,5,2025-05-27 20:33:04,-87,19836CFF,16800,,,7378B941,
,,2,2025-05-27 20:32:52,-72,870614B1,4930,,,D46BA6A2,
,,4,2025-05-27 20:32:52,-72,870614B1,4930,,,D46BA6A2,
,,5,2025-05-27 20:32:52,-72,870614B1,4930,,,D46BA6A2,
,,1,2025-05-27 20:32:52,-72,870614B1,4930,,,D46BA6A2,
,,3,2025-05-27 20:32:52,-72,870614B1,4930,,,D46BA6A2,
,,5,2025-05-27 20:32:52,-65,59FE8D30,55393,,,D46BA6A2,
,,3,2025-05-27 20:32:52,-65,59FE8D30,55393,,,D46BA6A2,
,,2,2025-05-27 20:32:52,-65,59FE8D30,55393,,,D46BA6A2,
,,4,2025-05-27 20:32:52,-80,E197FE3E,10069,,,D46BA6A2,
,,3,2025-05-27 20:32:52,-80,E197FE3E,10069,,,D46BA6A2,
,,1,2025-05-27 20:32:53,-71,A648A0E7,55339,,,D46BA6A2,
,,5,2025-05-27 20:32:53,-71,A648A0E7,55339,,,D46BA6A2,
,,3,2025-05-27 20:32:53,-71,A648A0E7,55339,,,D46BA6A2,
,,5,2025-05-27 20:32:55,-71,D7510A57,45288,,,D46BA6A2,
,,1,2025-05-27 20:32:55,-71,D7510A57,45288,,,D46BA6A2,
,,3,2025-05-27 20:32:55,-71,D7510A57,45288,,,D46BA6A2,
,,3,2025-05-27 20:32:56,-78,81D187E3,14687,,,D46BA6A2,
,,1,2025-05-27 20:32:56,-78,81D187E3,14687,,,D46BA6A2,
,,5,2025-05-27 20:32:56,-78,81D187E3,14687,,,D46BA6A2,
,,4,2025-05-27 20:32:56,-67,0000006E,29217,,,D46BA6A2,
,,3,2025-05-27 20:32:56,-67,0000006E,29217,,,D46BA6A2,
,,2,2025-05-27 20:32:56,-67,0000006E,29217,,,D46BA6A2,
,,1,2025-05-27 20:32:56,-67,0000006E,29217,,,D46BA6A2,
,,5,2025-05-27 20:32:56,-67,0000006E,29217,,,D46BA6A2,
,,4,2025-05-27 20:32:57,-77,B78FE24A,8024,,,D46BA6A2,
,,2,2025-05-27 20:32:57,-77,B78FE24A,8024,,,D46BA6A2,
,,1,2025-05-27 20:32:57,-77,B78FE24A,8024,,,D46BA6A2,
,,3,2025-05-27 20:32:57,-77,B78FE24A,8024,,,D46BA6A2,
,,5,2025-05-27 20:32:57,-77,B78FE24A,8024,,,D46BA6A2,
,,4,2025-05-27 20:32:57,-70,A648A0E7,29156,,,D46BA6A2,
,,1,2025-05-27 20:32:57,-70,A648A0E7,29156,,,D46BA6A2,
,,3,2025-05-27 20:32:57,-70,A648A0E7,29156,,,D46BA6A2,
,,2,2025-05-27 20:32:57,-70,A648A0E7,29156,,,D46BA6A2,
,,5,2025-05-27 20:32:57,-70,A648A0E7,29156,,,D46BA6A2,
,,4,2025-05-27 20:32:57,-70,13323C65,19160,,,D46BA6A2,
,,2,2025-05-27 20:32:57,-70,13323C65,19160,,,D46BA6A2,
,,3,2025-05-27 20:32:57,-70,13323C65,19160,,,D46BA6A2,
,,1,2025-05-27 20:32:57,-70,13323C65,19160,,,D46BA6A2,
,,5,2025-05-27 20:32:57,-70,13323C65,19160,,,D46BA6A2,
,,3,2025-05-27 20:32:58,-70,A648A0E7,49553,,,D46BA6A2,
,,5,2025-05-27 20:32:58,-70,A648A0E7,49553,,,D46BA6A2,
,,2,2025-05-27 20:32:58,-70,A648A0E7,49553,,,D46BA6A2,
,,4,2025-05-27 20:33:00,-69,13323C65,59873,,,D46BA6A2,
,,5,2025-05-27 20:33:00,-69,13323C65,59873,,,D46BA6A2,
,,3,2025-05-27 20:33:00,-69,13323C65,59873,,,D46BA6A2,
,,2,2025-05-27 20:33:00,-69,13323C65,59873,,,D46BA6A2,
,,1,2025-05-27 20:33:01,-69,367E0F4A,18031,,,D46BA6A2,
,,3,2025-05-27 20:33:01,-75,13323C65,45631,,,D46BA6A2,
,,5,2025-05-27 20:33:01,-75,13323C65,45631,,,D46BA6A2,
,,4,2025-05-27 20:33:02,-69,0000006E,32711,,,D46BA6A2,
,,3,2025-05-27 20:33:02,-69,0000006E,32711,,,D46BA6A2,
,,2,2025-05-27 20:33:02,-69,0000006E,32711,,,D46BA6A2,
,,5,2025-05-27 20:33:02,-69,0000006E,32711,,,D46BA6A2,
,,1,2025-05-27 20:33:02,-69,0000006E,32711,,,D46BA6A2,
,,1,2025-05-27 20:33:02,-65,59FE8D30,31316,,,D46BA6A2,
,,1,2025-05-27 20:33:03,-76,59FE8D30,2394,,,D46BA6A2,
,,3,2025-05-27 20:33:07,-70,13323C65,24986,,,D46BA6A2,
,,2,2025-05-27 20:33:07,-70,13323C65,24986,,,D46BA6A2,
,,4,2025-05-27 20:33:07,-70,13323C65,24986,,,D46BA6A2,
,,1,2025-05-27 20:33:07,-70,13323C65,24986,,,D46BA6A2,
,,5,2025-05-27 20:33:07,-70,13323C65,24986,,,D46BA6A2,
,,4,2025-05-27 20:33:07,-71,A648A0E7,12584,,,D46BA6A2,
,,3,2025-05-27 20:33:07,-71,A648A0E7,12584,,,D46BA6A2,
,,1,2025-05-27 20:33:07,-71,A648A0E7,12584,,,D46BA6A2,
,,3,2025-05-27 20:33:07,-73,D7510A57,4970,,,D46BA6A2,
,,1,2025-05-27 20:33:07,-73,D7510A57,4970,,,D46BA6A2,
,,4,2025-05-27 20:33:07,-73,D7510A57,4970,,,D46BA6A2,
,,5,2025-05-27 20:33:07,-73,D7510A57,4970,,,D46BA6A2,
,,4,2025-05-27 20:33:08,-70,13323C65,5674,,,D46BA6A2,
,,3,2025-05-27 20:33:08,-70,13323C65,5674,,,D46BA6A2,
,,2,2025-05-27 20:33:08,-70,0000006E,47553,,,D46BA6A2,
,,1,2025-05-27 20:33:08,-70,0000006E,47553,,,D46BA6A2,
,,3,2025-05-27 20:33:08,-70,0000006E,47553,,,D46BA6A2,
,,5,2025-05-27 20:33:08,-70,0000006E,47553,,,D46BA6A2,
,,4,2025-05-27 20:33:08,-70,0000006E,47553,,,D46BA6A2,
,,4,2025-05-27 20:32:58,-67,A648A0E7,29156,,,520A3C5C,
,,4,2025-05-27 20:32:58,-68,13323C65,19160,,,520A3C5C,
,,3,2025-05-27 20:32:58,-68,13323C65,19160,,,520A3C5C,
,,5,2025-05-27 20:32:58,-68,13323C65,19160,,,520A3C5C,
,,1,2025-05-27 20:32:58,-68,13323C65,19160,,,520A3C5C,
,,2,2025-05-27 20:32:58,-68,13323C65,19160,,,520A3C5C,
,,5,2025-05-27 20:32:59,-74,A648A0E7,49553,,,520A3C5C,
,,3,2025-05-27 20:33:01,-74,23D9727E,63788,,,520A3C5C,
,,2,2025-05-27 20:33:01,-74,23D9727E,63788,,,520A3C5C,
,,4,2025-05-27 20:33:04,-74,23D9727E,53151,,,520A3C5C,
,,1,2025-05-27 20:33:04,-74,23D9727E,53151,,,520A3C5C,
,,3,2025-05-27 20:33:04,-74,23D9727E,53151,,,520A3C5C,
,,2,2025-05-27 20:33:04,-74,23D9727E,53151,,,520A3C5C,
,,5,2025-05-27 20:33:05,-69,D7510A57,63256,,,520A3C5C,
,,5,2025-05-27 20:33:06,-70,367E0F4A,42440,,,520A3C5C,
,,4,2025-05-27 20:33:07,-79,59FE8D30,40916,,,520A3C5C,
,,3,2025-05-27 20:33:07,-79,59FE8D30,40916,,,520A3C5C,
,,2,2025-05-27 20:33:07,-79,59FE8D30,40916,,,520A3C5C,
,,5,2025-05-27 20:33:07,-79,59FE8D30,40916,,,520A3C5C,
,,3,2025-05-27 20:33:07,-71,D7510A57,28802,,,520A3C5C,
,,2,2025-05-27 20:33:07,-71,D7510A57,28802,,,520A3C5C,
,,5,2025-05-27 20:33:07,-71,D7510A57,28802,,,520A3C5C,
,,4,2025-05-27 20:33:07,-71,D7510A57,28802,,,520A3C5C,
,,1,2025-05-27 20:33:07,-71,D7510A57,28802,,,520A3C5C,
,,4,2025-05-27 20:33:08,-69,D7510A57,4970,,,520A3C5C,
,,2,2025-05-27 20:33:08,-69,D7510A57,4970,,,520A3C5C,
,,5,2025-05-27 20:33:09,-67,D7510A57,56937,,,520A3C5C,
,,4,2025-05-27 20:33:09,-67,D7510A57,56937,,,520A3C5C,
,,1,2025-05-27 20:33:09,-67,D7510A57,56937,,,520A3C5C,
,,3,2025-05-27 20:33:09,-67,D7510A57,56937,,,520A3C5C,
,,2,2025-05-27 20:33:09,-67,D7510A57,56937,,,520A3C5C,
,,5,2025-05-27 20:33:10,-84,E2A807D7,22644,,,520A3C5C,
,,4,2025-05-27 20:33:10,-84,E2A807D7,22644,,,520A3C5C,
,,1,2025-05-27 20:33:10,-84,E2A807D7,22644,,,520A3C5C,
,,3,2025-05-27 20:33:10,-84,E2A807D7,22644,,,520A3C5C,
,,2,2025-05-27 20:33:10,-84,E2A807D7,22644,,,520A3C5C,
,,5,2025-05-27 20:33:10,-75,870614B1,50629,,,520A3C5C,
,,2,2025-05-27 20:33:10,-75,870614B1,50629,,,520A3C5C,
,,3,2025-05-27 20:33:10,-75,870614B1,50629,,,520A3C5C,
,,4,2025-05-27 20:33:13,-75,23D9727E,23209,,,520A3C5C,
,,3,2025-05-27 20:33:13,-75,23D9727E,23209,,,520A3C5C,
,,2,2025-05-27 20:33:13,-75,23D9727E,23209,,,520A3C5C,
,,5,2025-05-27 20:33:13,-75,23D9727E,23209,,,520A3C5C,
,,5,2025-05-27 20:33:15,-75,A648A0E7,22188,,,520A3C5C,
,,2,2025-05-27 20:33:15,-75,A648A0E7,22188,,,520A3C5C,
,,3,2025-05-27 20:33:15,-75,A648A0E7,22188,,,520A3C5C,
,,4,2025-05-27 20:33:15,-75,A648A0E7,22188,,,520A3C5C,
,,5,2025-05-27 20:33:15,-71,D7510A57,48398,,,520A3C5C,
,,5,2025-05-27 20:33:16,-67,A648A0E7,36243,,,520A3C5C,
,,2,2025-05-27 20:33:16,-67,A648A0E7,36243,,,520A3C5C,
,,3,2025-05-27 20:33:16,-67,A648A0E7,36243,,,520A3C5C,
,,4,2025-05-27 20:33:16,-67,A648A0E7,36243,,,520A3C5C,
,,1,2025-05-27 20:33:16,-67,A648A0E7,36243,,,520A3C5C,
,,4,2025-05-27 20:33:16,-77,13323C65,35743,,,520A3C5C,
,,3,2025-05-27 20:33:16,-70,367E0F4A,43276,,,520A3C5C,
,,4,2025-05-27 20:33:16,-70,367E0F4A,43276,,,520A3C5C,
,,5,2025-05-27 20:33:16,-70,367E0F4A,43276,,,520A3C5C,
,,2,2025-05-27 20:33:16,-70,367E0F4A,43276,,,520A3C5C,
,,5,2025-05-27 20:33:17,-68,D7510A57,55117,,,520A3C5C,
,,2,2025-05-27 20:33:17,-68,D7510A57,55117,,,520A3C5C,
,,3,2025-05-27 20:33:17,-68,D7510A57,55117,,,520A3C5C,
,,4,2025-05-27 20:33:17,-68,D7510A57,55117,,,520A3C5C,
,,3,2025-05-27 20:33:17,-74,0000006E,48788,,,520A3C5C,
,,4,2025-05-27 20:33:17,-74,0000006E,48788,,,520A3C5C,
,,2,2025-05-27 20:33:17,-74,0000006E,48788,,,520A3C5C,
,,5,2025-05-27 20:33:17,-74,0000006E,48788,,,520A3C5C,
,,1,2025-05-27 20:33:17,-74,0000006E,48788,,,520A3C5C,
,,2,2025-05-27 20:33:01,-68,81D187E3,43771,,,AA4358FB,
,,5,2025-05-27 20:33:01,-68,81D187E3,43771,,,AA4358FB,
,,3,2025-05-27 20:33:01,-68,81D187E3,43771,,,AA4358FB,
,,1,2025-05-27 20:33:03,-78,59FE8D30,31316,,,AA4358FB,
,,2,2025-05-27 20:33:05,-69,13323C65,45283,,,AA4358FB,
,,3,2025-05-27 20:33:05,-69,13323C65,45283,,,AA4358FB,
,,3,2025-05-27 20:33:05,-65,367E0F4A,56176,,,AA4358FB,
,,4,2025-05-27 20:33:05,-65,367E0F4A,56176,,,AA4358FB,
,,5,2025-05-27 20:33:06,-69,13323C65,57865,,,AA4358FB,
,,4,2025-05-27 20:33:06,-63,367E0F4A,42440,,,AA4358FB,
,,5,2025-05-27 20:33:06,-63,367E0F4A,42440,,,AA4358FB,
,,2,2025-05-27 20:33:06,-63,367E0F4A,42440,,,AA4358FB,
,,3,2025-05-27 20:33:06,-63,367E0F4A,42440,,,AA4358FB,
,,1,2025-05-27 20:33:07,-76,59FE8D30,40916,,,AA4358FB,
,,5,2025-05-27 20:33:07,-73,13323C65,24986,,,AA4358FB,
,,3,2025-05-27 20:33:08,-69,81D187E3,31690,,,AA4358FB,
,,5,2025-05-27 20:33:08,-71,870614B1,39329,,,AA4358FB,
,,5,2025-05-27 20:33:11,-63,367E0F4A,32437,,,AA4358FB,
,,2,2025-05-27 20:33:11,-63,367E0F4A,32437,,,AA4358FB,
,,3,2025-05-27 20:33:11,-63,367E0F4A,32437,,,AA4358FB,
,,4,2025-05-27 20:33:11,-63,367E0F4A,32437,,,AA4358FB,
,,1,2025-05-27 20:33:11,-68,13323C65,26329,,,AA4358FB,
,,4,2025-05-27 20:33:11,-77,E85FB74C,5420,,,AA4358FB,
,,2,2025-05-27 20:33:11,-77,E85FB74C,5420,,,AA4358FB,
,,3,2025-05-27 20:33:11,-77,E85FB74C,5420,,,AA4358FB,
,,3,2025-05-27 20:33:12,-68,367E0F4A,61575,,,AA4358FB,
,,5,2025-05-27 20:33:12,-68,367E0F4A,61575,,,AA4358FB,
,,5,2025-05-27 20:33:12,-72,13323C65,26014,,,AA4358FB,
,,2,2025-05-27 20:33:12,-72,13323C65,26014,,,AA4358FB,
,,4,2025-05-27 20:33:12,-72,13323C65,26014,,,AA4358FB,
,,3,2025-05-27 20:33:12,-72,13323C65,26014,,,AA4358FB,
,,4,2025-05-27 20:33:13,-73,81D187E3,45043,,,AA4358FB,
,,5,2025-05-27 20:33:13,-73,81D187E3,45043,,,AA4358FB,
,,3,2025-05-27 20:33:13,-73,81D187E3,45043,,,AA4358FB,
,,1,2025-05-27 20:33:13,-73,81D187E3,45043,,,AA4358FB,
,,2,2025-05-27 20:33:13,-73,81D187E3,45043,,,AA4358FB,
,,5,2025-05-27 20:33:13,-81,B78FE24A,11332,,,AA4358FB,
,,1,2025-05-27 20:33:14,-77,E197FE3E,29983,,,AA4358FB,
,,4,2025-05-27 20:33:15,-81,E2A807D7,8314,,,AA4358FB,
,,3,2025-05-27 20:33:15,-81,E2A807D7,8314,,,AA4358FB,
,,5,2025-05-27 20:33:15,-81,E2A807D7,8314,,,AA4358FB,
,,2,2025-05-27 20:33:15,-81,E2A807D7,8314,,,AA4358FB,
,,5,2025-05-27 20:33:15,-70,59FE8D30,54795,,,AA4358FB,
,,3,2025-05-27 20:33:15,-70,59FE8D30,54795,,,AA4358FB,
,,1,2025-05-27 20:33:19,-74,3F9E3319,50846,,,AA4358FB,
,,4,2025-05-27 20:33:21,-74,81D187E3,58666,,,AA4358FB,
,,2,2025-05-27 20:33:21,-74,81D187E3,58666,,,AA4358FB,
,,5,2025-05-27 20:33:21,-74,81D187E3,58666,,,AA4358FB,
,,3,2025-05-27 20:33:21,-74,81D187E3,58666,,,AA4358FB,
,,1,2025-05-27 20:33:06,-74,A648A0E7,55346,,,7D769A01,
,,1,2025-05-27 20:33:08,-72,59FE8D30,25067,,,7D769A01,
,,1,2025-05-27 20:33:08,-79,E197FE3E,22920,,,7D769A01,
,,1,2025-05-27 20:33:10,-77,E2A807D7,25728,,,7D769A01,
,,1,2025-05-27 20:33:11,-69,D7510A57,1691,,,7D769A01,
,,1,2025-05-27 20:33:13,-68,367E0F4A,19020,,,7D769A01,
,,1,2025-05-27 20:33:14,-68,367E0F4A,59610,,,7D769A01,
,,1,2025-05-27 20:33:14,-69,D7510A57,53514,,,7D769A01,
,,1,2025-05-27 20:33:18,-68,D7510A57,57660,,,7D769A01,
,,1,2025-05-27 20:33:21,-77,81D187E3,58666,,,7D769A01,
,,1,2025-05-27 20:33:25,-67,367E0F4A,8641,,,7D769A01,
,,3,2025-05-27 20:33:10,-77,B78FE24A,3059,,,D46BA6A2,
,,4,2025-05-27 20:33:10,-77,B78FE24A,3059,,,D46BA6A2,
,,1,2025-05-27 20:33:10,-77,B78FE24A,3059,,,D46BA6A2,
,,3,2025-05-27 20:33:12,-69,13323C65,26014,,,D46BA6A2,
,,4,2025-05-27 20:33:12,-69,13323C65,26014,,,D46BA6A2,
,,1,2025-05-27 20:33:12,-69,13323C65,26014,,,D46BA6A2,
,,5,2025-05-27 20:33:12,-69,13323C65,26014,,,D46BA6A2,
,,2,2025-05-27 20:33:12,-69,13323C65,26014,,,D46BA6A2,
,,4,2025-05-27 20:33:04,-79,A648A0E7,16845,,,CB4A1EAE,
,,1,2025-05-27 20:33:04,-79,A648A0E7,16845,,,CB4A1EAE,
,,3,2025-05-27 20:33:13,-74,B78FE24A,11332,,,D46BA6A2,
,,2,2025-05-27 20:33:13,-74,B78FE24A,11332,,,D46BA6A2,
,,4,2025-05-27 20:33:13,-74,B78FE24A,11332,,,D46BA6A2,
,,1,2025-05-27 20:33:13,-74,B78FE24A,11332,,,D46BA6A2,
,,3,2025-05-27 20:33:14,-65,59FE8D30,54795,,,D46BA6A2,
,,4,2025-05-27 20:33:16,-72,D7510A57,55117,,,D46BA6A2,
,,3,2025-05-27 20:33:16,-72,D7510A57,55117,,,D46BA6A2,
,,1,2025-05-27 20:33:11,-78,367E0F4A,61575,,,CB4A1EAE,
,,1,2025-05-27 20:33:14,-74,D7510A57,53514,,,CB4A1EAE,
,,4,2025-05-27 20:33:14,-74,D7510A57,53514,,,CB4A1EAE,
,,2,2025-05-27 20:33:19,-68,59FE8D30,32715,,,D46BA6A2,
,,1,2025-05-27 20:33:20,-67,D7510A57,61733,,,D46BA6A2,
,,2,2025-05-27 20:33:21,-79,A648A0E7,61905,,,D46BA6A2,
,,3,2025-05-27 20:33:21,-79,A648A0E7,61905,,,D46BA6A2,
,,3,2025-05-27 20:33:22,-77,81D187E3,45826,,,D46BA6A2,
,,4,2025-05-27 20:33:22,-77,81D187E3,45826,,,D46BA6A2,
,,4,2025-05-27 20:33:24,-79,81D187E3,27505,,,D46BA6A2,
,,3,2025-05-27 20:33:24,-79,81D187E3,27505,,,D46BA6A2,
,,4,2025-05-27 20:33:30,-79,367E0F4A,16400,,,CB4A1EAE,
,,1,2025-05-27 20:33:30,-79,367E0F4A,16400,,,CB4A1EAE,
,,1,2025-05-27 20:33:28,-69,13323C65,51321,,,D46BA6A2,
,,5,2025-05-27 20:33:29,-76,B78FE24A,53562,,,D46BA6A2,
,,2,2025-05-27 20:33:29,-76,B78FE24A,53562,,,D46BA6A2,
,,4,2025-05-27 20:33:03,-75,81D187E3,53919,,,4D64B5B5,
,,1,2025-05-27 20:33:03,-75,81D187E3,53919,,,4D64B5B5,
,,4,2025-05-27 20:33:04,-76,59FE8D30,2394,,,4D64B5B5,
,,1,2025-05-27 20:33:04,-71,D7510A57,53087,,,4D64B5B5,
,,4,2025-05-27 20:33:04,-71,D7510A57,53087,,,4D64B5B5,
,,1,2025-05-27 20:33:08,-72,D7510A57,4970,,,4D64B5B5,
,,4,2025-05-27 20:33:08,-72,D7510A57,4970,,,4D64B5B5,
,,4,2025-05-27 20:33:10,-81,23D9727E,54649,,,4D64B5B5,
,,1,2025-05-27 20:33:10,-81,23D9727E,54649,,,4D64B5B5,
,,1,2025-05-27 20:33:14,-75,81D187E3,48983,,,4D64B5B5,
,,4,2025-05-27 20:33:16,-72,D7510A57,43264,,,4D64B5B5,
,,4,2025-05-27 20:33:07,-77,D7510A57,28802,,,9CC5DC79,
,,4,2025-05-27 20:33:13,-70,870614B1,2344,,,9CC5DC79,
,,1,2025-05-27 20:33:13,-70,870614B1,2344,,,9CC5DC79,
,,2,2025-05-27 20:33:13,-70,870614B1,2344,,,9CC5DC79,
,,3,2025-05-27 20:33:13,-70,870614B1,2344,,,9CC5DC79,
,,5,2025-05-27 20:33:13,-70,870614B1,2344,,,9CC5DC79,
,,5,2025-05-27 20:33:14,-72,13323C65,22484,,,9CC5DC79,
,,4,2025-05-27 20:33:14,-72,13323C65,22484,,,9CC5DC79,
,,4,2025-05-27 20:33:25,-82,A648A0E7,3992,,,4D64B5B5,
,,1,2025-05-27 20:33:25,-82,A648A0E7,3992,,,4D64B5B5,
,,5,2025-05-27 20:33:16,-79,367E0F4A,43276,,,9CC5DC79,
,,5,2025-05-27 20:33:17,-79,D7510A57,55117,,,9CC5DC79,
,,4,2025-05-27 20:33:17,-79,D7510A57,55117,,,9CC5DC79,
,,2,2025-05-27 20:33:17,-79,D7510A57,55117,,,9CC5DC79,
,,3,2025-05-27 20:33:17,-79,D7510A57,55117,,,9CC5DC79,
,,5,2025-05-27 20:33:21,-72,367E0F4A,16270,,,9CC5DC79,
,,4,2025-05-27 20:33:21,-72,367E0F4A,16270,,,9CC5DC79,
,,3,2025-05-27 20:33:21,-72,367E0F4A,16270,,,9CC5DC79,
,,2,2025-05-27 20:33:23,-77,D7510A57,10318,,,9CC5DC79,
,,5,2025-05-27 20:33:23,-77,D7510A57,10318,,,9CC5DC79,
,,4,2025-05-27 20:33:23,-77,D7510A57,10318,,,9CC5DC79,
,,5,2025-05-27 20:33:27,-71,367E0F4A,61224,,,9CC5DC79,
,,2,2025-05-27 20:33:28,-75,A648A0E7,3652,,,9CC5DC79,
,,3,2025-05-27 20:33:28,-75,A648A0E7,3652,,,9CC5DC79,
,,5,2025-05-27 20:33:28,-75,A648A0E7,3652,,,9CC5DC79,
,,4,2025-05-27 20:33:28,-75,A648A0E7,3652,,,9CC5DC79,
,,1,2025-05-27 20:33:28,-72,367E0F4A,32592,,,9CC5DC79,
,,1,2025-05-27 20:33:09,-71,367E0F4A,54093,,,B995250B,
,,4,2025-05-27 20:33:09,-71,367E0F4A,54093,,,B995250B,
,,1,2025-05-27 20:33:32,-71,367E0F4A,47622,,,9CC5DC79,
,,4,2025-05-27 20:33:32,-71,367E0F4A,47622,,,9CC5DC79,
,,5,2025-05-27 20:33:33,-72,367E0F4A,54497,,,9CC5DC79,
,,5,2025-05-27 20:33:34,-83,13323C65,49735,,,9CC5DC79,
,,4,2025-05-27 20:33:22,-80,A648A0E7,20134,,,B995250B,
,,5,2025-05-27 20:33:22,-63,367E0F4A,16270,,,AA4358FB,
,,3,2025-05-27 20:33:22,-77,D7510A57,63453,,,AA4358FB,
,,2,2025-05-27 20:33:23,-69,81D187E3,45826,,,AA4358FB,
,,5,2025-05-27 20:33:23,-69,81D187E3,45826,,,AA4358FB,
,,4,2025-05-27 20:33:23,-69,81D187E3,45826,,,AA4358FB,
,,3,2025-05-27 20:33:23,-69,81D187E3,45826,,,AA4358FB,
,,4,2025-05-27 20:33:23,-64,367E0F4A,43904,,,AA4358FB,
,,5,2025-05-27 20:33:23,-64,367E0F4A,43904,,,AA4358FB,
,,3,2025-05-27 20:33:24,-76,B78FE24A,4615,,,AA4358FB,
,,2,2025-05-27 20:33:24,-76,B78FE24A,4615,,,AA4358FB,
,,5,2025-05-27 20:33:24,-76,B78FE24A,4615,,,AA4358FB,
,,2,2025-05-27 20:33:25,-72,13323C65,46277,,,AA4358FB,
,,5,2025-05-27 20:33:25,-72,13323C65,46277,,,AA4358FB,
,,3,2025-05-27 20:33:25,-72,13323C65,46277,,,AA4358FB,
,,5,2025-05-27 20:33:25,-64,367E0F4A,8641,,,AA4358FB,
,,2,2025-05-27 20:33:26,-71,59FE8D30,39097,,,AA4358FB,
,,4,2025-05-27 20:33:26,-71,59FE8D30,39097,,,AA4358FB,
,,3,2025-05-27 20:33:26,-71,59FE8D30,39097,,,AA4358FB,
,,1,2025-05-27 20:33:26,-71,59FE8D30,39097,,,AA4358FB,
,,5,2025-05-27 20:33:26,-71,59FE8D30,39097,,,AA4358FB,
,,1,2025-05-27 20:33:27,-69,81D187E3,19481,,,AA4358FB,
,,1,2025-05-27 20:33:27,-84,B78FE24A,35123,,,AA4358FB,
,,2,2025-05-27 20:33:27,-84,B78FE24A,35123,,,AA4358FB,
,,4,2025-05-27 20:33:27,-84,B78FE24A,35123,,,AA4358FB,
,,3,2025-05-27 20:33:27,-84,B78FE24A,35123,,,AA4358FB,
,,5,2025-05-27 20:33:27,-84,B78FE24A,35123,,,AA4358FB,
,,3,2025-05-27 20:33:28,-75,3F9E3319,18694,,,AA4358FB,
,,4,2025-05-27 20:33:28,-75,3F9E3319,18694,,,AA4358FB,
,,5,2025-05-27 20:33:28,-75,3F9E3319,18694,,,AA4358FB,
,,3,2025-05-27 20:33:28,-75,A648A0E7,3652,,,AA4358FB,
,,2,2025-05-27 20:33:28,-75,A648A0E7,3652,,,AA4358FB,
,,2,2025-05-27 20:33:29,-69,81D187E3,40280,,,AA4358FB,
,,3,2025-05-27 20:33:29,-69,81D187E3,40280,,,AA4358FB,
,,5,2025-05-27 20:33:29,-69,81D187E3,40280,,,AA4358FB,
,,1,2025-05-27 20:33:30,-71,59FE8D30,51482,,,AA4358FB,
,,3,2025-05-27 20:33:30,-71,59FE8D30,51482,,,AA4358FB,
,,4,2025-05-27 20:33:30,-71,59FE8D30,51482,,,AA4358FB,
,,2,2025-05-27 20:33:30,-71,59FE8D30,51482,,,AA4358FB,
,,4,2025-05-27 20:33:31,-76,B78FE24A,55085,,,AA4358FB,
,,3,2025-05-27 20:33:31,-76,B78FE24A,55085,,,AA4358FB,
,,1,2025-05-27 20:33:31,-76,B78FE24A,55085,,,AA4358FB,
,,5,2025-05-27 20:33:31,-76,B78FE24A,55085,,,AA4358FB,
,,2,2025-05-27 20:33:31,-76,B78FE24A,55085,,,AA4358FB,
,,3,2025-05-27 20:33:31,-78,E85FB74C,24837,,,AA4358FB,
,,5,2025-05-27 20:33:31,-78,E85FB74C,24837,,,AA4358FB,
,,1,2025-05-27 20:33:32,-69,81D187E3,55377,,,AA4358FB,
,,4,2025-05-27 20:33:32,-69,81D187E3,55377,,,AA4358FB,
,,3,2025-05-27 20:33:32,-69,81D187E3,55377,,,AA4358FB,
,,5,2025-05-27 20:33:32,-69,81D187E3,55377,,,AA4358FB,
,,2,2025-05-27 20:33:32,-69,81D187E3,55377,,,AA4358FB,
,,3,2025-05-27 20:33:34,-72,13323C65,26580,,,AA4358FB,
,,2,2025-05-27 20:33:34,-72,13323C65,26580,,,AA4358FB,
,,4,2025-05-27 20:33:34,-72,13323C65,26580,,,AA4358FB,
,,5,2025-05-27 20:33:34,-72,13323C65,26580,,,AA4358FB,
,,5,2025-05-27 20:33:34,-76,E2A807D7,55333,,,AA4358FB,
,,1,2025-05-27 20:33:34,-76,E2A807D7,55333,,,AA4358FB,
,,3,2025-05-27 20:33:34,-76,E2A807D7,55333,,,AA4358FB,
,,2,2025-05-27 20:33:34,-76,E2A807D7,55333,,,AA4358FB,
,,4,2025-05-27 20:33:34,-76,E2A807D7,55333,,,AA4358FB,
,,5,2025-05-27 20:33:35,-76,59FE8D30,30632,,,AA4358FB,
,,2,2025-05-27 20:33:35,-76,59FE8D30,30632,,,AA4358FB,
,,3,2025-05-27 20:33:35,-76,59FE8D30,30632,,,AA4358FB,
,,5,2025-05-27 20:33:36,-64,0000006E,27062,,,AA4358FB,
,,3,2025-05-27 20:33:37,-71,59FE8D30,18127,,,AA4358FB,
,,2,2025-05-27 20:33:37,-71,59FE8D30,18127,,,AA4358FB,
,,5,2025-05-27 20:33:08,-80,367E0F4A,8549,,,7378B941,
,,5,2025-05-27 20:33:09,-82,D7510A57,56937,,,7378B941,
,,4,2025-05-27 20:33:09,-82,D7510A57,56937,,,7378B941,
,,5,2025-05-27 20:33:20,-81,81D187E3,58666,,,7378B941,
,,4,2025-05-27 20:33:24,-78,13323C65,46277,,,7378B941,
,,1,2025-05-27 20:33:24,-78,13323C65,46277,,,7378B941,
,,5,2025-05-27 20:33:24,-78,13323C65,46277,,,7378B941,
,,5,2025-05-27 20:33:27,-76,A648A0E7,16743,,,7378B941,
,,1,2025-05-27 20:33:33,-77,D7510A57,10018,,,7378B941,
,,1,2025-05-27 20:33:35,-81,367E0F4A,19589,,,7378B941,
,,5,2025-05-27 20:33:35,-81,367E0F4A,19589,,,7378B941,
,,4,2025-05-27 20:33:35,-81,367E0F4A,19589,,,7378B941,
,,5,2025-05-27 20:33:37,-83,23D9727E,5262,,,7378B941,
,,5,2025-05-27 20:33:38,-80,367E0F4A,53154,,,7378B941,
,,1,2025-05-27 20:33:40,-80,367E0F4A,40407,,,7378B941,
,,4,2025-05-27 20:33:19,-75,A648A0E7,41690,,,520A3C5C,
,,4,2025-05-27 20:33:21,-70,D7510A57,61733,,,520A3C5C,
,,5,2025-05-27 20:33:21,-70,D7510A57,61733,,,520A3C5C,
,,2,2025-05-27 20:33:21,-70,D7510A57,61733,,,520A3C5C,
,,3,2025-05-27 20:33:21,-70,D7510A57,61733,,,520A3C5C,
,,5,2025-05-27 20:33:21,-67,13323C65,40732,,,520A3C5C,
,,2,2025-05-27 20:33:21,-67,13323C65,40732,,,520A3C5C,
,,3,2025-05-27 20:33:21,-67,13323C65,40732,,,520A3C5C,
,,5,2025-05-27 20:33:22,-67,13323C65,11920,,,520A3C5C,
,,2,2025-05-27 20:33:22,-67,13323C65,11920,,,520A3C5C,
,,3,2025-05-27 20:33:22,-67,13323C65,11920,,,520A3C5C,
,,4,2025-05-27 20:33:22,-77,81D187E3,45826,,,520A3C5C,
,,3,2025-05-27 20:33:22,-80,23D9727E,16704,,,520A3C5C,
,,4,2025-05-27 20:33:22,-80,23D9727E,16704,,,520A3C5C,
,,2,2025-05-27 20:33:22,-80,23D9727E,16704,,,520A3C5C,
,,5,2025-05-27 20:33:22,-80,23D9727E,16704,,,520A3C5C,
,,2,2025-05-27 20:33:22,-87,B78FE24A,12071,,,520A3C5C,
,,5,2025-05-27 20:33:24,-70,D7510A57,475,,,520A3C5C,
,,5,2025-05-27 20:33:26,-80,E85FB74C,41811,,,520A3C5C,
,,3,2025-05-27 20:33:28,-67,13323C65,51321,,,520A3C5C,
,,2,2025-05-27 20:33:28,-67,13323C65,51321,,,520A3C5C,
,,5,2025-05-27 20:33:28,-67,13323C65,51321,,,520A3C5C,
,,5,2025-05-27 20:33:29,-71,D7510A57,47670,,,520A3C5C,
,,3,2025-05-27 20:33:29,-71,D7510A57,47670,,,520A3C5C,
,,2,2025-05-27 20:33:29,-71,D7510A57,47670,,,520A3C5C,
,,5,2025-05-27 20:33:31,-72,07F9389E,28206,,,520A3C5C,
,,4,2025-05-27 20:33:31,-72,07F9389E,28206,,,520A3C5C,
,,2,2025-05-27 20:33:33,-83,3F9E3319,23594,,,520A3C5C,
,,5,2025-05-27 20:33:33,-83,3F9E3319,23594,,,520A3C5C,
,,4,2025-05-27 20:33:33,-79,13323C65,26580,,,520A3C5C,
,,4,2025-05-27 20:33:34,-67,13323C65,49735,,,520A3C5C,
,,1,2025-05-27 20:33:35,-65,870614B1,49634,,,520A3C5C,
,,2,2025-05-27 20:33:35,-65,870614B1,49634,,,520A3C5C,
,,5,2025-05-27 20:33:35,-65,870614B1,49634,,,520A3C5C,
,,5,2025-05-27 20:33:35,-78,E2A807D7,38170,,,520A3C5C,
,,5,2025-05-27 20:33:36,-71,13323C65,53691,,,520A3C5C,
,,3,2025-05-27 20:33:36,-80,E2A807D7,34756,,,520A3C5C,
,,5,2025-05-27 20:33:36,-80,E2A807D7,34756,,,520A3C5C,
,,2,2025-05-27 20:33:36,-80,E2A807D7,34756,,,520A3C5C,
,,4,2025-05-27 20:33:36,-80,E2A807D7,34756,,,520A3C5C,
,,3,2025-05-27 20:33:39,-70,367E0F4A,53154,,,520A3C5C,
,,5,2025-05-27 20:33:39,-70,367E0F4A,53154,,,520A3C5C,
,,4,2025-05-27 20:33:39,-70,367E0F4A,53154,,,520A3C5C,
,,2,2025-05-27 20:33:39,-70,367E0F4A,53154,,,520A3C5C,
,,2,2025-05-27 20:33:42,-71,D7510A57,40847,,,520A3C5C,
,,5,2025-05-27 20:33:42,-71,D7510A57,40847,,,520A3C5C,
,,4,2025-05-27 20:33:42,-71,D7510A57,40847,,,520A3C5C,
,,1,2025-05-27 20:33:42,-71,D7510A57,40847,,,520A3C5C,
,,3,2025-05-27 20:33:42,-71,D7510A57,40847,,,520A3C5C,
,,5,2025-05-27 20:33:42,-85,81D187E3,41003,,,520A3C5C,
,,4,2025-05-27 20:33:42,-85,81D187E3,41003,,,520A3C5C,
,,2,2025-05-27 20:33:42,-85,81D187E3,41003,,,520A3C5C,
,,3,2025-05-27 20:33:42,-85,81D187E3,41003,,,520A3C5C,
,,5,2025-05-27 20:33:45,-69,D7510A57,977,,,520A3C5C,
,,1,2025-05-27 20:33:28,-74,81D187E3,20369,,,7D769A01,
,,1,2025-05-27 20:33:30,-66,367E0F4A,16400,,,7D769A01,
,,1,2025-05-27 20:33:34,-80,E197FE3E,24112,,,7D769A01,
,,1,2025-05-27 20:33:38,-72,870614B1,11773,,,7D769A01,
,,1,2025-05-27 20:33:40,-65,367E0F4A,40407,,,7D769A01,
,,1,2025-05-27 20:33:45,-80,E197FE3E,14101,,,7D769A01,
,,1,2025-05-27 20:33:46,-82,E85FB74C,17935,,,7D769A01,
,,1,2025-05-27 20:33:46,-68,367E0F4A,58028,,,7D769A01,
,,1,2025-05-27 20:33:33,-70,367E0F4A,54497,,,4D64B5B5,
,,4,2025-05-27 20:33:33,-70,367E0F4A,54497,,,4D64B5B5,
,,4,2025-05-27 20:33:35,-77,367E0F4A,63309,,,4D64B5B5,
,,4,2025-05-27 20:33:45,-73,81D187E3,7703,,,4D64B5B5,
,,1,2025-05-27 20:33:45,-73,81D187E3,7703,,,4D64B5B5,
,,4,2025-05-27 20:33:43,-66,367E0F4A,63440,,,AA4358FB,
,,5,2025-05-27 20:33:43,-66,367E0F4A,63440,,,AA4358FB,
,,3,2025-05-27 20:33:43,-66,367E0F4A,63440,,,AA4358FB,
,,2,2025-05-27 20:33:43,-66,367E0F4A,63440,,,AA4358FB,
,,1,2025-05-27 20:33:43,-66,367E0F4A,63440,,,AA4358FB,
,,1,2025-05-27 20:33:31,-73,D7510A57,27604,,,D46BA6A2,
,,2,2025-05-27 20:33:31,-73,D7510A57,27604,,,D46BA6A2,
,,5,2025-05-27 20:33:31,-73,D7510A57,27604,,,D46BA6A2,
,,4,2025-05-27 20:33:31,-73,D7510A57,27604,,,D46BA6A2,
,,3,2025-05-27 20:33:31,-73,D7510A57,27604,,,D46BA6A2,
,,1,2025-05-27 20:33:49,-72,D7510A57,50594,,,4D64B5B5,
,,4,2025-05-27 20:33:49,-72,D7510A57,50594,,,4D64B5B5,
,,1,2025-05-27 20:33:35,-70,A648A0E7,25314,,,D46BA6A2,
,,3,2025-05-27 20:33:35,-70,A648A0E7,25314,,,D46BA6A2,
,,4,2025-05-27 20:33:35,-70,A648A0E7,25314,,,D46BA6A2,
,,1,2025-05-27 20:33:53,-78,870614B1,45032,,,4D64B5B5,
,,5,2025-05-27 20:33:47,-79,870614B1,58371,,,AA4358FB,
,,2,2025-05-27 20:33:47,-79,870614B1,58371,,,AA4358FB,
,,3,2025-05-27 20:33:47,-79,870614B1,58371,,,AA4358FB,
,,2,2025-05-27 20:33:36,-65,59FE8D30,18127,,,D46BA6A2,
,,4,2025-05-27 20:33:36,-65,59FE8D30,18127,,,D46BA6A2,
,,5,2025-05-27 20:33:36,-65,59FE8D30,18127,,,D46BA6A2,
,,3,2025-05-27 20:33:51,-69,81D187E3,15575,,,AA4358FB,
,,4,2025-05-27 20:33:51,-69,81D187E3,15575,,,AA4358FB,
,,2,2025-05-27 20:33:51,-69,81D187E3,15575,,,AA4358FB,
,,5,2025-05-27 20:33:51,-69,81D187E3,15575,,,AA4358FB,
,,4,2025-05-27 20:33:56,-72,D7510A57,55942,,,4D64B5B5,
,,5,2025-05-27 20:33:51,-68,367E0F4A,14783,,,AA4358FB,
,,3,2025-05-27 20:33:51,-68,367E0F4A,14783,,,AA4358FB,
,,3,2025-05-27 20:33:40,-74,E85FB74C,29947,,,D46BA6A2,
,,4,2025-05-27 20:33:52,-82,E197FE3E,3721,,,AA4358FB,
,,3,2025-05-27 20:33:52,-82,E197FE3E,3721,,,AA4358FB,
,,1,2025-05-27 20:33:52,-82,E197FE3E,3721,,,AA4358FB,
,,2,2025-05-27 20:33:52,-82,E197FE3E,3721,,,AA4358FB,
,,5,2025-05-27 20:33:52,-82,E197FE3E,3721,,,AA4358FB,
,,2,2025-05-27 20:33:52,-70,367E0F4A,27902,,,AA4358FB,
,,3,2025-05-27 20:33:52,-70,367E0F4A,27902,,,AA4358FB,
,,4,2025-05-27 20:33:52,-70,367E0F4A,27902,,,AA4358FB,
,,1,2025-05-27 20:33:42,-75,3F9E3319,30205,,,D46BA6A2,
,,5,2025-05-27 20:33:54,-80,59FE8D30,43572,,,AA4358FB,
,,3,2025-05-27 20:33:54,-80,59FE8D30,43572,,,AA4358FB,
,,4,2025-05-27 20:33:55,-69,81D187E3,53635,,,AA4358FB,
,,2,2025-05-27 20:33:55,-69,81D187E3,53635,,,AA4358FB,
,,5,2025-05-27 20:33:55,-69,81D187E3,53635,,,AA4358FB,
,,3,2025-05-27 20:33:55,-69,81D187E3,53635,,,AA4358FB,
,,3,2025-05-27 20:33:55,-63,367E0F4A,50876,,,AA4358FB,
,,2,2025-05-27 20:33:55,-63,367E0F4A,50876,,,AA4358FB,
,,5,2025-05-27 20:33:55,-63,367E0F4A,50876,,,AA4358FB,
,,4,2025-05-27 20:33:46,-69,870614B1,58371,,,D46BA6A2,
,,2,2025-05-27 20:33:46,-69,870614B1,58371,,,D46BA6A2,
,,3,2025-05-27 20:33:46,-69,870614B1,58371,,,D46BA6A2,
,,4,2025-05-27 20:33:48,-80,367E0F4A,17944,,,D46BA6A2,
,,1,2025-05-27 20:33:48,-80,367E0F4A,17944,,,D46BA6A2,
,,3,2025-05-27 20:33:57,-72,81D187E3,31389,,,AA4358FB,
,,2,2025-05-27 20:33:57,-72,81D187E3,31389,,,AA4358FB,
,,3,2025-05-27 20:33:49,-79,E197FE3E,46749,,,D46BA6A2,
,,2,2025-05-27 20:33:49,-79,E197FE3E,46749,,,D46BA6A2,
,,4,2025-05-27 20:33:49,-79,E197FE3E,46749,,,D46BA6A2,
,,1,2025-05-27 20:33:49,-79,E197FE3E,46749,,,D46BA6A2,
,,4,2025-05-27 20:33:57,-78,D7510A57,20841,,,AA4358FB,
,,5,2025-05-27 20:33:57,-78,D7510A57,20841,,,AA4358FB,
,,3,2025-05-27 20:33:57,-78,D7510A57,20841,,,AA4358FB,
,,3,2025-05-27 20:33:50,-70,13323C65,36201,,,D46BA6A2,
,,4,2025-05-27 20:33:50,-70,13323C65,36201,,,D46BA6A2,
,,1,2025-05-27 20:33:50,-70,13323C65,36201,,,D46BA6A2,
,,3,2025-05-27 20:33:50,-67,D7510A57,1058,,,D46BA6A2,
,,1,2025-05-27 20:33:51,-70,A648A0E7,7839,,,D46BA6A2,
,,1,2025-05-27 20:33:51,-74,D7510A57,43835,,,D46BA6A2,
,,5,2025-05-27 20:33:52,-70,A648A0E7,20562,,,D46BA6A2,
,,3,2025-05-27 20:33:52,-70,A648A0E7,20562,,,D46BA6A2,
,,2,2025-05-27 20:33:52,-70,A648A0E7,20562,,,D46BA6A2,
,,5,2025-05-27 20:33:55,-76,23D9727E,63437,,,D46BA6A2,
,,3,2025-05-27 20:33:55,-76,23D9727E,63437,,,D46BA6A2,
,,2,2025-05-27 20:33:55,-76,23D9727E,63437,,,D46BA6A2,
,,1,2025-05-27 20:33:56,-70,E197FE3E,37053,,,D46BA6A2,
,,4,2025-05-27 20:33:56,-70,E197FE3E,37053,,,D46BA6A2,
,,3,2025-05-27 20:33:56,-70,E197FE3E,37053,,,D46BA6A2,
,,1,2025-05-27 20:33:56,-68,D7510A57,20841,,,D46BA6A2,
,,4,2025-05-27 20:33:56,-68,D7510A57,20841,,,D46BA6A2,
,,3,2025-05-27 20:33:56,-68,D7510A57,20841,,,D46BA6A2,
,,1,2025-05-27 20:33:37,-77,59FE8D30,18127,,,9CC5DC79,
,,5,2025-05-27 20:33:40,-80,367E0F4A,40407,,,9CC5DC79,
,,1,2025-05-27 20:33:41,-80,367E0F4A,18860,,,9CC5DC79,
,,1,2025-05-27 20:33:41,-83,D7510A57,59234,,,9CC5DC79,
,,3,2025-05-27 20:33:42,-70,367E0F4A,713,,,9CC5DC79,
,,1,2025-05-27 20:33:42,-70,367E0F4A,713,,,9CC5DC79,
,,5,2025-05-27 20:33:42,-70,367E0F4A,713,,,9CC5DC79,
,,4,2025-05-27 20:33:42,-70,367E0F4A,713,,,9CC5DC79,
,,1,2025-05-27 20:33:42,-72,13323C65,13936,,,9CC5DC79,
,,1,2025-05-27 20:33:46,-72,367E0F4A,58028,,,9CC5DC79,
,,5,2025-05-27 20:33:47,-80,0000006E,39732,,,9CC5DC79,
,,3,2025-05-27 20:33:47,-80,0000006E,39732,,,9CC5DC79,
,,4,2025-05-27 20:33:47,-80,0000006E,39732,,,9CC5DC79,
,,1,2025-05-27 20:33:48,-83,81D187E3,34855,,,9CC5DC79,
,,1,2025-05-27 20:33:53,-79,367E0F4A,16487,,,9CC5DC79,
,,1,2025-05-27 20:33:53,-78,0000006E,61616,,,9CC5DC79,
,,5,2025-05-27 20:33:55,-79,367E0F4A,50876,,,9CC5DC79,
,,1,2025-05-27 20:33:55,-79,367E0F4A,50876,,,9CC5DC79,
,,3,2025-05-27 20:33:46,-77,81D187E3,32459,,,520A3C5C,
,,2,2025-05-27 20:33:46,-77,81D187E3,32459,,,520A3C5C,
,,5,2025-05-27 20:33:57,-86,E2A807D7,45160,,,9CC5DC79,
,,3,2025-05-27 20:33:57,-86,E2A807D7,45160,,,9CC5DC79,
,,4,2025-05-27 20:33:47,-76,59FE8D30,62693,,,520A3C5C,
,,3,2025-05-27 20:33:58,-77,D7510A57,57143,,,9CC5DC79,
,,2,2025-05-27 20:33:58,-77,D7510A57,57143,,,9CC5DC79,
,,2,2025-05-27 20:33:47,-67,D7510A57,54689,,,520A3C5C,
,,3,2025-05-27 20:33:47,-67,D7510A57,54689,,,520A3C5C,
,,3,2025-05-27 20:33:47,-76,A648A0E7,281,,,520A3C5C,
,,2,2025-05-27 20:33:47,-76,A648A0E7,281,,,520A3C5C,
,,4,2025-05-27 20:33:49,-77,367E0F4A,57000,,,520A3C5C,
,,3,2025-05-27 20:33:49,-77,367E0F4A,57000,,,520A3C5C,
,,2,2025-05-27 20:33:49,-77,367E0F4A,57000,,,520A3C5C,
,,5,2025-05-27 20:33:49,-77,367E0F4A,57000,,,520A3C5C,
,,3,2025-05-27 20:33:51,-71,13323C65,36201,,,520A3C5C,
,,2,2025-05-27 20:33:51,-71,13323C65,36201,,,520A3C5C,
,,5,2025-05-27 20:33:51,-71,13323C65,36201,,,520A3C5C,
,,4,2025-05-27 20:33:51,-71,13323C65,36201,,,520A3C5C,
,,4,2025-05-27 20:33:51,-67,D7510A57,1058,,,520A3C5C,
,,3,2025-05-27 20:33:51,-67,D7510A57,1058,,,520A3C5C,
,,5,2025-05-27 20:33:53,-77,59FE8D30,32113,,,520A3C5C,
,,4,2025-05-27 20:33:53,-77,59FE8D30,32113,,,520A3C5C,
,,2,2025-05-27 20:33:53,-77,59FE8D30,32113,,,520A3C5C,
,,3,2025-05-27 20:33:53,-77,59FE8D30,32113,,,520A3C5C,
,,4,2025-05-27 20:33:54,-77,13323C65,53293,,,520A3C5C,
,,4,2025-05-27 20:33:54,-70,D7510A57,8996,,,520A3C5C,
,,5,2025-05-27 20:33:56,-74,23D9727E,63437,,,520A3C5C,
,,3,2025-05-27 20:33:56,-74,23D9727E,63437,,,520A3C5C,
,,2,2025-05-27 20:33:56,-74,23D9727E,63437,,,520A3C5C,
,,4,2025-05-27 20:33:56,-74,23D9727E,63437,,,520A3C5C,
,,3,2025-05-27 20:33:56,-76,59FE8D30,8651,,,520A3C5C,
,,2,2025-05-27 20:33:56,-76,59FE8D30,8651,,,520A3C5C,
,,5,2025-05-27 20:33:57,-74,D7510A57,20841,,,520A3C5C,
,,4,2025-05-27 20:33:30,-79,59FE8D30,51482,,,CB4A1EAE,
,,3,2025-05-27 20:33:57,-80,E2A807D7,45160,,,520A3C5C,
,,5,2025-05-27 20:33:57,-80,E2A807D7,45160,,,520A3C5C,
,,4,2025-05-27 20:33:58,-67,D7510A57,57143,,,520A3C5C,
,,5,2025-05-27 20:33:58,-67,D7510A57,57143,,,520A3C5C,
,,5,2025-05-27 20:33:59,-74,870614B1,29776,,,520A3C5C,
,,4,2025-05-27 20:33:59,-76,81D187E3,50364,,,520A3C5C,
,,5,2025-05-27 20:33:59,-76,81D187E3,50364,,,520A3C5C,
,,3,2025-05-27 20:33:59,-76,81D187E3,50364,,,520A3C5C,
,,2,2025-05-27 20:33:59,-76,81D187E3,50364,,,520A3C5C,
,,4,2025-05-27 20:33:33,-79,59FE8D30,8059,,,CB4A1EAE,
,,1,2025-05-27 20:33:33,-79,59FE8D30,8059,,,CB4A1EAE,
,,3,2025-05-27 20:33:59,-67,A648A0E7,45795,,,520A3C5C,
,,4,2025-05-27 20:33:59,-67,A648A0E7,45795,,,520A3C5C,
,,2,2025-05-27 20:33:59,-67,A648A0E7,45795,,,520A3C5C,
,,5,2025-05-27 20:33:59,-67,A648A0E7,45795,,,520A3C5C,
,,2,2025-05-27 20:34:00,-67,D7510A57,29941,,,520A3C5C,
,,5,2025-05-27 20:34:00,-67,D7510A57,29941,,,520A3C5C,
,,3,2025-05-27 20:34:00,-67,D7510A57,29941,,,520A3C5C,
,,1,2025-05-27 20:34:00,-76,13323C65,11815,,,520A3C5C,
,,4,2025-05-27 20:34:00,-76,13323C65,11815,,,520A3C5C,
,,2,2025-05-27 20:34:00,-76,13323C65,11815,,,520A3C5C,
,,5,2025-05-27 20:34:00,-76,13323C65,11815,,,520A3C5C,
,,3,2025-05-27 20:34:00,-76,13323C65,11815,,,520A3C5C,
,,1,2025-05-27 20:33:35,-78,A648A0E7,25314,,,CB4A1EAE,
,,2,2025-05-27 20:34:01,-69,D7510A57,13454,,,520A3C5C,
,,5,2025-05-27 20:34:01,-69,D7510A57,13454,,,520A3C5C,
,,3,2025-05-27 20:34:01,-71,13323C65,14365,,,520A3C5C,
,,5,2025-05-27 20:34:01,-71,13323C65,14365,,,520A3C5C,
,,2,2025-05-27 20:34:01,-71,13323C65,14365,,,520A3C5C,
,,5,2025-05-27 20:34:01,-77,81D187E3,27836,,,520A3C5C,
,,1,2025-05-27 20:33:39,-78,367E0F4A,53154,,,CB4A1EAE,
,,4,2025-05-27 20:33:39,-78,367E0F4A,53154,,,CB4A1EAE,
,,5,2025-05-27 20:34:02,-70,870614B1,10261,,,520A3C5C,
,,3,2025-05-27 20:34:02,-82,B78FE24A,49132,,,520A3C5C,
,,2,2025-05-27 20:34:02,-67,A648A0E7,53259,,,520A3C5C,
,,4,2025-05-27 20:34:02,-67,A648A0E7,53259,,,520A3C5C,
,,5,2025-05-27 20:34:02,-67,A648A0E7,53259,,,520A3C5C,
,,4,2025-05-27 20:33:44,-78,367E0F4A,1084,,,CB4A1EAE,
,,1,2025-05-27 20:33:55,-84,A648A0E7,40416,,,CB4A1EAE,
,,1,2025-05-27 20:33:48,-72,59FE8D30,23032,,,7D769A01,
,,1,2025-05-27 20:33:53,-79,E2A807D7,61953,,,7D769A01,
,,1,2025-05-27 20:33:54,-74,81D187E3,21459,,,7D769A01,
,,1,2025-05-27 20:33:54,-72,59FE8D30,43572,,,7D769A01,
,,1,2025-05-27 20:33:54,-69,D7510A57,8996,,,7D769A01,
,,1,2025-05-27 20:33:57,-74,A648A0E7,35491,,,7D769A01,
,,1,2025-05-27 20:33:59,-74,A648A0E7,26741,,,7D769A01,
,,1,2025-05-27 20:33:51,-71,59FE8D30,40778,,,B995250B,
,,4,2025-05-27 20:33:51,-71,59FE8D30,40778,,,B995250B,
,,1,2025-05-27 20:34:00,-74,A648A0E7,45795,,,7D769A01,
,,1,2025-05-27 20:34:00,-73,59FE8D30,29137,,,7D769A01,
,,1,2025-05-27 20:33:53,-80,A648A0E7,35349,,,B995250B,
,,4,2025-05-27 20:33:53,-80,A648A0E7,35349,,,B995250B,
,,4,2025-05-27 20:33:55,-80,A648A0E7,40416,,,B995250B,
,,1,2025-05-27 20:33:55,-80,A648A0E7,40416,,,B995250B,
,,1,2025-05-27 20:34:01,-69,D7510A57,13454,,,7D769A01,
,,1,2025-05-27 20:34:02,-71,870614B1,10261,,,7D769A01,
,,1,2025-05-27 20:33:56,-79,13323C65,13035,,,B995250B,
,,1,2025-05-27 20:33:56,-73,367E0F4A,39535,,,B995250B,
,,4,2025-05-27 20:33:56,-73,367E0F4A,39535,,,B995250B,
,,1,2025-05-27 20:34:03,-82,E197FE3E,46701,,,7D769A01,
,,1,2025-05-27 20:34:02,-78,23D9727E,56067,,,B995250B,
,,1,2025-05-27 20:34:07,-69,D7510A57,55255,,,7D769A01,
,,5,2025-05-27 20:33:44,-76,59FE8D30,37300,,,7378B941,
,,5,2025-05-27 20:33:46,-75,07F9389E,27312,,,7378B941,
,,5,2025-05-27 20:33:51,-75,07F9389E,19248,,,7378B941,
,,5,2025-05-27 20:33:54,-77,13323C65,52473,,,7378B941,
,,5,2025-05-27 20:33:55,-75,59FE8D30,8651,,,7378B941,
,,5,2025-05-27 20:33:58,-78,13323C65,58637,,,7378B941,
,,1,2025-05-27 20:34:00,-83,D7510A57,29941,,,7378B941,
,,5,2025-05-27 20:34:00,-83,D7510A57,29941,,,7378B941,
,,4,2025-05-27 20:34:00,-83,D7510A57,29941,,,7378B941,
,,5,2025-05-27 20:34:02,-75,D7510A57,18148,,,7378B941,
,,5,2025-05-27 20:34:04,-83,B78FE24A,21033,,,7378B941,
,,5,2025-05-27 20:34:05,-83,0000006E,43978,,,7378B941,
,,5,2025-05-27 20:33:57,-70,13323C65,58637,,,D46BA6A2,
,,2,2025-05-27 20:33:57,-70,13323C65,58637,,,D46BA6A2,
,,1,2025-05-27 20:33:57,-70,13323C65,58637,,,D46BA6A2,
,,4,2025-05-27 20:33:57,-70,13323C65,58637,,,D46BA6A2,
,,3,2025-05-27 20:33:57,-70,13323C65,58637,,,D46BA6A2,
,,1,2025-05-27 20:33:58,-68,59FE8D30,45645,,,D46BA6A2,
,,3,2025-05-27 20:33:59,-64,0000006E,50881,,,D46BA6A2,
,,4,2025-05-27 20:33:59,-64,0000006E,50881,,,D46BA6A2,
,,2,2025-05-27 20:33:59,-64,0000006E,50881,,,D46BA6A2,
,,5,2025-05-27 20:33:59,-64,0000006E,50881,,,D46BA6A2,
,,1,2025-05-27 20:33:59,-64,0000006E,50881,,,D46BA6A2,
,,3,2025-05-27 20:33:59,-65,59FE8D30,29137,,,D46BA6A2,
,,2,2025-05-27 20:33:59,-65,59FE8D30,29137,,,D46BA6A2,
,,3,2025-05-27 20:33:59,-68,D7510A57,29941,,,D46BA6A2,
,,4,2025-05-27 20:33:59,-68,D7510A57,29941,,,D46BA6A2,
,,2,2025-05-27 20:33:59,-68,D7510A57,29941,,,D46BA6A2,
,,1,2025-05-27 20:33:59,-68,D7510A57,29941,,,D46BA6A2,
,,1,2025-05-27 20:34:00,-71,367E0F4A,16772,,,D46BA6A2,
,,3,2025-05-27 20:34:00,-71,367E0F4A,16772,,,D46BA6A2,
,,4,2025-05-27 20:34:00,-71,367E0F4A,16772,,,D46BA6A2,
,,3,2025-05-27 20:34:00,-75,13323C65,14365,,,D46BA6A2,
,,1,2025-05-27 20:34:01,-78,81D187E3,27836,,,D46BA6A2,
,,3,2025-05-27 20:34:01,-78,81D187E3,27836,,,D46BA6A2,
,,5,2025-05-27 20:34:01,-78,81D187E3,27836,,,D46BA6A2,
,,4,2025-05-27 20:34:01,-78,81D187E3,27836,,,D46BA6A2,
,,4,2025-05-27 20:34:02,-79,B78FE24A,49132,,,D46BA6A2,
,,3,2025-05-27 20:34:02,-79,B78FE24A,49132,,,D46BA6A2,
,,1,2025-05-27 20:34:05,-70,E197FE3E,44984,,,D46BA6A2,
,,2,2025-05-27 20:34:06,-75,D7510A57,55255,,,D46BA6A2,
,,1,2025-05-27 20:34:06,-75,D7510A57,55255,,,D46BA6A2,
,,1,2025-05-27 20:34:07,-78,E197FE3E,31148,,,D46BA6A2,
,,1,2025-05-27 20:34:07,-79,A648A0E7,64453,,,D46BA6A2,
,,3,2025-05-27 20:34:08,-81,81D187E3,33979,,,D46BA6A2,
,,1,2025-05-27 20:34:09,-74,D7510A57,38362,,,D46BA6A2,
,,1,2025-05-27 20:34:10,-76,E85FB74C,28684,,,D46BA6A2,
,,2,2025-05-27 20:34:10,-76,E85FB74C,28684,,,D46BA6A2,
,,3,2025-05-27 20:34:10,-76,E85FB74C,28684,,,D46BA6A2,
,,4,2025-05-27 20:34:10,-76,E85FB74C,28684,,,D46BA6A2,
,,2,2025-05-27 20:34:11,-67,D7510A57,18543,,,D46BA6A2,
,,4,2025-05-27 20:34:13,-69,13323C65,13045,,,D46BA6A2,
,,2,2025-05-27 20:34:13,-69,13323C65,13045,,,D46BA6A2,
,,3,2025-05-27 20:34:13,-69,13323C65,13045,,,D46BA6A2,
,,1,2025-05-27 20:34:13,-69,13323C65,13045,,,D46BA6A2,
,,4,2025-05-27 20:34:13,-70,870614B1,25186,,,D46BA6A2,
,,2,2025-05-27 20:34:13,-70,870614B1,25186,,,D46BA6A2,
,,3,2025-05-27 20:34:13,-70,870614B1,25186,,,D46BA6A2,
,,1,2025-05-27 20:34:13,-70,870614B1,25186,,,D46BA6A2,
,,3,2025-05-27 20:34:13,-83,23D9727E,44044,,,D46BA6A2,
,,1,2025-05-27 20:34:13,-83,23D9727E,44044,,,D46BA6A2,
,,4,2025-05-27 20:34:13,-83,23D9727E,44044,,,D46BA6A2,
,,3,2025-05-27 20:34:13,-75,D7510A57,23705,,,D46BA6A2,
,,1,2025-05-27 20:34:14,-69,0000006E,21995,,,D46BA6A2,
,,3,2025-05-27 20:33:58,-77,D7510A57,57143,,,AA4358FB,
,,5,2025-05-27 20:34:00,-68,13323C65,11815,,,AA4358FB,
,,3,2025-05-27 20:34:01,-68,81D187E3,24171,,,AA4358FB,
,,2,2025-05-27 20:34:01,-68,81D187E3,24171,,,AA4358FB,
,,5,2025-05-27 20:34:01,-68,81D187E3,24171,,,AA4358FB,
,,1,2025-05-27 20:34:01,-69,13323C65,14365,,,AA4358FB,
,,3,2025-05-27 20:34:02,-78,E2A807D7,11554,,,AA4358FB,
,,5,2025-05-27 20:34:02,-69,870614B1,10261,,,AA4358FB,
,,3,2025-05-27 20:34:02,-79,D7510A57,18148,,,AA4358FB,
,,5,2025-05-27 20:34:02,-79,D7510A57,18148,,,AA4358FB,
,,3,2025-05-27 20:34:02,-67,0000006E,41613,,,AA4358FB,
,,5,2025-05-27 20:34:02,-67,0000006E,41613,,,AA4358FB,
,,5,2025-05-27 20:34:03,-72,81D187E3,32751,,,AA4358FB,
,,3,2025-05-27 20:34:03,-72,81D187E3,32751,,,AA4358FB,
,,1,2025-05-27 20:34:03,-80,A648A0E7,53259,,,AA4358FB,
,,3,2025-05-27 20:34:04,-73,13323C65,29087,,,AA4358FB,
,,2,2025-05-27 20:34:04,-73,13323C65,29087,,,AA4358FB,
,,5,2025-05-27 20:34:04,-73,13323C65,29087,,,AA4358FB,
,,5,2025-05-27 20:34:04,-76,E2A807D7,61502,,,AA4358FB,
,,4,2025-05-27 20:34:04,-76,E2A807D7,61502,,,AA4358FB,
,,3,2025-05-27 20:34:04,-76,E2A807D7,61502,,,AA4358FB,
,,5,2025-05-27 20:34:05,-79,D7510A57,9838,,,AA4358FB,
,,2,2025-05-27 20:34:05,-79,D7510A57,9838,,,AA4358FB,
,,3,2025-05-27 20:34:05,-79,D7510A57,9838,,,AA4358FB,
,,4,2025-05-27 20:34:06,-68,367E0F4A,29714,,,AA4358FB,
,,5,2025-05-27 20:34:06,-68,367E0F4A,29714,,,AA4358FB,
,,2,2025-05-27 20:34:06,-68,367E0F4A,29714,,,AA4358FB,
,,3,2025-05-27 20:34:06,-68,367E0F4A,29714,,,AA4358FB,
,,1,2025-05-27 20:34:06,-68,367E0F4A,29714,,,AA4358FB,
,,2,2025-05-27 20:34:08,-73,13323C65,12493,,,AA4358FB,
,,3,2025-05-27 20:34:08,-73,13323C65,12493,,,AA4358FB,
,,5,2025-05-27 20:34:08,-73,13323C65,12493,,,AA4358FB,
,,4,2025-05-27 20:34:08,-73,13323C65,12493,,,AA4358FB,
,,1,2025-05-27 20:34:08,-73,13323C65,12493,,,AA4358FB,
,,2,2025-05-27 20:34:09,-73,81D187E3,33979,,,AA4358FB,
,,3,2025-05-27 20:34:09,-73,81D187E3,33979,,,AA4358FB,
,,5,2025-05-27 20:34:09,-63,367E0F4A,55900,,,AA4358FB,
,,2,2025-05-27 20:34:09,-63,367E0F4A,55900,,,AA4358FB,
,,3,2025-05-27 20:34:09,-79,59FE8D30,9852,,,AA4358FB,
,,5,2025-05-27 20:34:09,-79,59FE8D30,9852,,,AA4358FB,
,,3,2025-05-27 20:34:09,-73,13323C65,30082,,,AA4358FB,
,,1,2025-05-27 20:34:10,-63,367E0F4A,9412,,,AA4358FB,
,,4,2025-05-27 20:34:10,-63,367E0F4A,9412,,,AA4358FB,
,,2,2025-05-27 20:34:10,-63,367E0F4A,9412,,,AA4358FB,
,,5,2025-05-27 20:34:10,-63,367E0F4A,9412,,,AA4358FB,
,,3,2025-05-27 20:34:10,-63,367E0F4A,9412,,,AA4358FB,
,,5,2025-05-27 20:34:13,-65,367E0F4A,58138,,,AA4358FB,
,,1,2025-05-27 20:34:08,-86,0000006E,11923,,,4D64B5B5,
,,4,2025-05-27 20:34:08,-86,0000006E,11923,,,4D64B5B5,
,,1,2025-05-27 20:34:15,-80,81D187E3,39007,,,4D64B5B5,
,,1,2025-05-27 20:34:19,-75,81D187E3,21328,,,4D64B5B5,
,,4,2025-05-27 20:34:20,-72,81D187E3,9251,,,4D64B5B5,
,,1,2025-05-27 20:34:09,-65,367E0F4A,55900,,,7D769A01,
,,5,2025-05-27 20:34:02,-80,A648A0E7,53259,,,9CC5DC79,
,,4,2025-05-27 20:34:02,-80,A648A0E7,53259,,,9CC5DC79,
,,1,2025-05-27 20:34:02,-80,A648A0E7,53259,,,9CC5DC79,
,,3,2025-05-27 20:34:02,-80,A648A0E7,53259,,,9CC5DC79,
,,2,2025-05-27 20:34:02,-80,A648A0E7,53259,,,9CC5DC79,
,,4,2025-05-27 20:34:03,-80,367E0F4A,57624,,,9CC5DC79,
,,5,2025-05-27 20:34:03,-80,367E0F4A,57624,,,9CC5DC79,
,,1,2025-05-27 20:34:03,-80,367E0F4A,57624,,,9CC5DC79,
,,3,2025-05-27 20:34:04,-71,367E0F4A,7929,,,9CC5DC79,
,,2,2025-05-27 20:34:04,-71,367E0F4A,7929,,,9CC5DC79,
,,1,2025-05-27 20:34:17,-69,D7510A57,36745,,,7D769A01,
,,4,2025-05-27 20:34:05,-82,870614B1,23321,,,9CC5DC79,
,,3,2025-05-27 20:34:05,-82,870614B1,23321,,,9CC5DC79,
,,1,2025-05-27 20:34:05,-82,870614B1,23321,,,9CC5DC79,
,,5,2025-05-27 20:34:05,-77,0000006E,43978,,,9CC5DC79,
,,4,2025-05-27 20:34:05,-77,0000006E,43978,,,9CC5DC79,
,,2,2025-05-27 20:34:05,-77,0000006E,43978,,,9CC5DC79,
,,1,2025-05-27 20:34:05,-77,0000006E,43978,,,9CC5DC79,
,,1,2025-05-27 20:34:06,-76,07F9389E,32201,,,9CC5DC79,
,,5,2025-05-27 20:34:06,-76,07F9389E,32201,,,9CC5DC79,
,,4,2025-05-27 20:34:06,-76,07F9389E,32201,,,9CC5DC79,
,,2,2025-05-27 20:34:06,-76,07F9389E,32201,,,9CC5DC79,
,,3,2025-05-27 20:34:06,-76,07F9389E,32201,,,9CC5DC79,
,,4,2025-05-27 20:34:07,-75,A648A0E7,64453,,,9CC5DC79,
,,1,2025-05-27 20:34:07,-75,A648A0E7,64453,,,9CC5DC79,
,,1,2025-05-27 20:34:21,-66,367E0F4A,31706,,,7D769A01,
,,3,2025-05-27 20:34:09,-80,13323C65,30082,,,9CC5DC79,
,,5,2025-05-27 20:34:09,-80,13323C65,30082,,,9CC5DC79,
,,2,2025-05-27 20:34:09,-80,13323C65,30082,,,9CC5DC79,
,,4,2025-05-27 20:34:09,-80,13323C65,30082,,,9CC5DC79,
,,4,2025-05-27 20:34:09,-71,367E0F4A,9412,,,9CC5DC79,
,,2,2025-05-27 20:34:09,-71,367E0F4A,9412,,,9CC5DC79,
,,4,2025-05-27 20:34:10,-78,59FE8D30,58953,,,9CC5DC79,
,,1,2025-05-27 20:34:10,-78,59FE8D30,58953,,,9CC5DC79,
,,3,2025-05-27 20:34:10,-78,59FE8D30,58953,,,9CC5DC79,
,,5,2025-05-27 20:34:10,-78,59FE8D30,58953,,,9CC5DC79,
,,2,2025-05-27 20:34:10,-78,59FE8D30,58953,,,9CC5DC79,
,,1,2025-05-27 20:34:10,-70,367E0F4A,34477,,,9CC5DC79,
,,1,2025-05-27 20:34:23,-79,59FE8D30,33603,,,7D769A01,
,,1,2025-05-27 20:34:12,-79,367E0F4A,58138,,,9CC5DC79,
,,3,2025-05-27 20:34:05,-70,870614B1,23321,,,520A3C5C,
,,4,2025-05-27 20:34:05,-70,870614B1,23321,,,520A3C5C,
,,2,2025-05-27 20:34:05,-70,870614B1,23321,,,520A3C5C,
,,5,2025-05-27 20:34:05,-70,870614B1,23321,,,520A3C5C,
,,5,2025-05-27 20:34:16,-82,B78FE24A,37386,,,9CC5DC79,
,,4,2025-05-27 20:34:16,-82,B78FE24A,37386,,,9CC5DC79,
,,3,2025-05-27 20:34:16,-82,B78FE24A,37386,,,9CC5DC79,
,,1,2025-05-27 20:34:16,-73,367E0F4A,55497,,,9CC5DC79,
,,4,2025-05-27 20:34:18,-78,D7510A57,1009,,,9CC5DC79,
,,1,2025-05-27 20:34:18,-78,D7510A57,1009,,,9CC5DC79,
,,4,2025-05-27 20:34:06,-73,07F9389E,32201,,,520A3C5C,
,,5,2025-05-27 20:34:06,-73,07F9389E,32201,,,520A3C5C,
,,1,2025-05-27 20:34:06,-73,07F9389E,32201,,,520A3C5C,
,,2,2025-05-27 20:34:06,-73,07F9389E,32201,,,520A3C5C,
,,5,2025-05-27 20:34:18,-85,81D187E3,49448,,,9CC5DC79,
,,2,2025-05-27 20:34:20,-81,0000006E,4970,,,9CC5DC79,
,,4,2025-05-27 20:34:20,-81,0000006E,4970,,,9CC5DC79,
,,3,2025-05-27 20:34:20,-81,0000006E,4970,,,9CC5DC79,
,,1,2025-05-27 20:34:20,-81,0000006E,4970,,,9CC5DC79,
,,2,2025-05-27 20:34:08,-67,13323C65,12493,,,520A3C5C,
,,4,2025-05-27 20:34:08,-67,13323C65,12493,,,520A3C5C,
,,5,2025-05-27 20:34:08,-67,13323C65,12493,,,520A3C5C,
,,3,2025-05-27 20:34:08,-67,13323C65,12493,,,520A3C5C,
,,2,2025-05-27 20:34:08,-76,367E0F4A,55900,,,520A3C5C,
,,5,2025-05-27 20:34:21,-82,E2A807D7,25269,,,9CC5DC79,
,,1,2025-05-27 20:34:21,-82,E2A807D7,25269,,,9CC5DC79,
,,1,2025-05-27 20:34:21,-83,81D187E3,22709,,,9CC5DC79,
,,4,2025-05-27 20:34:21,-83,81D187E3,22709,,,9CC5DC79,
,,3,2025-05-27 20:34:21,-83,81D187E3,22709,,,9CC5DC79,
,,5,2025-05-27 20:34:21,-83,81D187E3,22709,,,9CC5DC79,
,,2,2025-05-27 20:34:10,-70,367E0F4A,34477,,,520A3C5C,
,,3,2025-05-27 20:34:10,-70,367E0F4A,34477,,,520A3C5C,
,,5,2025-05-27 20:34:10,-70,367E0F4A,34477,,,520A3C5C,
,,3,2025-05-27 20:34:24,-72,367E0F4A,61791,,,9CC5DC79,
,,5,2025-05-27 20:34:24,-72,367E0F4A,61791,,,9CC5DC79,
,,4,2025-05-27 20:34:24,-72,367E0F4A,61791,,,9CC5DC79,
,,3,2025-05-27 20:34:11,-78,59FE8D30,54404,,,520A3C5C,
,,2,2025-05-27 20:34:11,-78,59FE8D30,54404,,,520A3C5C,
,,5,2025-05-27 20:34:25,-80,D7510A57,50956,,,9CC5DC79,
,,5,2025-05-27 20:34:11,-70,870614B1,32063,,,520A3C5C,
,,4,2025-05-27 20:34:29,-84,59FE8D30,7382,,,9CC5DC79,
,,3,2025-05-27 20:34:29,-84,59FE8D30,7382,,,9CC5DC79,
,,2,2025-05-27 20:34:29,-84,59FE8D30,7382,,,9CC5DC79,
,,5,2025-05-27 20:34:29,-84,59FE8D30,7382,,,9CC5DC79,
,,4,2025-05-27 20:34:11,-67,D7510A57,57148,,,520A3C5C,
,,3,2025-05-27 20:34:11,-72,07F9389E,52392,,,520A3C5C,
,,2,2025-05-27 20:34:11,-72,07F9389E,52392,,,520A3C5C,
,,4,2025-05-27 20:34:11,-72,07F9389E,52392,,,520A3C5C,
,,5,2025-05-27 20:34:14,-68,D7510A57,23705,,,520A3C5C,
,,4,2025-05-27 20:34:14,-68,D7510A57,23705,,,520A3C5C,
,,2,2025-05-27 20:34:14,-68,D7510A57,23705,,,520A3C5C,
,,3,2025-05-27 20:34:14,-68,D7510A57,23705,,,520A3C5C,
,,3,2025-05-27 20:34:14,-67,13323C65,24288,,,520A3C5C,
,,2,2025-05-27 20:34:14,-67,13323C65,24288,,,520A3C5C,
,,5,2025-05-27 20:34:15,-71,D7510A57,33819,,,520A3C5C,
,,4,2025-05-27 20:34:15,-71,D7510A57,33819,,,520A3C5C,
,,5,2025-05-27 20:34:17,-75,0000006E,16879,,,520A3C5C,
,,4,2025-05-27 20:34:21,-75,A648A0E7,56392,,,520A3C5C,
,,3,2025-05-27 20:34:21,-75,A648A0E7,56392,,,520A3C5C,
,,5,2025-05-27 20:34:21,-75,A648A0E7,56392,,,520A3C5C,
,,2,2025-05-27 20:34:21,-75,A648A0E7,56392,,,520A3C5C,
,,2,2025-05-27 20:34:21,-78,59FE8D30,51966,,,520A3C5C,
,,5,2025-05-27 20:34:21,-78,59FE8D30,51966,,,520A3C5C,
,,4,2025-05-27 20:34:21,-78,59FE8D30,51966,,,520A3C5C,
,,3,2025-05-27 20:34:21,-78,59FE8D30,51966,,,520A3C5C,
,,3,2025-05-27 20:34:22,-69,D7510A57,51302,,,520A3C5C,
,,2,2025-05-27 20:34:22,-69,D7510A57,51302,,,520A3C5C,
,,2,2025-05-27 20:34:23,-76,0000006E,65504,,,520A3C5C,
,,5,2025-05-27 20:34:23,-76,0000006E,65504,,,520A3C5C,
,,3,2025-05-27 20:34:23,-76,0000006E,65504,,,520A3C5C,
,,5,2025-05-27 20:34:24,-79,367E0F4A,61791,,,520A3C5C,
,,3,2025-05-27 20:34:24,-79,367E0F4A,61791,,,520A3C5C,
,,2,2025-05-27 20:34:24,-79,367E0F4A,61791,,,520A3C5C,
,,1,2025-05-27 20:34:24,-79,367E0F4A,61791,,,520A3C5C,
,,5,2025-05-27 20:34:26,-67,A648A0E7,6068,,,520A3C5C,
,,3,2025-05-27 20:34:26,-67,A648A0E7,6068,,,520A3C5C,
,,2,2025-05-27 20:34:26,-67,A648A0E7,6068,,,520A3C5C,
,,3,2025-05-27 20:34:27,-71,13323C65,8973,,,520A3C5C,
,,2,2025-05-27 20:34:27,-71,13323C65,8973,,,520A3C5C,
,,5,2025-05-27 20:34:28,-78,59FE8D30,5059,,,520A3C5C,
,,3,2025-05-27 20:34:28,-78,59FE8D30,5059,,,520A3C5C,
,,2,2025-05-27 20:34:28,-82,E197FE3E,45701,,,520A3C5C,
,,4,2025-05-27 20:34:28,-82,E197FE3E,45701,,,520A3C5C,
,,5,2025-05-27 20:34:28,-82,E197FE3E,45701,,,520A3C5C,
,,3,2025-05-27 20:34:28,-82,E197FE3E,45701,,,520A3C5C,
,,2,2025-05-27 20:34:28,-67,13323C65,50820,,,520A3C5C,
,,4,2025-05-27 20:34:28,-67,13323C65,50820,,,520A3C5C,
,,5,2025-05-27 20:34:28,-67,13323C65,50820,,,520A3C5C,
,,3,2025-05-27 20:34:28,-67,13323C65,50820,,,520A3C5C,
,,4,2025-05-27 20:34:28,-82,19836CFF,41882,,,520A3C5C,
,,5,2025-05-27 20:34:28,-82,19836CFF,41882,,,520A3C5C,
,,3,2025-05-27 20:34:28,-82,19836CFF,41882,,,520A3C5C,
,,2,2025-05-27 20:34:28,-82,19836CFF,41882,,,520A3C5C,
,,5,2025-05-27 20:34:29,-70,59FE8D30,7382,,,520A3C5C,
,,2,2025-05-27 20:34:29,-66,870614B1,10767,,,520A3C5C,
,,4,2025-05-27 20:34:29,-66,870614B1,10767,,,520A3C5C,
,,5,2025-05-27 20:34:29,-66,870614B1,10767,,,520A3C5C,
,,3,2025-05-27 20:34:29,-66,870614B1,10767,,,520A3C5C,
,,5,2025-05-27 20:34:29,-82,A648A0E7,48864,,,520A3C5C,
,,3,2025-05-27 20:34:19,-79,E197FE3E,24693,,,AA4358FB,
,,5,2025-05-27 20:34:20,-67,367E0F4A,62526,,,AA4358FB,
,,2,2025-05-27 20:34:21,-76,D7510A57,38570,,,AA4358FB,
,,3,2025-05-27 20:34:21,-76,D7510A57,38570,,,AA4358FB,
,,5,2025-05-27 20:34:21,-76,D7510A57,38570,,,AA4358FB,
,,4,2025-05-27 20:34:21,-76,D7510A57,38570,,,AA4358FB,
,,4,2025-05-27 20:34:09,-78,367E0F4A,9412,,,B995250B,
,,2,2025-05-27 20:34:22,-66,07F9389E,49864,,,AA4358FB,
,,3,2025-05-27 20:34:22,-66,07F9389E,49864,,,AA4358FB,
,,1,2025-05-27 20:34:22,-66,07F9389E,49864,,,AA4358FB,
,,5,2025-05-27 20:34:22,-66,07F9389E,49864,,,AA4358FB,
,,4,2025-05-27 20:34:22,-66,07F9389E,49864,,,AA4358FB,
,,1,2025-05-27 20:34:11,-72,D7510A57,57148,,,B995250B,
,,4,2025-05-27 20:34:11,-72,D7510A57,57148,,,B995250B,
,,5,2025-05-27 20:34:14,-75,D7510A57,33819,,,D46BA6A2,
,,2,2025-05-27 20:34:14,-75,D7510A57,33819,,,D46BA6A2,
,,3,2025-05-27 20:34:14,-75,D7510A57,33819,,,D46BA6A2,
,,5,2025-05-27 20:34:23,-63,367E0F4A,15881,,,AA4358FB,
,,3,2025-05-27 20:34:15,-70,A648A0E7,23602,,,D46BA6A2,
,,4,2025-05-27 20:34:23,-73,0000006E,65504,,,AA4358FB,
,,2,2025-05-27 20:34:23,-73,0000006E,65504,,,AA4358FB,
,,3,2025-05-27 20:34:23,-73,0000006E,65504,,,AA4358FB,
,,1,2025-05-27 20:34:23,-73,0000006E,65504,,,AA4358FB,
,,5,2025-05-27 20:34:23,-73,0000006E,65504,,,AA4358FB,
,,3,2025-05-27 20:34:25,-68,367E0F4A,9625,,,AA4358FB,
,,4,2025-05-27 20:34:25,-68,367E0F4A,9625,,,AA4358FB,
,,1,2025-05-27 20:34:25,-68,367E0F4A,9625,,,AA4358FB,
,,2,2025-05-27 20:34:25,-68,367E0F4A,9625,,,AA4358FB,
,,5,2025-05-27 20:34:25,-68,367E0F4A,9625,,,AA4358FB,
,,3,2025-05-27 20:34:25,-77,D7510A57,50956,,,AA4358FB,
,,2,2025-05-27 20:34:25,-77,D7510A57,50956,,,AA4358FB,
,,2,2025-05-27 20:34:18,-78,81D187E3,49448,,,D46BA6A2,
,,2,2025-05-27 20:34:18,-68,D7510A57,45346,,,D46BA6A2,
,,5,2025-05-27 20:34:18,-68,D7510A57,45346,,,D46BA6A2,
,,3,2025-05-27 20:34:18,-68,D7510A57,45346,,,D46BA6A2,
,,4,2025-05-27 20:34:18,-68,D7510A57,45346,,,D46BA6A2,
,,1,2025-05-27 20:34:18,-68,D7510A57,45346,,,D46BA6A2,
,,1,2025-05-27 20:34:19,-70,13323C65,61643,,,D46BA6A2,
,,5,2025-05-27 20:34:28,-65,367E0F4A,46734,,,AA4358FB,
,,1,2025-05-27 20:34:20,-66,0000006E,4970,,,D46BA6A2,
,,2,2025-05-27 20:34:29,-68,81D187E3,42132,,,AA4358FB,
,,3,2025-05-27 20:34:29,-68,81D187E3,42132,,,AA4358FB,
,,1,2025-05-27 20:34:20,-82,81D187E3,9251,,,D46BA6A2,
,,3,2025-05-27 20:34:20,-82,81D187E3,9251,,,D46BA6A2,
,,4,2025-05-27 20:34:20,-82,81D187E3,9251,,,D46BA6A2,
,,5,2025-05-27 20:34:29,-76,A648A0E7,48864,,,AA4358FB,
,,5,2025-05-27 20:34:21,-69,13323C65,19865,,,D46BA6A2,
,,1,2025-05-27 20:34:21,-69,13323C65,19865,,,D46BA6A2,
,,2,2025-05-27 20:34:21,-69,13323C65,19865,,,D46BA6A2,
,,5,2025-05-27 20:34:30,-76,D7510A57,25901,,,AA4358FB,
,,3,2025-05-27 20:34:30,-76,D7510A57,25901,,,AA4358FB,
,,4,2025-05-27 20:34:30,-76,D7510A57,25901,,,AA4358FB,
,,2,2025-05-27 20:34:30,-76,D7510A57,25901,,,AA4358FB,
,,2,2025-05-27 20:34:22,-68,59FE8D30,33603,,,D46BA6A2,
,,5,2025-05-27 20:34:22,-68,59FE8D30,33603,,,D46BA6A2,
,,3,2025-05-27 20:34:22,-68,59FE8D30,33603,,,D46BA6A2,
,,3,2025-05-27 20:34:31,-79,13323C65,23952,,,AA4358FB,
,,2,2025-05-27 20:34:31,-76,3F9E3319,48906,,,AA4358FB,
,,3,2025-05-27 20:34:31,-76,3F9E3319,48906,,,AA4358FB,
,,5,2025-05-27 20:34:31,-76,3F9E3319,48906,,,AA4358FB,
,,2,2025-05-27 20:34:31,-72,81D187E3,64020,,,AA4358FB,
,,3,2025-05-27 20:34:31,-72,81D187E3,64020,,,AA4358FB,
,,5,2025-05-27 20:34:31,-72,81D187E3,64020,,,AA4358FB,
,,3,2025-05-27 20:34:22,-67,D7510A57,19007,,,D46BA6A2,
,,5,2025-05-27 20:34:22,-67,D7510A57,19007,,,D46BA6A2,
,,4,2025-05-27 20:34:23,-67,0000006E,65504,,,D46BA6A2,
,,1,2025-05-27 20:34:23,-67,0000006E,65504,,,D46BA6A2,
,,3,2025-05-27 20:34:31,-77,59FE8D30,8036,,,AA4358FB,
,,2,2025-05-27 20:34:31,-77,59FE8D30,8036,,,AA4358FB,
,,3,2025-05-27 20:34:23,-81,A648A0E7,35455,,,D46BA6A2,
,,3,2025-05-27 20:34:26,-72,367E0F4A,38983,,,D46BA6A2,
,,4,2025-05-27 20:34:26,-72,367E0F4A,38983,,,D46BA6A2,
,,2,2025-05-27 20:34:26,-72,367E0F4A,38983,,,D46BA6A2,
,,3,2025-05-27 20:34:33,-77,E197FE3E,46881,,,AA4358FB,
,,2,2025-05-27 20:34:33,-77,E197FE3E,46881,,,AA4358FB,
,,1,2025-05-27 20:34:26,-65,59FE8D30,42187,,,D46BA6A2,
,,2,2025-05-27 20:34:34,-68,13323C65,58267,,,AA4358FB,
,,4,2025-05-27 20:34:34,-68,13323C65,58267,,,AA4358FB,
,,3,2025-05-27 20:34:34,-68,13323C65,58267,,,AA4358FB,
,,5,2025-05-27 20:34:34,-68,13323C65,58267,,,AA4358FB,
,,3,2025-05-27 20:34:34,-69,81D187E3,5275,,,AA4358FB,
,,5,2025-05-27 20:34:34,-69,81D187E3,5275,,,AA4358FB,
,,1,2025-05-27 20:34:28,-70,870614B1,10767,,,D46BA6A2,
,,5,2025-05-27 20:34:35,-74,A648A0E7,30716,,,AA4358FB,
,,4,2025-05-27 20:34:28,-70,367E0F4A,33994,,,D46BA6A2,
,,1,2025-05-27 20:34:28,-70,367E0F4A,33994,,,D46BA6A2,
,,3,2025-05-27 20:34:36,-81,B78FE24A,39308,,,AA4358FB,
,,5,2025-05-27 20:34:36,-81,B78FE24A,39308,,,AA4358FB,
,,4,2025-05-27 20:34:29,-65,59FE8D30,2515,,,D46BA6A2,
,,5,2025-05-27 20:34:29,-65,59FE8D30,2515,,,D46BA6A2,
,,3,2025-05-27 20:34:29,-65,59FE8D30,2515,,,D46BA6A2,
,,2,2025-05-27 20:34:29,-65,59FE8D30,2515,,,D46BA6A2,
,,4,2025-05-27 20:34:30,-70,A648A0E7,53828,,,D46BA6A2,
,,3,2025-05-27 20:34:30,-70,A648A0E7,53828,,,D46BA6A2,
,,1,2025-05-27 20:34:30,-70,A648A0E7,53828,,,D46BA6A2,
,,5,2025-05-27 20:34:37,-75,A648A0E7,26403,,,AA4358FB,
,,3,2025-05-27 20:34:37,-75,A648A0E7,26403,,,AA4358FB,
,,1,2025-05-27 20:34:32,-79,13323C65,38605,,,B995250B,
,,4,2025-05-27 20:34:32,-79,13323C65,38605,,,B995250B,
,,1,2025-05-27 20:34:32,-77,E197FE3E,46881,,,D46BA6A2,
,,1,2025-05-27 20:34:36,-82,81D187E3,24157,,,B995250B,
,,3,2025-05-27 20:34:34,-68,59FE8D30,56663,,,D46BA6A2,
,,4,2025-05-27 20:34:37,-78,07F9389E,29343,,,B995250B,
,,1,2025-05-27 20:34:37,-78,07F9389E,29343,,,B995250B,
,,4,2025-05-27 20:34:35,-76,59FE8D30,13921,,,D46BA6A2,
,,3,2025-05-27 20:34:35,-76,59FE8D30,13921,,,D46BA6A2,
,,1,2025-05-27 20:34:35,-76,59FE8D30,13921,,,D46BA6A2,
,,3,2025-05-27 20:34:36,-71,367E0F4A,14997,,,D46BA6A2,
,,1,2025-05-27 20:34:36,-78,81D187E3,62183,,,D46BA6A2,
,,4,2025-05-27 20:34:36,-78,81D187E3,62183,,,D46BA6A2,
,,5,2025-05-27 20:34:36,-78,81D187E3,62183,,,D46BA6A2,
,,3,2025-05-27 20:34:36,-78,81D187E3,62183,,,D46BA6A2,
,,2,2025-05-27 20:34:36,-78,81D187E3,62183,,,D46BA6A2,
,,1,2025-05-27 20:34:37,-70,13323C65,38589,,,D46BA6A2,
,,2,2025-05-27 20:34:37,-70,13323C65,38589,,,D46BA6A2,
,,4,2025-05-27 20:34:37,-70,13323C65,38589,,,D46BA6A2,
,,5,2025-05-27 20:34:37,-70,13323C65,38589,,,D46BA6A2,
,,3,2025-05-27 20:34:37,-70,13323C65,38589,,,D46BA6A2,
,,3,2025-05-27 20:34:39,-77,E197FE3E,20899,,,D46BA6A2,
,,1,2025-05-27 20:34:39,-77,E197FE3E,20899,,,D46BA6A2,
,,2,2025-05-27 20:34:39,-77,E197FE3E,20899,,,D46BA6A2,
,,4,2025-05-27 20:34:39,-77,E197FE3E,20899,,,D46BA6A2,
,,1,2025-05-27 20:34:03,-78,A648A0E7,53259,,,CB4A1EAE,
,,4,2025-05-27 20:34:09,-81,13323C65,30082,,,CB4A1EAE,
,,1,2025-05-27 20:34:33,-78,13323C65,58267,,,CB4A1EAE,
,,4,2025-05-27 20:34:33,-78,13323C65,58267,,,CB4A1EAE,
,,1,2025-05-27 20:34:40,-79,367E0F4A,47944,,,CB4A1EAE,
,,4,2025-05-27 20:34:40,-79,367E0F4A,47944,,,CB4A1EAE,
,,4,2025-05-27 20:34:22,-71,D7510A57,51302,,,4D64B5B5,
,,1,2025-05-27 20:34:22,-71,D7510A57,51302,,,4D64B5B5,
,,5,2025-05-27 20:34:13,-76,D7510A57,6382,,,7378B941,
,,4,2025-05-27 20:34:23,-82,59FE8D30,33603,,,4D64B5B5,
,,1,2025-05-27 20:34:23,-82,59FE8D30,33603,,,4D64B5B5,
,,5,2025-05-27 20:34:15,-77,A648A0E7,23602,,,7378B941,
,,4,2025-05-27 20:34:27,-81,59FE8D30,42187,,,4D64B5B5,
,,5,2025-05-27 20:34:17,-76,13323C65,64497,,,7378B941,
,,4,2025-05-27 20:34:17,-76,13323C65,64497,,,7378B941,
,,5,2025-05-27 20:34:17,-80,367E0F4A,59942,,,7378B941,
,,1,2025-05-27 20:34:30,-73,367E0F4A,63304,,,4D64B5B5,
,,4,2025-05-27 20:34:30,-73,367E0F4A,63304,,,4D64B5B5,
,,4,2025-05-27 20:34:30,-68,D7510A57,25901,,,4D64B5B5,
,,5,2025-05-27 20:34:24,-76,D7510A57,59106,,,7378B941,
,,5,2025-05-27 20:34:26,-76,07F9389E,32966,,,7378B941,
,,5,2025-05-27 20:34:26,-80,367E0F4A,38983,,,7378B941,
,,1,2025-05-27 20:34:36,-72,81D187E3,24157,,,4D64B5B5,
,,4,2025-05-27 20:34:36,-72,81D187E3,24157,,,4D64B5B5,
,,4,2025-05-27 20:34:36,-83,07F9389E,29343,,,4D64B5B5,
,,5,2025-05-27 20:34:26,-76,59FE8D30,42187,,,7378B941,
,,5,2025-05-27 20:34:30,-81,367E0F4A,63304,,,7378B941,
,,1,2025-05-27 20:34:30,-81,367E0F4A,63304,,,7378B941,
,,1,2025-05-27 20:34:28,-67,367E0F4A,46734,,,7D769A01,
,,5,2025-05-27 20:34:36,-74,07F9389E,29343,,,7378B941,
,,1,2025-05-27 20:34:29,-72,870614B1,10767,,,7D769A01,
,,1,2025-05-27 20:34:37,-76,59FE8D30,6637,,,7378B941,
,,4,2025-05-27 20:34:40,-76,A648A0E7,56774,,,7378B941,
,,1,2025-05-27 20:34:40,-76,A648A0E7,56774,,,7378B941,
,,5,2025-05-27 20:34:40,-76,A648A0E7,56774,,,7378B941,
,,1,2025-05-27 20:34:32,-78,07F9389E,50774,,,7D769A01,
,,5,2025-05-27 20:34:43,-77,59FE8D30,53015,,,7378B941,
,,1,2025-05-27 20:34:32,-71,870614B1,4038,,,7D769A01,
,,1,2025-05-27 20:34:33,-85,19836CFF,40180,,,7D769A01,
,,5,2025-05-27 20:34:45,-82,D7510A57,52864,,,7378B941,
,,5,2025-05-27 20:34:45,-77,59FE8D30,64658,,,7378B941,
,,1,2025-05-27 20:34:45,-77,59FE8D30,64658,,,7378B941,
,,4,2025-05-27 20:34:45,-77,59FE8D30,64658,,,7378B941,
,,4,2025-05-27 20:34:46,-75,A648A0E7,12846,,,4D64B5B5,
,,4,2025-05-27 20:34:47,-81,B78FE24A,13574,,,4D64B5B5,
,,1,2025-05-27 20:34:33,-65,367E0F4A,59142,,,7D769A01,
,,1,2025-05-27 20:34:35,-72,59FE8D30,56663,,,7D769A01,
,,1,2025-05-27 20:34:36,-76,0000006E,14517,,,7D769A01,
,,1,2025-05-27 20:34:37,-70,13323C65,21780,,,7D769A01,
,,1,2025-05-27 20:34:38,-79,59FE8D30,6637,,,7D769A01,
,,1,2025-05-27 20:34:39,-72,59FE8D30,45140,,,7D769A01,
,,1,2025-05-27 20:34:46,-68,367E0F4A,50523,,,7D769A01,
,,5,2025-05-27 20:34:32,-72,13323C65,38605,,,9CC5DC79,
,,3,2025-05-27 20:34:32,-72,13323C65,38605,,,9CC5DC79,
,,2,2025-05-27 20:34:32,-72,13323C65,38605,,,9CC5DC79,
,,2,2025-05-27 20:34:34,-73,367E0F4A,27023,,,9CC5DC79,
,,4,2025-05-27 20:34:34,-73,367E0F4A,27023,,,9CC5DC79,
,,5,2025-05-27 20:34:34,-73,367E0F4A,27023,,,9CC5DC79,
,,3,2025-05-27 20:34:34,-73,367E0F4A,27023,,,9CC5DC79,
,,1,2025-05-27 20:34:34,-73,367E0F4A,27023,,,9CC5DC79,
,,2,2025-05-27 20:34:31,-75,A648A0E7,53828,,,520A3C5C,
,,3,2025-05-27 20:34:31,-75,A648A0E7,53828,,,520A3C5C,
,,2,2025-05-27 20:34:31,-71,13323C65,57444,,,520A3C5C,
,,3,2025-05-27 20:34:31,-71,13323C65,57444,,,520A3C5C,
,,4,2025-05-27 20:34:36,-79,59FE8D30,13921,,,9CC5DC79,
,,1,2025-05-27 20:34:36,-79,59FE8D30,13921,,,9CC5DC79,
,,5,2025-05-27 20:34:36,-79,59FE8D30,13921,,,9CC5DC79,
,,4,2025-05-27 20:34:32,-69,59FE8D30,59327,,,520A3C5C,
,,5,2025-05-27 20:34:36,-84,81D187E3,62183,,,9CC5DC79,
,,4,2025-05-27 20:34:36,-84,81D187E3,62183,,,9CC5DC79,
,,1,2025-05-27 20:34:36,-84,81D187E3,62183,,,9CC5DC79,
,,3,2025-05-27 20:34:32,-79,E2A807D7,45746,,,520A3C5C,
,,2,2025-05-27 20:34:32,-79,E2A807D7,45746,,,520A3C5C,
,,5,2025-05-27 20:34:32,-79,E2A807D7,45746,,,520A3C5C,
,,3,2025-05-27 20:34:37,-75,A648A0E7,26403,,,9CC5DC79,
,,5,2025-05-27 20:34:38,-83,59FE8D30,6637,,,9CC5DC79,
,,2,2025-05-27 20:34:33,-69,D7510A57,60737,,,520A3C5C,
,,5,2025-05-27 20:34:33,-69,D7510A57,60737,,,520A3C5C,
,,2,2025-05-27 20:34:33,-71,367E0F4A,59142,,,520A3C5C,
,,5,2025-05-27 20:34:33,-71,367E0F4A,59142,,,520A3C5C,
,,5,2025-05-27 20:34:40,-81,367E0F4A,47944,,,9CC5DC79,
,,2,2025-05-27 20:34:34,-78,367E0F4A,27023,,,520A3C5C,
,,5,2025-05-27 20:34:34,-78,367E0F4A,27023,,,520A3C5C,
,,3,2025-05-27 20:34:34,-78,367E0F4A,27023,,,520A3C5C,
,,4,2025-05-27 20:34:35,-74,A648A0E7,30716,,,520A3C5C,
,,5,2025-05-27 20:34:36,-71,D7510A57,2304,,,520A3C5C,
,,4,2025-05-27 20:34:36,-71,D7510A57,2304,,,520A3C5C,
,,1,2025-05-27 20:34:44,-84,59FE8D30,53015,,,9CC5DC79,
,,2,2025-05-27 20:34:38,-68,D7510A57,41273,,,520A3C5C,
,,3,2025-05-27 20:34:38,-68,D7510A57,41273,,,520A3C5C,
,,5,2025-05-27 20:34:38,-68,D7510A57,41273,,,520A3C5C,
,,4,2025-05-27 20:34:38,-68,D7510A57,41273,,,520A3C5C,
,,1,2025-05-27 20:34:44,-70,367E0F4A,40246,,,9CC5DC79,
,,2,2025-05-27 20:34:38,-70,367E0F4A,38726,,,520A3C5C,
,,3,2025-05-27 20:34:38,-70,367E0F4A,38726,,,520A3C5C,
,,5,2025-05-27 20:34:38,-70,367E0F4A,38726,,,520A3C5C,
,,4,2025-05-27 20:34:38,-70,367E0F4A,38726,,,520A3C5C,
,,5,2025-05-27 20:34:47,-71,13323C65,7683,,,9CC5DC79,
,,1,2025-05-27 20:34:41,-68,D7510A57,13218,,,520A3C5C,
,,5,2025-05-27 20:34:41,-68,D7510A57,13218,,,520A3C5C,
,,3,2025-05-27 20:34:41,-68,D7510A57,13218,,,520A3C5C,
,,4,2025-05-27 20:34:41,-68,D7510A57,13218,,,520A3C5C,
,,2,2025-05-27 20:34:41,-68,D7510A57,13218,,,520A3C5C,
,,2,2025-05-27 20:34:47,-80,0000006E,8380,,,9CC5DC79,
,,3,2025-05-27 20:34:47,-80,0000006E,8380,,,9CC5DC79,
,,1,2025-05-27 20:34:47,-80,0000006E,8380,,,9CC5DC79,
,,5,2025-05-27 20:34:47,-80,0000006E,8380,,,9CC5DC79,
,,4,2025-05-27 20:34:47,-80,0000006E,8380,,,9CC5DC79,
,,3,2025-05-27 20:34:44,-80,19836CFF,4929,,,520A3C5C,
,,5,2025-05-27 20:34:44,-80,19836CFF,4929,,,520A3C5C,
,,4,2025-05-27 20:34:44,-80,19836CFF,4929,,,520A3C5C,
,,2,2025-05-27 20:34:44,-80,19836CFF,4929,,,520A3C5C,
,,4,2025-05-27 20:34:44,-67,870614B1,14412,,,520A3C5C,
,,5,2025-05-27 20:34:44,-67,870614B1,14412,,,520A3C5C,
,,3,2025-05-27 20:34:45,-67,D7510A57,52864,,,520A3C5C,
,,3,2025-05-27 20:34:50,-72,13323C65,60503,,,9CC5DC79,
,,1,2025-05-27 20:34:50,-72,13323C65,60503,,,9CC5DC79,
,,5,2025-05-27 20:34:50,-72,13323C65,60503,,,9CC5DC79,
,,4,2025-05-27 20:34:50,-72,13323C65,60503,,,9CC5DC79,
,,2,2025-05-27 20:34:50,-72,13323C65,60503,,,9CC5DC79,
,,5,2025-05-27 20:34:47,-81,B78FE24A,13574,,,520A3C5C,
,,4,2025-05-27 20:34:47,-81,B78FE24A,13574,,,520A3C5C,
,,2,2025-05-27 20:34:47,-81,B78FE24A,13574,,,520A3C5C,
,,1,2025-05-27 20:34:47,-69,870614B1,5112,,,520A3C5C,
,,3,2025-05-27 20:34:47,-69,870614B1,5112,,,520A3C5C,
,,2,2025-05-27 20:34:47,-69,870614B1,5112,,,520A3C5C,
,,4,2025-05-27 20:34:47,-69,870614B1,5112,,,520A3C5C,
,,5,2025-05-27 20:34:47,-69,870614B1,5112,,,520A3C5C,
,,4,2025-05-27 20:34:48,-80,81D187E3,465,,,520A3C5C,
,,5,2025-05-27 20:34:48,-80,81D187E3,465,,,520A3C5C,
,,1,2025-05-27 20:34:48,-80,81D187E3,465,,,520A3C5C,
,,2,2025-05-27 20:34:48,-80,81D187E3,465,,,520A3C5C,
,,3,2025-05-27 20:34:48,-80,81D187E3,465,,,520A3C5C,
,,4,2025-05-27 20:34:49,-69,D7510A57,6260,,,520A3C5C,
,,5,2025-05-27 20:34:49,-69,D7510A57,6260,,,520A3C5C,
,,2,2025-05-27 20:34:49,-69,D7510A57,6260,,,520A3C5C,
,,3,2025-05-27 20:34:49,-69,D7510A57,6260,,,520A3C5C,
,,2,2025-05-27 20:34:50,-72,13323C65,60503,,,520A3C5C,
,,3,2025-05-27 20:34:50,-72,13323C65,60503,,,520A3C5C,
,,5,2025-05-27 20:34:50,-69,D7510A57,48281,,,520A3C5C,
,,4,2025-05-27 20:34:50,-69,D7510A57,48281,,,520A3C5C,
,,2,2025-05-27 20:34:50,-69,D7510A57,48281,,,520A3C5C,
,,3,2025-05-27 20:34:50,-69,D7510A57,48281,,,520A3C5C,
,,4,2025-05-27 20:34:51,-71,13323C65,11141,,,520A3C5C,
,,1,2025-05-27 20:34:51,-71,13323C65,11141,,,520A3C5C,
,,3,2025-05-27 20:34:51,-71,13323C65,11141,,,520A3C5C,
,,5,2025-05-27 20:34:51,-71,13323C65,11141,,,520A3C5C,
,,2,2025-05-27 20:34:51,-71,13323C65,11141,,,520A3C5C,
,,2,2025-05-27 20:34:51,-82,A648A0E7,23584,,,520A3C5C,
,,4,2025-05-27 20:34:51,-82,A648A0E7,23584,,,520A3C5C,
,,3,2025-05-27 20:34:51,-82,A648A0E7,23584,,,520A3C5C,
,,4,2025-05-27 20:34:51,-77,81D187E3,32011,,,520A3C5C,
,,3,2025-05-27 20:34:51,-77,81D187E3,32011,,,520A3C5C,
,,2,2025-05-27 20:34:51,-77,81D187E3,32011,,,520A3C5C,
,,5,2025-05-27 20:34:53,-76,13323C65,12913,,,520A3C5C,
,,2,2025-05-27 20:34:53,-76,13323C65,12913,,,520A3C5C,
,,4,2025-05-27 20:34:53,-76,13323C65,12913,,,520A3C5C,
,,5,2025-05-27 20:34:39,-81,19836CFF,8062,,,D46BA6A2,
,,2,2025-05-27 20:34:39,-81,19836CFF,8062,,,D46BA6A2,
,,3,2025-05-27 20:34:39,-81,19836CFF,8062,,,D46BA6A2,
,,1,2025-05-27 20:34:39,-81,19836CFF,8062,,,D46BA6A2,
,,4,2025-05-27 20:34:39,-81,19836CFF,8062,,,D46BA6A2,
,,3,2025-05-27 20:34:41,-73,D7510A57,13218,,,D46BA6A2,
,,5,2025-05-27 20:34:41,-73,D7510A57,13218,,,D46BA6A2,
,,1,2025-05-27 20:34:41,-73,D7510A57,13218,,,D46BA6A2,
,,4,2025-05-27 20:34:41,-73,D7510A57,13218,,,D46BA6A2,
,,2,2025-05-27 20:34:41,-73,D7510A57,13218,,,D46BA6A2,
,,3,2025-05-27 20:34:41,-68,59FE8D30,58376,,,D46BA6A2,
,,1,2025-05-27 20:34:42,-71,A648A0E7,39237,,,D46BA6A2,
,,5,2025-05-27 20:34:43,-69,59FE8D30,53015,,,D46BA6A2,
,,1,2025-05-27 20:34:43,-69,59FE8D30,53015,,,D46BA6A2,
,,4,2025-05-27 20:34:43,-69,59FE8D30,53015,,,D46BA6A2,
,,1,2025-05-27 20:34:44,-74,D7510A57,22649,,,D46BA6A2,
,,3,2025-05-27 20:34:44,-77,23D9727E,46179,,,D46BA6A2,
,,1,2025-05-27 20:34:44,-77,23D9727E,46179,,,D46BA6A2,
,,2,2025-05-27 20:34:44,-77,23D9727E,46179,,,D46BA6A2,
,,4,2025-05-27 20:34:44,-77,23D9727E,46179,,,D46BA6A2,
,,1,2025-05-27 20:34:44,-77,E2A807D7,7732,,,D46BA6A2,
,,4,2025-05-27 20:34:44,-77,E2A807D7,7732,,,D46BA6A2,
,,3,2025-05-27 20:34:44,-77,E2A807D7,7732,,,D46BA6A2,
,,5,2025-05-27 20:34:44,-77,E2A807D7,7732,,,D46BA6A2,
,,2,2025-05-27 20:34:44,-77,E2A807D7,7732,,,D46BA6A2,
,,1,2025-05-27 20:34:44,-70,13323C65,50873,,,D46BA6A2,
,,4,2025-05-27 20:34:44,-70,13323C65,50873,,,D46BA6A2,
,,3,2025-05-27 20:34:44,-70,13323C65,50873,,,D46BA6A2,
,,3,2025-05-27 20:34:44,-69,59FE8D30,612,,,D46BA6A2,
,,4,2025-05-27 20:34:46,-67,D7510A57,6491,,,D46BA6A2,
,,1,2025-05-27 20:34:46,-67,D7510A57,6491,,,D46BA6A2,
,,3,2025-05-27 20:34:46,-67,D7510A57,6491,,,D46BA6A2,
,,3,2025-05-27 20:34:47,-70,367E0F4A,33234,,,D46BA6A2,
,,3,2025-05-27 20:34:49,-80,A648A0E7,46813,,,D46BA6A2,
,,5,2025-05-27 20:34:49,-80,A648A0E7,46813,,,D46BA6A2,
,,1,2025-05-27 20:34:49,-80,A648A0E7,46813,,,D46BA6A2,
,,4,2025-05-27 20:34:49,-80,A648A0E7,46813,,,D46BA6A2,
,,1,2025-05-27 20:34:49,-74,D7510A57,48281,,,D46BA6A2,
,,3,2025-05-27 20:34:50,-67,D7510A57,19219,,,D46BA6A2,
,,1,2025-05-27 20:34:51,-74,D7510A57,48758,,,D46BA6A2,
,,3,2025-05-27 20:34:53,-69,0000006E,8617,,,D46BA6A2,
,,2,2025-05-27 20:34:53,-69,0000006E,8617,,,D46BA6A2,
,,3,2025-05-27 20:34:53,-71,367E0F4A,11844,,,D46BA6A2,
,,1,2025-05-27 20:34:53,-71,367E0F4A,11844,,,D46BA6A2,
,,4,2025-05-27 20:34:53,-71,367E0F4A,11844,,,D46BA6A2,
,,5,2025-05-27 20:34:53,-78,B78FE24A,57323,,,D46BA6A2,
,,2,2025-05-27 20:34:53,-78,B78FE24A,57323,,,D46BA6A2,
,,3,2025-05-27 20:34:53,-78,B78FE24A,57323,,,D46BA6A2,
,,1,2025-05-27 20:34:53,-78,B78FE24A,57323,,,D46BA6A2,
,,4,2025-05-27 20:34:53,-78,B78FE24A,57323,,,D46BA6A2,
,,5,2025-05-27 20:34:41,-68,367E0F4A,54140,,,AA4358FB,
,,5,2025-05-27 20:34:42,-78,07F9389E,59519,,,AA4358FB,
,,4,2025-05-27 20:34:42,-69,81D187E3,17003,,,AA4358FB,
,,3,2025-05-27 20:34:42,-69,81D187E3,17003,,,AA4358FB,
,,2,2025-05-27 20:34:42,-69,81D187E3,17003,,,AA4358FB,
,,5,2025-05-27 20:34:42,-69,81D187E3,17003,,,AA4358FB,
,,5,2025-05-27 20:34:55,-71,367E0F4A,15547,,,D46BA6A2,
,,1,2025-05-27 20:34:55,-71,367E0F4A,15547,,,D46BA6A2,
,,4,2025-05-27 20:34:55,-71,367E0F4A,15547,,,D46BA6A2,
,,3,2025-05-27 20:34:55,-71,367E0F4A,15547,,,D46BA6A2,
,,2,2025-05-27 20:34:55,-71,367E0F4A,15547,,,D46BA6A2,
,,1,2025-05-27 20:34:42,-75,A648A0E7,39237,,,AA4358FB,
,,3,2025-05-27 20:34:56,-76,B78FE24A,2124,,,D46BA6A2,
,,2,2025-05-27 20:34:56,-76,B78FE24A,2124,,,D46BA6A2,
,,4,2025-05-27 20:34:43,-81,B78FE24A,45984,,,AA4358FB,
,,4,2025-05-27 20:34:56,-69,59FE8D30,36225,,,D46BA6A2,
,,3,2025-05-27 20:34:56,-69,59FE8D30,36225,,,D46BA6A2,
,,5,2025-05-27 20:34:43,-74,A648A0E7,26435,,,AA4358FB,
,,3,2025-05-27 20:34:43,-74,A648A0E7,26435,,,AA4358FB,
,,2,2025-05-27 20:34:43,-74,A648A0E7,26435,,,AA4358FB,
,,4,2025-05-27 20:34:43,-74,A648A0E7,26435,,,AA4358FB,
,,1,2025-05-27 20:34:44,-70,367E0F4A,40246,,,AA4358FB,
,,1,2025-05-27 20:34:45,-72,81D187E3,38587,,,AA4358FB,
,,3,2025-05-27 20:34:45,-71,59FE8D30,612,,,AA4358FB,
,,5,2025-05-27 20:34:45,-76,D7510A57,52864,,,AA4358FB,
,,4,2025-05-27 20:34:45,-76,A648A0E7,32311,,,AA4358FB,
,,5,2025-05-27 20:34:45,-76,A648A0E7,32311,,,AA4358FB,
,,2,2025-05-27 20:34:45,-76,A648A0E7,32311,,,AA4358FB,
,,3,2025-05-27 20:34:45,-76,A648A0E7,32311,,,AA4358FB,
,,2,2025-05-27 20:34:46,-75,A648A0E7,12846,,,AA4358FB,
,,3,2025-05-27 20:34:46,-75,A648A0E7,12846,,,AA4358FB,
,,4,2025-05-27 20:34:46,-75,A648A0E7,12846,,,AA4358FB,
,,5,2025-05-27 20:34:46,-75,A648A0E7,12846,,,AA4358FB,
,,1,2025-05-27 20:34:46,-75,A648A0E7,12846,,,AA4358FB,
,,5,2025-05-27 20:34:47,-77,13323C65,7683,,,AA4358FB,
,,2,2025-05-27 20:34:47,-77,13323C65,7683,,,AA4358FB,
,,4,2025-05-27 20:34:47,-77,13323C65,7683,,,AA4358FB,
,,3,2025-05-27 20:34:47,-77,13323C65,7683,,,AA4358FB,
,,2,2025-05-27 20:34:47,-71,0000006E,8380,,,AA4358FB,
,,3,2025-05-27 20:34:47,-71,0000006E,8380,,,AA4358FB,
,,3,2025-05-27 20:34:48,-68,13323C65,56259,,,AA4358FB,
,,5,2025-05-27 20:34:48,-72,367E0F4A,32894,,,AA4358FB,
,,3,2025-05-27 20:34:48,-72,367E0F4A,32894,,,AA4358FB,
,,4,2025-05-27 20:34:48,-72,367E0F4A,32894,,,AA4358FB,
,,5,2025-05-27 20:34:49,-73,81D187E3,465,,,AA4358FB,
,,5,2025-05-27 20:34:49,-76,D7510A57,6260,,,AA4358FB,
,,2,2025-05-27 20:34:49,-76,D7510A57,6260,,,AA4358FB,
,,1,2025-05-27 20:34:49,-76,D7510A57,6260,,,AA4358FB,
,,4,2025-05-27 20:34:49,-76,D7510A57,6260,,,AA4358FB,
,,3,2025-05-27 20:34:49,-76,D7510A57,6260,,,AA4358FB,
,,5,2025-05-27 20:34:51,-66,367E0F4A,46101,,,AA4358FB,
,,3,2025-05-27 20:34:51,-66,367E0F4A,46101,,,AA4358FB,
,,3,2025-05-27 20:34:51,-76,E2A807D7,55268,,,AA4358FB,
,,5,2025-05-27 20:34:52,-72,81D187E3,32011,,,AA4358FB,
,,4,2025-05-27 20:34:54,-77,B78FE24A,57323,,,AA4358FB,
,,5,2025-05-27 20:34:54,-77,B78FE24A,57323,,,AA4358FB,
,,1,2025-05-27 20:34:54,-77,B78FE24A,57323,,,AA4358FB,
,,3,2025-05-27 20:34:54,-77,B78FE24A,57323,,,AA4358FB,
,,5,2025-05-27 20:34:57,-68,367E0F4A,50707,,,AA4358FB,
,,3,2025-05-27 20:34:57,-68,367E0F4A,50707,,,AA4358FB,
,,5,2025-05-27 20:34:57,-77,07F9389E,41807,,,AA4358FB,
,,4,2025-05-27 20:34:57,-77,07F9389E,41807,,,AA4358FB,
,,5,2025-05-27 20:34:57,-72,81D187E3,21435,,,AA4358FB,
,,2,2025-05-27 20:34:58,-78,59FE8D30,12113,,,AA4358FB,
,,5,2025-05-27 20:34:58,-78,59FE8D30,12113,,,AA4358FB,
,,3,2025-05-27 20:34:58,-70,13323C65,1265,,,AA4358FB,
,,5,2025-05-27 20:34:58,-70,13323C65,1265,,,AA4358FB,
,,2,2025-05-27 20:34:58,-70,13323C65,1265,,,AA4358FB,
,,3,2025-05-27 20:34:59,-72,81D187E3,23876,,,AA4358FB,
,,2,2025-05-27 20:34:59,-72,81D187E3,23876,,,AA4358FB,
,,5,2025-05-27 20:35:00,-71,13323C65,5452,,,AA4358FB,
,,1,2025-05-27 20:34:49,-76,E197FE3E,27538,,,7D769A01,
,,1,2025-05-27 20:34:50,-73,A648A0E7,46813,,,7D769A01,
,,1,2025-05-27 20:34:50,-79,E2A807D7,29390,,,7D769A01,
,,1,2025-05-27 20:34:50,-72,870614B1,7454,,,7D769A01,
,,1,2025-05-27 20:34:47,-72,D7510A57,6491,,,4D64B5B5,
,,4,2025-05-27 20:34:47,-72,D7510A57,6491,,,4D64B5B5,
,,4,2025-05-27 20:34:48,-73,81D187E3,55688,,,4D64B5B5,
,,1,2025-05-27 20:34:48,-73,81D187E3,55688,,,4D64B5B5,
,,1,2025-05-27 20:34:53,-78,23D9727E,49453,,,7D769A01,
,,1,2025-05-27 20:34:54,-70,13323C65,2606,,,7D769A01,
,,4,2025-05-27 20:34:49,-70,367E0F4A,50798,,,4D64B5B5,
,,1,2025-05-27 20:34:57,-66,367E0F4A,50707,,,7D769A01,
,,1,2025-05-27 20:34:57,-72,07F9389E,41807,,,7D769A01,
,,1,2025-05-27 20:34:52,-75,81D187E3,32011,,,4D64B5B5,
,,4,2025-05-27 20:34:52,-75,81D187E3,32011,,,4D64B5B5,
,,1,2025-05-27 20:35:00,-75,A648A0E7,61501,,,7D769A01,
,,1,2025-05-27 20:35:00,-74,81D187E3,53590,,,7D769A01,
,,1,2025-05-27 20:34:56,-79,13323C65,29697,,,4D64B5B5,
,,1,2025-05-27 20:35:01,-72,13323C65,31350,,,7D769A01,
,,1,2025-05-27 20:34:53,-81,5504D31A,51011,,,CB4A1EAE,
,,1,2025-05-27 20:34:55,-79,A648A0E7,11587,,,CB4A1EAE,
,,1,2025-05-27 20:35:05,-78,59FE8D30,59990,,,7D769A01,
,,1,2025-05-27 20:35:06,-65,367E0F4A,44423,,,7D769A01,
,,4,2025-05-27 20:34:40,-77,D7510A57,47558,,,B995250B,
,,1,2025-05-27 20:34:54,-73,D7510A57,33142,,,B995250B,
,,1,2025-05-27 20:35:04,-78,59FE8D30,10896,,,B995250B,
,,4,2025-05-27 20:35:08,-82,81D187E3,21739,,,B995250B,
,,1,2025-05-27 20:35:08,-82,81D187E3,21739,,,B995250B,
,,2,2025-05-27 20:34:53,-67,870614B1,24059,,,520A3C5C,
,,5,2025-05-27 20:34:53,-67,870614B1,24059,,,520A3C5C,
,,5,2025-05-27 20:34:54,-69,13323C65,2606,,,520A3C5C,
,,3,2025-05-27 20:34:54,-69,13323C65,2606,,,520A3C5C,
,,2,2025-05-27 20:34:54,-69,13323C65,2606,,,520A3C5C,
,,2,2025-05-27 20:34:55,-68,13323C65,30153,,,520A3C5C,
,,3,2025-05-27 20:34:55,-68,13323C65,30153,,,520A3C5C,
,,3,2025-05-27 20:34:55,-82,19836CFF,43410,,,520A3C5C,
,,5,2025-05-27 20:34:55,-82,19836CFF,43410,,,520A3C5C,
,,2,2025-05-27 20:34:55,-82,19836CFF,43410,,,520A3C5C,
,,3,2025-05-27 20:34:55,-67,A648A0E7,11587,,,520A3C5C,
,,5,2025-05-27 20:34:55,-67,A648A0E7,11587,,,520A3C5C,
,,2,2025-05-27 20:34:55,-67,A648A0E7,11587,,,520A3C5C,
,,4,2025-05-27 20:34:55,-67,A648A0E7,11587,,,520A3C5C,
,,4,2025-05-27 20:34:57,-75,A648A0E7,16343,,,520A3C5C,
,,5,2025-05-27 20:34:58,-70,367E0F4A,10432,,,520A3C5C,
,,2,2025-05-27 20:34:58,-70,367E0F4A,10432,,,520A3C5C,
,,4,2025-05-27 20:34:58,-70,367E0F4A,10432,,,520A3C5C,
,,4,2025-05-27 20:34:59,-75,A648A0E7,61501,,,520A3C5C,
,,1,2025-05-27 20:34:59,-75,A648A0E7,61501,,,520A3C5C,
,,3,2025-05-27 20:34:59,-75,A648A0E7,61501,,,520A3C5C,
,,5,2025-05-27 20:34:59,-75,A648A0E7,61501,,,520A3C5C,
,,2,2025-05-27 20:34:59,-75,A648A0E7,61501,,,520A3C5C,
,,3,2025-05-27 20:35:00,-76,13323C65,5452,,,520A3C5C,
,,2,2025-05-27 20:35:00,-76,13323C65,5452,,,520A3C5C,
,,3,2025-05-27 20:34:57,-65,59FE8D30,12113,,,D46BA6A2,
,,2,2025-05-27 20:34:57,-65,59FE8D30,12113,,,D46BA6A2,
,,3,2025-05-27 20:35:01,-71,13323C65,31350,,,520A3C5C,
,,5,2025-05-27 20:35:01,-71,13323C65,31350,,,520A3C5C,
,,2,2025-05-27 20:35:01,-71,13323C65,31350,,,520A3C5C,
,,2,2025-05-27 20:34:58,-78,B78FE24A,13115,,,D46BA6A2,
,,4,2025-05-27 20:34:58,-73,367E0F4A,10432,,,D46BA6A2,
,,3,2025-05-27 20:34:58,-73,367E0F4A,10432,,,D46BA6A2,
,,1,2025-05-27 20:34:58,-73,367E0F4A,10432,,,D46BA6A2,
,,2,2025-05-27 20:35:02,-71,59FE8D30,11897,,,520A3C5C,
,,4,2025-05-27 20:35:02,-71,59FE8D30,11897,,,520A3C5C,
,,1,2025-05-27 20:35:02,-71,59FE8D30,11897,,,520A3C5C,
,,5,2025-05-27 20:35:02,-71,59FE8D30,11897,,,520A3C5C,
,,3,2025-05-27 20:35:02,-71,59FE8D30,11897,,,520A3C5C,
,,4,2025-05-27 20:34:59,-78,A648A0E7,61501,,,D46BA6A2,
,,3,2025-05-27 20:34:59,-78,A648A0E7,61501,,,D46BA6A2,
,,1,2025-05-27 20:34:59,-78,A648A0E7,61501,,,D46BA6A2,
,,5,2025-05-27 20:35:02,-84,B78FE24A,4402,,,520A3C5C,
,,2,2025-05-27 20:35:02,-84,B78FE24A,4402,,,520A3C5C,
,,1,2025-05-27 20:35:02,-70,13323C65,64754,,,D46BA6A2,
,,5,2025-05-27 20:35:03,-78,E2A807D7,6280,,,520A3C5C,
,,2,2025-05-27 20:35:04,-74,59FE8D30,10896,,,520A3C5C,
,,4,2025-05-27 20:35:04,-74,59FE8D30,10896,,,520A3C5C,
,,5,2025-05-27 20:35:04,-74,59FE8D30,10896,,,520A3C5C,
,,3,2025-05-27 20:35:04,-74,59FE8D30,10896,,,520A3C5C,
,,4,2025-05-27 20:35:04,-69,870614B1,39423,,,D46BA6A2,
,,5,2025-05-27 20:35:04,-69,870614B1,39423,,,D46BA6A2,
,,2,2025-05-27 20:35:04,-69,870614B1,39423,,,D46BA6A2,
,,1,2025-05-27 20:35:04,-69,870614B1,39423,,,D46BA6A2,
,,3,2025-05-27 20:35:04,-69,870614B1,39423,,,D46BA6A2,
,,5,2025-05-27 20:35:05,-74,59FE8D30,59990,,,520A3C5C,
,,3,2025-05-27 20:35:05,-70,D7510A57,52323,,,520A3C5C,
,,5,2025-05-27 20:35:05,-70,D7510A57,52323,,,520A3C5C,
,,2,2025-05-27 20:35:05,-70,D7510A57,52323,,,520A3C5C,
,,3,2025-05-27 20:35:05,-84,B78FE24A,61263,,,520A3C5C,
,,2,2025-05-27 20:35:06,-76,367E0F4A,53977,,,520A3C5C,
,,3,2025-05-27 20:35:06,-76,367E0F4A,53977,,,520A3C5C,
,,2,2025-05-27 20:35:07,-69,D7510A57,60303,,,520A3C5C,
,,3,2025-05-27 20:35:07,-69,D7510A57,60303,,,520A3C5C,
,,5,2025-05-27 20:35:07,-69,D7510A57,60303,,,520A3C5C,
,,4,2025-05-27 20:35:07,-69,D7510A57,60303,,,520A3C5C,
,,2,2025-05-27 20:35:07,-76,81D187E3,21739,,,520A3C5C,
,,3,2025-05-27 20:35:07,-76,81D187E3,21739,,,520A3C5C,
,,5,2025-05-27 20:35:07,-76,81D187E3,21739,,,520A3C5C,
,,5,2025-05-27 20:35:10,-69,D7510A57,15364,,,520A3C5C,
,,1,2025-05-27 20:35:09,-72,367E0F4A,29930,,,D46BA6A2,
,,3,2025-05-27 20:35:09,-77,D7510A57,15364,,,D46BA6A2,
,,4,2025-05-27 20:34:53,-72,367E0F4A,11844,,,9CC5DC79,
,,1,2025-05-27 20:34:53,-72,367E0F4A,11844,,,9CC5DC79,
,,2,2025-05-27 20:34:53,-72,367E0F4A,11844,,,9CC5DC79,
,,3,2025-05-27 20:34:53,-72,367E0F4A,11844,,,9CC5DC79,
,,5,2025-05-27 20:34:53,-72,367E0F4A,11844,,,9CC5DC79,
,,3,2025-05-27 20:35:11,-71,07F9389E,48131,,,520A3C5C,
,,2,2025-05-27 20:35:11,-71,07F9389E,48131,,,520A3C5C,
,,3,2025-05-27 20:35:11,-79,A648A0E7,9635,,,D46BA6A2,
,,1,2025-05-27 20:34:55,-80,81D187E3,16290,,,9CC5DC79,
,,4,2025-05-27 20:34:55,-80,81D187E3,16290,,,9CC5DC79,
,,5,2025-05-27 20:34:55,-80,81D187E3,16290,,,9CC5DC79,
,,5,2025-05-27 20:35:14,-75,367E0F4A,39131,,,520A3C5C,
,,1,2025-05-27 20:35:12,-77,13323C65,9095,,,D46BA6A2,
,,4,2025-05-27 20:35:12,-77,13323C65,9095,,,D46BA6A2,
,,2,2025-05-27 20:35:12,-77,13323C65,9095,,,D46BA6A2,
,,3,2025-05-27 20:35:12,-77,13323C65,9095,,,D46BA6A2,
,,5,2025-05-27 20:34:57,-71,367E0F4A,14901,,,9CC5DC79,
,,3,2025-05-27 20:35:13,-70,367E0F4A,39131,,,D46BA6A2,
,,1,2025-05-27 20:34:59,-77,0000006E,29086,,,9CC5DC79,
,,1,2025-05-27 20:34:59,-80,A648A0E7,61501,,,9CC5DC79,
,,1,2025-05-27 20:35:00,-78,D7510A57,38092,,,9CC5DC79,
,,1,2025-05-27 20:35:15,-73,D7510A57,35666,,,D46BA6A2,
,,1,2025-05-27 20:35:01,-71,367E0F4A,2478,,,9CC5DC79,
,,5,2025-05-27 20:35:01,-71,367E0F4A,2478,,,9CC5DC79,
,,3,2025-05-27 20:35:16,-68,13323C65,11875,,,D46BA6A2,
,,1,2025-05-27 20:35:02,-82,59FE8D30,11897,,,9CC5DC79,
,,2,2025-05-27 20:35:02,-82,59FE8D30,11897,,,9CC5DC79,
,,5,2025-05-27 20:35:02,-82,59FE8D30,11897,,,9CC5DC79,
,,5,2025-05-27 20:35:02,-79,13323C65,64754,,,9CC5DC79,
,,1,2025-05-27 20:35:02,-72,367E0F4A,23366,,,9CC5DC79,
,,5,2025-05-27 20:35:02,-72,367E0F4A,23366,,,9CC5DC79,
,,4,2025-05-27 20:35:02,-72,367E0F4A,23366,,,9CC5DC79,
,,2,2025-05-27 20:35:02,-72,367E0F4A,23366,,,9CC5DC79,
,,1,2025-05-27 20:35:05,-79,13323C65,52794,,,9CC5DC79,
,,1,2025-05-27 20:35:16,-79,81D187E3,48214,,,D46BA6A2,
,,5,2025-05-27 20:35:17,-68,0000006E,165,,,D46BA6A2,
,,1,2025-05-27 20:35:17,-68,0000006E,165,,,D46BA6A2,
,,3,2025-05-27 20:35:17,-68,0000006E,165,,,D46BA6A2,
,,3,2025-05-27 20:35:08,-80,A648A0E7,51096,,,9CC5DC79,
,,2,2025-05-27 20:35:09,-80,367E0F4A,29930,,,9CC5DC79,
,,3,2025-05-27 20:35:10,-83,81D187E3,12809,,,9CC5DC79,
,,5,2025-05-27 20:35:10,-79,367E0F4A,10185,,,9CC5DC79,
,,2,2025-05-27 20:35:02,-71,13323C65,64754,,,AA4358FB,
,,4,2025-05-27 20:35:11,-76,07F9389E,48131,,,9CC5DC79,
,,3,2025-05-27 20:35:11,-76,07F9389E,48131,,,9CC5DC79,
,,2,2025-05-27 20:35:11,-76,07F9389E,48131,,,9CC5DC79,
,,5,2025-05-27 20:35:12,-81,81D187E3,51830,,,9CC5DC79,
,,4,2025-05-27 20:35:12,-81,81D187E3,51830,,,9CC5DC79,
,,1,2025-05-27 20:35:12,-81,81D187E3,51830,,,9CC5DC79,
,,5,2025-05-27 20:35:03,-68,367E0F4A,23366,,,AA4358FB,
,,2,2025-05-27 20:35:03,-68,81D187E3,12267,,,AA4358FB,
,,3,2025-05-27 20:35:03,-68,81D187E3,12267,,,AA4358FB,
,,1,2025-05-27 20:35:03,-68,81D187E3,12267,,,AA4358FB,
,,4,2025-05-27 20:35:03,-68,81D187E3,12267,,,AA4358FB,
,,5,2025-05-27 20:35:13,-75,A648A0E7,33599,,,9CC5DC79,
,,4,2025-05-27 20:35:14,-72,367E0F4A,39131,,,9CC5DC79,
,,5,2025-05-27 20:35:14,-72,367E0F4A,39131,,,9CC5DC79,
,,2,2025-05-27 20:35:14,-72,367E0F4A,39131,,,9CC5DC79,
,,3,2025-05-27 20:35:14,-72,367E0F4A,39131,,,9CC5DC79,
,,1,2025-05-27 20:35:14,-72,367E0F4A,39131,,,9CC5DC79,
,,1,2025-05-27 20:35:05,-81,E2A807D7,19106,,,AA4358FB,
,,2,2025-05-27 20:35:05,-72,81D187E3,37510,,,AA4358FB,
,,5,2025-05-27 20:35:05,-72,81D187E3,37510,,,AA4358FB,
,,3,2025-05-27 20:35:05,-72,81D187E3,37510,,,AA4358FB,
,,5,2025-05-27 20:35:05,-76,59FE8D30,59990,,,AA4358FB,
,,5,2025-05-27 20:35:05,-68,870614B1,39423,,,AA4358FB,
,,3,2025-05-27 20:35:05,-68,870614B1,39423,,,AA4358FB,
,,4,2025-05-27 20:35:05,-68,870614B1,39423,,,AA4358FB,
,,2,2025-05-27 20:35:05,-68,870614B1,39423,,,AA4358FB,
,,4,2025-05-27 20:35:07,-74,A648A0E7,6142,,,AA4358FB,
,,5,2025-05-27 20:35:07,-74,A648A0E7,6142,,,AA4358FB,
,,3,2025-05-27 20:35:07,-74,A648A0E7,6142,,,AA4358FB,
,,2,2025-05-27 20:35:07,-76,D7510A57,60303,,,AA4358FB,
,,5,2025-05-27 20:35:08,-68,367E0F4A,49306,,,AA4358FB,
,,3,2025-05-27 20:35:08,-68,367E0F4A,49306,,,AA4358FB,
,,4,2025-05-27 20:35:08,-68,367E0F4A,49306,,,AA4358FB,
,,2,2025-05-27 20:35:19,-80,A648A0E7,19587,,,9CC5DC79,
,,5,2025-05-27 20:35:19,-80,A648A0E7,19587,,,9CC5DC79,
,,3,2025-05-27 20:35:19,-80,A648A0E7,19587,,,9CC5DC79,
,,1,2025-05-27 20:35:19,-80,A648A0E7,19587,,,9CC5DC79,
,,4,2025-05-27 20:35:19,-80,A648A0E7,19587,,,9CC5DC79,
,,2,2025-05-27 20:35:09,-74,59FE8D30,55102,,,AA4358FB,
,,4,2025-05-27 20:35:09,-74,59FE8D30,55102,,,AA4358FB,
,,5,2025-05-27 20:35:09,-74,59FE8D30,55102,,,AA4358FB,
,,3,2025-05-27 20:35:09,-74,59FE8D30,55102,,,AA4358FB,
,,2,2025-05-27 20:35:09,-77,D7510A57,48959,,,AA4358FB,
,,2,2025-05-27 20:35:10,-68,81D187E3,55916,,,AA4358FB,
,,2,2025-05-27 20:35:10,-63,367E0F4A,29930,,,AA4358FB,
,,4,2025-05-27 20:35:10,-63,367E0F4A,29930,,,AA4358FB,
,,5,2025-05-27 20:35:10,-63,367E0F4A,29930,,,AA4358FB,
,,3,2025-05-27 20:35:10,-63,367E0F4A,29930,,,AA4358FB,
,,4,2025-05-27 20:35:10,-76,E2A807D7,51809,,,AA4358FB,
,,5,2025-05-27 20:35:10,-76,E2A807D7,51809,,,AA4358FB,
,,1,2025-05-27 20:35:10,-76,E2A807D7,51809,,,AA4358FB,
,,3,2025-05-27 20:35:10,-76,E2A807D7,51809,,,AA4358FB,
,,2,2025-05-27 20:35:10,-76,E2A807D7,51809,,,AA4358FB,
,,5,2025-05-27 20:35:10,-75,E85FB74C,46092,,,AA4358FB,
,,3,2025-05-27 20:35:12,-76,07F9389E,48131,,,AA4358FB,
,,5,2025-05-27 20:35:12,-76,07F9389E,48131,,,AA4358FB,
,,4,2025-05-27 20:35:14,-76,A648A0E7,33599,,,AA4358FB,
,,3,2025-05-27 20:35:14,-76,A648A0E7,33599,,,AA4358FB,
,,1,2025-05-27 20:35:14,-76,A648A0E7,33599,,,AA4358FB,
,,2,2025-05-27 20:35:14,-76,A648A0E7,33599,,,AA4358FB,
,,5,2025-05-27 20:35:14,-76,A648A0E7,33599,,,AA4358FB,
,,4,2025-05-27 20:35:14,-71,81D187E3,62150,,,AA4358FB,
,,3,2025-05-27 20:35:14,-71,81D187E3,62150,,,AA4358FB,
,,2,2025-05-27 20:35:14,-71,81D187E3,62150,,,AA4358FB,
,,5,2025-05-27 20:35:14,-71,81D187E3,62150,,,AA4358FB,
,,2,2025-05-27 20:35:15,-62,367E0F4A,24571,,,AA4358FB,
,,3,2025-05-27 20:35:15,-62,367E0F4A,24571,,,AA4358FB,
,,5,2025-05-27 20:35:15,-62,367E0F4A,24571,,,AA4358FB,
,,5,2025-05-27 20:35:16,-71,81D187E3,47880,,,AA4358FB,
,,2,2025-05-27 20:35:16,-74,D7510A57,35666,,,AA4358FB,
,,3,2025-05-27 20:35:16,-74,D7510A57,35666,,,AA4358FB,
,,5,2025-05-27 20:35:18,-78,A648A0E7,55076,,,AA4358FB,
,,2,2025-05-27 20:35:18,-78,A648A0E7,55076,,,AA4358FB,
,,3,2025-05-27 20:35:18,-78,A648A0E7,55076,,,AA4358FB,
,,3,2025-05-27 20:35:18,-71,59FE8D30,17715,,,AA4358FB,
,,5,2025-05-27 20:35:19,-65,367E0F4A,62564,,,AA4358FB,
,,5,2025-05-27 20:34:52,-76,A648A0E7,33727,,,7378B941,
,,4,2025-05-27 20:35:20,-75,E2A807D7,41533,,,AA4358FB,
,,2,2025-05-27 20:35:20,-75,E2A807D7,41533,,,AA4358FB,
,,5,2025-05-27 20:35:20,-75,E2A807D7,41533,,,AA4358FB,
,,3,2025-05-27 20:35:20,-75,E2A807D7,41533,,,AA4358FB,
,,5,2025-05-27 20:34:53,-83,5504D31A,51011,,,7378B941,
,,4,2025-05-27 20:34:53,-83,5504D31A,51011,,,7378B941,
,,1,2025-05-27 20:35:08,-77,59FE8D30,17212,,,7D769A01,
,,1,2025-05-27 20:34:57,-78,59FE8D30,12113,,,7378B941,
,,5,2025-05-27 20:34:57,-78,59FE8D30,12113,,,7378B941,
,,1,2025-05-27 20:35:09,-67,367E0F4A,36991,,,7D769A01,
,,5,2025-05-27 20:34:58,-82,81D187E3,23876,,,7378B941,
,,4,2025-05-27 20:34:58,-82,81D187E3,23876,,,7378B941,
,,1,2025-05-27 20:35:09,-68,D7510A57,48959,,,7D769A01,
,,5,2025-05-27 20:35:05,-76,13323C65,52794,,,7378B941,
,,1,2025-05-27 20:35:11,-75,A648A0E7,62156,,,7D769A01,
,,1,2025-05-27 20:35:12,-72,59FE8D30,18052,,,7D769A01,
,,1,2025-05-27 20:35:14,-74,A648A0E7,33599,,,7D769A01,
,,5,2025-05-27 20:35:13,-80,367E0F4A,39131,,,7378B941,
,,1,2025-05-27 20:35:17,-72,870614B1,23764,,,7D769A01,
,,1,2025-05-27 20:35:18,-75,81D187E3,50781,,,7D769A01,
,,1,2025-05-27 20:35:21,-74,A648A0E7,448,,,7D769A01,
,,1,2025-05-27 20:35:21,-77,E2A807D7,8176,,,7D769A01,
,,1,2025-05-27 20:35:17,-77,A648A0E7,55076,,,7378B941,
,,1,2025-05-27 20:35:22,-76,07F9389E,28185,,,7D769A01,
,,1,2025-05-27 20:35:20,-75,D7510A57,40706,,,7378B941,
,,5,2025-05-27 20:35:20,-75,D7510A57,40706,,,7378B941,
,,1,2025-05-27 20:35:22,-68,D7510A57,44680,,,7D769A01,
,,4,2025-05-27 20:35:08,-72,D7510A57,64607,,,4D64B5B5,
,,1,2025-05-27 20:35:07,-84,D7510A57,60303,,,CB4A1EAE,
,,4,2025-05-27 20:35:07,-84,D7510A57,60303,,,CB4A1EAE,
,,1,2025-05-27 20:35:10,-78,367E0F4A,29930,,,CB4A1EAE,
,,4,2025-05-27 20:35:10,-78,367E0F4A,29930,,,CB4A1EAE,
,,4,2025-05-27 20:35:14,-80,13323C65,20926,,,CB4A1EAE,
,,1,2025-05-27 20:35:14,-80,13323C65,20926,,,CB4A1EAE,
,,4,2025-05-27 20:35:16,-79,13323C65,11875,,,CB4A1EAE,
,,1,2025-05-27 20:35:19,-79,367E0F4A,62564,,,CB4A1EAE,
,,4,2025-05-27 20:35:19,-79,367E0F4A,62564,,,CB4A1EAE,
,,4,2025-05-27 20:35:22,-80,81D187E3,10185,,,4D64B5B5,
,,1,2025-05-27 20:35:22,-80,81D187E3,10185,,,4D64B5B5,
,,4,2025-05-27 20:35:23,-72,367E0F4A,32404,,,4D64B5B5,
,,1,2025-05-27 20:35:29,-74,D7510A57,29574,,,CB4A1EAE,
,,4,2025-05-27 20:35:29,-74,D7510A57,29574,,,CB4A1EAE,
,,4,2025-05-27 20:35:30,-71,367E0F4A,17254,,,4D64B5B5,
,,1,2025-05-27 20:35:30,-71,367E0F4A,17254,,,4D64B5B5,
,,4,2025-05-27 20:35:33,-81,59FE8D30,3510,,,CB4A1EAE,
,,4,2025-05-27 20:35:18,-75,E2A807D7,47302,,,D46BA6A2,
,,1,2025-05-27 20:35:18,-75,E2A807D7,47302,,,D46BA6A2,
,,3,2025-05-27 20:35:18,-75,E2A807D7,47302,,,D46BA6A2,
,,5,2025-05-27 20:35:18,-75,E2A807D7,47302,,,D46BA6A2,
,,2,2025-05-27 20:35:18,-75,E2A807D7,47302,,,D46BA6A2,
,,4,2025-05-27 20:35:18,-78,81D187E3,13282,,,D46BA6A2,
,,1,2025-05-27 20:35:18,-78,81D187E3,13282,,,D46BA6A2,
,,2,2025-05-27 20:35:18,-78,81D187E3,13282,,,D46BA6A2,
,,3,2025-05-27 20:35:18,-78,81D187E3,13282,,,D46BA6A2,
,,5,2025-05-27 20:35:18,-78,81D187E3,13282,,,D46BA6A2,
,,3,2025-05-27 20:35:18,-65,59FE8D30,23604,,,D46BA6A2,
,,5,2025-05-27 20:35:18,-65,59FE8D30,23604,,,D46BA6A2,
,,2,2025-05-27 20:35:18,-65,59FE8D30,23604,,,D46BA6A2,
,,4,2025-05-27 20:35:18,-65,59FE8D30,23604,,,D46BA6A2,
,,1,2025-05-27 20:35:18,-71,367E0F4A,62564,,,D46BA6A2,
,,1,2025-05-27 20:35:19,-76,E2A807D7,41533,,,D46BA6A2,
,,2,2025-05-27 20:35:19,-76,E2A807D7,41533,,,D46BA6A2,
,,4,2025-05-27 20:35:19,-76,E2A807D7,41533,,,D46BA6A2,
,,1,2025-05-27 20:35:19,-71,A648A0E7,19587,,,D46BA6A2,
,,3,2025-05-27 20:35:19,-67,0000006E,14760,,,D46BA6A2,
,,1,2025-05-27 20:35:19,-67,0000006E,14760,,,D46BA6A2,
,,3,2025-05-27 20:35:20,-71,A648A0E7,448,,,D46BA6A2,
,,1,2025-05-27 20:35:20,-70,59FE8D30,56643,,,D46BA6A2,
,,3,2025-05-27 20:35:20,-70,59FE8D30,56643,,,D46BA6A2,
,,5,2025-05-27 20:35:20,-70,59FE8D30,56643,,,D46BA6A2,
,,2,2025-05-27 20:35:20,-70,59FE8D30,56643,,,D46BA6A2,
,,3,2025-05-27 20:35:20,-71,367E0F4A,11286,,,D46BA6A2,
,,5,2025-05-27 20:35:20,-71,367E0F4A,11286,,,D46BA6A2,
,,2,2025-05-27 20:35:21,-72,07F9389E,28185,,,D46BA6A2,
,,3,2025-05-27 20:35:21,-72,07F9389E,28185,,,D46BA6A2,
,,4,2025-05-27 20:35:21,-72,07F9389E,28185,,,D46BA6A2,
,,1,2025-05-27 20:35:21,-80,A648A0E7,3176,,,D46BA6A2,
,,4,2025-05-27 20:35:21,-80,A648A0E7,3176,,,D46BA6A2,
,,3,2025-05-27 20:35:21,-80,A648A0E7,3176,,,D46BA6A2,
,,2,2025-05-27 20:35:21,-73,D7510A57,44680,,,D46BA6A2,
,,1,2025-05-27 20:35:21,-73,D7510A57,44680,,,D46BA6A2,
,,4,2025-05-27 20:35:21,-73,D7510A57,44680,,,D46BA6A2,
,,3,2025-05-27 20:35:21,-73,D7510A57,44680,,,D46BA6A2,
,,2,2025-05-27 20:35:22,-71,A648A0E7,58446,,,D46BA6A2,
,,5,2025-05-27 20:35:22,-71,A648A0E7,58446,,,D46BA6A2,
,,1,2025-05-27 20:35:22,-71,A648A0E7,58446,,,D46BA6A2,
,,3,2025-05-27 20:35:22,-71,A648A0E7,58446,,,D46BA6A2,
,,4,2025-05-27 20:35:22,-71,A648A0E7,58446,,,D46BA6A2,
,,3,2025-05-27 20:35:22,-68,59FE8D30,42462,,,D46BA6A2,
,,5,2025-05-27 20:35:22,-68,59FE8D30,42462,,,D46BA6A2,
,,2,2025-05-27 20:35:22,-68,59FE8D30,42462,,,D46BA6A2,
,,1,2025-05-27 20:35:22,-68,59FE8D30,42462,,,D46BA6A2,
,,1,2025-05-27 20:35:23,-70,367E0F4A,31399,,,D46BA6A2,
,,3,2025-05-27 20:35:23,-70,367E0F4A,31399,,,D46BA6A2,
,,4,2025-05-27 20:35:23,-70,367E0F4A,31399,,,D46BA6A2,
,,5,2025-05-27 20:35:23,-70,367E0F4A,31399,,,D46BA6A2,
,,1,2025-05-27 20:35:26,-68,59FE8D30,17827,,,D46BA6A2,
,,3,2025-05-27 20:35:27,-67,D7510A57,9652,,,D46BA6A2,
,,5,2025-05-27 20:35:27,-67,D7510A57,9652,,,D46BA6A2,
,,3,2025-05-27 20:35:28,-70,13323C65,14905,,,D46BA6A2,
,,4,2025-05-27 20:35:28,-67,59FE8D30,5301,,,D46BA6A2,
,,3,2025-05-27 20:35:28,-67,59FE8D30,5301,,,D46BA6A2,
,,3,2025-05-27 20:35:32,-76,B78FE24A,13746,,,D46BA6A2,
,,1,2025-05-27 20:35:32,-76,B78FE24A,13746,,,D46BA6A2,
,,4,2025-05-27 20:35:32,-76,B78FE24A,13746,,,D46BA6A2,
,,3,2025-05-27 20:35:32,-69,59FE8D30,3510,,,D46BA6A2,
,,2,2025-05-27 20:35:32,-69,59FE8D30,3510,,,D46BA6A2,
,,1,2025-05-27 20:35:15,-82,A648A0E7,7938,,,B995250B,
,,4,2025-05-27 20:35:15,-82,A648A0E7,7938,,,B995250B,
,,1,2025-05-27 20:35:16,-80,A648A0E7,45189,,,B995250B,
,,1,2025-05-27 20:35:16,-71,367E0F4A,4819,,,B995250B,
,,4,2025-05-27 20:35:16,-71,367E0F4A,4819,,,B995250B,
,,1,2025-05-27 20:35:17,-83,0000006E,165,,,B995250B,
,,4,2025-05-27 20:35:17,-83,0000006E,165,,,B995250B,
,,1,2025-05-27 20:35:18,-72,367E0F4A,21842,,,B995250B,
,,2,2025-05-27 20:35:15,-66,D7510A57,3250,,,520A3C5C,
,,2,2025-05-27 20:35:15,-77,81D187E3,47880,,,520A3C5C,
,,3,2025-05-27 20:35:15,-77,81D187E3,47880,,,520A3C5C,
,,3,2025-05-27 20:35:16,-70,367E0F4A,4819,,,520A3C5C,
,,2,2025-05-27 20:35:17,-74,870614B1,23764,,,520A3C5C,
,,5,2025-05-27 20:35:17,-74,870614B1,23764,,,520A3C5C,
,,2,2025-05-27 20:35:20,-71,367E0F4A,63086,,,520A3C5C,
,,4,2025-05-27 20:35:20,-71,367E0F4A,63086,,,520A3C5C,
,,3,2025-05-27 20:35:20,-71,367E0F4A,63086,,,520A3C5C,
,,4,2025-05-27 20:35:26,-82,81D187E3,48646,,,B995250B,
,,1,2025-05-27 20:35:26,-82,81D187E3,48646,,,B995250B,
,,2,2025-05-27 20:35:20,-82,19836CFF,52536,,,520A3C5C,
,,3,2025-05-27 20:35:20,-82,19836CFF,52536,,,520A3C5C,
,,4,2025-05-27 20:35:21,-77,59FE8D30,56643,,,520A3C5C,
,,2,2025-05-27 20:35:21,-77,59FE8D30,56643,,,520A3C5C,
,,1,2025-05-27 20:35:21,-77,59FE8D30,56643,,,520A3C5C,
,,5,2025-05-27 20:35:21,-77,59FE8D30,56643,,,520A3C5C,
,,3,2025-05-27 20:35:21,-77,59FE8D30,56643,,,520A3C5C,
,,2,2025-05-27 20:35:21,-68,D7510A57,5187,,,520A3C5C,
,,5,2025-05-27 20:35:21,-68,D7510A57,5187,,,520A3C5C,
,,4,2025-05-27 20:35:21,-68,D7510A57,5187,,,520A3C5C,
,,3,2025-05-27 20:35:21,-68,D7510A57,5187,,,520A3C5C,
,,3,2025-05-27 20:35:21,-83,B78FE24A,26589,,,520A3C5C,
,,4,2025-05-27 20:35:21,-83,B78FE24A,26589,,,520A3C5C,
,,1,2025-05-27 20:35:21,-83,B78FE24A,26589,,,520A3C5C,
,,5,2025-05-27 20:35:21,-83,B78FE24A,26589,,,520A3C5C,
,,2,2025-05-27 20:35:21,-83,B78FE24A,26589,,,520A3C5C,
,,3,2025-05-27 20:35:22,-68,D7510A57,44680,,,520A3C5C,
,,4,2025-05-27 20:35:22,-68,D7510A57,44680,,,520A3C5C,
,,2,2025-05-27 20:35:22,-68,D7510A57,44680,,,520A3C5C,
,,2,2025-05-27 20:35:22,-71,13323C65,27994,,,520A3C5C,
,,5,2025-05-27 20:35:22,-71,13323C65,27994,,,520A3C5C,
,,3,2025-05-27 20:35:22,-71,13323C65,27994,,,520A3C5C,
,,4,2025-05-27 20:35:22,-71,13323C65,27994,,,520A3C5C,
,,1,2025-05-27 20:35:23,-77,0000006E,61824,,,520A3C5C,
,,3,2025-05-27 20:35:23,-83,E2A807D7,34250,,,520A3C5C,
,,3,2025-05-27 20:35:24,-70,367E0F4A,31399,,,520A3C5C,
,,4,2025-05-27 20:35:24,-70,367E0F4A,31399,,,520A3C5C,
,,2,2025-05-27 20:35:24,-70,367E0F4A,31399,,,520A3C5C,
,,5,2025-05-27 20:35:24,-70,367E0F4A,31399,,,520A3C5C,
,,2,2025-05-27 20:35:26,-76,81D187E3,48646,,,520A3C5C,
,,3,2025-05-27 20:35:26,-76,81D187E3,48646,,,520A3C5C,
,,4,2025-05-27 20:35:27,-70,D7510A57,47592,,,520A3C5C,
,,5,2025-05-27 20:35:27,-70,D7510A57,47592,,,520A3C5C,
,,5,2025-05-27 20:35:20,-78,D7510A57,40706,,,AA4358FB,
,,3,2025-05-27 20:35:20,-78,D7510A57,40706,,,AA4358FB,
,,5,2025-05-27 20:35:32,-70,D7510A57,54052,,,520A3C5C,
,,2,2025-05-27 20:35:32,-67,870614B1,33304,,,520A3C5C,
,,3,2025-05-27 20:35:32,-67,870614B1,33304,,,520A3C5C,
,,4,2025-05-27 20:35:22,-76,A648A0E7,3176,,,AA4358FB,
,,3,2025-05-27 20:35:22,-76,A648A0E7,3176,,,AA4358FB,
,,2,2025-05-27 20:35:22,-76,A648A0E7,3176,,,AA4358FB,
,,4,2025-05-27 20:35:32,-81,23D9727E,26179,,,520A3C5C,
,,3,2025-05-27 20:35:32,-81,23D9727E,26179,,,520A3C5C,
,,5,2025-05-27 20:35:33,-72,59FE8D30,3510,,,520A3C5C,
,,2,2025-05-27 20:35:33,-72,59FE8D30,3510,,,520A3C5C,
,,4,2025-05-27 20:35:33,-72,59FE8D30,3510,,,520A3C5C,
,,3,2025-05-27 20:35:33,-72,59FE8D30,3510,,,520A3C5C,
,,1,2025-05-27 20:35:33,-72,59FE8D30,3510,,,520A3C5C,
,,5,2025-05-27 20:35:34,-68,D7510A57,33497,,,520A3C5C,
,,4,2025-05-27 20:35:34,-68,D7510A57,33497,,,520A3C5C,
,,3,2025-05-27 20:35:34,-68,D7510A57,33497,,,520A3C5C,
,,5,2025-05-27 20:35:24,-68,367E0F4A,31399,,,AA4358FB,
,,2,2025-05-27 20:35:24,-68,367E0F4A,31399,,,AA4358FB,
,,3,2025-05-27 20:35:24,-68,367E0F4A,31399,,,AA4358FB,
,,4,2025-05-27 20:35:24,-68,367E0F4A,31399,,,AA4358FB,
,,1,2025-05-27 20:35:24,-68,367E0F4A,31399,,,AA4358FB,
,,5,2025-05-27 20:35:36,-78,E2A807D7,52607,,,520A3C5C,
,,2,2025-05-27 20:35:36,-78,E2A807D7,52607,,,520A3C5C,
,,4,2025-05-27 20:35:36,-78,E2A807D7,52607,,,520A3C5C,
,,1,2025-05-27 20:35:26,-72,59FE8D30,575,,,7D769A01,
,,1,2025-05-27 20:35:28,-83,E2A807D7,14183,,,AA4358FB,
,,1,2025-05-27 20:35:27,-68,D7510A57,47592,,,7D769A01,
,,1,2025-05-27 20:35:28,-72,59FE8D30,18718,,,7D769A01,
,,1,2025-05-27 20:35:28,-68,D7510A57,9652,,,7D769A01,
,,3,2025-05-27 20:35:30,-70,59FE8D30,6907,,,AA4358FB,
,,5,2025-05-27 20:35:30,-70,59FE8D30,6907,,,AA4358FB,
,,3,2025-05-27 20:35:32,-68,81D187E3,38987,,,AA4358FB,
,,3,2025-05-27 20:35:32,-80,A648A0E7,44489,,,AA4358FB,
,,5,2025-05-27 20:35:33,-84,E197FE3E,45961,,,AA4358FB,
,,3,2025-05-27 20:35:33,-72,81D187E3,36106,,,AA4358FB,
,,5,2025-05-27 20:35:33,-72,81D187E3,36106,,,AA4358FB,
,,3,2025-05-27 20:35:33,-77,59FE8D30,3510,,,AA4358FB,
,,5,2025-05-27 20:35:34,-69,81D187E3,43868,,,AA4358FB,
,,2,2025-05-27 20:35:34,-69,81D187E3,43868,,,AA4358FB,
,,1,2025-05-27 20:35:33,-71,59FE8D30,3510,,,7D769A01,
,,3,2025-05-27 20:35:35,-72,81D187E3,50459,,,AA4358FB,
,,5,2025-05-27 20:35:35,-72,81D187E3,50459,,,AA4358FB,
,,1,2025-05-27 20:35:35,-72,81D187E3,50459,,,AA4358FB,
,,2,2025-05-27 20:35:35,-72,81D187E3,50459,,,AA4358FB,
,,4,2025-05-27 20:35:35,-72,81D187E3,50459,,,AA4358FB,
,,1,2025-05-27 20:35:35,-71,0000006E,45806,,,AA4358FB,
,,4,2025-05-27 20:35:35,-78,E85FB74C,52983,,,AA4358FB,
,,3,2025-05-27 20:35:35,-78,E85FB74C,52983,,,AA4358FB,
,,5,2025-05-27 20:35:35,-78,E85FB74C,52983,,,AA4358FB,
,,1,2025-05-27 20:35:35,-78,E85FB74C,52983,,,AA4358FB,
,,2,2025-05-27 20:35:35,-78,E85FB74C,52983,,,AA4358FB,
,,1,2025-05-27 20:35:38,-68,13323C65,12701,,,AA4358FB,
,,1,2025-05-27 20:35:36,-74,59FE8D30,28118,,,7D769A01,
,,3,2025-05-27 20:35:38,-78,59FE8D30,7043,,,AA4358FB,
,,1,2025-05-27 20:35:37,-76,07F9389E,30507,,,7D769A01,
,,4,2025-05-27 20:35:38,-75,A648A0E7,3341,,,AA4358FB,
,,5,2025-05-27 20:35:38,-69,367E0F4A,61059,,,AA4358FB,
,,1,2025-05-27 20:35:39,-68,367E0F4A,61059,,,7D769A01,
,,1,2025-05-27 20:35:40,-65,367E0F4A,39130,,,7D769A01,
,,3,2025-05-27 20:35:22,-70,367E0F4A,21103,,,9CC5DC79,
,,5,2025-05-27 20:35:22,-70,367E0F4A,21103,,,9CC5DC79,
,,4,2025-05-27 20:35:22,-70,367E0F4A,21103,,,9CC5DC79,
,,2,2025-05-27 20:35:22,-70,367E0F4A,21103,,,9CC5DC79,
,,2,2025-05-27 20:35:23,-84,81D187E3,31349,,,9CC5DC79,
,,3,2025-05-27 20:35:23,-84,81D187E3,31349,,,9CC5DC79,
,,1,2025-05-27 20:35:23,-84,81D187E3,31349,,,9CC5DC79,
,,4,2025-05-27 20:35:23,-84,81D187E3,31349,,,9CC5DC79,
,,5,2025-05-27 20:35:23,-84,81D187E3,31349,,,9CC5DC79,
,,2,2025-05-27 20:35:24,-82,59FE8D30,16842,,,9CC5DC79,
,,2,2025-05-27 20:35:28,-83,D7510A57,9652,,,9CC5DC79,
,,4,2025-05-27 20:35:28,-83,D7510A57,9652,,,9CC5DC79,
,,3,2025-05-27 20:35:28,-83,D7510A57,9652,,,9CC5DC79,
,,4,2025-05-27 20:35:30,-80,A648A0E7,22603,,,9CC5DC79,
,,3,2025-05-27 20:35:30,-80,A648A0E7,22603,,,9CC5DC79,
,,5,2025-05-27 20:35:32,-82,23D9727E,26179,,,9CC5DC79,
,,1,2025-05-27 20:35:32,-82,23D9727E,26179,,,9CC5DC79,
,,4,2025-05-27 20:35:32,-82,23D9727E,26179,,,9CC5DC79,
,,2,2025-05-27 20:35:34,-70,367E0F4A,20498,,,9CC5DC79,
,,5,2025-05-27 20:35:34,-70,367E0F4A,20498,,,9CC5DC79,
,,2,2025-05-27 20:35:35,-81,81D187E3,50459,,,9CC5DC79,
,,5,2025-05-27 20:35:35,-81,81D187E3,50459,,,9CC5DC79,
,,1,2025-05-27 20:35:35,-81,81D187E3,50459,,,9CC5DC79,
,,3,2025-05-27 20:35:35,-81,81D187E3,50459,,,9CC5DC79,
,,4,2025-05-27 20:35:35,-81,81D187E3,50459,,,9CC5DC79,
,,3,2025-05-27 20:35:38,-80,367E0F4A,61059,,,9CC5DC79,
,,5,2025-05-27 20:35:38,-80,367E0F4A,61059,,,9CC5DC79,
,,4,2025-05-27 20:35:38,-80,367E0F4A,61059,,,9CC5DC79,
,,4,2025-05-27 20:35:39,-78,13323C65,46374,,,9CC5DC79,
,,4,2025-05-27 20:35:40,-79,13323C65,34018,,,9CC5DC79,
,,2,2025-05-27 20:35:35,-78,81D187E3,63436,,,D46BA6A2,
,,4,2025-05-27 20:35:35,-78,81D187E3,63436,,,D46BA6A2,
,,1,2025-05-27 20:35:35,-78,81D187E3,63436,,,D46BA6A2,
,,2,2025-05-27 20:35:42,-80,D7510A57,28963,,,9CC5DC79,
,,4,2025-05-27 20:35:42,-80,D7510A57,28963,,,9CC5DC79,
,,1,2025-05-27 20:35:42,-80,D7510A57,28963,,,9CC5DC79,
,,3,2025-05-27 20:35:42,-80,D7510A57,28963,,,9CC5DC79,
,,5,2025-05-27 20:35:42,-80,D7510A57,28963,,,9CC5DC79,
,,1,2025-05-27 20:35:36,-74,07F9389E,30507,,,D46BA6A2,
,,3,2025-05-27 20:35:36,-74,07F9389E,30507,,,D46BA6A2,
,,5,2025-05-27 20:35:36,-74,07F9389E,30507,,,D46BA6A2,
,,2,2025-05-27 20:35:36,-74,07F9389E,30507,,,D46BA6A2,
,,5,2025-05-27 20:35:44,-71,367E0F4A,53961,,,9CC5DC79,
,,2,2025-05-27 20:35:36,-79,81D187E3,51732,,,D46BA6A2,
,,3,2025-05-27 20:35:37,-74,D7510A57,10315,,,D46BA6A2,
,,1,2025-05-27 20:35:48,-73,13323C65,8775,,,9CC5DC79,
,,4,2025-05-27 20:35:38,-69,870614B1,37577,,,D46BA6A2,
,,3,2025-05-27 20:35:38,-69,870614B1,37577,,,D46BA6A2,
,,3,2025-05-27 20:35:38,-69,367E0F4A,61059,,,D46BA6A2,
,,4,2025-05-27 20:35:38,-69,367E0F4A,61059,,,D46BA6A2,
,,5,2025-05-27 20:35:50,-78,13323C65,30862,,,9CC5DC79,
,,3,2025-05-27 20:35:50,-78,13323C65,30862,,,9CC5DC79,
,,1,2025-05-27 20:35:50,-78,13323C65,30862,,,9CC5DC79,
,,4,2025-05-27 20:35:50,-78,13323C65,30862,,,9CC5DC79,
,,1,2025-05-27 20:35:41,-70,870614B1,27137,,,D46BA6A2,
,,4,2025-05-27 20:35:41,-71,A648A0E7,40446,,,D46BA6A2,
,,3,2025-05-27 20:35:41,-71,A648A0E7,40446,,,D46BA6A2,
,,1,2025-05-27 20:35:41,-71,A648A0E7,40446,,,D46BA6A2,
,,2,2025-05-27 20:35:41,-71,A648A0E7,40446,,,D46BA6A2,
,,3,2025-05-27 20:35:44,-72,367E0F4A,53961,,,D46BA6A2,
,,2,2025-05-27 20:35:44,-70,59FE8D30,20994,,,D46BA6A2,
,,1,2025-05-27 20:35:44,-70,59FE8D30,20994,,,D46BA6A2,
,,3,2025-05-27 20:35:44,-70,59FE8D30,20994,,,D46BA6A2,
,,4,2025-05-27 20:35:44,-70,59FE8D30,20994,,,D46BA6A2,
,,3,2025-05-27 20:35:44,-77,E85FB74C,11255,,,D46BA6A2,
,,2,2025-05-27 20:35:44,-77,E85FB74C,11255,,,D46BA6A2,
,,1,2025-05-27 20:35:45,-65,59FE8D30,13179,,,D46BA6A2,
,,2,2025-05-27 20:35:46,-72,07F9389E,28972,,,D46BA6A2,
,,4,2025-05-27 20:35:46,-72,07F9389E,28972,,,D46BA6A2,
,,5,2025-05-27 20:35:46,-72,07F9389E,28972,,,D46BA6A2,
,,3,2025-05-27 20:35:46,-72,07F9389E,28972,,,D46BA6A2,
,,1,2025-05-27 20:35:46,-72,07F9389E,28972,,,D46BA6A2,
,,1,2025-05-27 20:35:47,-72,367E0F4A,53340,,,D46BA6A2,
,,3,2025-05-27 20:35:47,-65,59FE8D30,15245,,,D46BA6A2,
,,2,2025-05-27 20:35:47,-65,59FE8D30,15245,,,D46BA6A2,
,,4,2025-05-27 20:35:47,-65,59FE8D30,15245,,,D46BA6A2,
,,1,2025-05-27 20:35:47,-65,59FE8D30,15245,,,D46BA6A2,
,,5,2025-05-27 20:35:47,-65,59FE8D30,15245,,,D46BA6A2,
,,1,2025-05-27 20:35:47,-67,D7510A57,46343,,,D46BA6A2,
,,3,2025-05-27 20:35:47,-67,D7510A57,46343,,,D46BA6A2,
,,5,2025-05-27 20:35:47,-67,D7510A57,46343,,,D46BA6A2,
,,2,2025-05-27 20:35:47,-67,D7510A57,46343,,,D46BA6A2,
,,4,2025-05-27 20:35:47,-67,D7510A57,46343,,,D46BA6A2,
,,3,2025-05-27 20:35:49,-70,0000006E,46054,,,D46BA6A2,
,,1,2025-05-27 20:35:49,-70,0000006E,46054,,,D46BA6A2,
,,2,2025-05-27 20:35:51,-73,B78FE24A,57207,,,D46BA6A2,
,,5,2025-05-27 20:35:51,-70,59FE8D30,48670,,,D46BA6A2,
,,3,2025-05-27 20:35:51,-70,59FE8D30,48670,,,D46BA6A2,
,,3,2025-05-27 20:35:51,-70,13323C65,50457,,,D46BA6A2,
,,1,2025-05-27 20:35:51,-70,13323C65,50457,,,D46BA6A2,
,,4,2025-05-27 20:35:52,-77,B78FE24A,29200,,,D46BA6A2,
,,2,2025-05-27 20:35:52,-77,B78FE24A,29200,,,D46BA6A2,
,,3,2025-05-27 20:35:52,-77,B78FE24A,29200,,,D46BA6A2,
,,3,2025-05-27 20:35:52,-67,0000006E,38581,,,D46BA6A2,
,,1,2025-05-27 20:35:43,-77,E2A807D7,12487,,,7D769A01,
,,1,2025-05-27 20:35:44,-72,59FE8D30,57268,,,7D769A01,
,,1,2025-05-27 20:35:38,-76,870614B1,37577,,,4D64B5B5,
,,1,2025-05-27 20:35:40,-81,A648A0E7,6243,,,4D64B5B5,
,,4,2025-05-27 20:35:40,-81,A648A0E7,6243,,,4D64B5B5,
,,1,2025-05-27 20:35:46,-76,E2A807D7,39930,,,7D769A01,
,,1,2025-05-27 20:35:41,-75,0000006E,11421,,,4D64B5B5,
,,4,2025-05-27 20:35:41,-75,0000006E,11421,,,4D64B5B5,
,,1,2025-05-27 20:35:47,-71,13323C65,21648,,,7D769A01,
,,1,2025-05-27 20:35:50,-72,13323C65,30862,,,7D769A01,
,,1,2025-05-27 20:35:46,-81,59FE8D30,13179,,,4D64B5B5,
,,4,2025-05-27 20:35:46,-81,59FE8D30,13179,,,4D64B5B5,
,,1,2025-05-27 20:35:52,-77,07F9389E,34157,,,7D769A01,
,,4,2025-05-27 20:35:47,-78,07F9389E,28972,,,4D64B5B5,
,,1,2025-05-27 20:35:47,-78,07F9389E,28972,,,4D64B5B5,
,,1,2025-05-27 20:35:52,-74,81D187E3,18135,,,7D769A01,
,,1,2025-05-27 20:35:53,-76,0000006E,38581,,,7D769A01,
,,1,2025-05-27 20:35:55,-65,367E0F4A,3696,,,7D769A01,
,,1,2025-05-27 20:35:56,-80,A648A0E7,25579,,,4D64B5B5,
,,1,2025-05-27 20:35:59,-67,D7510A57,24974,,,7D769A01,
,,1,2025-05-27 20:36:00,-71,59FE8D30,26308,,,7D769A01,
,,5,2025-05-27 20:35:38,-72,0000006E,46026,,,520A3C5C,
,,3,2025-05-27 20:35:38,-72,0000006E,46026,,,520A3C5C,
,,2,2025-05-27 20:35:38,-72,0000006E,46026,,,520A3C5C,
,,2,2025-05-27 20:35:38,-73,59FE8D30,7043,,,520A3C5C,
,,4,2025-05-27 20:35:38,-73,59FE8D30,7043,,,520A3C5C,
,,3,2025-05-27 20:35:38,-69,D7510A57,10315,,,520A3C5C,
,,4,2025-05-27 20:35:38,-69,D7510A57,10315,,,520A3C5C,
,,2,2025-05-27 20:35:38,-69,D7510A57,10315,,,520A3C5C,
,,5,2025-05-27 20:35:38,-69,D7510A57,10315,,,520A3C5C,
,,3,2025-05-27 20:35:38,-66,870614B1,37577,,,520A3C5C,
,,2,2025-05-27 20:35:38,-66,870614B1,37577,,,520A3C5C,
,,5,2025-05-27 20:35:40,-83,E85FB74C,55889,,,520A3C5C,
,,3,2025-05-27 20:35:40,-80,E2A807D7,57774,,,520A3C5C,
,,2,2025-05-27 20:35:40,-80,E2A807D7,57774,,,520A3C5C,
,,4,2025-05-27 20:35:40,-80,E2A807D7,57774,,,520A3C5C,
,,1,2025-05-27 20:35:40,-80,E2A807D7,57774,,,520A3C5C,
,,5,2025-05-27 20:35:40,-80,E2A807D7,57774,,,520A3C5C,
,,4,2025-05-27 20:35:40,-72,13323C65,34018,,,520A3C5C,
,,3,2025-05-27 20:35:42,-85,B78FE24A,29101,,,520A3C5C,
,,2,2025-05-27 20:35:42,-85,B78FE24A,29101,,,520A3C5C,
,,5,2025-05-27 20:35:42,-85,B78FE24A,29101,,,520A3C5C,
,,1,2025-05-27 20:35:36,-78,367E0F4A,1449,,,CB4A1EAE,
,,2,2025-05-27 20:35:45,-78,81D187E3,53301,,,520A3C5C,
,,3,2025-05-27 20:35:45,-78,81D187E3,53301,,,520A3C5C,
,,2,2025-05-27 20:35:46,-70,59FE8D30,13179,,,520A3C5C,
,,5,2025-05-27 20:35:46,-75,A648A0E7,58446,,,520A3C5C,
,,2,2025-05-27 20:35:46,-75,A648A0E7,58446,,,520A3C5C,
,,3,2025-05-27 20:35:46,-75,A648A0E7,58446,,,520A3C5C,
,,4,2025-05-27 20:35:46,-75,A648A0E7,58446,,,520A3C5C,
,,4,2025-05-27 20:35:46,-71,07F9389E,28972,,,520A3C5C,
,,3,2025-05-27 20:35:47,-70,367E0F4A,53340,,,520A3C5C,
,,4,2025-05-27 20:35:47,-70,367E0F4A,53340,,,520A3C5C,
,,2,2025-05-27 20:35:47,-70,367E0F4A,53340,,,520A3C5C,
,,4,2025-05-27 20:35:39,-82,D7510A57,44861,,,CB4A1EAE,
,,5,2025-05-27 20:35:49,-76,367E0F4A,46630,,,520A3C5C,
,,5,2025-05-27 20:35:22,-77,13323C65,27994,,,7378B941,
,,3,2025-05-27 20:35:40,-69,59FE8D30,6266,,,AA4358FB,
,,2,2025-05-27 20:35:50,-82,A648A0E7,6108,,,520A3C5C,
,,3,2025-05-27 20:35:50,-82,A648A0E7,6108,,,520A3C5C,
,,5,2025-05-27 20:35:41,-74,A648A0E7,8748,,,AA4358FB,
,,5,2025-05-27 20:35:24,-81,81D187E3,21729,,,7378B941,
,,3,2025-05-27 20:35:52,-77,13323C65,50457,,,520A3C5C,
,,5,2025-05-27 20:35:52,-77,13323C65,50457,,,520A3C5C,
,,4,2025-05-27 20:35:52,-77,13323C65,50457,,,520A3C5C,
,,2,2025-05-27 20:35:52,-77,13323C65,50457,,,520A3C5C,
,,4,2025-05-27 20:35:44,-68,367E0F4A,29661,,,AA4358FB,
,,5,2025-05-27 20:35:44,-68,367E0F4A,29661,,,AA4358FB,
,,3,2025-05-27 20:35:44,-68,367E0F4A,29661,,,AA4358FB,
,,2,2025-05-27 20:35:52,-68,D7510A57,13833,,,520A3C5C,
,,5,2025-05-27 20:35:52,-68,D7510A57,13833,,,520A3C5C,
,,3,2025-05-27 20:35:52,-68,D7510A57,13833,,,520A3C5C,
,,1,2025-05-27 20:35:26,-76,07F9389E,21666,,,7378B941,
,,5,2025-05-27 20:35:26,-77,A648A0E7,65165,,,7378B941,
,,2,2025-05-27 20:35:44,-72,81D187E3,59718,,,AA4358FB,
,,3,2025-05-27 20:35:44,-72,81D187E3,59718,,,AA4358FB,
,,5,2025-05-27 20:35:44,-72,81D187E3,59718,,,AA4358FB,
,,5,2025-05-27 20:35:53,-74,0000006E,38581,,,520A3C5C,
,,5,2025-05-27 20:35:26,-77,59FE8D30,17827,,,7378B941,
,,3,2025-05-27 20:35:53,-75,59FE8D30,49237,,,520A3C5C,
,,2,2025-05-27 20:35:53,-75,59FE8D30,49237,,,520A3C5C,
,,1,2025-05-27 20:35:27,-79,13323C65,47275,,,7378B941,
,,5,2025-05-27 20:35:27,-79,13323C65,47275,,,7378B941,
,,4,2025-05-27 20:35:45,-72,81D187E3,53301,,,AA4358FB,
,,3,2025-05-27 20:35:45,-72,81D187E3,53301,,,AA4358FB,
,,5,2025-05-27 20:35:45,-72,81D187E3,53301,,,AA4358FB,
,,3,2025-05-27 20:35:53,-72,870614B1,11062,,,520A3C5C,
,,2,2025-05-27 20:35:53,-72,870614B1,11062,,,520A3C5C,
,,1,2025-05-27 20:35:28,-76,A648A0E7,22798,,,7378B941,
,,5,2025-05-27 20:35:28,-76,A648A0E7,22798,,,7378B941,
,,4,2025-05-27 20:35:28,-76,A648A0E7,22798,,,7378B941,
,,4,2025-05-27 20:35:54,-78,E2A807D7,55816,,,520A3C5C,
,,3,2025-05-27 20:35:54,-78,E2A807D7,55816,,,520A3C5C,
,,5,2025-05-27 20:35:54,-78,E2A807D7,55816,,,520A3C5C,
,,2,2025-05-27 20:35:54,-78,E2A807D7,55816,,,520A3C5C,
,,1,2025-05-27 20:35:45,-77,59FE8D30,20994,,,AA4358FB,
,,1,2025-05-27 20:35:29,-77,59FE8D30,6907,,,7378B941,
,,5,2025-05-27 20:35:29,-77,59FE8D30,6907,,,7378B941,
,,4,2025-05-27 20:35:29,-77,59FE8D30,6907,,,7378B941,
,,5,2025-05-27 20:35:56,-77,81D187E3,3116,,,520A3C5C,
,,3,2025-05-27 20:35:56,-75,870614B1,3082,,,520A3C5C,
,,2,2025-05-27 20:35:56,-75,870614B1,3082,,,520A3C5C,
,,5,2025-05-27 20:35:56,-75,870614B1,3082,,,520A3C5C,
,,5,2025-05-27 20:35:56,-75,A648A0E7,25579,,,520A3C5C,
,,4,2025-05-27 20:35:45,-77,E197FE3E,60592,,,AA4358FB,
,,3,2025-05-27 20:35:45,-77,E197FE3E,60592,,,AA4358FB,
,,2,2025-05-27 20:35:45,-77,E197FE3E,60592,,,AA4358FB,
,,5,2025-05-27 20:35:45,-77,E197FE3E,60592,,,AA4358FB,
,,3,2025-05-27 20:35:46,-69,59FE8D30,13179,,,AA4358FB,
,,4,2025-05-27 20:35:46,-69,59FE8D30,13179,,,AA4358FB,
,,2,2025-05-27 20:35:46,-69,59FE8D30,13179,,,AA4358FB,
,,5,2025-05-27 20:35:46,-69,59FE8D30,13179,,,AA4358FB,
,,3,2025-05-27 20:35:57,-70,59FE8D30,49449,,,520A3C5C,
,,4,2025-05-27 20:35:57,-70,59FE8D30,49449,,,520A3C5C,
,,2,2025-05-27 20:35:57,-70,59FE8D30,49449,,,520A3C5C,
,,5,2025-05-27 20:35:57,-70,59FE8D30,49449,,,520A3C5C,
,,5,2025-05-27 20:35:33,-77,D7510A57,64664,,,7378B941,
,,2,2025-05-27 20:35:58,-72,13323C65,7558,,,520A3C5C,
,,4,2025-05-27 20:35:58,-72,13323C65,7558,,,520A3C5C,
,,3,2025-05-27 20:35:48,-66,367E0F4A,53340,,,AA4358FB,
,,4,2025-05-27 20:35:48,-66,367E0F4A,53340,,,AA4358FB,
,,1,2025-05-27 20:35:48,-66,367E0F4A,53340,,,AA4358FB,
,,5,2025-05-27 20:35:48,-66,367E0F4A,53340,,,AA4358FB,
,,2,2025-05-27 20:35:48,-66,367E0F4A,53340,,,AA4358FB,
,,3,2025-05-27 20:35:59,-69,D7510A57,24974,,,520A3C5C,
,,2,2025-05-27 20:35:59,-69,D7510A57,24974,,,520A3C5C,
,,4,2025-05-27 20:35:48,-69,81D187E3,30757,,,AA4358FB,
,,3,2025-05-27 20:35:48,-69,81D187E3,30757,,,AA4358FB,
,,2,2025-05-27 20:35:48,-69,81D187E3,30757,,,AA4358FB,
,,5,2025-05-27 20:35:48,-69,81D187E3,30757,,,AA4358FB,
,,5,2025-05-27 20:35:48,-80,A648A0E7,46059,,,AA4358FB,
,,4,2025-05-27 20:35:48,-80,A648A0E7,46059,,,AA4358FB,
,,1,2025-05-27 20:35:48,-80,A648A0E7,46059,,,AA4358FB,
,,3,2025-05-27 20:35:48,-80,A648A0E7,46059,,,AA4358FB,
,,2,2025-05-27 20:35:48,-80,A648A0E7,46059,,,AA4358FB,
,,5,2025-05-27 20:36:02,-71,07F9389E,53177,,,520A3C5C,
,,3,2025-05-27 20:36:02,-71,07F9389E,53177,,,520A3C5C,
,,2,2025-05-27 20:36:02,-71,07F9389E,53177,,,520A3C5C,
,,5,2025-05-27 20:35:36,-76,59FE8D30,44739,,,7378B941,
,,1,2025-05-27 20:35:40,-76,13323C65,34018,,,7378B941,
,,3,2025-05-27 20:35:55,-74,D7510A57,45470,,,AA4358FB,
,,1,2025-05-27 20:35:59,-77,367E0F4A,23157,,,CB4A1EAE,
,,4,2025-05-27 20:35:59,-77,367E0F4A,23157,,,CB4A1EAE,
,,4,2025-05-27 20:35:44,-79,59FE8D30,57268,,,B995250B,
,,1,2025-05-27 20:35:44,-79,59FE8D30,57268,,,B995250B,
,,2,2025-05-27 20:35:58,-71,81D187E3,30268,,,AA4358FB,
,,3,2025-05-27 20:35:58,-71,81D187E3,30268,,,AA4358FB,
,,1,2025-05-27 20:35:45,-71,59FE8D30,20994,,,B995250B,
,,2,2025-05-27 20:36:00,-72,81D187E3,29188,,,AA4358FB,
,,5,2025-05-27 20:36:00,-72,81D187E3,29188,,,AA4358FB,
,,3,2025-05-27 20:36:00,-72,81D187E3,29188,,,AA4358FB,
,,5,2025-05-27 20:36:02,-76,B78FE24A,35759,,,AA4358FB,
,,1,2025-05-27 20:35:57,-77,367E0F4A,7953,,,B995250B,
,,4,2025-05-27 20:35:57,-77,367E0F4A,7953,,,B995250B,
,,1,2025-05-27 20:36:04,-82,A648A0E7,8163,,,B995250B,
,,2,2025-05-27 20:35:53,-78,D7510A57,4504,,,9CC5DC79,
,,5,2025-05-27 20:35:53,-78,D7510A57,4504,,,9CC5DC79,
,,4,2025-05-27 20:35:53,-78,D7510A57,4504,,,9CC5DC79,
,,3,2025-05-27 20:35:53,-78,D7510A57,4504,,,9CC5DC79,
,,4,2025-05-27 20:35:55,-80,81D187E3,56025,,,9CC5DC79,
,,3,2025-05-27 20:35:55,-80,81D187E3,56025,,,9CC5DC79,
,,5,2025-05-27 20:35:56,-72,13323C65,58722,,,9CC5DC79,
,,5,2025-05-27 20:35:58,-79,D7510A57,36443,,,9CC5DC79,
,,1,2025-05-27 20:35:58,-79,D7510A57,36443,,,9CC5DC79,
,,2,2025-05-27 20:35:58,-79,D7510A57,36443,,,9CC5DC79,
,,3,2025-05-27 20:35:58,-79,D7510A57,36443,,,9CC5DC79,
,,4,2025-05-27 20:35:58,-79,D7510A57,36443,,,9CC5DC79,
,,3,2025-05-27 20:36:01,-82,81D187E3,1732,,,9CC5DC79,
,,2,2025-05-27 20:36:01,-82,81D187E3,1732,,,9CC5DC79,
,,1,2025-05-27 20:35:58,-78,81D187E3,33791,,,D46BA6A2,
,,2,2025-05-27 20:35:58,-78,81D187E3,33791,,,D46BA6A2,
,,4,2025-05-27 20:35:58,-78,81D187E3,33791,,,D46BA6A2,
,,5,2025-05-27 20:35:58,-78,81D187E3,33791,,,D46BA6A2,
,,3,2025-05-27 20:35:58,-78,81D187E3,33791,,,D46BA6A2,
,,1,2025-05-27 20:36:04,-82,B78FE24A,37350,,,9CC5DC79,
,,5,2025-05-27 20:36:05,-70,367E0F4A,39949,,,9CC5DC79,
,,1,2025-05-27 20:36:01,-75,B78FE24A,35759,,,D46BA6A2,
,,4,2025-05-27 20:36:01,-75,B78FE24A,35759,,,D46BA6A2,
,,2,2025-05-27 20:36:01,-75,B78FE24A,35759,,,D46BA6A2,
,,5,2025-05-27 20:36:01,-75,B78FE24A,35759,,,D46BA6A2,
,,3,2025-05-27 20:36:01,-75,B78FE24A,35759,,,D46BA6A2,
,,1,2025-05-27 20:36:01,-68,0000006E,2075,,,D46BA6A2,
,,3,2025-05-27 20:36:02,-79,81D187E3,3392,,,D46BA6A2,
,,5,2025-05-27 20:36:02,-79,81D187E3,3392,,,D46BA6A2,
,,1,2025-05-27 20:36:02,-79,81D187E3,3392,,,D46BA6A2,
,,3,2025-05-27 20:36:02,-68,59FE8D30,54564,,,D46BA6A2,
,,5,2025-05-27 20:36:05,-72,13323C65,65041,,,9CC5DC79,
,,1,2025-05-27 20:36:05,-72,13323C65,65041,,,9CC5DC79,
,,3,2025-05-27 20:36:02,-76,B78FE24A,56417,,,D46BA6A2,
,,1,2025-05-27 20:36:03,-70,13323C65,22162,,,D46BA6A2,
,,4,2025-05-27 20:36:07,-78,13323C65,54186,,,9CC5DC79,
,,3,2025-05-27 20:36:07,-78,13323C65,54186,,,9CC5DC79,
,,2,2025-05-27 20:36:07,-78,13323C65,54186,,,9CC5DC79,
,,1,2025-05-27 20:36:07,-78,13323C65,54186,,,9CC5DC79,
,,1,2025-05-27 20:36:03,-80,A648A0E7,14128,,,D46BA6A2,
,,4,2025-05-27 20:36:03,-80,A648A0E7,14128,,,D46BA6A2,
,,3,2025-05-27 20:36:03,-80,A648A0E7,14128,,,D46BA6A2,
,,5,2025-05-27 20:36:12,-70,367E0F4A,21010,,,9CC5DC79,
,,1,2025-05-27 20:36:05,-67,D7510A57,6663,,,D46BA6A2,
,,1,2025-05-27 20:36:05,-80,870614B1,54841,,,D46BA6A2,
,,4,2025-05-27 20:36:13,-80,A648A0E7,30841,,,9CC5DC79,
,,1,2025-05-27 20:36:13,-80,A648A0E7,30841,,,9CC5DC79,
,,5,2025-05-27 20:36:13,-80,A648A0E7,30841,,,9CC5DC79,
,,3,2025-05-27 20:36:13,-80,A648A0E7,30841,,,9CC5DC79,
,,4,2025-05-27 20:36:14,-80,81D187E3,1274,,,9CC5DC79,
,,1,2025-05-27 20:36:14,-80,81D187E3,1274,,,9CC5DC79,
,,5,2025-05-27 20:36:14,-80,81D187E3,1274,,,9CC5DC79,
,,3,2025-05-27 20:36:14,-80,81D187E3,1274,,,9CC5DC79,
,,2,2025-05-27 20:36:14,-80,81D187E3,1274,,,9CC5DC79,
,,5,2025-05-27 20:36:06,-68,D7510A57,33435,,,D46BA6A2,
,,3,2025-05-27 20:36:06,-68,D7510A57,33435,,,D46BA6A2,
,,2,2025-05-27 20:36:06,-68,D7510A57,33435,,,D46BA6A2,
,,1,2025-05-27 20:36:06,-68,D7510A57,33435,,,D46BA6A2,
,,4,2025-05-27 20:36:06,-68,D7510A57,33435,,,D46BA6A2,
,,1,2025-05-27 20:36:07,-66,0000006E,42584,,,D46BA6A2,
,,4,2025-05-27 20:36:07,-66,0000006E,42584,,,D46BA6A2,
,,3,2025-05-27 20:36:07,-66,0000006E,42584,,,D46BA6A2,
,,2,2025-05-27 20:36:08,-81,A648A0E7,33804,,,D46BA6A2,
,,5,2025-05-27 20:36:08,-81,A648A0E7,33804,,,D46BA6A2,
,,3,2025-05-27 20:36:08,-81,A648A0E7,33804,,,D46BA6A2,
,,4,2025-05-27 20:36:08,-81,A648A0E7,33804,,,D46BA6A2,
,,1,2025-05-27 20:36:02,-68,D7510A57,5920,,,7D769A01,
,,2,2025-05-27 20:36:10,-74,D7510A57,63668,,,D46BA6A2,
,,3,2025-05-27 20:36:10,-74,D7510A57,63668,,,D46BA6A2,
,,4,2025-05-27 20:36:10,-74,D7510A57,63668,,,D46BA6A2,
,,1,2025-05-27 20:36:07,-74,A648A0E7,1307,,,7D769A01,
,,1,2025-05-27 20:36:09,-65,367E0F4A,18823,,,7D769A01,
,,1,2025-05-27 20:36:14,-66,367E0F4A,52494,,,7D769A01,
,,1,2025-05-27 20:36:14,-71,870614B1,42312,,,7D769A01,
,,1,2025-05-27 20:36:15,-79,23D9727E,37218,,,7D769A01,
,,1,2025-05-27 20:36:16,-76,59FE8D30,14941,,,7D769A01,
,,1,2025-05-27 20:36:18,-77,B78FE24A,60790,,,7D769A01,
,,2,2025-05-27 20:36:03,-76,59FE8D30,54564,,,AA4358FB,
,,3,2025-05-27 20:36:03,-76,59FE8D30,54564,,,AA4358FB,
,,4,2025-05-27 20:36:03,-76,59FE8D30,54564,,,AA4358FB,
,,5,2025-05-27 20:36:03,-76,59FE8D30,54564,,,AA4358FB,
,,5,2025-05-27 20:36:03,-77,A648A0E7,14128,,,AA4358FB,
,,4,2025-05-27 20:36:03,-77,A648A0E7,14128,,,AA4358FB,
,,3,2025-05-27 20:36:03,-77,A648A0E7,14128,,,AA4358FB,
,,3,2025-05-27 20:36:04,-71,59FE8D30,61257,,,AA4358FB,
,,5,2025-05-27 20:36:04,-71,59FE8D30,61257,,,AA4358FB,
,,5,2025-05-27 20:36:05,-68,81D187E3,18327,,,AA4358FB,
,,4,2025-05-27 20:36:05,-68,81D187E3,18327,,,AA4358FB,
,,2,2025-05-27 20:36:05,-68,81D187E3,18327,,,AA4358FB,
,,3,2025-05-27 20:36:05,-68,81D187E3,18327,,,AA4358FB,
,,3,2025-05-27 20:36:06,-71,367E0F4A,53964,,,AA4358FB,
,,4,2025-05-27 20:36:06,-76,D7510A57,37415,,,AA4358FB,
,,3,2025-05-27 20:36:06,-76,D7510A57,37415,,,AA4358FB,
,,2,2025-05-27 20:36:06,-76,D7510A57,37415,,,AA4358FB,
,,5,2025-05-27 20:36:06,-76,D7510A57,37415,,,AA4358FB,
,,3,2025-05-27 20:36:07,-72,81D187E3,22930,,,AA4358FB,
,,2,2025-05-27 20:36:07,-72,81D187E3,22930,,,AA4358FB,
,,5,2025-05-27 20:36:07,-72,81D187E3,22930,,,AA4358FB,
,,5,2025-05-27 20:36:07,-63,367E0F4A,25071,,,AA4358FB,
,,4,2025-05-27 20:36:09,-68,81D187E3,13312,,,AA4358FB,
,,3,2025-05-27 20:36:09,-68,81D187E3,13312,,,AA4358FB,
,,3,2025-05-27 20:36:13,-74,A648A0E7,24043,,,AA4358FB,
,,5,2025-05-27 20:36:13,-79,13323C65,13865,,,AA4358FB,
,,3,2025-05-27 20:36:15,-68,13323C65,33919,,,AA4358FB,
,,2,2025-05-27 20:36:15,-68,13323C65,33919,,,AA4358FB,
,,5,2025-05-27 20:36:15,-68,13323C65,33919,,,AA4358FB,
,,4,2025-05-27 20:36:15,-68,13323C65,33919,,,AA4358FB,
,,5,2025-05-27 20:36:15,-82,23D9727E,37218,,,AA4358FB,
,,4,2025-05-27 20:36:03,-70,367E0F4A,9985,,,4D64B5B5,
,,3,2025-05-27 20:36:16,-76,D7510A57,36570,,,AA4358FB,
,,5,2025-05-27 20:36:16,-76,D7510A57,36570,,,AA4358FB,
,,3,2025-05-27 20:36:19,-71,59FE8D30,20691,,,AA4358FB,
,,2,2025-05-27 20:36:19,-71,59FE8D30,20691,,,AA4358FB,
,,4,2025-05-27 20:36:19,-71,59FE8D30,20691,,,AA4358FB,
,,5,2025-05-27 20:36:19,-71,59FE8D30,20691,,,AA4358FB,
,,1,2025-05-27 20:36:04,-81,59FE8D30,61257,,,4D64B5B5,
,,5,2025-05-27 20:36:23,-71,59FE8D30,53916,,,AA4358FB,
,,3,2025-05-27 20:36:23,-71,59FE8D30,53916,,,AA4358FB,
,,4,2025-05-27 20:36:23,-71,59FE8D30,53916,,,AA4358FB,
,,2,2025-05-27 20:36:23,-71,59FE8D30,53916,,,AA4358FB,
,,5,2025-05-27 20:36:02,-70,367E0F4A,32467,,,520A3C5C,
,,5,2025-05-27 20:36:02,-70,59FE8D30,36413,,,520A3C5C,
,,3,2025-05-27 20:36:02,-69,D7510A57,5920,,,520A3C5C,
,,4,2025-05-27 20:36:02,-69,D7510A57,5920,,,520A3C5C,
,,2,2025-05-27 20:36:02,-69,D7510A57,5920,,,520A3C5C,
,,5,2025-05-27 20:36:02,-69,D7510A57,5920,,,520A3C5C,
,,2,2025-05-27 20:36:03,-77,81D187E3,3392,,,520A3C5C,
,,5,2025-05-27 20:36:03,-77,81D187E3,3392,,,520A3C5C,
,,3,2025-05-27 20:36:03,-77,81D187E3,3392,,,520A3C5C,
,,4,2025-05-27 20:36:03,-77,81D187E3,3392,,,520A3C5C,
,,1,2025-05-27 20:36:17,-79,870614B1,47614,,,4D64B5B5,
,,4,2025-05-27 20:36:17,-79,870614B1,47614,,,4D64B5B5,
,,1,2025-05-27 20:36:04,-68,13323C65,40676,,,520A3C5C,
,,3,2025-05-27 20:36:04,-68,13323C65,40676,,,520A3C5C,
,,2,2025-05-27 20:36:04,-68,13323C65,40676,,,520A3C5C,
,,5,2025-05-27 20:36:04,-68,13323C65,40676,,,520A3C5C,
,,4,2025-05-27 20:36:04,-68,13323C65,40676,,,520A3C5C,
,,4,2025-05-27 20:36:05,-79,E85FB74C,21197,,,520A3C5C,
,,1,2025-05-27 20:36:05,-79,E85FB74C,21197,,,520A3C5C,
,,3,2025-05-27 20:36:05,-79,E85FB74C,21197,,,520A3C5C,
,,4,2025-05-27 20:36:19,-81,A648A0E7,25859,,,4D64B5B5,
,,5,2025-05-27 20:36:05,-71,D7510A57,6663,,,520A3C5C,
,,5,2025-05-27 20:36:05,-76,870614B1,54841,,,520A3C5C,
,,4,2025-05-27 20:36:05,-76,870614B1,54841,,,520A3C5C,
,,3,2025-05-27 20:36:05,-76,13323C65,65041,,,520A3C5C,
,,5,2025-05-27 20:36:05,-76,13323C65,65041,,,520A3C5C,
,,2,2025-05-27 20:36:05,-76,13323C65,65041,,,520A3C5C,
,,3,2025-05-27 20:36:06,-75,367E0F4A,53964,,,520A3C5C,
,,5,2025-05-27 20:36:06,-75,367E0F4A,53964,,,520A3C5C,
,,4,2025-05-27 20:36:06,-75,367E0F4A,53964,,,520A3C5C,
,,2,2025-05-27 20:36:06,-75,367E0F4A,53964,,,520A3C5C,
,,5,2025-05-27 20:36:06,-67,D7510A57,37415,,,520A3C5C,
,,4,2025-05-27 20:36:07,-67,D7510A57,33435,,,520A3C5C,
,,5,2025-05-27 20:36:07,-72,13323C65,54186,,,520A3C5C,
,,2,2025-05-27 20:36:07,-72,13323C65,54186,,,520A3C5C,
,,4,2025-05-27 20:36:07,-72,13323C65,54186,,,520A3C5C,
,,3,2025-05-27 20:36:07,-72,13323C65,54186,,,520A3C5C,
,,1,2025-05-27 20:36:08,-67,D7510A57,29474,,,520A3C5C,
,,2,2025-05-27 20:36:08,-67,D7510A57,29474,,,520A3C5C,
,,4,2025-05-27 20:36:08,-67,D7510A57,29474,,,520A3C5C,
,,3,2025-05-27 20:36:08,-67,D7510A57,29474,,,520A3C5C,
,,5,2025-05-27 20:36:08,-67,D7510A57,29474,,,520A3C5C,
,,5,2025-05-27 20:36:08,-69,870614B1,22677,,,520A3C5C,
,,5,2025-05-27 20:36:08,-72,13323C65,46604,,,520A3C5C,
,,3,2025-05-27 20:36:08,-75,A648A0E7,33804,,,520A3C5C,
,,4,2025-05-27 20:36:08,-75,A648A0E7,33804,,,520A3C5C,
,,5,2025-05-27 20:36:08,-75,A648A0E7,33804,,,520A3C5C,
,,2,2025-05-27 20:36:08,-75,A648A0E7,33804,,,520A3C5C,
,,2,2025-05-27 20:36:10,-83,19836CFF,21696,,,520A3C5C,
,,3,2025-05-27 20:36:10,-83,19836CFF,21696,,,520A3C5C,
,,4,2025-05-27 20:36:10,-83,19836CFF,21696,,,520A3C5C,
,,5,2025-05-27 20:36:10,-83,19836CFF,21696,,,520A3C5C,
,,1,2025-05-27 20:36:10,-83,19836CFF,21696,,,520A3C5C,
,,4,2025-05-27 20:36:10,-67,A648A0E7,41832,,,520A3C5C,
,,4,2025-05-27 20:36:11,-70,367E0F4A,24091,,,520A3C5C,
,,2,2025-05-27 20:36:11,-77,13323C65,16746,,,520A3C5C,
,,3,2025-05-27 20:36:11,-77,13323C65,16746,,,520A3C5C,
,,5,2025-05-27 20:36:11,-77,13323C65,16746,,,520A3C5C,
,,4,2025-05-27 20:36:11,-77,13323C65,16746,,,520A3C5C,
,,2,2025-05-27 20:36:14,-72,13323C65,33919,,,520A3C5C,
,,4,2025-05-27 20:36:14,-72,13323C65,33919,,,520A3C5C,
,,3,2025-05-27 20:36:14,-72,13323C65,33919,,,520A3C5C,
,,3,2025-05-27 20:36:15,-74,23D9727E,37218,,,520A3C5C,
,,5,2025-05-27 20:36:15,-74,23D9727E,37218,,,520A3C5C,
,,2,2025-05-27 20:36:15,-74,23D9727E,37218,,,520A3C5C,
,,2,2025-05-27 20:36:17,-71,D7510A57,62476,,,520A3C5C,
,,5,2025-05-27 20:36:17,-71,D7510A57,62476,,,520A3C5C,
,,4,2025-05-27 20:36:17,-71,D7510A57,62476,,,520A3C5C,
,,3,2025-05-27 20:36:17,-71,D7510A57,62476,,,520A3C5C,
,,2,2025-05-27 20:36:17,-75,A648A0E7,51442,,,520A3C5C,
,,5,2025-05-27 20:36:17,-75,A648A0E7,51442,,,520A3C5C,
,,4,2025-05-27 20:36:17,-75,A648A0E7,51442,,,520A3C5C,
,,3,2025-05-27 20:36:17,-75,A648A0E7,51442,,,520A3C5C,
,,2,2025-05-27 20:36:18,-82,19836CFF,6114,,,520A3C5C,
,,5,2025-05-27 20:36:18,-82,19836CFF,6114,,,520A3C5C,
,,4,2025-05-27 20:36:18,-82,19836CFF,6114,,,520A3C5C,
,,3,2025-05-27 20:36:18,-82,19836CFF,6114,,,520A3C5C,
,,1,2025-05-27 20:36:18,-82,19836CFF,6114,,,520A3C5C,
,,3,2025-05-27 20:36:21,-76,59FE8D30,47239,,,520A3C5C,
,,4,2025-05-27 20:36:21,-76,59FE8D30,47239,,,520A3C5C,
,,2,2025-05-27 20:36:21,-76,59FE8D30,47239,,,520A3C5C,
,,5,2025-05-27 20:36:21,-76,59FE8D30,47239,,,520A3C5C,
,,2,2025-05-27 20:36:22,-70,59FE8D30,53179,,,520A3C5C,
,,5,2025-05-27 20:36:22,-70,59FE8D30,53179,,,520A3C5C,
,,3,2025-05-27 20:36:22,-70,59FE8D30,53179,,,520A3C5C,
,,4,2025-05-27 20:36:22,-70,59FE8D30,53179,,,520A3C5C,
,,1,2025-05-27 20:36:22,-70,59FE8D30,53179,,,520A3C5C,
,,2,2025-05-27 20:36:26,-68,D7510A57,2638,,,520A3C5C,
,,4,2025-05-27 20:36:26,-68,D7510A57,2638,,,520A3C5C,
,,5,2025-05-27 20:36:26,-68,D7510A57,2638,,,520A3C5C,
,,3,2025-05-27 20:36:26,-68,D7510A57,2638,,,520A3C5C,
,,1,2025-05-27 20:36:21,-78,367E0F4A,4297,,,B995250B,
,,1,2025-05-27 20:36:01,-74,07F9389E,53177,,,7378B941,
,,4,2025-05-27 20:36:01,-74,07F9389E,53177,,,7378B941,
,,5,2025-05-27 20:36:01,-74,07F9389E,53177,,,7378B941,
,,4,2025-05-27 20:36:22,-79,07F9389E,56229,,,B995250B,
,,1,2025-05-27 20:36:22,-79,07F9389E,56229,,,B995250B,
,,5,2025-05-27 20:36:02,-76,D7510A57,5920,,,7378B941,
,,1,2025-05-27 20:36:14,-70,13323C65,33919,,,D46BA6A2,
,,5,2025-05-27 20:36:14,-70,13323C65,33919,,,D46BA6A2,
,,2,2025-05-27 20:36:14,-70,13323C65,33919,,,D46BA6A2,
,,3,2025-05-27 20:36:14,-70,13323C65,33919,,,D46BA6A2,
,,4,2025-05-27 20:36:14,-70,13323C65,33919,,,D46BA6A2,
,,5,2025-05-27 20:36:03,-76,13323C65,22162,,,7378B941,
,,2,2025-05-27 20:36:15,-79,E197FE3E,16508,,,D46BA6A2,
,,4,2025-05-27 20:36:15,-79,E197FE3E,16508,,,D46BA6A2,
,,1,2025-05-27 20:36:15,-79,E197FE3E,16508,,,D46BA6A2,
,,3,2025-05-27 20:36:15,-79,E197FE3E,16508,,,D46BA6A2,
,,5,2025-05-27 20:36:15,-79,E197FE3E,16508,,,D46BA6A2,
,,4,2025-05-27 20:36:16,-69,13323C65,63446,,,D46BA6A2,
,,1,2025-05-27 20:36:16,-69,13323C65,63446,,,D46BA6A2,
,,3,2025-05-27 20:36:16,-69,13323C65,63446,,,D46BA6A2,
,,5,2025-05-27 20:36:04,-82,0000006E,50770,,,7378B941,
,,1,2025-05-27 20:36:16,-69,0000006E,62253,,,D46BA6A2,
,,3,2025-05-27 20:36:16,-69,0000006E,62253,,,D46BA6A2,
,,4,2025-05-27 20:36:16,-69,0000006E,62253,,,D46BA6A2,
,,3,2025-05-27 20:36:17,-69,13323C65,13637,,,D46BA6A2,
,,4,2025-05-27 20:36:17,-69,13323C65,13637,,,D46BA6A2,
,,5,2025-05-27 20:36:05,-76,13323C65,65041,,,7378B941,
,,2,2025-05-27 20:36:17,-70,A648A0E7,51442,,,D46BA6A2,
,,3,2025-05-27 20:36:17,-70,A648A0E7,51442,,,D46BA6A2,
,,1,2025-05-27 20:36:24,-71,59FE8D30,6399,,,B995250B,
,,4,2025-05-27 20:36:24,-71,59FE8D30,6399,,,B995250B,
,,5,2025-05-27 20:36:07,-81,367E0F4A,53722,,,7378B941,
,,2,2025-05-27 20:36:19,-74,D7510A57,36804,,,D46BA6A2,
,,3,2025-05-27 20:36:19,-74,D7510A57,36804,,,D46BA6A2,
,,1,2025-05-27 20:36:20,-69,870614B1,1222,,,D46BA6A2,
,,4,2025-05-27 20:36:20,-69,870614B1,1222,,,D46BA6A2,
,,3,2025-05-27 20:36:20,-69,870614B1,1222,,,D46BA6A2,
,,2,2025-05-27 20:36:20,-69,870614B1,1222,,,D46BA6A2,
,,5,2025-05-27 20:36:21,-67,D7510A57,20843,,,D46BA6A2,
,,2,2025-05-27 20:36:21,-67,D7510A57,20843,,,D46BA6A2,
,,1,2025-05-27 20:36:21,-67,D7510A57,20843,,,D46BA6A2,
,,4,2025-05-27 20:36:21,-67,D7510A57,20843,,,D46BA6A2,
,,3,2025-05-27 20:36:21,-67,D7510A57,20843,,,D46BA6A2,
,,1,2025-05-27 20:36:31,-82,81D187E3,6076,,,B995250B,
,,5,2025-05-27 20:36:21,-74,13323C65,62923,,,D46BA6A2,
,,2,2025-05-27 20:36:21,-74,13323C65,62923,,,D46BA6A2,
,,1,2025-05-27 20:36:21,-74,13323C65,62923,,,D46BA6A2,
,,4,2025-05-27 20:36:21,-74,13323C65,62923,,,D46BA6A2,
,,3,2025-05-27 20:36:21,-74,13323C65,62923,,,D46BA6A2,
,,3,2025-05-27 20:36:21,-74,B78FE24A,8984,,,D46BA6A2,
,,2,2025-05-27 20:36:21,-74,B78FE24A,8984,,,D46BA6A2,
,,3,2025-05-27 20:36:22,-76,13323C65,21855,,,D46BA6A2,
,,2,2025-05-27 20:36:23,-70,13323C65,3800,,,D46BA6A2,
,,1,2025-05-27 20:36:23,-70,13323C65,3800,,,D46BA6A2,
,,3,2025-05-27 20:36:23,-70,13323C65,3800,,,D46BA6A2,
,,4,2025-05-27 20:36:23,-70,13323C65,3800,,,D46BA6A2,
,,5,2025-05-27 20:36:23,-70,13323C65,3800,,,D46BA6A2,
,,1,2025-05-27 20:36:13,-77,A648A0E7,30841,,,7378B941,
,,5,2025-05-27 20:36:24,-76,B78FE24A,41426,,,D46BA6A2,
,,1,2025-05-27 20:36:14,-76,13323C65,33919,,,7378B941,
,,1,2025-05-27 20:36:15,-80,367E0F4A,13660,,,7378B941,
,,4,2025-05-27 20:36:25,-66,0000006E,14516,,,D46BA6A2,
,,3,2025-05-27 20:36:25,-66,0000006E,14516,,,D46BA6A2,
,,1,2025-05-27 20:36:11,-82,0000006E,38021,,,CB4A1EAE,
,,4,2025-05-27 20:36:11,-82,0000006E,38021,,,CB4A1EAE,
,,5,2025-05-27 20:36:19,-74,13323C65,62848,,,7378B941,
,,2,2025-05-27 20:36:26,-70,13323C65,25717,,,D46BA6A2,
,,3,2025-05-27 20:36:26,-70,13323C65,25717,,,D46BA6A2,
,,4,2025-05-27 20:36:26,-70,13323C65,25717,,,D46BA6A2,
,,1,2025-05-27 20:36:26,-70,13323C65,25717,,,D46BA6A2,
,,1,2025-05-27 20:36:27,-77,B78FE24A,26969,,,D46BA6A2,
,,3,2025-05-27 20:36:27,-65,59FE8D30,49485,,,D46BA6A2,
,,4,2025-05-27 20:36:27,-65,59FE8D30,49485,,,D46BA6A2,
,,1,2025-05-27 20:36:27,-65,59FE8D30,49485,,,D46BA6A2,
,,5,2025-05-27 20:36:22,-76,A648A0E7,29697,,,7378B941,
,,2,2025-05-27 20:36:28,-77,81D187E3,53565,,,D46BA6A2,
,,3,2025-05-27 20:36:28,-77,81D187E3,53565,,,D46BA6A2,
,,4,2025-05-27 20:36:28,-77,81D187E3,53565,,,D46BA6A2,
,,5,2025-05-27 20:36:23,-79,13323C65,3800,,,7378B941,
,,3,2025-05-27 20:36:28,-68,59FE8D30,15924,,,D46BA6A2,
,,4,2025-05-27 20:36:28,-68,59FE8D30,15924,,,D46BA6A2,
,,5,2025-05-27 20:36:27,-76,A648A0E7,44087,,,7378B941,
,,3,2025-05-27 20:36:29,-80,81D187E3,30434,,,D46BA6A2,
,,4,2025-05-27 20:36:29,-80,81D187E3,30434,,,D46BA6A2,
,,5,2025-05-27 20:36:29,-80,81D187E3,30434,,,D46BA6A2,
,,2,2025-05-27 20:36:30,-72,367E0F4A,3522,,,D46BA6A2,
,,4,2025-05-27 20:36:30,-72,367E0F4A,3522,,,D46BA6A2,
,,3,2025-05-27 20:36:30,-72,367E0F4A,3522,,,D46BA6A2,
,,5,2025-05-27 20:36:30,-80,81D187E3,6076,,,D46BA6A2,
,,2,2025-05-27 20:36:30,-80,81D187E3,6076,,,D46BA6A2,
,,3,2025-05-27 20:36:30,-80,81D187E3,6076,,,D46BA6A2,
,,4,2025-05-27 20:36:30,-80,81D187E3,6076,,,D46BA6A2,
,,3,2025-05-27 20:36:30,-68,59FE8D30,29742,,,D46BA6A2,
,,1,2025-05-27 20:36:30,-68,59FE8D30,29742,,,D46BA6A2,
,,5,2025-05-27 20:36:30,-68,59FE8D30,29742,,,D46BA6A2,
,,2,2025-05-27 20:36:30,-68,59FE8D30,29742,,,D46BA6A2,
,,3,2025-05-27 20:36:32,-65,59FE8D30,39016,,,D46BA6A2,
,,3,2025-05-27 20:36:24,-77,B78FE24A,22806,,,AA4358FB,
,,2,2025-05-27 20:36:24,-77,B78FE24A,22806,,,AA4358FB,
,,3,2025-05-27 20:36:25,-68,367E0F4A,13207,,,AA4358FB,
,,2,2025-05-27 20:36:25,-68,367E0F4A,13207,,,AA4358FB,
,,5,2025-05-27 20:36:25,-68,367E0F4A,13207,,,AA4358FB,
,,1,2025-05-27 20:36:28,-74,A648A0E7,44087,,,AA4358FB,
,,5,2025-05-27 20:36:19,-78,59FE8D30,20691,,,9CC5DC79,
,,2,2025-05-27 20:36:28,-63,367E0F4A,64439,,,AA4358FB,
,,5,2025-05-27 20:36:28,-63,367E0F4A,64439,,,AA4358FB,
,,3,2025-05-27 20:36:28,-63,367E0F4A,64439,,,AA4358FB,
,,5,2025-05-27 20:36:19,-79,D7510A57,36804,,,9CC5DC79,
,,3,2025-05-27 20:36:19,-79,D7510A57,36804,,,9CC5DC79,
,,5,2025-05-27 20:36:29,-76,E197FE3E,63094,,,AA4358FB,
,,3,2025-05-27 20:36:29,-76,E197FE3E,63094,,,AA4358FB,
,,2,2025-05-27 20:36:29,-76,E197FE3E,63094,,,AA4358FB,
,,4,2025-05-27 20:36:29,-76,E197FE3E,63094,,,AA4358FB,
,,4,2025-05-27 20:36:29,-72,81D187E3,53565,,,AA4358FB,
,,5,2025-05-27 20:36:29,-72,81D187E3,53565,,,AA4358FB,
,,2,2025-05-27 20:36:29,-72,81D187E3,53565,,,AA4358FB,
,,3,2025-05-27 20:36:29,-72,81D187E3,53565,,,AA4358FB,
,,4,2025-05-27 20:36:21,-83,81D187E3,990,,,9CC5DC79,
,,5,2025-05-27 20:36:21,-83,81D187E3,990,,,9CC5DC79,
,,4,2025-05-27 20:36:29,-70,367E0F4A,57277,,,AA4358FB,
,,5,2025-05-27 20:36:29,-70,367E0F4A,57277,,,AA4358FB,
,,1,2025-05-27 20:36:21,-72,13323C65,62923,,,9CC5DC79,
,,5,2025-05-27 20:36:30,-68,13323C65,20670,,,AA4358FB,
,,2,2025-05-27 20:36:30,-68,13323C65,20670,,,AA4358FB,
,,3,2025-05-27 20:36:30,-68,13323C65,20670,,,AA4358FB,
,,4,2025-05-27 20:36:30,-68,13323C65,20670,,,AA4358FB,
,,1,2025-05-27 20:36:30,-72,81D187E3,30434,,,AA4358FB,
,,4,2025-05-27 20:36:30,-72,81D187E3,30434,,,AA4358FB,
,,5,2025-05-27 20:36:30,-72,81D187E3,30434,,,AA4358FB,
,,3,2025-05-27 20:36:30,-72,81D187E3,30434,,,AA4358FB,
,,2,2025-05-27 20:36:30,-72,81D187E3,30434,,,AA4358FB,
,,5,2025-05-27 20:36:30,-71,59FE8D30,31901,,,AA4358FB,
,,4,2025-05-27 20:36:30,-71,59FE8D30,31901,,,AA4358FB,
,,3,2025-05-27 20:36:30,-71,59FE8D30,31901,,,AA4358FB,
,,2,2025-05-27 20:36:30,-71,59FE8D30,31901,,,AA4358FB,
,,4,2025-05-27 20:36:23,-83,870614B1,46337,,,9CC5DC79,
,,3,2025-05-27 20:36:23,-83,870614B1,46337,,,9CC5DC79,
,,5,2025-05-27 20:36:23,-83,870614B1,46337,,,9CC5DC79,
,,3,2025-05-27 20:36:23,-79,13323C65,3800,,,9CC5DC79,
,,4,2025-05-27 20:36:23,-79,13323C65,3800,,,9CC5DC79,
,,5,2025-05-27 20:36:23,-79,13323C65,3800,,,9CC5DC79,
,,1,2025-05-27 20:36:23,-79,13323C65,3800,,,9CC5DC79,
,,2,2025-05-27 20:36:23,-79,13323C65,3800,,,9CC5DC79,
,,5,2025-05-27 20:36:31,-69,81D187E3,6076,,,AA4358FB,
,,5,2025-05-27 20:36:32,-71,13323C65,8036,,,AA4358FB,
,,1,2025-05-27 20:36:24,-81,81D187E3,5922,,,9CC5DC79,
,,5,2025-05-27 20:36:24,-70,367E0F4A,41563,,,9CC5DC79,
,,2,2025-05-27 20:36:24,-70,367E0F4A,41563,,,9CC5DC79,
,,4,2025-05-27 20:36:24,-70,367E0F4A,41563,,,9CC5DC79,
,,3,2025-05-27 20:36:24,-70,367E0F4A,41563,,,9CC5DC79,
,,2,2025-05-27 20:36:33,-68,81D187E3,20841,,,AA4358FB,
,,4,2025-05-27 20:36:33,-68,81D187E3,20841,,,AA4358FB,
,,3,2025-05-27 20:36:33,-68,81D187E3,20841,,,AA4358FB,
,,1,2025-05-27 20:36:33,-68,81D187E3,20841,,,AA4358FB,
,,5,2025-05-27 20:36:33,-68,81D187E3,20841,,,AA4358FB,
,,3,2025-05-27 20:36:25,-75,A648A0E7,59879,,,9CC5DC79,
,,4,2025-05-27 20:36:25,-75,A648A0E7,59879,,,9CC5DC79,
,,5,2025-05-27 20:36:25,-75,A648A0E7,59879,,,9CC5DC79,
,,5,2025-05-27 20:36:34,-82,E197FE3E,47416,,,AA4358FB,
,,2,2025-05-27 20:36:34,-82,E197FE3E,47416,,,AA4358FB,
,,3,2025-05-27 20:36:34,-82,E197FE3E,47416,,,AA4358FB,
,,4,2025-05-27 20:36:34,-82,E197FE3E,47416,,,AA4358FB,
,,2,2025-05-27 20:36:26,-81,0000006E,14516,,,9CC5DC79,
,,3,2025-05-27 20:36:26,-81,0000006E,14516,,,9CC5DC79,
,,1,2025-05-27 20:36:24,-76,59FE8D30,6399,,,7D769A01,
,,1,2025-05-27 20:36:25,-73,A648A0E7,9819,,,7D769A01,
,,1,2025-05-27 20:36:28,-83,81D187E3,53125,,,9CC5DC79,
,,3,2025-05-27 20:36:28,-83,81D187E3,53125,,,9CC5DC79,
,,4,2025-05-27 20:36:28,-83,81D187E3,53125,,,9CC5DC79,
,,1,2025-05-27 20:36:28,-79,A648A0E7,47983,,,9CC5DC79,
,,1,2025-05-27 20:36:25,-68,D7510A57,36914,,,7D769A01,
,,1,2025-05-27 20:36:29,-78,13323C65,20670,,,9CC5DC79,
,,1,2025-05-27 20:36:26,-75,0000006E,14516,,,7D769A01,
,,3,2025-05-27 20:36:35,-64,0000006E,46088,,,AA4358FB,
,,2,2025-05-27 20:36:35,-64,0000006E,46088,,,AA4358FB,
,,1,2025-05-27 20:36:26,-68,D7510A57,2638,,,7D769A01,
,,2,2025-05-27 20:36:30,-85,D7510A57,63410,,,9CC5DC79,
,,5,2025-05-27 20:36:30,-85,D7510A57,63410,,,9CC5DC79,
,,1,2025-05-27 20:36:30,-85,D7510A57,63410,,,9CC5DC79,
,,1,2025-05-27 20:36:27,-78,E2A807D7,48107,,,7D769A01,
,,4,2025-05-27 20:36:35,-72,81D187E3,38960,,,AA4358FB,
,,2,2025-05-27 20:36:35,-72,81D187E3,38960,,,AA4358FB,
,,3,2025-05-27 20:36:35,-72,81D187E3,38960,,,AA4358FB,
,,2,2025-05-27 20:36:35,-81,B78FE24A,2788,,,AA4358FB,
,,3,2025-05-27 20:36:35,-81,B78FE24A,2788,,,AA4358FB,
,,4,2025-05-27 20:36:35,-81,B78FE24A,2788,,,AA4358FB,
,,1,2025-05-27 20:36:28,-75,81D187E3,53125,,,7D769A01,
,,5,2025-05-27 20:36:33,-85,D7510A57,10193,,,9CC5DC79,
,,4,2025-05-27 20:36:33,-85,D7510A57,10193,,,9CC5DC79,
,,3,2025-05-27 20:36:33,-85,D7510A57,10193,,,9CC5DC79,
,,1,2025-05-27 20:36:33,-85,D7510A57,10193,,,9CC5DC79,
,,2,2025-05-27 20:36:33,-85,D7510A57,10193,,,9CC5DC79,
,,1,2025-05-27 20:36:37,-69,13323C65,10924,,,AA4358FB,
,,2,2025-05-27 20:36:37,-69,13323C65,10924,,,AA4358FB,
,,5,2025-05-27 20:36:37,-69,13323C65,10924,,,AA4358FB,
,,4,2025-05-27 20:36:37,-69,13323C65,10924,,,AA4358FB,
,,3,2025-05-27 20:36:37,-69,13323C65,10924,,,AA4358FB,
,,4,2025-05-27 20:36:33,-78,E197FE3E,47416,,,9CC5DC79,
,,1,2025-05-27 20:36:33,-78,E197FE3E,47416,,,9CC5DC79,
,,3,2025-05-27 20:36:37,-66,07F9389E,5284,,,AA4358FB,
,,1,2025-05-27 20:36:37,-66,07F9389E,5284,,,AA4358FB,
,,2,2025-05-27 20:36:37,-66,07F9389E,5284,,,AA4358FB,
,,4,2025-05-27 20:36:37,-66,07F9389E,5284,,,AA4358FB,
,,5,2025-05-27 20:36:37,-66,07F9389E,5284,,,AA4358FB,
,,1,2025-05-27 20:36:29,-73,0000006E,9242,,,7D769A01,
,,2,2025-05-27 20:36:38,-65,367E0F4A,51502,,,AA4358FB,
,,3,2025-05-27 20:36:38,-65,367E0F4A,51502,,,AA4358FB,
,,1,2025-05-27 20:36:30,-73,D7510A57,63410,,,7D769A01,
,,5,2025-05-27 20:36:38,-72,81D187E3,4787,,,AA4358FB,
,,1,2025-05-27 20:36:31,-72,13323C65,3646,,,7D769A01,
,,5,2025-05-27 20:36:39,-76,59FE8D30,6535,,,AA4358FB,
,,3,2025-05-27 20:36:39,-76,59FE8D30,6535,,,AA4358FB,
,,1,2025-05-27 20:36:31,-76,E197FE3E,53324,,,7D769A01,
,,5,2025-05-27 20:36:38,-79,D7510A57,24630,,,9CC5DC79,
,,5,2025-05-27 20:36:38,-79,367E0F4A,27766,,,9CC5DC79,
,,1,2025-05-27 20:36:38,-79,367E0F4A,27766,,,9CC5DC79,
,,4,2025-05-27 20:36:38,-79,367E0F4A,27766,,,9CC5DC79,
,,1,2025-05-27 20:36:32,-76,0000006E,47950,,,7D769A01,
,,4,2025-05-27 20:36:39,-79,367E0F4A,6042,,,9CC5DC79,
,,5,2025-05-27 20:36:39,-79,367E0F4A,6042,,,9CC5DC79,
,,1,2025-05-27 20:36:39,-79,367E0F4A,6042,,,9CC5DC79,
,,1,2025-05-27 20:36:33,-70,D7510A57,10193,,,7D769A01,
,,4,2025-05-27 20:36:40,-80,367E0F4A,49879,,,9CC5DC79,
,,1,2025-05-27 20:36:35,-74,A648A0E7,48718,,,7D769A01,
,,3,2025-05-27 20:36:41,-83,59FE8D30,10581,,,9CC5DC79,
,,2,2025-05-27 20:36:41,-83,59FE8D30,10581,,,9CC5DC79,
,,1,2025-05-27 20:36:27,-82,A648A0E7,44087,,,4D64B5B5,
,,4,2025-05-27 20:36:27,-82,A648A0E7,44087,,,4D64B5B5,
,,4,2025-05-27 20:36:28,-79,81D187E3,53125,,,4D64B5B5,
,,1,2025-05-27 20:36:28,-79,81D187E3,53125,,,4D64B5B5,
,,1,2025-05-27 20:36:34,-72,81D187E3,55002,,,4D64B5B5,
,,4,2025-05-27 20:36:38,-79,13323C65,25661,,,4D64B5B5,
,,4,2025-05-27 20:36:41,-72,367E0F4A,13748,,,4D64B5B5,
,,1,2025-05-27 20:36:41,-72,367E0F4A,13748,,,4D64B5B5,
,,1,2025-05-27 20:36:46,-69,D7510A57,50222,,,4D64B5B5,
,,5,2025-05-27 20:36:27,-67,A648A0E7,44087,,,520A3C5C,
,,3,2025-05-27 20:36:32,-76,59FE8D30,19302,,,520A3C5C,
,,5,2025-05-27 20:36:32,-76,59FE8D30,19302,,,520A3C5C,
,,4,2025-05-27 20:36:32,-76,59FE8D30,19302,,,520A3C5C,
,,2,2025-05-27 20:36:32,-76,59FE8D30,19302,,,520A3C5C,
,,2,2025-05-27 20:36:32,-71,D7510A57,49504,,,520A3C5C,
,,3,2025-05-27 20:36:32,-71,D7510A57,49504,,,520A3C5C,
,,5,2025-05-27 20:36:32,-71,D7510A57,49504,,,520A3C5C,
,,2,2025-05-27 20:36:33,-72,13323C65,31274,,,520A3C5C,
,,3,2025-05-27 20:36:33,-72,13323C65,31274,,,520A3C5C,
,,5,2025-05-27 20:36:33,-72,13323C65,31274,,,520A3C5C,
,,4,2025-05-27 20:36:33,-72,13323C65,31274,,,520A3C5C,
,,1,2025-05-27 20:36:33,-72,13323C65,31274,,,520A3C5C,
,,3,2025-05-27 20:36:33,-67,A648A0E7,35746,,,520A3C5C,
,,4,2025-05-27 20:36:33,-67,A648A0E7,35746,,,520A3C5C,
,,2,2025-05-27 20:36:33,-67,A648A0E7,35746,,,520A3C5C,
,,4,2025-05-27 20:36:34,-76,59FE8D30,55450,,,520A3C5C,
,,2,2025-05-27 20:36:34,-76,59FE8D30,55450,,,520A3C5C,
,,3,2025-05-27 20:36:34,-76,59FE8D30,55450,,,520A3C5C,
,,5,2025-05-27 20:36:34,-76,59FE8D30,55450,,,520A3C5C,
,,3,2025-05-27 20:36:34,-71,D7510A57,42206,,,520A3C5C,
,,2,2025-05-27 20:36:34,-71,D7510A57,42206,,,520A3C5C,
,,5,2025-05-27 20:36:34,-83,19836CFF,41312,,,520A3C5C,
,,2,2025-05-27 20:36:34,-80,E85FB74C,47797,,,520A3C5C,
,,5,2025-05-27 20:36:35,-67,D7510A57,28567,,,520A3C5C,
,,3,2025-05-27 20:36:35,-67,D7510A57,28567,,,520A3C5C,
,,2,2025-05-27 20:36:35,-67,D7510A57,28567,,,520A3C5C,
,,4,2025-05-27 20:36:35,-67,D7510A57,28567,,,520A3C5C,
,,3,2025-05-27 20:36:36,-71,13323C65,10924,,,520A3C5C,
,,5,2025-05-27 20:36:36,-71,13323C65,10924,,,520A3C5C,
,,2,2025-05-27 20:36:36,-71,13323C65,10924,,,520A3C5C,
,,4,2025-05-27 20:36:36,-71,13323C65,10924,,,520A3C5C,
,,3,2025-05-27 20:36:37,-71,07F9389E,5284,,,520A3C5C,
,,2,2025-05-27 20:36:37,-71,07F9389E,5284,,,520A3C5C,
,,5,2025-05-27 20:36:37,-70,59FE8D30,50364,,,520A3C5C,
,,2,2025-05-27 20:36:37,-72,13323C65,25661,,,520A3C5C,
,,4,2025-05-27 20:36:37,-72,13323C65,25661,,,520A3C5C,
,,3,2025-05-27 20:36:37,-72,13323C65,25661,,,520A3C5C,
,,5,2025-05-27 20:36:37,-72,13323C65,25661,,,520A3C5C,
,,3,2025-05-27 20:36:33,-75,D7510A57,10193,,,D46BA6A2,
,,5,2025-05-27 20:36:33,-75,D7510A57,10193,,,D46BA6A2,
,,3,2025-05-27 20:36:38,-76,367E0F4A,27766,,,520A3C5C,
,,2,2025-05-27 20:36:38,-76,367E0F4A,27766,,,520A3C5C,
,,3,2025-05-27 20:36:34,-69,367E0F4A,5592,,,D46BA6A2,
,,2,2025-05-27 20:36:39,-84,E2A807D7,51867,,,520A3C5C,
,,1,2025-05-27 20:36:39,-84,E2A807D7,51867,,,520A3C5C,
,,4,2025-05-27 20:36:39,-84,E2A807D7,51867,,,520A3C5C,
,,3,2025-05-27 20:36:39,-84,E2A807D7,51867,,,520A3C5C,
,,5,2025-05-27 20:36:39,-84,E2A807D7,51867,,,520A3C5C,
,,4,2025-05-27 20:36:39,-68,13323C65,35917,,,520A3C5C,
,,3,2025-05-27 20:36:39,-68,13323C65,35917,,,520A3C5C,
,,5,2025-05-27 20:36:39,-68,13323C65,35917,,,520A3C5C,
,,2,2025-05-27 20:36:39,-68,13323C65,35917,,,520A3C5C,
,,3,2025-05-27 20:36:40,-81,A648A0E7,42805,,,520A3C5C,
,,5,2025-05-27 20:36:40,-81,A648A0E7,42805,,,520A3C5C,
,,3,2025-05-27 20:36:40,-83,19836CFF,29073,,,520A3C5C,
,,5,2025-05-27 20:36:40,-83,19836CFF,29073,,,520A3C5C,
,,2,2025-05-27 20:36:40,-83,19836CFF,29073,,,520A3C5C,
,,3,2025-05-27 20:36:41,-68,870614B1,42687,,,520A3C5C,
,,4,2025-05-27 20:36:41,-68,870614B1,42687,,,520A3C5C,
,,5,2025-05-27 20:36:41,-68,870614B1,42687,,,520A3C5C,
,,2,2025-05-27 20:36:41,-68,870614B1,42687,,,520A3C5C,
,,2,2025-05-27 20:36:42,-67,A648A0E7,311,,,520A3C5C,
,,3,2025-05-27 20:36:42,-67,A648A0E7,311,,,520A3C5C,
,,4,2025-05-27 20:36:42,-67,A648A0E7,311,,,520A3C5C,
,,5,2025-05-27 20:36:42,-67,A648A0E7,311,,,520A3C5C,
,,5,2025-05-27 20:36:42,-71,07F9389E,7164,,,520A3C5C,
,,2,2025-05-27 20:36:42,-71,07F9389E,7164,,,520A3C5C,
,,3,2025-05-27 20:36:42,-71,07F9389E,7164,,,520A3C5C,
,,3,2025-05-27 20:36:43,-70,59FE8D30,25954,,,520A3C5C,
,,5,2025-05-27 20:36:43,-70,59FE8D30,25954,,,520A3C5C,
,,4,2025-05-27 20:36:43,-70,59FE8D30,25954,,,520A3C5C,
,,2,2025-05-27 20:36:43,-70,59FE8D30,25954,,,520A3C5C,
,,4,2025-05-27 20:36:38,-70,367E0F4A,27766,,,D46BA6A2,
,,3,2025-05-27 20:36:38,-70,367E0F4A,27766,,,D46BA6A2,
,,5,2025-05-27 20:36:43,-76,367E0F4A,9632,,,520A3C5C,
,,4,2025-05-27 20:36:43,-76,367E0F4A,9632,,,520A3C5C,
,,2,2025-05-27 20:36:43,-76,367E0F4A,9632,,,520A3C5C,
,,3,2025-05-27 20:36:43,-76,367E0F4A,9632,,,520A3C5C,
,,3,2025-05-27 20:36:38,-68,59FE8D30,6535,,,D46BA6A2,
,,3,2025-05-27 20:36:44,-68,13323C65,10517,,,520A3C5C,
,,5,2025-05-27 20:36:44,-68,13323C65,10517,,,520A3C5C,
,,2,2025-05-27 20:36:44,-68,13323C65,10517,,,520A3C5C,
,,1,2025-05-27 20:36:39,-65,D7510A57,4489,,,D46BA6A2,
,,1,2025-05-27 20:36:39,-70,367E0F4A,6042,,,D46BA6A2,
,,1,2025-05-27 20:36:39,-71,A648A0E7,42805,,,D46BA6A2,
,,4,2025-05-27 20:36:45,-68,13323C65,63322,,,520A3C5C,
,,1,2025-05-27 20:36:40,-78,81D187E3,17362,,,D46BA6A2,
,,3,2025-05-27 20:36:40,-65,59FE8D30,10581,,,D46BA6A2,
,,4,2025-05-27 20:36:40,-65,59FE8D30,10581,,,D46BA6A2,
,,3,2025-05-27 20:36:45,-87,B78FE24A,33714,,,520A3C5C,
,,2,2025-05-27 20:36:45,-87,B78FE24A,33714,,,520A3C5C,
,,4,2025-05-27 20:36:45,-87,B78FE24A,33714,,,520A3C5C,
,,5,2025-05-27 20:36:45,-87,B78FE24A,33714,,,520A3C5C,
,,3,2025-05-27 20:36:46,-70,367E0F4A,13774,,,520A3C5C,
,,2,2025-05-27 20:36:46,-70,367E0F4A,13774,,,520A3C5C,
,,4,2025-05-27 20:36:46,-70,367E0F4A,13774,,,520A3C5C,
,,5,2025-05-27 20:36:46,-70,367E0F4A,13774,,,520A3C5C,
,,3,2025-05-27 20:36:41,-69,870614B1,42687,,,D46BA6A2,
,,3,2025-05-27 20:36:47,-71,07F9389E,63168,,,520A3C5C,
,,2,2025-05-27 20:36:47,-71,07F9389E,63168,,,520A3C5C,
,,4,2025-05-27 20:36:47,-71,07F9389E,63168,,,520A3C5C,
,,1,2025-05-27 20:36:47,-71,07F9389E,63168,,,520A3C5C,
,,5,2025-05-27 20:36:47,-71,07F9389E,63168,,,520A3C5C,
,,3,2025-05-27 20:36:47,-81,A648A0E7,46365,,,520A3C5C,
,,2,2025-05-27 20:36:47,-81,A648A0E7,46365,,,520A3C5C,
,,4,2025-05-27 20:36:47,-81,A648A0E7,46365,,,520A3C5C,
,,1,2025-05-27 20:36:47,-81,A648A0E7,46365,,,520A3C5C,
,,5,2025-05-27 20:36:47,-81,A648A0E7,46365,,,520A3C5C,
,,4,2025-05-27 20:36:47,-70,367E0F4A,9826,,,520A3C5C,
,,5,2025-05-27 20:36:47,-70,367E0F4A,9826,,,520A3C5C,
,,3,2025-05-27 20:36:48,-67,A648A0E7,64475,,,520A3C5C,
,,2,2025-05-27 20:36:48,-67,A648A0E7,64475,,,520A3C5C,
,,1,2025-05-27 20:36:48,-67,A648A0E7,64475,,,520A3C5C,
,,4,2025-05-27 20:36:48,-67,A648A0E7,64475,,,520A3C5C,
,,5,2025-05-27 20:36:48,-67,A648A0E7,64475,,,520A3C5C,
,,4,2025-05-27 20:36:48,-76,59FE8D30,30833,,,520A3C5C,
,,5,2025-05-27 20:36:48,-76,59FE8D30,30833,,,520A3C5C,
,,3,2025-05-27 20:36:48,-76,59FE8D30,30833,,,520A3C5C,
,,2,2025-05-27 20:36:48,-76,59FE8D30,30833,,,520A3C5C,
,,2,2025-05-27 20:36:44,-70,870614B1,3208,,,D46BA6A2,
,,3,2025-05-27 20:36:44,-70,870614B1,3208,,,D46BA6A2,
,,4,2025-05-27 20:36:44,-70,870614B1,3208,,,D46BA6A2,
,,5,2025-05-27 20:36:44,-70,870614B1,3208,,,D46BA6A2,
,,3,2025-05-27 20:36:46,-75,13323C65,38436,,,D46BA6A2,
,,4,2025-05-27 20:36:46,-75,13323C65,38436,,,D46BA6A2,
,,2,2025-05-27 20:36:46,-75,13323C65,38436,,,D46BA6A2,
,,1,2025-05-27 20:36:46,-75,13323C65,38436,,,D46BA6A2,
,,3,2025-05-27 20:36:47,-66,59FE8D30,30833,,,D46BA6A2,
,,2,2025-05-27 20:36:47,-66,59FE8D30,30833,,,D46BA6A2,
,,5,2025-05-27 20:36:48,-77,B78FE24A,32017,,,D46BA6A2,
,,2,2025-05-27 20:36:48,-77,B78FE24A,32017,,,D46BA6A2,
,,5,2025-05-27 20:36:50,-75,13323C65,56867,,,D46BA6A2,
,,2,2025-05-27 20:36:50,-75,13323C65,56867,,,D46BA6A2,
,,1,2025-05-27 20:36:50,-75,13323C65,56867,,,D46BA6A2,
,,4,2025-05-27 20:36:50,-75,13323C65,56867,,,D46BA6A2,
,,3,2025-05-27 20:36:50,-75,13323C65,56867,,,D46BA6A2,
,,3,2025-05-27 20:36:53,-70,367E0F4A,30004,,,D46BA6A2,
,,1,2025-05-27 20:36:44,-68,367E0F4A,9632,,,7D769A01,
,,1,2025-05-27 20:36:45,-72,870614B1,3208,,,7D769A01,
,,1,2025-05-27 20:36:45,-82,E85FB74C,15626,,,7D769A01,
,,1,2025-05-27 20:36:45,-75,59FE8D30,35790,,,7D769A01,
,,1,2025-05-27 20:36:46,-64,367E0F4A,60023,,,7D769A01,
,,1,2025-05-27 20:36:46,-69,D7510A57,50222,,,7D769A01,
,,1,2025-05-27 20:36:47,-65,367E0F4A,13774,,,7D769A01,
,,1,2025-05-27 20:36:47,-74,81D187E3,19855,,,7D769A01,
,,1,2025-05-27 20:36:48,-66,367E0F4A,9826,,,7D769A01,
,,1,2025-05-27 20:36:50,-68,367E0F4A,14916,,,7D769A01,
,,1,2025-05-27 20:36:51,-74,A648A0E7,17065,,,7D769A01,
,,1,2025-05-27 20:36:54,-73,13323C65,40616,,,7D769A01,
,,1,2025-05-27 20:36:55,-78,E2A807D7,30772,,,7D769A01,
,,1,2025-05-27 20:36:55,-68,367E0F4A,32488,,,7D769A01,
,,1,2025-05-27 20:36:55,-74,81D187E3,33706,,,7D769A01,
,,1,2025-05-27 20:36:56,-76,0000006E,40456,,,7D769A01,
,,1,2025-05-27 20:36:35,-77,D7510A57,28567,,,B995250B,
,,4,2025-05-27 20:36:35,-77,D7510A57,28567,,,B995250B,
,,1,2025-05-27 20:36:37,-79,13323C65,10924,,,B995250B,
,,5,2025-05-27 20:36:40,-77,E85FB74C,7117,,,AA4358FB,
,,3,2025-05-27 20:36:40,-77,E85FB74C,7117,,,AA4358FB,
,,5,2025-05-27 20:36:40,-77,59FE8D30,31838,,,AA4358FB,
,,3,2025-05-27 20:36:40,-77,59FE8D30,31838,,,AA4358FB,
,,5,2025-05-27 20:36:41,-77,E2A807D7,53287,,,AA4358FB,
,,3,2025-05-27 20:36:41,-77,E2A807D7,53287,,,AA4358FB,
,,4,2025-05-27 20:36:41,-77,E2A807D7,53287,,,AA4358FB,
,,5,2025-05-27 20:36:41,-77,D7510A57,9980,,,AA4358FB,
,,1,2025-05-27 20:36:41,-79,367E0F4A,13748,,,CB4A1EAE,
,,3,2025-05-27 20:36:43,-80,B78FE24A,52932,,,AA4358FB,
,,5,2025-05-27 20:36:43,-72,81D187E3,59208,,,AA4358FB,
,,3,2025-05-27 20:36:43,-72,81D187E3,59208,,,AA4358FB,
,,4,2025-05-27 20:36:43,-72,81D187E3,59208,,,AA4358FB,
,,2,2025-05-27 20:36:43,-72,81D187E3,59208,,,AA4358FB,
,,1,2025-05-27 20:36:43,-72,81D187E3,59208,,,AA4358FB,
,,2,2025-05-27 20:36:44,-71,0000006E,53417,,,AA4358FB,
,,5,2025-05-27 20:36:44,-71,0000006E,53417,,,AA4358FB,
,,1,2025-05-27 20:36:53,-78,5504D31A,48918,,,B995250B,
,,3,2025-05-27 20:36:45,-65,367E0F4A,13022,,,AA4358FB,
,,5,2025-05-27 20:36:45,-65,367E0F4A,13022,,,AA4358FB,
,,1,2025-05-27 20:36:53,-71,870614B1,9263,,,B995250B,
,,4,2025-05-27 20:36:53,-71,870614B1,9263,,,B995250B,
,,1,2025-05-27 20:36:48,-74,D7510A57,40146,,,AA4358FB,
,,2,2025-05-27 20:36:48,-74,D7510A57,40146,,,AA4358FB,
,,5,2025-05-27 20:36:48,-74,D7510A57,40146,,,AA4358FB,
,,3,2025-05-27 20:36:48,-74,D7510A57,40146,,,AA4358FB,
,,5,2025-05-27 20:36:49,-74,D7510A57,31522,,,AA4358FB,
,,1,2025-05-27 20:37:01,-73,367E0F4A,49557,,,B995250B,
,,4,2025-05-27 20:37:03,-83,59FE8D30,3308,,,B995250B,
,,1,2025-05-27 20:37:03,-83,59FE8D30,3308,,,B995250B,
,,4,2025-05-27 20:36:51,-78,59FE8D30,8774,,,AA4358FB,
,,5,2025-05-27 20:36:51,-78,59FE8D30,8774,,,AA4358FB,
,,1,2025-05-27 20:36:51,-78,59FE8D30,8774,,,AA4358FB,
,,3,2025-05-27 20:36:51,-78,59FE8D30,8774,,,AA4358FB,
,,5,2025-05-27 20:36:53,-72,0000006E,8054,,,AA4358FB,
,,3,2025-05-27 20:36:53,-77,D7510A57,39695,,,AA4358FB,
,,4,2025-05-27 20:36:53,-77,D7510A57,39695,,,AA4358FB,
,,5,2025-05-27 20:36:53,-77,D7510A57,39695,,,AA4358FB,
,,2,2025-05-27 20:36:53,-77,D7510A57,39695,,,AA4358FB,
,,1,2025-05-27 20:36:53,-77,D7510A57,39695,,,AA4358FB,
,,5,2025-05-27 20:36:53,-77,E2A807D7,20276,,,AA4358FB,
,,3,2025-05-27 20:36:53,-77,E2A807D7,20276,,,AA4358FB,
,,2,2025-05-27 20:36:53,-77,E2A807D7,20276,,,AA4358FB,
,,2,2025-05-27 20:36:57,-63,367E0F4A,9928,,,AA4358FB,
,,4,2025-05-27 20:36:57,-63,367E0F4A,9928,,,AA4358FB,
,,5,2025-05-27 20:36:57,-63,367E0F4A,9928,,,AA4358FB,
,,3,2025-05-27 20:36:57,-63,367E0F4A,9928,,,AA4358FB,
,,5,2025-05-27 20:36:58,-66,367E0F4A,8378,,,AA4358FB,
,,1,2025-05-27 20:36:58,-70,13323C65,53611,,,AA4358FB,
,,5,2025-05-27 20:36:33,-76,13323C65,31274,,,7378B941,
,,1,2025-05-27 20:36:41,-79,870614B1,42687,,,7378B941,
,,5,2025-05-27 20:36:44,-77,870614B1,3208,,,7378B941,
,,5,2025-05-27 20:36:45,-76,A648A0E7,55769,,,7378B941,
,,5,2025-05-27 20:36:48,-78,59FE8D30,30833,,,7378B941,
,,4,2025-05-27 20:36:48,-78,59FE8D30,30833,,,7378B941,
,,1,2025-05-27 20:36:48,-78,59FE8D30,30833,,,7378B941,
,,4,2025-05-27 20:36:48,-75,13323C65,40771,,,7378B941,
,,1,2025-05-27 20:36:48,-75,13323C65,40771,,,7378B941,
,,5,2025-05-27 20:36:49,-84,D7510A57,31522,,,7378B941,
,,5,2025-05-27 20:37:02,-80,367E0F4A,54605,,,7378B941,
,,5,2025-05-27 20:37:05,-82,D7510A57,41785,,,7378B941,
,,5,2025-05-27 20:37:09,-80,59FE8D30,62077,,,7378B941,
,,4,2025-05-27 20:37:09,-76,13323C65,24211,,,7378B941,
,,1,2025-05-27 20:37:09,-76,13323C65,24211,,,7378B941,
,,5,2025-05-27 20:37:09,-76,13323C65,24211,,,7378B941,
,,5,2025-05-27 20:36:42,-79,A648A0E7,311,,,9CC5DC79,
,,5,2025-05-27 20:36:42,-81,81D187E3,30841,,,9CC5DC79,
,,1,2025-05-27 20:36:43,-70,367E0F4A,9632,,,9CC5DC79,
,,2,2025-05-27 20:36:47,-83,59FE8D30,45020,,,9CC5DC79,
,,1,2025-05-27 20:36:47,-83,59FE8D30,45020,,,9CC5DC79,
,,4,2025-05-27 20:36:47,-83,59FE8D30,45020,,,9CC5DC79,
,,3,2025-05-27 20:36:49,-82,E2A807D7,43436,,,9CC5DC79,
,,2,2025-05-27 20:36:49,-82,E2A807D7,43436,,,9CC5DC79,
,,5,2025-05-27 20:36:49,-82,E2A807D7,43436,,,9CC5DC79,
,,4,2025-05-27 20:36:49,-82,E2A807D7,43436,,,9CC5DC79,
,,1,2025-05-27 20:36:49,-82,E2A807D7,43436,,,9CC5DC79,
,,4,2025-05-27 20:36:50,-80,0000006E,56438,,,9CC5DC79,
,,1,2025-05-27 20:36:50,-80,0000006E,56438,,,9CC5DC79,
,,5,2025-05-27 20:36:50,-80,0000006E,56438,,,9CC5DC79,
,,1,2025-05-27 20:36:50,-72,870614B1,59341,,,9CC5DC79,
,,1,2025-05-27 20:36:50,-79,367E0F4A,31208,,,9CC5DC79,
,,5,2025-05-27 20:36:51,-79,59FE8D30,8774,,,9CC5DC79,
,,2,2025-05-27 20:36:51,-70,367E0F4A,38598,,,9CC5DC79,
,,2,2025-05-27 20:36:48,-71,D7510A57,40146,,,520A3C5C,
,,4,2025-05-27 20:36:48,-71,D7510A57,40146,,,520A3C5C,
,,1,2025-05-27 20:36:48,-71,D7510A57,40146,,,520A3C5C,
,,4,2025-05-27 20:36:56,-72,13323C65,41128,,,9CC5DC79,
,,3,2025-05-27 20:36:56,-72,13323C65,41128,,,9CC5DC79,
,,1,2025-05-27 20:36:56,-72,13323C65,41128,,,9CC5DC79,
,,5,2025-05-27 20:36:56,-72,13323C65,41128,,,9CC5DC79,
,,4,2025-05-27 20:36:49,-78,E2A807D7,43436,,,520A3C5C,
,,5,2025-05-27 20:36:49,-78,E2A807D7,43436,,,520A3C5C,
,,5,2025-05-27 20:36:57,-72,367E0F4A,9928,,,9CC5DC79,
,,1,2025-05-27 20:36:57,-72,13323C65,9686,,,9CC5DC79,
,,3,2025-05-27 20:36:50,-75,0000006E,56438,,,520A3C5C,
,,4,2025-05-27 20:36:50,-75,0000006E,56438,,,520A3C5C,
,,1,2025-05-27 20:36:50,-75,0000006E,56438,,,520A3C5C,
,,5,2025-05-27 20:36:50,-75,0000006E,56438,,,520A3C5C,
,,2,2025-05-27 20:36:50,-75,0000006E,56438,,,520A3C5C,
,,4,2025-05-27 20:36:59,-80,870614B1,18935,,,9CC5DC79,
,,1,2025-05-27 20:36:59,-80,870614B1,18935,,,9CC5DC79,
,,5,2025-05-27 20:36:59,-80,870614B1,18935,,,9CC5DC79,
,,4,2025-05-27 20:36:51,-70,59FE8D30,8774,,,520A3C5C,
,,5,2025-05-27 20:36:51,-68,D7510A57,22740,,,520A3C5C,
,,4,2025-05-27 20:36:51,-68,D7510A57,22740,,,520A3C5C,
,,2,2025-05-27 20:36:51,-68,D7510A57,22740,,,520A3C5C,
,,3,2025-05-27 20:36:51,-84,19836CFF,45634,,,520A3C5C,
,,4,2025-05-27 20:36:51,-84,19836CFF,45634,,,520A3C5C,
,,5,2025-05-27 20:36:51,-84,19836CFF,45634,,,520A3C5C,
,,2,2025-05-27 20:36:51,-84,19836CFF,45634,,,520A3C5C,
,,1,2025-05-27 20:36:51,-84,19836CFF,45634,,,520A3C5C,
,,2,2025-05-27 20:37:02,-84,D7510A57,110,,,9CC5DC79,
,,1,2025-05-27 20:37:02,-84,D7510A57,110,,,9CC5DC79,
,,3,2025-05-27 20:37:02,-84,D7510A57,110,,,9CC5DC79,
,,4,2025-05-27 20:37:02,-84,D7510A57,110,,,9CC5DC79,
,,2,2025-05-27 20:36:52,-75,A648A0E7,33165,,,520A3C5C,
,,1,2025-05-27 20:36:52,-75,A648A0E7,33165,,,520A3C5C,
,,4,2025-05-27 20:36:52,-75,A648A0E7,33165,,,520A3C5C,
,,3,2025-05-27 20:36:52,-75,A648A0E7,33165,,,520A3C5C,
,,5,2025-05-27 20:36:52,-75,A648A0E7,33165,,,520A3C5C,
,,1,2025-05-27 20:37:04,-71,367E0F4A,1753,,,9CC5DC79,
,,5,2025-05-27 20:37:04,-71,367E0F4A,1753,,,9CC5DC79,
,,4,2025-05-27 20:37:04,-71,367E0F4A,1753,,,9CC5DC79,
,,1,2025-05-27 20:36:53,-69,59FE8D30,13270,,,520A3C5C,
,,5,2025-05-27 20:36:53,-69,59FE8D30,13270,,,520A3C5C,
,,3,2025-05-27 20:36:53,-69,59FE8D30,13270,,,520A3C5C,
,,4,2025-05-27 20:36:53,-69,59FE8D30,13270,,,520A3C5C,
,,2,2025-05-27 20:36:53,-69,59FE8D30,13270,,,520A3C5C,
,,5,2025-05-27 20:37:04,-80,0000006E,63570,,,9CC5DC79,
,,4,2025-05-27 20:36:53,-67,870614B1,9263,,,520A3C5C,
,,2,2025-05-27 20:36:53,-67,870614B1,9263,,,520A3C5C,
,,3,2025-05-27 20:36:53,-67,870614B1,9263,,,520A3C5C,
,,5,2025-05-27 20:36:53,-67,870614B1,9263,,,520A3C5C,
,,5,2025-05-27 20:36:55,-86,81D187E3,33706,,,520A3C5C,
,,3,2025-05-27 20:36:55,-86,81D187E3,33706,,,520A3C5C,
,,4,2025-05-27 20:36:55,-70,D7510A57,49854,,,520A3C5C,
,,1,2025-05-27 20:36:49,-73,81D187E3,64012,,,4D64B5B5,
,,5,2025-05-27 20:36:56,-83,E2A807D7,42245,,,520A3C5C,
,,1,2025-05-27 20:36:56,-83,E2A807D7,42245,,,520A3C5C,
,,3,2025-05-27 20:36:56,-83,E2A807D7,42245,,,520A3C5C,
,,4,2025-05-27 20:36:56,-83,E2A807D7,42245,,,520A3C5C,
,,2,2025-05-27 20:36:56,-83,E2A807D7,42245,,,520A3C5C,
,,4,2025-05-27 20:36:57,-75,367E0F4A,9928,,,520A3C5C,
,,1,2025-05-27 20:36:50,-70,D7510A57,50395,,,4D64B5B5,
,,4,2025-05-27 20:36:50,-70,D7510A57,50395,,,4D64B5B5,
,,4,2025-05-27 20:36:57,-67,D7510A57,51276,,,520A3C5C,
,,1,2025-05-27 20:37:08,-70,367E0F4A,8704,,,9CC5DC79,
,,3,2025-05-27 20:37:09,-73,367E0F4A,31244,,,9CC5DC79,
,,5,2025-05-27 20:37:09,-73,367E0F4A,31244,,,9CC5DC79,
,,2,2025-05-27 20:37:09,-73,367E0F4A,31244,,,9CC5DC79,
,,1,2025-05-27 20:37:09,-73,367E0F4A,31244,,,9CC5DC79,
,,4,2025-05-27 20:37:09,-73,367E0F4A,31244,,,9CC5DC79,
,,4,2025-05-27 20:36:58,-78,81D187E3,43914,,,520A3C5C,
,,3,2025-05-27 20:36:58,-78,81D187E3,43914,,,520A3C5C,
,,2,2025-05-27 20:36:58,-78,81D187E3,43914,,,520A3C5C,
,,5,2025-05-27 20:36:58,-78,81D187E3,43914,,,520A3C5C,
,,1,2025-05-27 20:37:09,-72,13323C65,24211,,,9CC5DC79,
,,4,2025-05-27 20:37:09,-72,13323C65,24211,,,9CC5DC79,
,,3,2025-05-27 20:37:09,-72,13323C65,24211,,,9CC5DC79,
,,5,2025-05-27 20:37:09,-72,13323C65,24211,,,9CC5DC79,
,,5,2025-05-27 20:37:00,-79,E2A807D7,45759,,,520A3C5C,
,,5,2025-05-27 20:37:01,-78,E2A807D7,470,,,520A3C5C,
,,3,2025-05-27 20:37:02,-67,A648A0E7,27769,,,520A3C5C,
,,5,2025-05-27 20:37:02,-67,A648A0E7,27769,,,520A3C5C,
,,2,2025-05-27 20:37:02,-67,D7510A57,110,,,520A3C5C,
,,3,2025-05-27 20:37:02,-67,D7510A57,110,,,520A3C5C,
,,5,2025-05-27 20:37:02,-67,D7510A57,110,,,520A3C5C,
,,5,2025-05-27 20:37:03,-83,19836CFF,9937,,,520A3C5C,
,,3,2025-05-27 20:37:03,-83,19836CFF,9937,,,520A3C5C,
,,1,2025-05-27 20:37:03,-83,19836CFF,9937,,,520A3C5C,
,,2,2025-05-27 20:37:03,-83,19836CFF,9937,,,520A3C5C,
,,2,2025-05-27 20:37:03,-81,A648A0E7,45895,,,520A3C5C,
,,5,2025-05-27 20:37:03,-81,A648A0E7,45895,,,520A3C5C,
,,5,2025-05-27 20:37:03,-66,13323C65,63435,,,520A3C5C,
,,5,2025-05-27 20:37:05,-72,13323C65,33580,,,520A3C5C,
,,3,2025-05-27 20:37:06,-77,13323C65,38752,,,520A3C5C,
,,5,2025-05-27 20:37:06,-77,13323C65,38752,,,520A3C5C,
,,4,2025-05-27 20:37:06,-77,13323C65,38752,,,520A3C5C,
,,2,2025-05-27 20:37:06,-77,13323C65,38752,,,520A3C5C,
,,5,2025-05-27 20:37:07,-81,E2A807D7,23297,,,520A3C5C,
,,2,2025-05-27 20:37:07,-81,E2A807D7,23297,,,520A3C5C,
,,3,2025-05-27 20:37:08,-81,A648A0E7,21346,,,520A3C5C,
,,5,2025-05-27 20:37:08,-81,A648A0E7,21346,,,520A3C5C,
,,2,2025-05-27 20:37:08,-81,A648A0E7,21346,,,520A3C5C,
,,4,2025-05-27 20:37:08,-81,A648A0E7,21346,,,520A3C5C,
,,3,2025-05-27 20:37:09,-67,A648A0E7,50087,,,520A3C5C,
,,2,2025-05-27 20:37:09,-67,A648A0E7,50087,,,520A3C5C,
,,5,2025-05-27 20:37:09,-67,A648A0E7,50087,,,520A3C5C,
,,1,2025-05-27 20:36:54,-79,E197FE3E,2685,,,D46BA6A2,
,,2,2025-05-27 20:37:11,-82,19836CFF,38100,,,520A3C5C,
,,4,2025-05-27 20:37:11,-82,19836CFF,38100,,,520A3C5C,
,,5,2025-05-27 20:37:11,-82,19836CFF,38100,,,520A3C5C,
,,3,2025-05-27 20:37:11,-82,19836CFF,38100,,,520A3C5C,
,,4,2025-05-27 20:37:12,-71,07F9389E,48390,,,520A3C5C,
,,3,2025-05-27 20:37:12,-71,07F9389E,48390,,,520A3C5C,
,,1,2025-05-27 20:37:12,-71,07F9389E,48390,,,520A3C5C,
,,5,2025-05-27 20:37:12,-71,07F9389E,48390,,,520A3C5C,
,,2,2025-05-27 20:37:12,-71,07F9389E,48390,,,520A3C5C,
,,4,2025-05-27 20:36:57,-80,19836CFF,34865,,,D46BA6A2,
,,3,2025-05-27 20:36:57,-80,19836CFF,34865,,,D46BA6A2,
,,5,2025-05-27 20:36:57,-80,19836CFF,34865,,,D46BA6A2,
,,1,2025-05-27 20:36:57,-80,19836CFF,34865,,,D46BA6A2,
,,2,2025-05-27 20:36:57,-80,19836CFF,34865,,,D46BA6A2,
,,3,2025-05-27 20:36:58,-77,81D187E3,5654,,,D46BA6A2,
,,4,2025-05-27 20:36:58,-77,81D187E3,5654,,,D46BA6A2,
,,1,2025-05-27 20:36:58,-68,59FE8D30,9174,,,D46BA6A2,
,,1,2025-05-27 20:37:09,-77,59FE8D30,62077,,,4D64B5B5,
,,4,2025-05-27 20:37:09,-77,59FE8D30,62077,,,4D64B5B5,
,,1,2025-05-27 20:37:10,-71,D7510A57,52862,,,4D64B5B5,
,,1,2025-05-27 20:37:13,-80,59FE8D30,50564,,,4D64B5B5,
,,1,2025-05-27 20:37:01,-68,59FE8D30,45718,,,D46BA6A2,
,,4,2025-05-27 20:37:02,-70,367E0F4A,54605,,,D46BA6A2,
,,1,2025-05-27 20:37:02,-70,367E0F4A,54605,,,D46BA6A2,
,,3,2025-05-27 20:37:03,-69,13323C65,63435,,,D46BA6A2,
,,1,2025-05-27 20:37:03,-69,13323C65,63435,,,D46BA6A2,
,,2,2025-05-27 20:37:03,-69,13323C65,63435,,,D46BA6A2,
,,4,2025-05-27 20:37:03,-69,13323C65,63435,,,D46BA6A2,
,,3,2025-05-27 20:37:04,-71,367E0F4A,20459,,,D46BA6A2,
,,3,2025-05-27 20:37:05,-78,81D187E3,9754,,,D46BA6A2,
,,5,2025-05-27 20:37:05,-70,367E0F4A,30086,,,D46BA6A2,
,,3,2025-05-27 20:37:05,-70,367E0F4A,30086,,,D46BA6A2,
,,1,2025-05-27 20:37:05,-70,367E0F4A,30086,,,D46BA6A2,
,,3,2025-05-27 20:37:06,-71,367E0F4A,31438,,,D46BA6A2,
,,2,2025-05-27 20:37:06,-71,367E0F4A,31438,,,D46BA6A2,
,,4,2025-05-27 20:37:06,-71,367E0F4A,31438,,,D46BA6A2,
,,1,2025-05-27 20:37:10,-70,13323C65,29296,,,D46BA6A2,
,,2,2025-05-27 20:37:10,-70,13323C65,29296,,,D46BA6A2,
,,3,2025-05-27 20:37:10,-70,13323C65,29296,,,D46BA6A2,
,,5,2025-05-27 20:37:10,-70,13323C65,29296,,,D46BA6A2,
,,1,2025-05-27 20:37:11,-69,870614B1,44239,,,D46BA6A2,
,,5,2025-05-27 20:37:12,-68,59FE8D30,50564,,,D46BA6A2,
,,1,2025-05-27 20:37:12,-68,59FE8D30,50564,,,D46BA6A2,
,,4,2025-05-27 20:37:12,-68,59FE8D30,50564,,,D46BA6A2,
,,3,2025-05-27 20:37:12,-68,59FE8D30,50564,,,D46BA6A2,
,,2,2025-05-27 20:37:12,-68,59FE8D30,50564,,,D46BA6A2,
,,4,2025-05-27 20:37:14,-77,B78FE24A,49040,,,D46BA6A2,
,,3,2025-05-27 20:37:14,-77,B78FE24A,49040,,,D46BA6A2,
,,1,2025-05-27 20:37:14,-77,B78FE24A,49040,,,D46BA6A2,
,,5,2025-05-27 20:37:14,-77,B78FE24A,49040,,,D46BA6A2,
,,2,2025-05-27 20:37:14,-77,B78FE24A,49040,,,D46BA6A2,
,,3,2025-05-27 20:37:14,-81,81D187E3,10388,,,D46BA6A2,
,,4,2025-05-27 20:37:14,-81,81D187E3,10388,,,D46BA6A2,
,,5,2025-05-27 20:37:14,-81,81D187E3,10388,,,D46BA6A2,
,,3,2025-05-27 20:37:15,-70,E197FE3E,27696,,,D46BA6A2,
,,4,2025-05-27 20:37:15,-70,E197FE3E,27696,,,D46BA6A2,
,,1,2025-05-27 20:37:15,-70,E197FE3E,27696,,,D46BA6A2,
,,5,2025-05-27 20:37:15,-70,E197FE3E,27696,,,D46BA6A2,
,,2,2025-05-27 20:37:15,-70,E197FE3E,27696,,,D46BA6A2,
,,3,2025-05-27 20:37:15,-82,23D9727E,10371,,,D46BA6A2,
,,1,2025-05-27 20:37:15,-82,23D9727E,10371,,,D46BA6A2,
,,5,2025-05-27 20:37:15,-82,23D9727E,10371,,,D46BA6A2,
,,2,2025-05-27 20:37:15,-82,23D9727E,10371,,,D46BA6A2,
,,4,2025-05-27 20:37:16,-70,367E0F4A,57827,,,D46BA6A2,
,,5,2025-05-27 20:37:16,-70,367E0F4A,57827,,,D46BA6A2,
,,2,2025-05-27 20:37:16,-70,367E0F4A,57827,,,D46BA6A2,
,,3,2025-05-27 20:37:16,-70,367E0F4A,57827,,,D46BA6A2,
,,1,2025-05-27 20:37:16,-70,367E0F4A,57827,,,D46BA6A2,
,,1,2025-05-27 20:37:04,-72,59FE8D30,22851,,,7D769A01,
,,1,2025-05-27 20:37:06,-81,81D187E3,9754,,,7D769A01,
,,1,2025-05-27 20:37:09,-78,E2A807D7,23945,,,7D769A01,
,,1,2025-05-27 20:37:09,-68,367E0F4A,31244,,,7D769A01,
,,1,2025-05-27 20:37:10,-72,59FE8D30,5714,,,7D769A01,
,,1,2025-05-27 20:37:10,-74,A648A0E7,34377,,,7D769A01,
,,1,2025-05-27 20:37:11,-77,81D187E3,34347,,,7D769A01,
,,1,2025-05-27 20:37:13,-74,A648A0E7,48917,,,7D769A01,
,,1,2025-05-27 20:37:16,-68,D7510A57,55714,,,7D769A01,
,,1,2025-05-27 20:37:17,-68,D7510A57,12053,,,7D769A01,
,,1,2025-05-27 20:37:17,-78,81D187E3,9027,,,7D769A01,
,,1,2025-05-27 20:37:18,-68,367E0F4A,58443,,,7D769A01,
,,1,2025-05-27 20:37:18,-71,13323C65,61319,,,7D769A01,
,,4,2025-05-27 20:37:01,-71,59FE8D30,25580,,,AA4358FB,
,,5,2025-05-27 20:37:01,-71,59FE8D30,25580,,,AA4358FB,
,,1,2025-05-27 20:37:01,-71,59FE8D30,25580,,,AA4358FB,
,,5,2025-05-27 20:37:02,-63,367E0F4A,25550,,,AA4358FB,
,,1,2025-05-27 20:37:02,-63,367E0F4A,25550,,,AA4358FB,
,,2,2025-05-27 20:37:02,-63,367E0F4A,25550,,,AA4358FB,
,,3,2025-05-27 20:37:02,-63,367E0F4A,25550,,,AA4358FB,
,,4,2025-05-27 20:37:02,-63,367E0F4A,25550,,,AA4358FB,
,,4,2025-05-27 20:37:02,-74,A648A0E7,27769,,,AA4358FB,
,,5,2025-05-27 20:37:02,-74,A648A0E7,27769,,,AA4358FB,
,,3,2025-05-27 20:37:02,-74,A648A0E7,27769,,,AA4358FB,
,,5,2025-05-27 20:37:03,-69,367E0F4A,54605,,,AA4358FB,
,,3,2025-05-27 20:37:04,-65,367E0F4A,1753,,,AA4358FB,
,,5,2025-05-27 20:37:04,-65,367E0F4A,1753,,,AA4358FB,
,,3,2025-05-27 20:37:04,-76,E2A807D7,33226,,,AA4358FB,
,,4,2025-05-27 20:37:04,-76,E2A807D7,33226,,,AA4358FB,
,,5,2025-05-27 20:37:04,-76,E2A807D7,33226,,,AA4358FB,
,,2,2025-05-27 20:37:04,-76,E2A807D7,33226,,,AA4358FB,
,,2,2025-05-27 20:37:05,-80,870614B1,27853,,,AA4358FB,
,,3,2025-05-27 20:37:05,-80,870614B1,27853,,,AA4358FB,
,,4,2025-05-27 20:37:05,-80,870614B1,27853,,,AA4358FB,
,,5,2025-05-27 20:37:05,-80,870614B1,27853,,,AA4358FB,
,,2,2025-05-27 20:37:06,-63,367E0F4A,30086,,,AA4358FB,
,,5,2025-05-27 20:37:06,-63,367E0F4A,30086,,,AA4358FB,
,,3,2025-05-27 20:37:06,-63,367E0F4A,30086,,,AA4358FB,
,,4,2025-05-27 20:37:06,-63,367E0F4A,30086,,,AA4358FB,
,,3,2025-05-27 20:37:07,-72,81D187E3,57655,,,AA4358FB,
,,4,2025-05-27 20:37:07,-72,81D187E3,57655,,,AA4358FB,
,,5,2025-05-27 20:37:07,-72,81D187E3,57655,,,AA4358FB,
,,2,2025-05-27 20:37:07,-72,81D187E3,57655,,,AA4358FB,
,,1,2025-05-27 20:37:09,-68,367E0F4A,31244,,,AA4358FB,
,,2,2025-05-27 20:37:09,-77,E85FB74C,6561,,,AA4358FB,
,,3,2025-05-27 20:37:09,-77,E85FB74C,6561,,,AA4358FB,
,,4,2025-05-27 20:37:09,-77,E85FB74C,6561,,,AA4358FB,
,,5,2025-05-27 20:37:11,-75,D7510A57,1747,,,AA4358FB,
,,4,2025-05-27 20:37:11,-75,D7510A57,1747,,,AA4358FB,
,,2,2025-05-27 20:37:11,-75,D7510A57,1747,,,AA4358FB,
,,3,2025-05-27 20:37:11,-75,D7510A57,1747,,,AA4358FB,
,,5,2025-05-27 20:37:14,-74,A648A0E7,47215,,,AA4358FB,
,,4,2025-05-27 20:37:14,-74,A648A0E7,47215,,,AA4358FB,
,,3,2025-05-27 20:37:14,-74,A648A0E7,47215,,,AA4358FB,
,,3,2025-05-27 20:37:15,-76,59FE8D30,32531,,,AA4358FB,
,,5,2025-05-27 20:37:15,-76,59FE8D30,32531,,,AA4358FB,
,,2,2025-05-27 20:37:15,-81,E197FE3E,27696,,,AA4358FB,
,,5,2025-05-27 20:37:15,-81,E197FE3E,27696,,,AA4358FB,
,,4,2025-05-27 20:37:15,-81,E197FE3E,27696,,,AA4358FB,
,,3,2025-05-27 20:37:15,-81,E197FE3E,27696,,,AA4358FB,
,,3,2025-05-27 20:37:15,-65,367E0F4A,53638,,,AA4358FB,
,,5,2025-05-27 20:37:16,-74,A648A0E7,10322,,,AA4358FB,
,,3,2025-05-27 20:37:17,-67,0000006E,49741,,,AA4358FB,
,,2,2025-05-27 20:37:17,-67,0000006E,49741,,,AA4358FB,
,,5,2025-05-27 20:37:17,-67,0000006E,49741,,,AA4358FB,
,,1,2025-05-27 20:37:17,-63,367E0F4A,58443,,,AA4358FB,
,,2,2025-05-27 20:37:17,-63,367E0F4A,58443,,,AA4358FB,
,,5,2025-05-27 20:37:17,-63,367E0F4A,58443,,,AA4358FB,
,,4,2025-05-27 20:37:17,-63,367E0F4A,58443,,,AA4358FB,
,,3,2025-05-27 20:37:17,-63,367E0F4A,58443,,,AA4358FB,
,,5,2025-05-27 20:37:20,-62,367E0F4A,27420,,,AA4358FB,
,,3,2025-05-27 20:37:22,-72,81D187E3,36229,,,AA4358FB,
,,1,2025-05-27 20:37:22,-72,81D187E3,36229,,,AA4358FB,
,,5,2025-05-27 20:37:22,-72,81D187E3,36229,,,AA4358FB,
,,2,2025-05-27 20:37:22,-72,81D187E3,36229,,,AA4358FB,
,,4,2025-05-27 20:37:22,-72,81D187E3,36229,,,AA4358FB,
,,5,2025-05-27 20:37:22,-81,E2A807D7,63434,,,AA4358FB,
,,2,2025-05-27 20:37:13,-83,B78FE24A,10245,,,520A3C5C,
,,4,2025-05-27 20:37:13,-83,B78FE24A,10245,,,520A3C5C,
,,1,2025-05-27 20:37:13,-83,B78FE24A,10245,,,520A3C5C,
,,5,2025-05-27 20:37:13,-83,B78FE24A,10245,,,520A3C5C,
,,3,2025-05-27 20:37:13,-83,B78FE24A,10245,,,520A3C5C,
,,2,2025-05-27 20:37:14,-68,870614B1,52712,,,520A3C5C,
,,4,2025-05-27 20:37:14,-68,870614B1,52712,,,520A3C5C,
,,5,2025-05-27 20:37:14,-68,870614B1,52712,,,520A3C5C,
,,1,2025-05-27 20:37:14,-68,870614B1,52712,,,520A3C5C,
,,3,2025-05-27 20:37:14,-68,870614B1,52712,,,520A3C5C,
,,2,2025-05-27 20:37:15,-78,13323C65,2787,,,520A3C5C,
,,5,2025-05-27 20:37:15,-78,13323C65,2787,,,520A3C5C,
,,3,2025-05-27 20:37:15,-78,13323C65,2787,,,520A3C5C,
,,4,2025-05-27 20:37:15,-78,13323C65,2787,,,520A3C5C,
,,1,2025-05-27 20:37:15,-78,13323C65,2787,,,520A3C5C,
,,2,2025-05-27 20:37:16,-67,A648A0E7,10322,,,520A3C5C,
,,5,2025-05-27 20:37:16,-67,A648A0E7,10322,,,520A3C5C,
,,3,2025-05-27 20:37:16,-67,A648A0E7,10322,,,520A3C5C,
,,4,2025-05-27 20:37:16,-67,A648A0E7,10322,,,520A3C5C,
,,4,2025-05-27 20:37:16,-74,0000006E,49741,,,520A3C5C,
,,2,2025-05-27 20:37:17,-70,59FE8D30,9269,,,520A3C5C,
,,5,2025-05-27 20:37:17,-70,59FE8D30,9269,,,520A3C5C,
,,3,2025-05-27 20:37:17,-70,59FE8D30,9269,,,520A3C5C,
,,4,2025-05-27 20:37:17,-70,59FE8D30,9269,,,520A3C5C,
,,5,2025-05-27 20:37:18,-70,59FE8D30,26839,,,520A3C5C,
,,1,2025-05-27 20:37:19,-67,A648A0E7,28956,,,520A3C5C,
,,4,2025-05-27 20:37:19,-67,A648A0E7,28956,,,520A3C5C,
,,2,2025-05-27 20:37:19,-67,A648A0E7,28956,,,520A3C5C,
,,3,2025-05-27 20:37:19,-67,A648A0E7,28956,,,520A3C5C,
,,5,2025-05-27 20:37:19,-67,A648A0E7,28956,,,520A3C5C,
,,4,2025-05-27 20:37:19,-76,367E0F4A,29275,,,520A3C5C,
,,2,2025-05-27 20:37:20,-67,A648A0E7,5257,,,520A3C5C,
,,4,2025-05-27 20:37:20,-67,A648A0E7,5257,,,520A3C5C,
,,3,2025-05-27 20:37:20,-67,A648A0E7,5257,,,520A3C5C,
,,5,2025-05-27 20:37:20,-67,A648A0E7,5257,,,520A3C5C,
,,5,2025-05-27 20:37:20,-75,367E0F4A,27420,,,520A3C5C,
,,3,2025-05-27 20:37:22,-68,13323C65,63883,,,520A3C5C,
,,5,2025-05-27 20:37:22,-68,13323C65,63883,,,520A3C5C,
,,2,2025-05-27 20:37:22,-68,13323C65,63883,,,520A3C5C,
,,4,2025-05-27 20:37:22,-68,13323C65,63883,,,520A3C5C,
,,4,2025-05-27 20:37:23,-75,367E0F4A,48531,,,520A3C5C,
,,3,2025-05-27 20:37:23,-75,367E0F4A,48531,,,520A3C5C,
,,2,2025-05-27 20:37:23,-75,367E0F4A,48531,,,520A3C5C,
,,5,2025-05-27 20:37:23,-75,367E0F4A,48531,,,520A3C5C,
,,5,2025-05-27 20:37:23,-68,13323C65,45879,,,520A3C5C,
,,5,2025-05-27 20:37:24,-68,13323C65,11599,,,520A3C5C,
,,5,2025-05-27 20:37:26,-74,367E0F4A,54293,,,520A3C5C,
,,5,2025-05-27 20:37:27,-67,A648A0E7,57414,,,520A3C5C,
,,3,2025-05-27 20:37:27,-81,23D9727E,23586,,,520A3C5C,
,,2,2025-05-27 20:37:27,-81,23D9727E,23586,,,520A3C5C,
,,4,2025-05-27 20:37:27,-81,23D9727E,23586,,,520A3C5C,
,,5,2025-05-27 20:37:27,-81,23D9727E,23586,,,520A3C5C,
,,2,2025-05-27 20:37:28,-70,367E0F4A,49183,,,520A3C5C,
,,3,2025-05-27 20:37:28,-70,367E0F4A,49183,,,520A3C5C,
,,4,2025-05-27 20:37:28,-70,367E0F4A,49183,,,520A3C5C,
,,5,2025-05-27 20:37:28,-70,367E0F4A,49183,,,520A3C5C,
,,5,2025-05-27 20:37:28,-68,13323C65,25205,,,520A3C5C,
,,2,2025-05-27 20:37:28,-68,13323C65,25205,,,520A3C5C,
,,3,2025-05-27 20:37:28,-68,13323C65,25205,,,520A3C5C,
,,4,2025-05-27 20:37:28,-68,13323C65,25205,,,520A3C5C,
,,2,2025-05-27 20:37:28,-75,0000006E,21238,,,520A3C5C,
,,3,2025-05-27 20:37:28,-75,0000006E,21238,,,520A3C5C,
,,4,2025-05-27 20:37:28,-75,0000006E,21238,,,520A3C5C,
,,5,2025-05-27 20:37:28,-75,0000006E,21238,,,520A3C5C,
,,5,2025-05-27 20:37:29,-79,E2A807D7,290,,,520A3C5C,
,,4,2025-05-27 20:37:29,-70,367E0F4A,38971,,,520A3C5C,
,,1,2025-05-27 20:37:29,-70,367E0F4A,38971,,,520A3C5C,
,,5,2025-05-27 20:37:29,-70,367E0F4A,38971,,,520A3C5C,
,,2,2025-05-27 20:37:29,-70,367E0F4A,38971,,,520A3C5C,
,,3,2025-05-27 20:37:29,-70,367E0F4A,38971,,,520A3C5C,
,,5,2025-05-27 20:37:30,-75,23D9727E,18984,,,520A3C5C,
,,2,2025-05-27 20:37:31,-77,59FE8D30,52919,,,520A3C5C,
,,5,2025-05-27 20:37:31,-77,59FE8D30,52919,,,520A3C5C,
,,4,2025-05-27 20:37:31,-77,59FE8D30,52919,,,520A3C5C,
,,3,2025-05-27 20:37:31,-77,59FE8D30,52919,,,520A3C5C,
,,2,2025-05-27 20:37:31,-73,0000006E,35585,,,520A3C5C,
,,4,2025-05-27 20:37:32,-66,870614B1,48519,,,520A3C5C,
,,3,2025-05-27 20:37:32,-66,870614B1,48519,,,520A3C5C,
,,1,2025-05-27 20:37:32,-66,870614B1,48519,,,520A3C5C,
,,2,2025-05-27 20:37:32,-66,870614B1,48519,,,520A3C5C,
,,5,2025-05-27 20:37:32,-66,870614B1,48519,,,520A3C5C,
,,3,2025-05-27 20:37:33,-71,D7510A57,17123,,,520A3C5C,
,,4,2025-05-27 20:37:33,-71,D7510A57,17123,,,520A3C5C,
,,5,2025-05-27 20:37:33,-71,D7510A57,17123,,,520A3C5C,
,,4,2025-05-27 20:37:34,-83,E85FB74C,64035,,,520A3C5C,
,,5,2025-05-27 20:37:34,-83,E85FB74C,64035,,,520A3C5C,
,,2,2025-05-27 20:37:34,-83,E85FB74C,64035,,,520A3C5C,
,,3,2025-05-27 20:37:34,-83,E85FB74C,64035,,,520A3C5C,
,,1,2025-05-27 20:37:16,-65,59FE8D30,9269,,,D46BA6A2,
,,4,2025-05-27 20:37:16,-73,D7510A57,12053,,,D46BA6A2,
,,3,2025-05-27 20:37:17,-68,59FE8D30,26839,,,D46BA6A2,
,,4,2025-05-27 20:37:17,-68,59FE8D30,26839,,,D46BA6A2,
,,2,2025-05-27 20:37:17,-68,59FE8D30,26839,,,D46BA6A2,
,,4,2025-05-27 20:37:20,-71,A648A0E7,5257,,,D46BA6A2,
,,3,2025-05-27 20:37:20,-71,A648A0E7,5257,,,D46BA6A2,
,,1,2025-05-27 20:37:20,-71,A648A0E7,5257,,,D46BA6A2,
,,2,2025-05-27 20:37:20,-69,870614B1,28319,,,D46BA6A2,
,,1,2025-05-27 20:37:20,-69,870614B1,28319,,,D46BA6A2,
,,3,2025-05-27 20:37:20,-69,870614B1,28319,,,D46BA6A2,
,,5,2025-05-27 20:37:20,-69,870614B1,28319,,,D46BA6A2,
,,3,2025-05-27 20:37:21,-67,D7510A57,23015,,,D46BA6A2,
,,4,2025-05-27 20:37:22,-69,13323C65,63883,,,D46BA6A2,
,,5,2025-05-27 20:37:22,-69,13323C65,63883,,,D46BA6A2,
,,3,2025-05-27 20:37:22,-69,13323C65,63883,,,D46BA6A2,
,,1,2025-05-27 20:37:22,-69,13323C65,63883,,,D46BA6A2,
,,2,2025-05-27 20:37:22,-69,13323C65,63883,,,D46BA6A2,
,,4,2025-05-27 20:37:11,-78,13323C65,52106,,,B995250B,
,,1,2025-05-27 20:37:11,-78,13323C65,52106,,,B995250B,
,,2,2025-05-27 20:37:23,-71,A648A0E7,4126,,,D46BA6A2,
,,5,2025-05-27 20:37:23,-71,A648A0E7,4126,,,D46BA6A2,
,,3,2025-05-27 20:37:23,-71,A648A0E7,4126,,,D46BA6A2,
,,4,2025-05-27 20:37:12,-71,59FE8D30,30122,,,B995250B,
,,1,2025-05-27 20:37:12,-71,59FE8D30,30122,,,B995250B,
,,4,2025-05-27 20:37:23,-70,13323C65,45879,,,D46BA6A2,
,,3,2025-05-27 20:37:25,-68,0000006E,21964,,,D46BA6A2,
,,4,2025-05-27 20:37:25,-68,0000006E,21964,,,D46BA6A2,
,,2,2025-05-27 20:37:25,-68,0000006E,21964,,,D46BA6A2,
,,5,2025-05-27 20:37:25,-68,0000006E,21964,,,D46BA6A2,
,,1,2025-05-27 20:37:03,-78,A648A0E7,45895,,,CB4A1EAE,
,,1,2025-05-27 20:37:27,-69,59FE8D30,55007,,,D46BA6A2,
,,3,2025-05-27 20:37:27,-69,59FE8D30,55007,,,D46BA6A2,
,,4,2025-05-27 20:37:27,-69,59FE8D30,55007,,,D46BA6A2,
,,3,2025-05-27 20:37:28,-70,0000006E,21238,,,D46BA6A2,
,,1,2025-05-27 20:37:28,-76,E85FB74C,21219,,,D46BA6A2,
,,3,2025-05-27 20:37:28,-76,E85FB74C,21219,,,D46BA6A2,
,,2,2025-05-27 20:37:28,-76,E85FB74C,21219,,,D46BA6A2,
,,4,2025-05-27 20:37:28,-76,E85FB74C,21219,,,D46BA6A2,
,,1,2025-05-27 20:37:10,-82,13323C65,29296,,,CB4A1EAE,
,,4,2025-05-27 20:37:10,-82,13323C65,29296,,,CB4A1EAE,
,,3,2025-05-27 20:37:29,-68,59FE8D30,11047,,,D46BA6A2,
,,4,2025-05-27 20:37:29,-68,59FE8D30,11047,,,D46BA6A2,
,,1,2025-05-27 20:37:13,-80,59FE8D30,50564,,,CB4A1EAE,
,,3,2025-05-27 20:37:32,-75,13323C65,8355,,,D46BA6A2,
,,3,2025-05-27 20:37:32,-66,59FE8D30,12147,,,D46BA6A2,
,,2,2025-05-27 20:37:32,-66,59FE8D30,12147,,,D46BA6A2,
,,5,2025-05-27 20:37:34,-78,B78FE24A,37282,,,D46BA6A2,
,,2,2025-05-27 20:37:34,-70,13323C65,3825,,,D46BA6A2,
,,1,2025-05-27 20:37:34,-70,13323C65,3825,,,D46BA6A2,
,,5,2025-05-27 20:37:34,-70,13323C65,3825,,,D46BA6A2,
,,3,2025-05-27 20:37:34,-70,13323C65,3825,,,D46BA6A2,
,,5,2025-05-27 20:37:10,-79,13323C65,29296,,,7378B941,
,,1,2025-05-27 20:37:35,-81,A648A0E7,54991,,,D46BA6A2,
,,1,2025-05-27 20:37:19,-81,A648A0E7,28956,,,CB4A1EAE,
,,4,2025-05-27 20:37:19,-81,A648A0E7,28956,,,CB4A1EAE,
,,1,2025-05-27 20:37:33,-72,D7510A57,17123,,,B995250B,
,,1,2025-05-27 20:37:20,-79,13323C65,31161,,,CB4A1EAE,
,,1,2025-05-27 20:37:22,-83,D7510A57,23015,,,CB4A1EAE,
,,5,2025-05-27 20:37:18,-82,D7510A57,46278,,,7378B941,
,,5,2025-05-27 20:37:19,-75,13323C65,60819,,,7378B941,
,,4,2025-05-27 20:37:19,-75,13323C65,60819,,,7378B941,
,,1,2025-05-27 20:37:21,-72,870614B1,28319,,,7D769A01,
,,1,2025-05-27 20:37:20,-76,870614B1,28319,,,7378B941,
,,4,2025-05-27 20:37:11,-71,870614B1,44239,,,9CC5DC79,
,,1,2025-05-27 20:37:27,-81,59FE8D30,15873,,,CB4A1EAE,
,,4,2025-05-27 20:37:14,-78,59FE8D30,51589,,,9CC5DC79,
,,2,2025-05-27 20:37:14,-78,59FE8D30,51589,,,9CC5DC79,
,,1,2025-05-27 20:37:24,-72,870614B1,42292,,,7D769A01,
,,4,2025-05-27 20:37:14,-71,367E0F4A,62254,,,9CC5DC79,
,,1,2025-05-27 20:37:14,-71,367E0F4A,62254,,,9CC5DC79,
,,5,2025-05-27 20:37:14,-71,367E0F4A,62254,,,9CC5DC79,
,,4,2025-05-27 20:37:16,-72,D7510A57,55714,,,4D64B5B5,
,,3,2025-05-27 20:37:15,-73,367E0F4A,53638,,,9CC5DC79,
,,4,2025-05-27 20:37:26,-78,13323C65,19280,,,7378B941,
,,1,2025-05-27 20:37:26,-78,13323C65,19280,,,7378B941,
,,5,2025-05-27 20:37:26,-78,13323C65,19280,,,7378B941,
,,5,2025-05-27 20:37:28,-79,13323C65,25205,,,7378B941,
,,1,2025-05-27 20:37:27,-73,A648A0E7,25507,,,7D769A01,
,,4,2025-05-27 20:37:17,-72,D7510A57,12053,,,4D64B5B5,
,,1,2025-05-27 20:37:18,-72,13323C65,51972,,,9CC5DC79,
,,5,2025-05-27 20:37:18,-72,13323C65,51972,,,9CC5DC79,
,,1,2025-05-27 20:37:27,-72,13323C65,19280,,,7D769A01,
,,1,2025-05-27 20:37:33,-81,D7510A57,17123,,,CB4A1EAE,
,,1,2025-05-27 20:37:20,-81,59FE8D30,36460,,,4D64B5B5,
,,4,2025-05-27 20:37:20,-81,59FE8D30,36460,,,4D64B5B5,
,,4,2025-05-27 20:37:31,-76,D7510A57,29793,,,7378B941,
,,1,2025-05-27 20:37:31,-76,D7510A57,29793,,,7378B941,
,,5,2025-05-27 20:37:31,-76,D7510A57,29793,,,7378B941,
,,3,2025-05-27 20:37:20,-73,367E0F4A,27420,,,9CC5DC79,
,,4,2025-05-27 20:37:20,-73,367E0F4A,27420,,,9CC5DC79,
,,5,2025-05-27 20:37:20,-73,367E0F4A,27420,,,9CC5DC79,
,,1,2025-05-27 20:37:20,-73,367E0F4A,27420,,,9CC5DC79,
,,2,2025-05-27 20:37:20,-73,367E0F4A,27420,,,9CC5DC79,
,,5,2025-05-27 20:37:21,-70,367E0F4A,16517,,,9CC5DC79,
,,2,2025-05-27 20:37:24,-83,81D187E3,24794,,,9CC5DC79,
,,5,2025-05-27 20:37:24,-83,81D187E3,24794,,,9CC5DC79,
,,1,2025-05-27 20:37:24,-83,81D187E3,24794,,,9CC5DC79,
,,3,2025-05-27 20:37:24,-83,81D187E3,24794,,,9CC5DC79,
,,1,2025-05-27 20:37:24,-75,A648A0E7,25654,,,9CC5DC79,
,,1,2025-05-27 20:37:32,-77,0000006E,35585,,,7D769A01,
,,1,2025-05-27 20:37:34,-70,D7510A57,31526,,,7D769A01,
,,1,2025-05-27 20:37:36,-73,A648A0E7,54991,,,7D769A01,
,,1,2025-05-27 20:37:37,-74,A648A0E7,8500,,,7D769A01,
,,5,2025-05-27 20:37:31,-83,81D187E3,14996,,,9CC5DC79,
,,1,2025-05-27 20:37:34,-73,13323C65,3825,,,9CC5DC79,
,,5,2025-05-27 20:37:34,-73,13323C65,3825,,,9CC5DC79,
,,4,2025-05-27 20:37:34,-73,13323C65,3825,,,9CC5DC79,
,,2,2025-05-27 20:37:34,-73,13323C65,3825,,,9CC5DC79,
,,3,2025-05-27 20:37:34,-73,13323C65,3825,,,9CC5DC79,
,,3,2025-05-27 20:37:36,-77,D7510A57,45011,,,9CC5DC79,
,,1,2025-05-27 20:37:36,-77,D7510A57,45011,,,9CC5DC79,
,,4,2025-05-27 20:37:36,-77,D7510A57,45011,,,9CC5DC79,
,,5,2025-05-27 20:37:39,-79,D7510A57,4096,,,9CC5DC79,
,,2,2025-05-27 20:37:39,-79,D7510A57,4096,,,9CC5DC79,
,,5,2025-05-27 20:37:23,-68,81D187E3,43463,,,AA4358FB,
,,4,2025-05-27 20:37:23,-78,A648A0E7,4126,,,AA4358FB,
,,2,2025-05-27 20:37:23,-78,A648A0E7,4126,,,AA4358FB,
,,5,2025-05-27 20:37:23,-78,A648A0E7,4126,,,AA4358FB,
,,3,2025-05-27 20:37:23,-78,A648A0E7,4126,,,AA4358FB,
,,3,2025-05-27 20:37:25,-78,A648A0E7,25654,,,AA4358FB,
,,5,2025-05-27 20:37:25,-78,A648A0E7,25654,,,AA4358FB,
,,2,2025-05-27 20:37:25,-78,A648A0E7,25654,,,AA4358FB,
,,4,2025-05-27 20:37:25,-78,A648A0E7,25654,,,AA4358FB,
,,5,2025-05-27 20:37:25,-68,367E0F4A,50209,,,AA4358FB,
,,5,2025-05-27 20:37:26,-68,367E0F4A,42294,,,AA4358FB,
,,5,2025-05-27 20:37:26,-77,59FE8D30,41471,,,AA4358FB,
,,1,2025-05-27 20:37:26,-78,D7510A57,18711,,,AA4358FB,
,,3,2025-05-27 20:37:31,-83,E197FE3E,48046,,,AA4358FB,
,,5,2025-05-27 20:37:32,-68,13323C65,38872,,,AA4358FB,
,,5,2025-05-27 20:37:32,-76,D7510A57,27185,,,AA4358FB,
,,5,2025-05-27 20:37:33,-72,81D187E3,19107,,,AA4358FB,
,,4,2025-05-27 20:37:34,-74,A648A0E7,43466,,,AA4358FB,
,,2,2025-05-27 20:37:34,-74,A648A0E7,43466,,,AA4358FB,
,,3,2025-05-27 20:37:34,-74,A648A0E7,43466,,,AA4358FB,
,,5,2025-05-27 20:37:34,-74,A648A0E7,43466,,,AA4358FB,
,,1,2025-05-27 20:37:35,-65,367E0F4A,8080,,,AA4358FB,
,,5,2025-05-27 20:37:35,-80,59FE8D30,6900,,,AA4358FB,
,,5,2025-05-27 20:37:36,-75,E197FE3E,53060,,,AA4358FB,
,,3,2025-05-27 20:37:36,-75,E197FE3E,53060,,,AA4358FB,
,,3,2025-05-27 20:37:36,-77,D7510A57,45011,,,AA4358FB,
,,2,2025-05-27 20:37:36,-77,D7510A57,45011,,,AA4358FB,
,,5,2025-05-27 20:37:37,-77,A648A0E7,8500,,,AA4358FB,
,,3,2025-05-27 20:37:37,-77,A648A0E7,8500,,,AA4358FB,
,,2,2025-05-27 20:37:37,-77,A648A0E7,8500,,,AA4358FB,
,,4,2025-05-27 20:37:37,-77,A648A0E7,8500,,,AA4358FB,
,,2,2025-05-27 20:37:38,-77,59FE8D30,14977,,,AA4358FB,
,,4,2025-05-27 20:37:38,-77,59FE8D30,14977,,,AA4358FB,
,,3,2025-05-27 20:37:38,-77,59FE8D30,14977,,,AA4358FB,
,,5,2025-05-27 20:37:38,-77,59FE8D30,14977,,,AA4358FB,
,,5,2025-05-27 20:37:39,-69,13323C65,31865,,,AA4358FB,
,,3,2025-05-27 20:37:41,-77,B78FE24A,56535,,,AA4358FB,
,,2,2025-05-27 20:37:41,-77,B78FE24A,56535,,,AA4358FB,
,,1,2025-05-27 20:37:44,-76,E85FB74C,2964,,,AA4358FB,
,,3,2025-05-27 20:37:44,-76,E85FB74C,2964,,,AA4358FB,
,,5,2025-05-27 20:37:44,-76,E85FB74C,2964,,,AA4358FB,
,,2,2025-05-27 20:37:44,-76,E85FB74C,2964,,,AA4358FB,
,,4,2025-05-27 20:37:44,-76,E85FB74C,2964,,,AA4358FB,
,,3,2025-05-27 20:37:44,-83,E2A807D7,61840,,,AA4358FB,
,,5,2025-05-27 20:37:44,-83,E2A807D7,61840,,,AA4358FB,
,,3,2025-05-27 20:37:46,-72,81D187E3,46250,,,AA4358FB,
,,4,2025-05-27 20:37:46,-72,81D187E3,46250,,,AA4358FB,
,,5,2025-05-27 20:37:47,-70,367E0F4A,10851,,,AA4358FB,
,,2,2025-05-27 20:37:35,-69,D7510A57,48395,,,520A3C5C,
,,5,2025-05-27 20:37:35,-69,D7510A57,48395,,,520A3C5C,
,,4,2025-05-27 20:37:35,-69,D7510A57,48395,,,520A3C5C,
,,3,2025-05-27 20:37:35,-69,D7510A57,48395,,,520A3C5C,
,,5,2025-05-27 20:37:35,-82,A648A0E7,54991,,,520A3C5C,
,,4,2025-05-27 20:37:35,-82,A648A0E7,54991,,,520A3C5C,
,,3,2025-05-27 20:37:35,-82,A648A0E7,54991,,,520A3C5C,
,,2,2025-05-27 20:37:35,-82,A648A0E7,54991,,,520A3C5C,
,,5,2025-05-27 20:37:36,-83,D7510A57,45011,,,520A3C5C,
,,5,2025-05-27 20:37:37,-71,07F9389E,54950,,,520A3C5C,
,,3,2025-05-27 20:37:37,-71,07F9389E,54950,,,520A3C5C,
,,4,2025-05-27 20:37:37,-71,07F9389E,54950,,,520A3C5C,
,,2,2025-05-27 20:37:37,-71,07F9389E,54950,,,520A3C5C,
,,3,2025-05-27 20:37:37,-71,D7510A57,4138,,,520A3C5C,
,,4,2025-05-27 20:37:37,-71,D7510A57,4138,,,520A3C5C,
,,2,2025-05-27 20:37:37,-71,D7510A57,4138,,,520A3C5C,
,,5,2025-05-27 20:37:37,-71,D7510A57,4138,,,520A3C5C,
,,5,2025-05-27 20:37:38,-75,870614B1,3367,,,520A3C5C,
,,2,2025-05-27 20:37:38,-79,E2A807D7,25948,,,520A3C5C,
,,2,2025-05-27 20:37:39,-81,E85FB74C,18320,,,520A3C5C,
,,4,2025-05-27 20:37:39,-81,E85FB74C,18320,,,520A3C5C,
,,5,2025-05-27 20:37:39,-81,E85FB74C,18320,,,520A3C5C,
,,1,2025-05-27 20:37:39,-81,E85FB74C,18320,,,520A3C5C,
,,3,2025-05-27 20:37:39,-81,E85FB74C,18320,,,520A3C5C,
,,5,2025-05-27 20:37:39,-67,D7510A57,4096,,,520A3C5C,
,,5,2025-05-27 20:37:40,-83,E2A807D7,64101,,,520A3C5C,
,,4,2025-05-27 20:37:40,-68,D7510A57,11259,,,520A3C5C,
,,5,2025-05-27 20:37:40,-68,D7510A57,11259,,,520A3C5C,
,,3,2025-05-27 20:37:40,-68,D7510A57,11259,,,520A3C5C,
,,2,2025-05-27 20:37:40,-68,D7510A57,11259,,,520A3C5C,
,,5,2025-05-27 20:37:42,-71,13323C65,51006,,,520A3C5C,
,,3,2025-05-27 20:37:42,-74,367E0F4A,11564,,,520A3C5C,
,,2,2025-05-27 20:37:42,-74,367E0F4A,11564,,,520A3C5C,
,,5,2025-05-27 20:37:42,-74,367E0F4A,11564,,,520A3C5C,
,,4,2025-05-27 20:37:42,-74,367E0F4A,11564,,,520A3C5C,
,,3,2025-05-27 20:37:43,-67,D7510A57,8834,,,520A3C5C,
,,2,2025-05-27 20:37:43,-67,D7510A57,8834,,,520A3C5C,
,,3,2025-05-27 20:37:44,-83,E2A807D7,61840,,,520A3C5C,
,,2,2025-05-27 20:37:44,-83,E2A807D7,61840,,,520A3C5C,
,,4,2025-05-27 20:37:44,-83,E2A807D7,61840,,,520A3C5C,
,,5,2025-05-27 20:37:44,-83,E2A807D7,61840,,,520A3C5C,
,,3,2025-05-27 20:37:46,-70,367E0F4A,22753,,,520A3C5C,
,,2,2025-05-27 20:37:46,-70,367E0F4A,22753,,,520A3C5C,
,,4,2025-05-27 20:37:46,-67,D7510A57,39792,,,520A3C5C,
,,2,2025-05-27 20:37:46,-67,D7510A57,39792,,,520A3C5C,
,,3,2025-05-27 20:37:46,-67,D7510A57,39792,,,520A3C5C,
,,2,2025-05-27 20:37:47,-68,13323C65,52560,,,520A3C5C,
,,3,2025-05-27 20:37:47,-68,13323C65,52560,,,520A3C5C,
,,5,2025-05-27 20:37:47,-71,D7510A57,34157,,,520A3C5C,
,,2,2025-05-27 20:37:47,-71,D7510A57,34157,,,520A3C5C,
,,2,2025-05-27 20:37:48,-77,13323C65,50831,,,520A3C5C,
,,4,2025-05-27 20:37:48,-77,13323C65,50831,,,520A3C5C,
,,3,2025-05-27 20:37:48,-77,13323C65,50831,,,520A3C5C,
,,2,2025-05-27 20:37:48,-76,81D187E3,22780,,,520A3C5C,
,,3,2025-05-27 20:37:48,-76,81D187E3,22780,,,520A3C5C,
,,5,2025-05-27 20:37:48,-76,81D187E3,22780,,,520A3C5C,
,,4,2025-05-27 20:37:51,-76,13323C65,9530,,,520A3C5C,
,,3,2025-05-27 20:37:51,-82,A648A0E7,23805,,,520A3C5C,
,,2,2025-05-27 20:37:51,-82,A648A0E7,23805,,,520A3C5C,
,,5,2025-05-27 20:37:51,-82,A648A0E7,23805,,,520A3C5C,
,,4,2025-05-27 20:37:51,-82,A648A0E7,23805,,,520A3C5C,
,,3,2025-05-27 20:37:52,-68,13323C65,41308,,,520A3C5C,
,,2,2025-05-27 20:37:52,-68,13323C65,41308,,,520A3C5C,
,,4,2025-05-27 20:37:52,-68,13323C65,41308,,,520A3C5C,
,,4,2025-05-27 20:37:52,-76,59FE8D30,49951,,,520A3C5C,
,,5,2025-05-27 20:37:52,-76,59FE8D30,49951,,,520A3C5C,
,,5,2025-05-27 20:37:53,-77,870614B1,31561,,,520A3C5C,
,,5,2025-05-27 20:37:54,-70,59FE8D30,26293,,,520A3C5C,
,,3,2025-05-27 20:37:39,-67,D7510A57,4096,,,D46BA6A2,
,,1,2025-05-27 20:37:39,-71,A648A0E7,60863,,,D46BA6A2,
,,4,2025-05-27 20:37:39,-71,A648A0E7,60863,,,D46BA6A2,
,,4,2025-05-27 20:37:55,-76,59FE8D30,14363,,,520A3C5C,
,,5,2025-05-27 20:37:55,-76,59FE8D30,14363,,,520A3C5C,
,,2,2025-05-27 20:37:55,-76,59FE8D30,14363,,,520A3C5C,
,,3,2025-05-27 20:37:55,-76,59FE8D30,14363,,,520A3C5C,
,,4,2025-05-27 20:37:41,-69,13323C65,51006,,,D46BA6A2,
,,3,2025-05-27 20:37:41,-69,13323C65,51006,,,D46BA6A2,
,,2,2025-05-27 20:37:44,-78,81D187E3,61733,,,D46BA6A2,
,,3,2025-05-27 20:37:44,-78,81D187E3,61733,,,D46BA6A2,
,,3,2025-05-27 20:37:44,-69,13323C65,49402,,,D46BA6A2,
,,1,2025-05-27 20:37:44,-68,59FE8D30,58778,,,D46BA6A2,
,,2,2025-05-27 20:37:45,-67,D7510A57,44504,,,D46BA6A2,
,,3,2025-05-27 20:37:46,-69,59FE8D30,18262,,,D46BA6A2,
,,1,2025-05-27 20:37:48,-84,23D9727E,44523,,,D46BA6A2,
,,4,2025-05-27 20:37:48,-84,23D9727E,44523,,,D46BA6A2,
,,1,2025-05-27 20:37:49,-75,0000006E,61562,,,D46BA6A2,
,,5,2025-05-27 20:37:50,-67,D7510A57,31230,,,D46BA6A2,
,,1,2025-05-27 20:37:51,-79,E197FE3E,39151,,,D46BA6A2,
,,4,2025-05-27 20:37:51,-79,E197FE3E,39151,,,D46BA6A2,
,,2,2025-05-27 20:37:51,-79,E197FE3E,39151,,,D46BA6A2,
,,3,2025-05-27 20:37:51,-79,E197FE3E,39151,,,D46BA6A2,
,,4,2025-05-27 20:37:51,-82,A648A0E7,23805,,,D46BA6A2,
,,2,2025-05-27 20:37:51,-82,A648A0E7,23805,,,D46BA6A2,
,,1,2025-05-27 20:37:51,-82,A648A0E7,23805,,,D46BA6A2,
,,5,2025-05-27 20:37:51,-82,A648A0E7,23805,,,D46BA6A2,
,,3,2025-05-27 20:37:51,-82,A648A0E7,23805,,,D46BA6A2,
,,2,2025-05-27 20:37:51,-65,59FE8D30,49951,,,D46BA6A2,
,,3,2025-05-27 20:37:51,-65,59FE8D30,49951,,,D46BA6A2,
,,3,2025-05-27 20:37:54,-78,81D187E3,14077,,,D46BA6A2,
,,5,2025-05-27 20:37:54,-78,81D187E3,14077,,,D46BA6A2,
,,4,2025-05-27 20:37:54,-78,81D187E3,14077,,,D46BA6A2,
,,1,2025-05-27 20:37:54,-78,81D187E3,14077,,,D46BA6A2,
,,2,2025-05-27 20:37:54,-78,81D187E3,14077,,,D46BA6A2,
,,3,2025-05-27 20:37:55,-82,19836CFF,7497,,,D46BA6A2,
,,4,2025-05-27 20:37:55,-82,19836CFF,7497,,,D46BA6A2,
,,1,2025-05-27 20:37:55,-82,19836CFF,7497,,,D46BA6A2,
,,5,2025-05-27 20:37:55,-82,19836CFF,7497,,,D46BA6A2,
,,2,2025-05-27 20:37:55,-82,19836CFF,7497,,,D46BA6A2,
,,4,2025-05-27 20:37:39,-83,23D9727E,25973,,,4D64B5B5,
,,1,2025-05-27 20:37:39,-83,23D9727E,25973,,,4D64B5B5,
,,4,2025-05-27 20:37:40,-81,E2A807D7,64101,,,4D64B5B5,
,,1,2025-05-27 20:37:40,-81,E2A807D7,64101,,,4D64B5B5,
,,1,2025-05-27 20:37:43,-77,13323C65,30148,,,4D64B5B5,
,,4,2025-05-27 20:37:43,-77,13323C65,30148,,,4D64B5B5,
,,4,2025-05-27 20:37:50,-77,59FE8D30,39911,,,4D64B5B5,
,,4,2025-05-27 20:37:52,-80,5504D31A,25477,,,4D64B5B5,
,,1,2025-05-27 20:37:52,-80,5504D31A,25477,,,4D64B5B5,
,,1,2025-05-27 20:37:43,-71,13323C65,30148,,,7D769A01,
,,1,2025-05-27 20:37:44,-72,13323C65,49292,,,7D769A01,
,,1,2025-05-27 20:37:46,-66,367E0F4A,22753,,,7D769A01,
,,1,2025-05-27 20:37:47,-74,A648A0E7,47890,,,7D769A01,
,,1,2025-05-27 20:37:47,-78,81D187E3,50894,,,7D769A01,
,,1,2025-05-27 20:37:36,-79,59FE8D30,12241,,,B995250B,
,,4,2025-05-27 20:37:36,-79,59FE8D30,12241,,,B995250B,
,,1,2025-05-27 20:37:51,-75,A648A0E7,37431,,,7D769A01,
,,1,2025-05-27 20:37:40,-82,A648A0E7,51521,,,B995250B,
,,4,2025-05-27 20:37:40,-82,A648A0E7,51521,,,B995250B,
,,1,2025-05-27 20:37:54,-66,367E0F4A,59463,,,7D769A01,
,,1,2025-05-27 20:37:54,-72,59FE8D30,26293,,,7D769A01,
,,1,2025-05-27 20:37:56,-76,59FE8D30,57099,,,7D769A01,
,,1,2025-05-27 20:37:56,-68,367E0F4A,29868,,,7D769A01,
,,1,2025-05-27 20:37:47,-79,367E0F4A,10851,,,B995250B,
,,1,2025-05-27 20:37:59,-74,81D187E3,15616,,,7D769A01,
,,1,2025-05-27 20:37:59,-68,D7510A57,57141,,,7D769A01,
,,2,2025-05-27 20:37:46,-81,81D187E3,46250,,,9CC5DC79,
,,3,2025-05-27 20:37:46,-81,81D187E3,46250,,,9CC5DC79,
,,1,2025-05-27 20:37:46,-81,81D187E3,46250,,,9CC5DC79,
,,5,2025-05-27 20:37:46,-81,81D187E3,46250,,,9CC5DC79,
,,4,2025-05-27 20:37:46,-81,81D187E3,46250,,,9CC5DC79,
,,1,2025-05-27 20:37:47,-72,367E0F4A,10851,,,9CC5DC79,
,,1,2025-05-27 20:38:02,-79,13323C65,11736,,,B995250B,
,,4,2025-05-27 20:37:48,-73,13323C65,50831,,,9CC5DC79,
,,3,2025-05-27 20:37:48,-73,13323C65,50831,,,9CC5DC79,
,,3,2025-05-27 20:37:49,-75,A648A0E7,28339,,,9CC5DC79,
,,2,2025-05-27 20:37:49,-75,A648A0E7,28339,,,9CC5DC79,
,,3,2025-05-27 20:37:51,-73,367E0F4A,8079,,,9CC5DC79,
,,5,2025-05-27 20:37:51,-73,367E0F4A,8079,,,9CC5DC79,
,,4,2025-05-27 20:37:51,-73,367E0F4A,8079,,,9CC5DC79,
,,2,2025-05-27 20:37:52,-72,367E0F4A,59861,,,9CC5DC79,
,,1,2025-05-27 20:37:52,-72,367E0F4A,59861,,,9CC5DC79,
,,4,2025-05-27 20:37:52,-72,367E0F4A,59861,,,9CC5DC79,
,,5,2025-05-27 20:37:52,-72,367E0F4A,59861,,,9CC5DC79,
,,3,2025-05-27 20:37:52,-72,367E0F4A,59861,,,9CC5DC79,
,,1,2025-05-27 20:37:55,-79,367E0F4A,23463,,,9CC5DC79,
,,3,2025-05-27 20:37:56,-77,59FE8D30,57099,,,9CC5DC79,
,,5,2025-05-27 20:37:56,-77,59FE8D30,57099,,,9CC5DC79,
,,2,2025-05-27 20:37:56,-77,59FE8D30,57099,,,9CC5DC79,
,,1,2025-05-27 20:37:58,-82,81D187E3,12646,,,9CC5DC79,
,,4,2025-05-27 20:37:58,-82,81D187E3,12646,,,9CC5DC79,
,,5,2025-05-27 20:37:58,-82,81D187E3,12646,,,9CC5DC79,
,,5,2025-05-27 20:38:00,-77,13323C65,43312,,,9CC5DC79,
,,1,2025-05-27 20:38:00,-78,D7510A57,44075,,,9CC5DC79,
,,4,2025-05-27 20:38:00,-78,D7510A57,44075,,,9CC5DC79,
,,1,2025-05-27 20:38:01,-79,A648A0E7,26950,,,9CC5DC79,
,,2,2025-05-27 20:38:01,-79,A648A0E7,26950,,,9CC5DC79,
,,3,2025-05-27 20:38:01,-79,A648A0E7,26950,,,9CC5DC79,
,,1,2025-05-27 20:38:01,-80,0000006E,28640,,,9CC5DC79,
,,2,2025-05-27 20:38:01,-80,0000006E,28640,,,9CC5DC79,
,,3,2025-05-27 20:38:01,-80,0000006E,28640,,,9CC5DC79,
,,5,2025-05-27 20:38:01,-80,0000006E,28640,,,9CC5DC79,
,,4,2025-05-27 20:38:01,-80,0000006E,28640,,,9CC5DC79,
,,2,2025-05-27 20:38:06,-79,A648A0E7,12106,,,9CC5DC79,
,,4,2025-05-27 20:37:33,-78,A648A0E7,43466,,,CB4A1EAE,
,,1,2025-05-27 20:37:33,-78,A648A0E7,43466,,,CB4A1EAE,
,,5,2025-05-27 20:37:47,-78,07F9389E,1664,,,AA4358FB,
,,4,2025-05-27 20:37:47,-78,07F9389E,1664,,,AA4358FB,
,,3,2025-05-27 20:37:47,-78,07F9389E,1664,,,AA4358FB,
,,2,2025-05-27 20:37:47,-78,07F9389E,1664,,,AA4358FB,
,,1,2025-05-27 20:37:47,-78,07F9389E,1664,,,AA4358FB,
,,3,2025-05-27 20:37:49,-65,367E0F4A,33340,,,AA4358FB,
,,5,2025-05-27 20:37:49,-65,367E0F4A,33340,,,AA4358FB,
,,4,2025-05-27 20:37:35,-74,D7510A57,48395,,,CB4A1EAE,
,,4,2025-05-27 20:37:36,-83,A648A0E7,8500,,,CB4A1EAE,
,,2,2025-05-27 20:37:50,-65,367E0F4A,41226,,,AA4358FB,
,,4,2025-05-27 20:37:50,-65,367E0F4A,41226,,,AA4358FB,
,,3,2025-05-27 20:37:50,-65,367E0F4A,41226,,,AA4358FB,
,,1,2025-05-27 20:37:50,-65,367E0F4A,41226,,,AA4358FB,
,,4,2025-05-27 20:37:38,-79,59FE8D30,14977,,,CB4A1EAE,
,,1,2025-05-27 20:37:38,-79,59FE8D30,14977,,,CB4A1EAE,
,,5,2025-05-27 20:37:50,-69,13323C65,52510,,,AA4358FB,
,,5,2025-05-27 20:37:51,-65,367E0F4A,8079,,,AA4358FB,
,,1,2025-05-27 20:37:51,-78,D7510A57,50404,,,AA4358FB,
,,4,2025-05-27 20:37:39,-81,59FE8D30,21592,,,CB4A1EAE,
,,1,2025-05-27 20:37:39,-81,59FE8D30,21592,,,CB4A1EAE,
,,3,2025-05-27 20:37:52,-65,367E0F4A,59861,,,AA4358FB,
,,4,2025-05-27 20:37:53,-66,367E0F4A,49692,,,AA4358FB,
,,5,2025-05-27 20:37:53,-66,367E0F4A,49692,,,AA4358FB,
,,2,2025-05-27 20:37:53,-66,367E0F4A,49692,,,AA4358FB,
,,1,2025-05-27 20:37:53,-66,367E0F4A,49692,,,AA4358FB,
,,3,2025-05-27 20:37:53,-66,367E0F4A,49692,,,AA4358FB,
,,5,2025-05-27 20:37:54,-72,81D187E3,14077,,,AA4358FB,
,,4,2025-05-27 20:37:54,-72,81D187E3,14077,,,AA4358FB,
,,3,2025-05-27 20:37:54,-72,81D187E3,14077,,,AA4358FB,
,,2,2025-05-27 20:37:54,-72,81D187E3,14077,,,AA4358FB,
,,1,2025-05-27 20:37:55,-63,367E0F4A,23463,,,AA4358FB,
,,5,2025-05-27 20:37:55,-80,59FE8D30,14363,,,AA4358FB,
,,2,2025-05-27 20:37:55,-80,59FE8D30,14363,,,AA4358FB,
,,3,2025-05-27 20:37:56,-77,59FE8D30,57099,,,AA4358FB,
,,4,2025-05-27 20:37:56,-77,59FE8D30,57099,,,AA4358FB,
,,5,2025-05-27 20:37:56,-77,59FE8D30,57099,,,AA4358FB,
,,2,2025-05-27 20:37:56,-77,59FE8D30,57099,,,AA4358FB,
,,1,2025-05-27 20:37:56,-68,367E0F4A,29868,,,AA4358FB,
,,5,2025-05-27 20:37:56,-71,13323C65,802,,,AA4358FB,
,,2,2025-05-27 20:37:56,-71,13323C65,802,,,AA4358FB,
,,3,2025-05-27 20:37:56,-71,13323C65,802,,,AA4358FB,
,,3,2025-05-27 20:37:57,-75,A648A0E7,22935,,,AA4358FB,
,,4,2025-05-27 20:37:57,-75,A648A0E7,22935,,,AA4358FB,
,,5,2025-05-27 20:37:57,-75,A648A0E7,22935,,,AA4358FB,
,,2,2025-05-27 20:37:57,-75,A648A0E7,22935,,,AA4358FB,
,,3,2025-05-27 20:37:57,-68,13323C65,20728,,,AA4358FB,
,,2,2025-05-27 20:37:57,-68,13323C65,20728,,,AA4358FB,
,,1,2025-05-27 20:37:52,-79,367E0F4A,59861,,,CB4A1EAE,
,,4,2025-05-27 20:37:52,-79,367E0F4A,59861,,,CB4A1EAE,
,,3,2025-05-27 20:37:59,-72,81D187E3,15616,,,AA4358FB,
,,5,2025-05-27 20:37:59,-72,81D187E3,15616,,,AA4358FB,
,,4,2025-05-27 20:37:59,-72,81D187E3,15616,,,AA4358FB,
,,4,2025-05-27 20:38:01,-79,A648A0E7,26950,,,AA4358FB,
,,3,2025-05-27 20:38:01,-79,A648A0E7,26950,,,AA4358FB,
,,2,2025-05-27 20:38:01,-79,A648A0E7,26950,,,AA4358FB,
,,1,2025-05-27 20:37:57,-84,81D187E3,37214,,,CB4A1EAE,
,,4,2025-05-27 20:38:00,-84,A648A0E7,3920,,,CB4A1EAE,
,,1,2025-05-27 20:38:00,-84,A648A0E7,3920,,,CB4A1EAE,
,,4,2025-05-27 20:38:02,-72,13323C65,11736,,,AA4358FB,
,,3,2025-05-27 20:38:02,-72,13323C65,11736,,,AA4358FB,
,,5,2025-05-27 20:38:02,-72,13323C65,11736,,,AA4358FB,
,,2,2025-05-27 20:38:02,-72,13323C65,11736,,,AA4358FB,
,,5,2025-05-27 20:38:04,-72,81D187E3,47272,,,AA4358FB,
,,1,2025-05-27 20:38:04,-72,81D187E3,47272,,,AA4358FB,
,,2,2025-05-27 20:38:04,-72,81D187E3,47272,,,AA4358FB,
,,4,2025-05-27 20:38:04,-72,81D187E3,47272,,,AA4358FB,
,,3,2025-05-27 20:38:04,-72,81D187E3,47272,,,AA4358FB,
,,1,2025-05-27 20:38:03,-78,367E0F4A,32330,,,CB4A1EAE,
,,4,2025-05-27 20:38:03,-78,367E0F4A,32330,,,CB4A1EAE,
,,3,2025-05-27 20:38:05,-64,0000006E,50121,,,AA4358FB,
,,1,2025-05-27 20:38:05,-79,367E0F4A,445,,,CB4A1EAE,
,,4,2025-05-27 20:38:05,-79,367E0F4A,445,,,CB4A1EAE,
,,3,2025-05-27 20:38:06,-72,13323C65,10202,,,AA4358FB,
,,4,2025-05-27 20:38:06,-72,13323C65,10202,,,AA4358FB,
,,2,2025-05-27 20:38:06,-72,13323C65,10202,,,AA4358FB,
,,5,2025-05-27 20:38:06,-72,13323C65,10202,,,AA4358FB,
,,3,2025-05-27 20:38:07,-85,23D9727E,65105,,,AA4358FB,
,,2,2025-05-27 20:38:07,-85,23D9727E,65105,,,AA4358FB,
,,5,2025-05-27 20:38:07,-85,23D9727E,65105,,,AA4358FB,
,,5,2025-05-27 20:38:09,-69,367E0F4A,46400,,,AA4358FB,
,,5,2025-05-27 20:37:41,-79,13323C65,51006,,,7378B941,
,,5,2025-05-27 20:37:46,-83,E197FE3E,14584,,,7378B941,
,,4,2025-05-27 20:37:46,-83,E197FE3E,14584,,,7378B941,
,,1,2025-05-27 20:37:46,-83,E197FE3E,14584,,,7378B941,
,,4,2025-05-27 20:37:57,-80,81D187E3,37214,,,7378B941,
,,5,2025-05-27 20:37:57,-80,81D187E3,37214,,,7378B941,
,,1,2025-05-27 20:37:57,-80,81D187E3,37214,,,7378B941,
,,1,2025-05-27 20:37:59,-77,A648A0E7,3920,,,7378B941,
,,4,2025-05-27 20:37:59,-77,A648A0E7,3920,,,7378B941,
,,1,2025-05-27 20:38:00,-76,13323C65,43312,,,7378B941,
,,4,2025-05-27 20:38:00,-76,13323C65,43312,,,7378B941,
,,5,2025-05-27 20:38:00,-76,13323C65,43312,,,7378B941,
,,5,2025-05-27 20:38:01,-75,13323C65,64333,,,7378B941,
,,5,2025-05-27 20:38:01,-79,367E0F4A,63258,,,7378B941,
,,2,2025-05-27 20:37:55,-68,13323C65,34695,,,520A3C5C,
,,1,2025-05-27 20:37:55,-68,13323C65,34695,,,520A3C5C,
,,5,2025-05-27 20:37:55,-68,13323C65,34695,,,520A3C5C,
,,3,2025-05-27 20:37:55,-68,13323C65,34695,,,520A3C5C,
,,4,2025-05-27 20:37:55,-68,13323C65,34695,,,520A3C5C,
,,2,2025-05-27 20:37:56,-82,B78FE24A,24208,,,520A3C5C,
,,5,2025-05-27 20:37:56,-82,B78FE24A,24208,,,520A3C5C,
,,3,2025-05-27 20:37:56,-82,B78FE24A,24208,,,520A3C5C,
,,4,2025-05-27 20:37:56,-82,B78FE24A,24208,,,520A3C5C,
,,4,2025-05-27 20:37:56,-66,870614B1,45623,,,520A3C5C,
,,5,2025-05-27 20:37:56,-66,870614B1,45623,,,520A3C5C,
,,3,2025-05-27 20:37:56,-66,870614B1,45623,,,520A3C5C,
,,2,2025-05-27 20:37:56,-66,870614B1,45623,,,520A3C5C,
,,4,2025-05-27 20:37:58,-80,E2A807D7,28424,,,520A3C5C,
,,5,2025-05-27 20:37:58,-80,E2A807D7,28424,,,520A3C5C,
,,3,2025-05-27 20:37:58,-80,E2A807D7,28424,,,520A3C5C,
,,2,2025-05-27 20:37:58,-80,E2A807D7,28424,,,520A3C5C,
,,5,2025-05-27 20:38:07,-78,D7510A57,64014,,,7378B941,
,,1,2025-05-27 20:38:07,-78,D7510A57,64014,,,7378B941,
,,4,2025-05-27 20:38:07,-78,D7510A57,64014,,,7378B941,
,,4,2025-05-27 20:37:58,-70,367E0F4A,491,,,520A3C5C,
,,5,2025-05-27 20:37:58,-70,367E0F4A,491,,,520A3C5C,
,,3,2025-05-27 20:37:58,-70,367E0F4A,491,,,520A3C5C,
,,1,2025-05-27 20:37:58,-70,367E0F4A,491,,,520A3C5C,
,,2,2025-05-27 20:37:58,-70,367E0F4A,491,,,520A3C5C,
,,5,2025-05-27 20:37:58,-72,13323C65,18771,,,520A3C5C,
,,3,2025-05-27 20:37:58,-78,0000006E,33540,,,520A3C5C,
,,2,2025-05-27 20:37:58,-78,0000006E,33540,,,520A3C5C,
,,1,2025-05-27 20:37:59,-78,81D187E3,15616,,,520A3C5C,
,,4,2025-05-27 20:37:59,-78,81D187E3,15616,,,520A3C5C,
,,5,2025-05-27 20:37:59,-78,81D187E3,15616,,,520A3C5C,
,,3,2025-05-27 20:37:59,-78,81D187E3,15616,,,520A3C5C,
,,2,2025-05-27 20:37:59,-78,81D187E3,15616,,,520A3C5C,
,,5,2025-05-27 20:38:00,-70,367E0F4A,40186,,,520A3C5C,
,,4,2025-05-27 20:38:00,-71,D7510A57,44075,,,520A3C5C,
,,4,2025-05-27 20:38:00,-83,E2A807D7,60587,,,520A3C5C,
,,2,2025-05-27 20:38:01,-82,A648A0E7,26950,,,520A3C5C,
,,4,2025-05-27 20:38:01,-82,A648A0E7,26950,,,520A3C5C,
,,5,2025-05-27 20:38:01,-82,A648A0E7,26950,,,520A3C5C,
,,1,2025-05-27 20:38:01,-82,A648A0E7,26950,,,520A3C5C,
,,3,2025-05-27 20:38:01,-82,A648A0E7,26950,,,520A3C5C,
,,3,2025-05-27 20:38:01,-69,D7510A57,2078,,,520A3C5C,
,,2,2025-05-27 20:38:01,-69,D7510A57,2078,,,520A3C5C,
,,2,2025-05-27 20:38:04,-73,0000006E,50121,,,520A3C5C,
,,5,2025-05-27 20:38:05,-75,870614B1,49290,,,520A3C5C,
,,4,2025-05-27 20:38:05,-75,870614B1,49290,,,520A3C5C,
,,2,2025-05-27 20:38:05,-75,870614B1,49290,,,520A3C5C,
,,3,2025-05-27 20:38:05,-75,870614B1,49290,,,520A3C5C,
,,1,2025-05-27 20:38:05,-75,870614B1,49290,,,520A3C5C,
,,4,2025-05-27 20:38:06,-82,19836CFF,20945,,,520A3C5C,
,,2,2025-05-27 20:38:06,-82,19836CFF,20945,,,520A3C5C,
,,5,2025-05-27 20:38:08,-70,367E0F4A,40117,,,520A3C5C,
,,2,2025-05-27 20:38:08,-70,367E0F4A,40117,,,520A3C5C,
,,3,2025-05-27 20:38:08,-70,367E0F4A,40117,,,520A3C5C,
,,2,2025-05-27 20:38:11,-76,59FE8D30,1798,,,520A3C5C,
,,3,2025-05-27 20:38:11,-76,59FE8D30,1798,,,520A3C5C,
,,5,2025-05-27 20:38:12,-75,A648A0E7,29198,,,520A3C5C,
,,3,2025-05-27 20:38:12,-75,A648A0E7,29198,,,520A3C5C,
,,2,2025-05-27 20:38:12,-75,A648A0E7,29198,,,520A3C5C,
,,4,2025-05-27 20:38:12,-75,A648A0E7,29198,,,520A3C5C,
,,3,2025-05-27 20:38:12,-78,59FE8D30,4634,,,520A3C5C,
,,4,2025-05-27 20:38:12,-78,59FE8D30,4634,,,520A3C5C,
,,2,2025-05-27 20:38:12,-78,59FE8D30,4634,,,520A3C5C,
,,5,2025-05-27 20:38:12,-78,59FE8D30,4634,,,520A3C5C,
,,2,2025-05-27 20:38:12,-72,13323C65,1660,,,520A3C5C,
,,3,2025-05-27 20:38:12,-72,13323C65,1660,,,520A3C5C,
,,5,2025-05-27 20:38:12,-72,13323C65,1660,,,520A3C5C,
,,4,2025-05-27 20:38:12,-75,367E0F4A,6489,,,520A3C5C,
,,4,2025-05-27 20:37:56,-70,A648A0E7,22935,,,D46BA6A2,
,,2,2025-05-27 20:37:56,-70,A648A0E7,22935,,,D46BA6A2,
,,1,2025-05-27 20:37:56,-70,A648A0E7,22935,,,D46BA6A2,
,,3,2025-05-27 20:37:56,-70,A648A0E7,22935,,,D46BA6A2,
,,1,2025-05-27 20:37:56,-76,13323C65,20728,,,D46BA6A2,
,,3,2025-05-27 20:37:56,-76,13323C65,20728,,,D46BA6A2,
,,4,2025-05-27 20:37:56,-76,13323C65,20728,,,D46BA6A2,
,,3,2025-05-27 20:37:58,-75,0000006E,33540,,,D46BA6A2,
,,3,2025-05-27 20:37:58,-75,B78FE24A,53055,,,D46BA6A2,
,,2,2025-05-27 20:37:58,-75,B78FE24A,53055,,,D46BA6A2,
,,3,2025-05-27 20:38:00,-72,367E0F4A,40186,,,D46BA6A2,
,,5,2025-05-27 20:38:00,-72,367E0F4A,40186,,,D46BA6A2,
,,1,2025-05-27 20:38:03,-75,D7510A57,43101,,,D46BA6A2,
,,3,2025-05-27 20:38:03,-70,A648A0E7,10252,,,D46BA6A2,
,,3,2025-05-27 20:38:03,-65,59FE8D30,10135,,,D46BA6A2,
,,1,2025-05-27 20:38:06,-72,07F9389E,15840,,,D46BA6A2,
,,3,2025-05-27 20:38:06,-72,07F9389E,15840,,,D46BA6A2,
,,2,2025-05-27 20:38:06,-72,07F9389E,15840,,,D46BA6A2,
,,4,2025-05-27 20:38:06,-72,07F9389E,15840,,,D46BA6A2,
,,1,2025-05-27 20:38:08,-68,870614B1,60516,,,D46BA6A2,
,,4,2025-05-27 20:38:10,-79,81D187E3,27754,,,D46BA6A2,
,,2,2025-05-27 20:38:10,-79,81D187E3,27754,,,D46BA6A2,
,,3,2025-05-27 20:38:10,-79,81D187E3,27754,,,D46BA6A2,
,,4,2025-05-27 20:38:01,-76,A648A0E7,26950,,,4D64B5B5,
,,1,2025-05-27 20:38:01,-78,13323C65,64333,,,4D64B5B5,
,,5,2025-05-27 20:38:10,-69,59FE8D30,1798,,,D46BA6A2,
,,3,2025-05-27 20:38:10,-69,59FE8D30,1798,,,D46BA6A2,
,,2,2025-05-27 20:38:10,-69,59FE8D30,1798,,,D46BA6A2,
,,4,2025-05-27 20:38:10,-69,59FE8D30,1798,,,D46BA6A2,
,,1,2025-05-27 20:38:12,-73,07F9389E,21935,,,7D769A01,
,,1,2025-05-27 20:38:14,-72,59FE8D30,940,,,7D769A01,
,,4,2025-05-27 20:38:03,-75,81D187E3,43409,,,4D64B5B5,
,,2,2025-05-27 20:38:13,-71,367E0F4A,45852,,,D46BA6A2,
,,3,2025-05-27 20:38:13,-71,367E0F4A,45852,,,D46BA6A2,
,,5,2025-05-27 20:38:13,-71,367E0F4A,45852,,,D46BA6A2,
,,1,2025-05-27 20:38:13,-71,367E0F4A,45852,,,D46BA6A2,
,,4,2025-05-27 20:38:13,-71,367E0F4A,45852,,,D46BA6A2,
,,1,2025-05-27 20:38:15,-72,59FE8D30,64399,,,7D769A01,
,,3,2025-05-27 20:38:14,-71,367E0F4A,32496,,,D46BA6A2,
,,1,2025-05-27 20:38:16,-73,07F9389E,18312,,,D46BA6A2,
,,1,2025-05-27 20:38:17,-65,59FE8D30,11331,,,D46BA6A2,
,,4,2025-05-27 20:38:17,-65,59FE8D30,11331,,,D46BA6A2,
,,3,2025-05-27 20:38:17,-65,59FE8D30,11331,,,D46BA6A2,
,,1,2025-05-27 20:38:18,-67,D7510A57,20052,,,D46BA6A2,
,,4,2025-05-27 20:38:18,-67,D7510A57,20052,,,D46BA6A2,
,,3,2025-05-27 20:38:18,-67,D7510A57,20052,,,D46BA6A2,
,,1,2025-05-27 20:38:18,-77,81D187E3,18730,,,7D769A01,
,,4,2025-05-27 20:38:11,-76,0000006E,1260,,,4D64B5B5,
,,1,2025-05-27 20:38:11,-76,0000006E,1260,,,4D64B5B5,
,,1,2025-05-27 20:38:11,-77,13323C65,9861,,,4D64B5B5,
,,3,2025-05-27 20:38:19,-70,367E0F4A,38342,,,D46BA6A2,
,,4,2025-05-27 20:38:20,-71,A648A0E7,16896,,,D46BA6A2,
,,1,2025-05-27 20:38:20,-71,A648A0E7,16896,,,D46BA6A2,
,,3,2025-05-27 20:38:20,-71,A648A0E7,16896,,,D46BA6A2,
,,4,2025-05-27 20:38:12,-77,59FE8D30,4634,,,4D64B5B5,
,,4,2025-05-27 20:38:12,-77,13323C65,1660,,,4D64B5B5,
,,4,2025-05-27 20:38:22,-79,81D187E3,61395,,,4D64B5B5,
,,1,2025-05-27 20:38:24,-72,367E0F4A,11934,,,4D64B5B5,
,,4,2025-05-27 20:38:24,-72,367E0F4A,11934,,,4D64B5B5,
,,1,2025-05-27 20:38:06,-74,D7510A57,17470,,,B995250B,
,,1,2025-05-27 20:38:10,-68,81D187E3,27754,,,AA4358FB,
,,2,2025-05-27 20:38:12,-73,59FE8D30,4634,,,AA4358FB,
,,3,2025-05-27 20:38:12,-73,59FE8D30,4634,,,AA4358FB,
,,4,2025-05-27 20:38:12,-73,59FE8D30,4634,,,AA4358FB,
,,5,2025-05-27 20:38:13,-69,367E0F4A,6489,,,AA4358FB,
,,3,2025-05-27 20:38:13,-69,367E0F4A,6489,,,AA4358FB,
,,2,2025-05-27 20:38:13,-69,367E0F4A,6489,,,AA4358FB,
,,5,2025-05-27 20:38:13,-72,81D187E3,19530,,,AA4358FB,
,,5,2025-05-27 20:38:15,-81,870614B1,26675,,,AA4358FB,
,,2,2025-05-27 20:38:15,-81,870614B1,26675,,,AA4358FB,
,,3,2025-05-27 20:38:08,-71,367E0F4A,40117,,,9CC5DC79,
,,1,2025-05-27 20:38:08,-71,367E0F4A,40117,,,9CC5DC79,
,,4,2025-05-27 20:38:08,-71,367E0F4A,40117,,,9CC5DC79,
,,5,2025-05-27 20:38:18,-76,59FE8D30,11331,,,AA4358FB,
,,1,2025-05-27 20:38:08,-72,870614B1,60516,,,9CC5DC79,
,,4,2025-05-27 20:38:08,-72,870614B1,60516,,,9CC5DC79,
,,2,2025-05-27 20:38:08,-72,870614B1,60516,,,9CC5DC79,
,,5,2025-05-27 20:38:08,-72,870614B1,60516,,,9CC5DC79,
,,3,2025-05-27 20:38:08,-72,870614B1,60516,,,9CC5DC79,
,,3,2025-05-27 20:38:12,-77,D7510A57,49540,,,9CC5DC79,
,,2,2025-05-27 20:38:12,-77,D7510A57,49540,,,9CC5DC79,
,,1,2025-05-27 20:38:12,-77,D7510A57,49540,,,9CC5DC79,
,,5,2025-05-27 20:38:12,-77,D7510A57,49540,,,9CC5DC79,
,,4,2025-05-27 20:38:12,-77,D7510A57,49540,,,9CC5DC79,
,,5,2025-05-27 20:38:22,-74,A648A0E7,10618,,,AA4358FB,
,,3,2025-05-27 20:38:22,-74,A648A0E7,10618,,,AA4358FB,
,,5,2025-05-27 20:38:16,-81,367E0F4A,43168,,,9CC5DC79,
,,3,2025-05-27 20:38:16,-81,367E0F4A,43168,,,9CC5DC79,
,,2,2025-05-27 20:38:16,-81,367E0F4A,43168,,,9CC5DC79,
,,4,2025-05-27 20:38:23,-78,D7510A57,65217,,,AA4358FB,
,,1,2025-05-27 20:38:23,-78,D7510A57,65217,,,AA4358FB,
,,1,2025-05-27 20:38:18,-73,367E0F4A,47829,,,9CC5DC79,
,,1,2025-05-27 20:38:24,-79,367E0F4A,11934,,,B995250B,
,,4,2025-05-27 20:38:24,-79,367E0F4A,11934,,,B995250B,
,,5,2025-05-27 20:38:25,-77,59FE8D30,60626,,,AA4358FB,
,,3,2025-05-27 20:38:25,-77,59FE8D30,60626,,,AA4358FB,
,,2,2025-05-27 20:38:25,-77,59FE8D30,60626,,,AA4358FB,
,,1,2025-05-27 20:38:20,-81,367E0F4A,46869,,,9CC5DC79,
,,3,2025-05-27 20:38:25,-76,D7510A57,56971,,,AA4358FB,
,,2,2025-05-27 20:38:25,-76,D7510A57,56971,,,AA4358FB,
,,4,2025-05-27 20:38:25,-76,D7510A57,56971,,,AA4358FB,
,,5,2025-05-27 20:38:25,-76,D7510A57,56971,,,AA4358FB,
,,1,2025-05-27 20:38:26,-75,870614B1,10140,,,B995250B,
,,1,2025-05-27 20:38:26,-72,81D187E3,28451,,,AA4358FB,
,,2,2025-05-27 20:38:22,-83,81D187E3,61395,,,9CC5DC79,
,,3,2025-05-27 20:38:22,-83,81D187E3,61395,,,9CC5DC79,
,,5,2025-05-27 20:38:22,-83,81D187E3,61395,,,9CC5DC79,
,,5,2025-05-27 20:38:27,-68,870614B1,10140,,,AA4358FB,
,,3,2025-05-27 20:38:27,-68,870614B1,10140,,,AA4358FB,
,,1,2025-05-27 20:38:27,-68,870614B1,10140,,,AA4358FB,
,,2,2025-05-27 20:38:27,-68,870614B1,10140,,,AA4358FB,
,,4,2025-05-27 20:38:27,-68,870614B1,10140,,,AA4358FB,
,,5,2025-05-27 20:38:26,-73,13323C65,175,,,9CC5DC79,
,,1,2025-05-27 20:38:26,-73,13323C65,175,,,9CC5DC79,
,,2,2025-05-27 20:38:26,-73,13323C65,175,,,9CC5DC79,
,,4,2025-05-27 20:38:26,-73,13323C65,175,,,9CC5DC79,
,,3,2025-05-27 20:38:26,-73,13323C65,175,,,9CC5DC79,
,,4,2025-05-27 20:38:28,-81,B78FE24A,13607,,,AA4358FB,
,,5,2025-05-27 20:38:28,-81,B78FE24A,13607,,,AA4358FB,
,,3,2025-05-27 20:38:28,-81,B78FE24A,13607,,,AA4358FB,
,,1,2025-05-27 20:38:28,-81,B78FE24A,13607,,,AA4358FB,
,,2,2025-05-27 20:38:28,-81,B78FE24A,13607,,,AA4358FB,
,,3,2025-05-27 20:38:28,-72,13323C65,29839,,,AA4358FB,
,,2,2025-05-27 20:38:28,-72,13323C65,29839,,,AA4358FB,
,,4,2025-05-27 20:38:28,-72,13323C65,29839,,,AA4358FB,
,,5,2025-05-27 20:38:28,-72,13323C65,29839,,,AA4358FB,
,,2,2025-05-27 20:38:28,-68,367E0F4A,64638,,,AA4358FB,
,,3,2025-05-27 20:38:28,-68,367E0F4A,64638,,,AA4358FB,
,,5,2025-05-27 20:38:28,-68,367E0F4A,64638,,,AA4358FB,
,,4,2025-05-27 20:38:28,-68,367E0F4A,64638,,,AA4358FB,
,,1,2025-05-27 20:38:28,-68,367E0F4A,64638,,,AA4358FB,
,,5,2025-05-27 20:38:30,-83,81D187E3,25479,,,9CC5DC79,
,,4,2025-05-27 20:38:29,-82,B78FE24A,58989,,,AA4358FB,
,,2,2025-05-27 20:38:29,-82,B78FE24A,58989,,,AA4358FB,
,,5,2025-05-27 20:38:29,-82,B78FE24A,58989,,,AA4358FB,
,,3,2025-05-27 20:38:29,-82,B78FE24A,58989,,,AA4358FB,
,,5,2025-05-27 20:38:29,-77,A648A0E7,51658,,,AA4358FB,
,,5,2025-05-27 20:38:29,-76,D7510A57,41751,,,AA4358FB,
,,3,2025-05-27 20:38:33,-78,D7510A57,11241,,,9CC5DC79,
,,5,2025-05-27 20:38:33,-78,D7510A57,11241,,,9CC5DC79,
,,1,2025-05-27 20:38:34,-79,0000006E,14954,,,9CC5DC79,
,,1,2025-05-27 20:38:35,-83,59FE8D30,64090,,,9CC5DC79,
,,4,2025-05-27 20:38:35,-83,59FE8D30,64090,,,9CC5DC79,
,,5,2025-05-27 20:38:35,-83,59FE8D30,64090,,,9CC5DC79,
,,5,2025-05-27 20:38:35,-86,D7510A57,21194,,,9CC5DC79,
,,1,2025-05-27 20:38:13,-85,81D187E3,19530,,,CB4A1EAE,
,,1,2025-05-27 20:38:13,-76,13323C65,14923,,,520A3C5C,
,,3,2025-05-27 20:38:13,-76,13323C65,14923,,,520A3C5C,
,,2,2025-05-27 20:38:13,-76,13323C65,14923,,,520A3C5C,
,,4,2025-05-27 20:38:13,-76,13323C65,14923,,,520A3C5C,
,,5,2025-05-27 20:38:13,-76,13323C65,14923,,,520A3C5C,
,,3,2025-05-27 20:38:14,-77,59FE8D30,940,,,520A3C5C,
,,2,2025-05-27 20:38:14,-77,59FE8D30,940,,,520A3C5C,
,,4,2025-05-27 20:38:14,-77,59FE8D30,940,,,520A3C5C,
,,4,2025-05-27 20:38:14,-73,870614B1,26675,,,520A3C5C,
,,3,2025-05-27 20:38:18,-72,D7510A57,20052,,,520A3C5C,
,,2,2025-05-27 20:38:18,-72,D7510A57,20052,,,520A3C5C,
,,2,2025-05-27 20:38:18,-72,13323C65,33357,,,520A3C5C,
,,3,2025-05-27 20:38:18,-72,13323C65,33357,,,520A3C5C,
,,5,2025-05-27 20:38:18,-72,13323C65,33357,,,520A3C5C,
,,4,2025-05-27 20:38:18,-72,13323C65,33357,,,520A3C5C,
,,2,2025-05-27 20:38:18,-81,E85FB74C,45735,,,520A3C5C,
,,3,2025-05-27 20:38:18,-81,E85FB74C,45735,,,520A3C5C,
,,5,2025-05-27 20:38:18,-81,E85FB74C,45735,,,520A3C5C,
,,5,2025-05-27 20:38:19,-78,59FE8D30,38084,,,520A3C5C,
,,2,2025-05-27 20:38:20,-74,870614B1,21420,,,520A3C5C,
,,3,2025-05-27 20:38:20,-74,870614B1,21420,,,520A3C5C,
,,4,2025-05-27 20:38:21,-79,E2A807D7,49177,,,520A3C5C,
,,1,2025-05-27 20:38:24,-74,D7510A57,28426,,,CB4A1EAE,
,,2,2025-05-27 20:38:22,-68,13323C65,6443,,,520A3C5C,
,,5,2025-05-27 20:38:22,-83,E2A807D7,42431,,,520A3C5C,
,,2,2025-05-27 20:38:22,-83,E2A807D7,42431,,,520A3C5C,
,,3,2025-05-27 20:38:22,-83,E2A807D7,42431,,,520A3C5C,
,,4,2025-05-27 20:38:26,-77,367E0F4A,47934,,,CB4A1EAE,
,,1,2025-05-27 20:38:26,-77,367E0F4A,47934,,,CB4A1EAE,
,,5,2025-05-27 20:38:23,-68,13323C65,7464,,,520A3C5C,
,,2,2025-05-27 20:38:23,-68,13323C65,7464,,,520A3C5C,
,,4,2025-05-27 20:38:23,-68,13323C65,7464,,,520A3C5C,
,,3,2025-05-27 20:38:23,-68,13323C65,7464,,,520A3C5C,
,,1,2025-05-27 20:38:23,-68,13323C65,7464,,,520A3C5C,
,,5,2025-05-27 20:38:25,-66,A648A0E7,49500,,,520A3C5C,
,,2,2025-05-27 20:38:25,-66,A648A0E7,49500,,,520A3C5C,
,,4,2025-05-27 20:38:25,-66,A648A0E7,49500,,,520A3C5C,
,,3,2025-05-27 20:38:25,-66,A648A0E7,49500,,,520A3C5C,
,,1,2025-05-27 20:38:25,-66,A648A0E7,49500,,,520A3C5C,
,,4,2025-05-27 20:38:27,-68,13323C65,29839,,,520A3C5C,
,,3,2025-05-27 20:38:27,-68,13323C65,29839,,,520A3C5C,
,,5,2025-05-27 20:38:27,-68,13323C65,29839,,,520A3C5C,
,,2,2025-05-27 20:38:27,-68,13323C65,29839,,,520A3C5C,
,,2,2025-05-27 20:38:28,-71,D7510A57,46283,,,520A3C5C,
,,5,2025-05-27 20:38:28,-71,D7510A57,46283,,,520A3C5C,
,,4,2025-05-27 20:38:28,-71,D7510A57,46283,,,520A3C5C,
,,3,2025-05-27 20:38:28,-71,D7510A57,46283,,,520A3C5C,
,,1,2025-05-27 20:38:30,-80,A648A0E7,12125,,,CB4A1EAE,
,,4,2025-05-27 20:38:34,-83,23D9727E,27307,,,CB4A1EAE,
,,1,2025-05-27 20:38:34,-83,23D9727E,27307,,,CB4A1EAE,
,,5,2025-05-27 20:38:31,-72,13323C65,259,,,520A3C5C,
,,1,2025-05-27 20:38:21,-71,367E0F4A,18967,,,D46BA6A2,
,,1,2025-05-27 20:38:32,-70,07F9389E,2136,,,520A3C5C,
,,2,2025-05-27 20:38:32,-66,870614B1,39219,,,520A3C5C,
,,3,2025-05-27 20:38:32,-66,870614B1,39219,,,520A3C5C,
,,4,2025-05-27 20:38:32,-66,870614B1,39219,,,520A3C5C,
,,3,2025-05-27 20:38:23,-69,13323C65,7464,,,D46BA6A2,
,,5,2025-05-27 20:38:33,-71,367E0F4A,53638,,,520A3C5C,
,,3,2025-05-27 20:38:33,-71,367E0F4A,53638,,,520A3C5C,
,,4,2025-05-27 20:38:33,-71,367E0F4A,53638,,,520A3C5C,
,,1,2025-05-27 20:38:26,-69,870614B1,10140,,,D46BA6A2,
,,5,2025-05-27 20:38:37,-68,13323C65,57727,,,520A3C5C,
,,1,2025-05-27 20:38:37,-68,13323C65,57727,,,520A3C5C,
,,3,2025-05-27 20:38:37,-68,13323C65,57727,,,520A3C5C,
,,4,2025-05-27 20:38:37,-68,13323C65,57727,,,520A3C5C,
,,2,2025-05-27 20:38:37,-68,13323C65,57727,,,520A3C5C,
,,1,2025-05-27 20:38:28,-77,B78FE24A,58989,,,D46BA6A2,
,,1,2025-05-27 20:38:29,-67,D7510A57,41751,,,D46BA6A2,
,,1,2025-05-27 20:38:29,-78,E197FE3E,56771,,,D46BA6A2,
,,5,2025-05-27 20:38:29,-78,E197FE3E,56771,,,D46BA6A2,
,,3,2025-05-27 20:38:29,-78,E197FE3E,56771,,,D46BA6A2,
,,2,2025-05-27 20:38:29,-78,E197FE3E,56771,,,D46BA6A2,
,,4,2025-05-27 20:38:29,-78,E197FE3E,56771,,,D46BA6A2,
,,4,2025-05-27 20:38:31,-79,367E0F4A,61781,,,D46BA6A2,
,,3,2025-05-27 20:38:31,-79,367E0F4A,61781,,,D46BA6A2,
,,5,2025-05-27 20:38:31,-79,367E0F4A,61781,,,D46BA6A2,
,,2,2025-05-27 20:38:31,-79,367E0F4A,61781,,,D46BA6A2,
,,1,2025-05-27 20:38:19,-78,13323C65,8161,,,7378B941,
,,3,2025-05-27 20:38:32,-83,870614B1,39219,,,D46BA6A2,
,,4,2025-05-27 20:38:32,-71,367E0F4A,47407,,,D46BA6A2,
,,3,2025-05-27 20:38:32,-71,367E0F4A,47407,,,D46BA6A2,
,,5,2025-05-27 20:38:21,-81,81D187E3,7324,,,7378B941,
,,5,2025-05-27 20:38:21,-81,23D9727E,50026,,,7378B941,
,,1,2025-05-27 20:38:33,-65,59FE8D30,41000,,,D46BA6A2,
,,3,2025-05-27 20:38:33,-65,59FE8D30,41000,,,D46BA6A2,
,,5,2025-05-27 20:38:23,-81,D7510A57,65217,,,7378B941,
,,2,2025-05-27 20:38:34,-67,D7510A57,54803,,,D46BA6A2,
,,3,2025-05-27 20:38:34,-76,B78FE24A,17817,,,D46BA6A2,
,,4,2025-05-27 20:38:35,-76,B78FE24A,62108,,,D46BA6A2,
,,3,2025-05-27 20:38:35,-76,B78FE24A,62108,,,D46BA6A2,
,,2,2025-05-27 20:38:35,-76,B78FE24A,62108,,,D46BA6A2,
,,5,2025-05-27 20:38:26,-76,870614B1,10140,,,7378B941,
,,1,2025-05-27 20:38:40,-78,81D187E3,59916,,,D46BA6A2,
,,3,2025-05-27 20:38:40,-78,81D187E3,59916,,,D46BA6A2,
,,4,2025-05-27 20:38:40,-78,81D187E3,59916,,,D46BA6A2,
,,1,2025-05-27 20:38:41,-64,59FE8D30,49759,,,D46BA6A2,
,,3,2025-05-27 20:38:41,-64,59FE8D30,49759,,,D46BA6A2,
,,4,2025-05-27 20:38:41,-64,59FE8D30,49759,,,D46BA6A2,
,,1,2025-05-27 20:38:32,-81,A648A0E7,395,,,7378B941,
,,5,2025-05-27 20:38:35,-76,D7510A57,21194,,,7378B941,
,,5,2025-05-27 20:38:37,-77,A648A0E7,20876,,,7378B941,
,,5,2025-05-27 20:38:39,-76,13323C65,31906,,,7378B941,
,,5,2025-05-27 20:38:40,-79,13323C65,49209,,,7378B941,
,,5,2025-05-27 20:38:41,-76,13323C65,12407,,,7378B941,
,,1,2025-05-27 20:38:27,-78,07F9389E,10633,,,4D64B5B5,
,,4,2025-05-27 20:38:32,-79,59FE8D30,12747,,,4D64B5B5,
,,1,2025-05-27 20:38:31,-75,A648A0E7,21244,,,7D769A01,
,,1,2025-05-27 20:38:32,-76,0000006E,52196,,,7D769A01,
,,1,2025-05-27 20:38:36,-72,59FE8D30,14577,,,7D769A01,
,,1,2025-05-27 20:38:37,-76,59FE8D30,29795,,,7D769A01,
,,1,2025-05-27 20:38:38,-67,367E0F4A,38371,,,7D769A01,
,,4,2025-05-27 20:38:38,-72,367E0F4A,38371,,,4D64B5B5,
,,1,2025-05-27 20:38:38,-72,367E0F4A,38371,,,4D64B5B5,
,,1,2025-05-27 20:38:39,-67,367E0F4A,6965,,,7D769A01,
,,4,2025-05-27 20:38:39,-73,D7510A57,57206,,,4D64B5B5,
,,1,2025-05-27 20:38:39,-73,D7510A57,57206,,,4D64B5B5,
,,1,2025-05-27 20:38:40,-72,D7510A57,15202,,,4D64B5B5,
,,1,2025-05-27 20:38:42,-74,A648A0E7,14697,,,7D769A01,
,,1,2025-05-27 20:38:43,-77,81D187E3,16576,,,7D769A01,
,,1,2025-05-27 20:38:42,-72,07F9389E,38078,,,4D64B5B5,
,,4,2025-05-27 20:38:42,-72,07F9389E,38078,,,4D64B5B5,
,,1,2025-05-27 20:38:46,-73,13323C65,18936,,,7D769A01,
,,1,2025-05-27 20:38:47,-69,D7510A57,44631,,,7D769A01,
,,5,2025-05-27 20:38:30,-79,D7510A57,46553,,,AA4358FB,
,,3,2025-05-27 20:38:30,-79,D7510A57,46553,,,AA4358FB,
,,4,2025-05-27 20:38:31,-74,A648A0E7,21244,,,AA4358FB,
,,5,2025-05-27 20:38:31,-74,A648A0E7,21244,,,AA4358FB,
,,2,2025-05-27 20:38:32,-71,13323C65,259,,,AA4358FB,
,,5,2025-05-27 20:38:32,-71,13323C65,259,,,AA4358FB,
,,3,2025-05-27 20:38:32,-71,13323C65,259,,,AA4358FB,
,,3,2025-05-27 20:38:32,-74,A648A0E7,395,,,AA4358FB,
,,1,2025-05-27 20:38:32,-74,A648A0E7,395,,,AA4358FB,
,,4,2025-05-27 20:38:32,-74,A648A0E7,395,,,AA4358FB,
,,2,2025-05-27 20:38:32,-74,A648A0E7,395,,,AA4358FB,
,,5,2025-05-27 20:38:32,-74,A648A0E7,395,,,AA4358FB,
,,2,2025-05-27 20:38:35,-75,D7510A57,21194,,,AA4358FB,
,,5,2025-05-27 20:38:35,-75,D7510A57,21194,,,AA4358FB,
,,3,2025-05-27 20:38:35,-75,D7510A57,21194,,,AA4358FB,
,,5,2025-05-27 20:38:36,-75,D7510A57,61367,,,AA4358FB,
,,2,2025-05-27 20:38:37,-82,E197FE3E,4247,,,AA4358FB,
,,3,2025-05-27 20:38:37,-82,E197FE3E,4247,,,AA4358FB,
,,4,2025-05-27 20:38:37,-82,E197FE3E,4247,,,AA4358FB,
,,5,2025-05-27 20:38:37,-82,E197FE3E,4247,,,AA4358FB,
,,1,2025-05-27 20:38:37,-82,E197FE3E,4247,,,AA4358FB,
,,3,2025-05-27 20:38:38,-64,0000006E,3740,,,AA4358FB,
,,5,2025-05-27 20:38:39,-65,367E0F4A,6965,,,AA4358FB,
,,1,2025-05-27 20:38:39,-65,367E0F4A,6965,,,AA4358FB,
,,3,2025-05-27 20:38:39,-65,367E0F4A,6965,,,AA4358FB,
,,4,2025-05-27 20:38:39,-65,367E0F4A,6965,,,AA4358FB,
,,2,2025-05-27 20:38:39,-65,367E0F4A,6965,,,AA4358FB,
,,3,2025-05-27 20:38:40,-68,81D187E3,59916,,,AA4358FB,
,,2,2025-05-27 20:38:40,-68,81D187E3,59916,,,AA4358FB,
,,5,2025-05-27 20:38:42,-67,367E0F4A,14527,,,AA4358FB,
,,2,2025-05-27 20:38:42,-67,367E0F4A,14527,,,AA4358FB,
,,3,2025-05-27 20:38:42,-67,367E0F4A,14527,,,AA4358FB,
,,5,2025-05-27 20:38:43,-77,A648A0E7,12323,,,AA4358FB,
,,2,2025-05-27 20:38:43,-77,A648A0E7,12323,,,AA4358FB,
,,3,2025-05-27 20:38:43,-77,A648A0E7,12323,,,AA4358FB,
,,2,2025-05-27 20:38:43,-72,81D187E3,16576,,,AA4358FB,
,,3,2025-05-27 20:38:43,-72,81D187E3,16576,,,AA4358FB,
,,5,2025-05-27 20:38:43,-72,81D187E3,16576,,,AA4358FB,
,,4,2025-05-27 20:38:43,-72,81D187E3,16576,,,AA4358FB,
,,5,2025-05-27 20:38:44,-63,367E0F4A,21691,,,AA4358FB,
,,3,2025-05-27 20:38:44,-63,367E0F4A,21691,,,AA4358FB,
,,2,2025-05-27 20:38:44,-63,367E0F4A,21691,,,AA4358FB,
,,3,2025-05-27 20:38:45,-77,E197FE3E,31627,,,AA4358FB,
,,2,2025-05-27 20:38:45,-77,E197FE3E,31627,,,AA4358FB,
,,4,2025-05-27 20:38:46,-65,367E0F4A,10171,,,AA4358FB,
,,5,2025-05-27 20:38:46,-65,367E0F4A,10171,,,AA4358FB,
,,3,2025-05-27 20:38:46,-65,367E0F4A,10171,,,AA4358FB,
,,2,2025-05-27 20:38:46,-65,367E0F4A,10171,,,AA4358FB,
,,2,2025-05-27 20:38:46,-72,81D187E3,38065,,,AA4358FB,
,,3,2025-05-27 20:38:46,-72,81D187E3,38065,,,AA4358FB,
,,3,2025-05-27 20:38:47,-72,59FE8D30,57592,,,AA4358FB,
,,2,2025-05-27 20:38:47,-72,59FE8D30,57592,,,AA4358FB,
,,5,2025-05-27 20:38:47,-72,59FE8D30,57592,,,AA4358FB,
,,3,2025-05-27 20:38:47,-63,367E0F4A,3959,,,AA4358FB,
,,2,2025-05-27 20:38:47,-63,367E0F4A,3959,,,AA4358FB,
,,3,2025-05-27 20:38:48,-78,870614B1,5968,,,AA4358FB,
,,5,2025-05-27 20:38:48,-78,870614B1,5968,,,AA4358FB,
,,4,2025-05-27 20:38:48,-78,870614B1,5968,,,AA4358FB,
,,4,2025-05-27 20:38:48,-63,367E0F4A,8348,,,AA4358FB,
,,1,2025-05-27 20:38:48,-63,367E0F4A,8348,,,AA4358FB,
,,3,2025-05-27 20:38:48,-63,367E0F4A,8348,,,AA4358FB,
,,2,2025-05-27 20:38:48,-63,367E0F4A,8348,,,AA4358FB,
,,5,2025-05-27 20:38:48,-63,367E0F4A,8348,,,AA4358FB,
,,5,2025-05-27 20:38:49,-72,59FE8D30,26264,,,AA4358FB,
,,5,2025-05-27 20:38:40,-69,D7510A57,15202,,,520A3C5C,
,,4,2025-05-27 20:38:41,-76,13323C65,49209,,,520A3C5C,
,,2,2025-05-27 20:38:41,-76,13323C65,49209,,,520A3C5C,
,,5,2025-05-27 20:38:41,-76,13323C65,49209,,,520A3C5C,
,,3,2025-05-27 20:38:41,-76,13323C65,49209,,,520A3C5C,
,,2,2025-05-27 20:38:41,-70,59FE8D30,42091,,,520A3C5C,
,,3,2025-05-27 20:38:41,-70,59FE8D30,42091,,,520A3C5C,
,,4,2025-05-27 20:38:42,-76,13323C65,12407,,,520A3C5C,
,,5,2025-05-27 20:38:42,-70,367E0F4A,14527,,,520A3C5C,
,,4,2025-05-27 20:38:42,-70,367E0F4A,14527,,,520A3C5C,
,,3,2025-05-27 20:38:42,-70,367E0F4A,14527,,,520A3C5C,
,,2,2025-05-27 20:38:42,-70,367E0F4A,14527,,,520A3C5C,
,,2,2025-05-27 20:38:43,-77,E2A807D7,58455,,,520A3C5C,
,,3,2025-05-27 20:38:43,-77,E2A807D7,58455,,,520A3C5C,
,,5,2025-05-27 20:38:43,-72,D7510A57,30357,,,520A3C5C,
,,2,2025-05-27 20:38:43,-72,D7510A57,30357,,,520A3C5C,
,,2,2025-05-27 20:38:45,-65,D7510A57,15700,,,520A3C5C,
,,3,2025-05-27 20:38:45,-65,D7510A57,15700,,,520A3C5C,
,,4,2025-05-27 20:38:46,-70,367E0F4A,10171,,,520A3C5C,
,,5,2025-05-27 20:38:46,-67,D7510A57,44631,,,520A3C5C,
,,3,2025-05-27 20:38:47,-71,367E0F4A,3959,,,520A3C5C,
,,2,2025-05-27 20:38:47,-71,367E0F4A,3959,,,520A3C5C,
,,5,2025-05-27 20:38:47,-71,367E0F4A,3959,,,520A3C5C,
,,2,2025-05-27 20:38:47,-69,D7510A57,20125,,,520A3C5C,
,,5,2025-05-27 20:38:47,-69,D7510A57,20125,,,520A3C5C,
,,3,2025-05-27 20:38:47,-69,D7510A57,20125,,,520A3C5C,
,,5,2025-05-27 20:38:48,-83,19836CFF,27915,,,520A3C5C,
,,2,2025-05-27 20:38:48,-84,E2A807D7,31536,,,520A3C5C,
,,2,2025-05-27 20:38:49,-68,13323C65,23421,,,520A3C5C,
,,4,2025-05-27 20:38:49,-68,13323C65,23421,,,520A3C5C,
,,5,2025-05-27 20:38:49,-68,13323C65,23421,,,520A3C5C,
,,3,2025-05-27 20:38:49,-68,13323C65,23421,,,520A3C5C,
,,3,2025-05-27 20:38:50,-76,13323C65,64584,,,520A3C5C,
,,4,2025-05-27 20:38:50,-76,13323C65,64584,,,520A3C5C,
,,5,2025-05-27 20:38:50,-76,13323C65,64584,,,520A3C5C,
,,2,2025-05-27 20:38:50,-76,13323C65,64584,,,520A3C5C,
,,3,2025-05-27 20:38:50,-70,367E0F4A,13455,,,520A3C5C,
,,5,2025-05-27 20:38:50,-70,367E0F4A,13455,,,520A3C5C,
,,2,2025-05-27 20:38:50,-70,367E0F4A,13455,,,520A3C5C,
,,4,2025-05-27 20:38:51,-68,13323C65,29799,,,520A3C5C,
,,2,2025-05-27 20:38:51,-68,13323C65,29799,,,520A3C5C,
,,3,2025-05-27 20:38:52,-67,D7510A57,31766,,,520A3C5C,
,,2,2025-05-27 20:38:52,-67,D7510A57,31766,,,520A3C5C,
,,5,2025-05-27 20:38:53,-67,870614B1,945,,,520A3C5C,
,,5,2025-05-27 20:38:54,-68,13323C65,37364,,,520A3C5C,
,,3,2025-05-27 20:38:41,-69,367E0F4A,14527,,,D46BA6A2,
,,5,2025-05-27 20:38:41,-69,367E0F4A,14527,,,D46BA6A2,
,,2,2025-05-27 20:38:41,-69,367E0F4A,14527,,,D46BA6A2,
,,1,2025-05-27 20:38:54,-72,D7510A57,41653,,,520A3C5C,
,,2,2025-05-27 20:38:54,-72,D7510A57,41653,,,520A3C5C,
,,5,2025-05-27 20:38:54,-72,D7510A57,41653,,,520A3C5C,
,,4,2025-05-27 20:38:54,-72,D7510A57,41653,,,520A3C5C,
,,3,2025-05-27 20:38:54,-72,D7510A57,41653,,,520A3C5C,
,,3,2025-05-27 20:39:00,-77,59FE8D30,15602,,,520A3C5C,
,,2,2025-05-27 20:39:00,-77,59FE8D30,15602,,,520A3C5C,
,,5,2025-05-27 20:39:00,-77,59FE8D30,15602,,,520A3C5C,
,,4,2025-05-27 20:39:01,-85,19836CFF,42845,,,520A3C5C,
,,4,2025-05-27 20:38:45,-78,B78FE24A,38131,,,D46BA6A2,
,,5,2025-05-27 20:38:45,-78,B78FE24A,38131,,,D46BA6A2,
,,1,2025-05-27 20:38:45,-78,B78FE24A,38131,,,D46BA6A2,
,,4,2025-05-27 20:38:46,-69,0000006E,13372,,,D46BA6A2,
,,3,2025-05-27 20:38:46,-69,0000006E,13372,,,D46BA6A2,
,,2,2025-05-27 20:38:46,-69,0000006E,13372,,,D46BA6A2,
,,1,2025-05-27 20:38:46,-69,0000006E,13372,,,D46BA6A2,
,,3,2025-05-27 20:38:46,-68,59FE8D30,57592,,,D46BA6A2,
,,2,2025-05-27 20:38:47,-68,59FE8D30,29301,,,D46BA6A2,
,,3,2025-05-27 20:38:47,-68,59FE8D30,29301,,,D46BA6A2,
,,4,2025-05-27 20:38:47,-68,59FE8D30,29301,,,D46BA6A2,
,,1,2025-05-27 20:38:47,-68,59FE8D30,29301,,,D46BA6A2,
,,1,2025-05-27 20:38:48,-70,13323C65,23421,,,D46BA6A2,
,,1,2025-05-27 20:38:53,-76,13323C65,37364,,,D46BA6A2,
,,3,2025-05-27 20:38:53,-76,13323C65,37364,,,D46BA6A2,
,,5,2025-05-27 20:38:53,-76,13323C65,37364,,,D46BA6A2,
,,1,2025-05-27 20:38:54,-70,13323C65,55419,,,D46BA6A2,
,,4,2025-05-27 20:38:56,-77,81D187E3,26434,,,D46BA6A2,
,,3,2025-05-27 20:38:56,-77,81D187E3,26434,,,D46BA6A2,
,,5,2025-05-27 20:38:56,-77,81D187E3,26434,,,D46BA6A2,
,,2,2025-05-27 20:38:56,-77,81D187E3,26434,,,D46BA6A2,
,,1,2025-05-27 20:38:56,-77,81D187E3,26434,,,D46BA6A2,
,,4,2025-05-27 20:38:59,-80,E197FE3E,9934,,,D46BA6A2,
,,3,2025-05-27 20:38:59,-80,E197FE3E,9934,,,D46BA6A2,
,,1,2025-05-27 20:38:59,-78,A648A0E7,63768,,,D46BA6A2,
,,3,2025-05-27 20:38:59,-78,A648A0E7,63768,,,D46BA6A2,
,,4,2025-05-27 20:38:59,-78,A648A0E7,63768,,,D46BA6A2,
,,3,2025-05-27 20:39:01,-79,81D187E3,63527,,,D46BA6A2,
,,4,2025-05-27 20:39:01,-71,A648A0E7,4518,,,D46BA6A2,
,,3,2025-05-27 20:39:01,-71,A648A0E7,4518,,,D46BA6A2,
,,1,2025-05-27 20:39:01,-71,A648A0E7,4518,,,D46BA6A2,
,,2,2025-05-27 20:39:01,-71,A648A0E7,4518,,,D46BA6A2,
,,1,2025-05-27 20:38:47,-71,13323C65,29331,,,7D769A01,
,,4,2025-05-27 20:38:37,-80,A648A0E7,20876,,,9CC5DC79,
,,1,2025-05-27 20:38:37,-80,A648A0E7,20876,,,9CC5DC79,
,,5,2025-05-27 20:38:37,-80,A648A0E7,20876,,,9CC5DC79,
,,5,2025-05-27 20:38:37,-84,59FE8D30,60197,,,9CC5DC79,
,,4,2025-05-27 20:38:37,-84,59FE8D30,60197,,,9CC5DC79,
,,1,2025-05-27 20:38:39,-72,367E0F4A,6965,,,9CC5DC79,
,,2,2025-05-27 20:38:39,-72,367E0F4A,6965,,,9CC5DC79,
,,4,2025-05-27 20:38:39,-72,367E0F4A,6965,,,9CC5DC79,
,,3,2025-05-27 20:38:39,-72,367E0F4A,6965,,,9CC5DC79,
,,5,2025-05-27 20:38:39,-72,367E0F4A,6965,,,9CC5DC79,
,,3,2025-05-27 20:38:41,-72,13323C65,49209,,,9CC5DC79,
,,4,2025-05-27 20:38:41,-72,13323C65,49209,,,9CC5DC79,
,,2,2025-05-27 20:38:41,-72,13323C65,49209,,,9CC5DC79,
,,4,2025-05-27 20:38:41,-85,59FE8D30,42091,,,9CC5DC79,
,,1,2025-05-27 20:38:41,-85,59FE8D30,42091,,,9CC5DC79,
,,5,2025-05-27 20:38:41,-85,59FE8D30,42091,,,9CC5DC79,
,,1,2025-05-27 20:38:53,-73,59FE8D30,48760,,,7D769A01,
,,1,2025-05-27 20:38:44,-79,D7510A57,38313,,,B995250B,
,,4,2025-05-27 20:38:44,-79,D7510A57,38313,,,B995250B,
,,1,2025-05-27 20:38:57,-78,81D187E3,26434,,,7D769A01,
,,1,2025-05-27 20:38:47,-77,07F9389E,65421,,,B995250B,
,,1,2025-05-27 20:39:00,-78,E2A807D7,51473,,,7D769A01,
,,1,2025-05-27 20:38:51,-79,A648A0E7,5913,,,9CC5DC79,
,,4,2025-05-27 20:38:52,-74,A648A0E7,11842,,,9CC5DC79,
,,1,2025-05-27 20:38:52,-74,A648A0E7,11842,,,9CC5DC79,
,,1,2025-05-27 20:38:54,-75,A648A0E7,17890,,,9CC5DC79,
,,4,2025-05-27 20:38:54,-75,A648A0E7,17890,,,9CC5DC79,
,,5,2025-05-27 20:38:56,-72,870614B1,60688,,,9CC5DC79,
,,4,2025-05-27 20:38:58,-84,81D187E3,11997,,,9CC5DC79,
,,1,2025-05-27 20:38:58,-84,81D187E3,11997,,,9CC5DC79,
,,1,2025-05-27 20:38:59,-70,367E0F4A,17337,,,9CC5DC79,
,,5,2025-05-27 20:39:04,-82,23D9727E,60874,,,9CC5DC79,
,,1,2025-05-27 20:39:04,-76,0000006E,28783,,,9CC5DC79,
,,4,2025-05-27 20:39:04,-76,0000006E,28783,,,9CC5DC79,
,,3,2025-05-27 20:39:04,-76,0000006E,28783,,,9CC5DC79,
,,4,2025-05-27 20:38:47,-72,D7510A57,20125,,,4D64B5B5,
,,1,2025-05-27 20:38:47,-75,A648A0E7,34477,,,4D64B5B5,
,,4,2025-05-27 20:38:47,-75,A648A0E7,34477,,,4D64B5B5,
,,1,2025-05-27 20:38:50,-71,D7510A57,46606,,,4D64B5B5,
,,4,2025-05-27 20:38:50,-71,D7510A57,46606,,,4D64B5B5,
,,4,2025-05-27 20:38:53,-72,81D187E3,12490,,,4D64B5B5,
,,4,2025-05-27 20:38:54,-72,81D187E3,57173,,,4D64B5B5,
,,4,2025-05-27 20:38:55,-71,367E0F4A,51542,,,4D64B5B5,
,,4,2025-05-27 20:39:01,-72,D7510A57,32818,,,4D64B5B5,
,,1,2025-05-27 20:39:01,-72,D7510A57,32818,,,4D64B5B5,
,,4,2025-05-27 20:39:03,-82,59FE8D30,50878,,,4D64B5B5,
,,4,2025-05-27 20:39:06,-69,D7510A57,59840,,,4D64B5B5,
,,5,2025-05-27 20:38:49,-72,13323C65,23421,,,AA4358FB,
,,2,2025-05-27 20:38:49,-63,367E0F4A,35602,,,AA4358FB,
,,4,2025-05-27 20:38:49,-63,367E0F4A,35602,,,AA4358FB,
,,5,2025-05-27 20:38:49,-63,367E0F4A,35602,,,AA4358FB,
,,3,2025-05-27 20:38:49,-63,367E0F4A,35602,,,AA4358FB,
,,1,2025-05-27 20:38:49,-63,367E0F4A,35602,,,AA4358FB,
,,3,2025-05-27 20:38:49,-72,81D187E3,49337,,,AA4358FB,
,,5,2025-05-27 20:38:49,-72,81D187E3,49337,,,AA4358FB,
,,2,2025-05-27 20:38:49,-72,81D187E3,49337,,,AA4358FB,
,,4,2025-05-27 20:38:49,-72,81D187E3,49337,,,AA4358FB,
,,5,2025-05-27 20:38:51,-80,870614B1,33618,,,AA4358FB,
,,5,2025-05-27 20:38:48,-82,367E0F4A,8348,,,7378B941,
,,5,2025-05-27 20:38:49,-77,59FE8D30,6808,,,7378B941,
,,5,2025-05-27 20:38:50,-81,870614B1,33618,,,7378B941,
,,1,2025-05-27 20:38:54,-75,D7510A57,41653,,,AA4358FB,
,,5,2025-05-27 20:38:55,-78,A648A0E7,17890,,,AA4358FB,
,,2,2025-05-27 20:38:55,-78,A648A0E7,17890,,,AA4358FB,
,,4,2025-05-27 20:38:55,-78,A648A0E7,17890,,,AA4358FB,
,,3,2025-05-27 20:38:55,-78,A648A0E7,17890,,,AA4358FB,
,,1,2025-05-27 20:38:55,-78,A648A0E7,17890,,,AA4358FB,
,,5,2025-05-27 20:38:56,-68,81D187E3,26434,,,AA4358FB,
,,5,2025-05-27 20:38:56,-77,870614B1,60688,,,7378B941,
,,3,2025-05-27 20:38:57,-65,367E0F4A,22048,,,AA4358FB,
,,5,2025-05-27 20:38:58,-80,81D187E3,11997,,,7378B941,
,,5,2025-05-27 20:38:58,-77,D7510A57,57829,,,AA4358FB,
,,3,2025-05-27 20:38:58,-77,D7510A57,57829,,,AA4358FB,
,,4,2025-05-27 20:38:58,-77,D7510A57,57829,,,AA4358FB,
,,2,2025-05-27 20:38:58,-77,D7510A57,57829,,,AA4358FB,
,,1,2025-05-27 20:38:58,-77,D7510A57,57829,,,AA4358FB,
,,2,2025-05-27 20:38:59,-72,13323C65,26928,,,AA4358FB,
,,5,2025-05-27 20:38:59,-72,13323C65,26928,,,AA4358FB,
,,1,2025-05-27 20:38:59,-63,367E0F4A,17337,,,AA4358FB,
,,5,2025-05-27 20:38:59,-63,367E0F4A,17337,,,AA4358FB,
,,3,2025-05-27 20:38:59,-63,367E0F4A,17337,,,AA4358FB,
,,4,2025-05-27 20:38:59,-63,367E0F4A,17337,,,AA4358FB,
,,2,2025-05-27 20:38:59,-63,367E0F4A,17337,,,AA4358FB,
,,5,2025-05-27 20:39:02,-74,07F9389E,15389,,,7378B941,
,,5,2025-05-27 20:39:02,-76,13323C65,13868,,,7378B941,
,,5,2025-05-27 20:39:02,-81,367E0F4A,3108,,,7378B941,
,,4,2025-05-27 20:39:02,-68,13323C65,13868,,,AA4358FB,
,,3,2025-05-27 20:39:02,-68,13323C65,13868,,,AA4358FB,
,,5,2025-05-27 20:39:02,-68,13323C65,13868,,,AA4358FB,
,,2,2025-05-27 20:39:02,-68,13323C65,13868,,,AA4358FB,
,,5,2025-05-27 20:39:05,-77,D7510A57,31529,,,7378B941,
,,4,2025-05-27 20:39:05,-77,D7510A57,31529,,,7378B941,
,,1,2025-05-27 20:39:05,-77,D7510A57,31529,,,7378B941,
,,5,2025-05-27 20:39:04,-72,81D187E3,25211,,,AA4358FB,
,,1,2025-05-27 20:39:05,-67,367E0F4A,33302,,,AA4358FB,
,,1,2025-05-27 20:39:05,-80,E197FE3E,44584,,,AA4358FB,
,,4,2025-05-27 20:39:05,-80,E197FE3E,44584,,,AA4358FB,
,,3,2025-05-27 20:39:05,-80,E197FE3E,44584,,,AA4358FB,
,,2,2025-05-27 20:39:05,-80,E197FE3E,44584,,,AA4358FB,
,,5,2025-05-27 20:39:05,-80,E197FE3E,44584,,,AA4358FB,
,,5,2025-05-27 20:39:08,-75,D7510A57,25670,,,7378B941,
,,1,2025-05-27 20:39:09,-80,81D187E3,40274,,,7378B941,
,,2,2025-05-27 20:39:06,-68,81D187E3,49208,,,AA4358FB,
,,1,2025-05-27 20:39:06,-68,81D187E3,49208,,,AA4358FB,
,,5,2025-05-27 20:39:06,-68,81D187E3,49208,,,AA4358FB,
,,3,2025-05-27 20:39:06,-68,81D187E3,49208,,,AA4358FB,
,,4,2025-05-27 20:39:06,-68,81D187E3,49208,,,AA4358FB,
,,3,2025-05-27 20:39:07,-76,A648A0E7,49183,,,AA4358FB,
,,5,2025-05-27 20:39:07,-76,A648A0E7,49183,,,AA4358FB,
,,4,2025-05-27 20:39:07,-76,A648A0E7,49183,,,AA4358FB,
,,2,2025-05-27 20:39:07,-76,A648A0E7,49183,,,AA4358FB,
,,3,2025-05-27 20:39:08,-67,0000006E,42829,,,AA4358FB,
,,5,2025-05-27 20:39:08,-77,59FE8D30,20443,,,AA4358FB,
,,1,2025-05-27 20:39:12,-77,D7510A57,38565,,,7378B941,
,,5,2025-05-27 20:39:12,-77,D7510A57,38565,,,7378B941,
,,4,2025-05-27 20:39:12,-77,D7510A57,38565,,,7378B941,
,,4,2025-05-27 20:39:08,-71,13323C65,23503,,,AA4358FB,
,,3,2025-05-27 20:39:08,-71,13323C65,23503,,,AA4358FB,
,,5,2025-05-27 20:39:08,-71,13323C65,23503,,,AA4358FB,
,,1,2025-05-27 20:39:08,-71,13323C65,23503,,,AA4358FB,
,,2,2025-05-27 20:39:08,-71,13323C65,23503,,,AA4358FB,
,,5,2025-05-27 20:39:08,-81,B78FE24A,48756,,,AA4358FB,
,,5,2025-05-27 20:39:09,-67,367E0F4A,18112,,,AA4358FB,
,,3,2025-05-27 20:39:09,-67,367E0F4A,18112,,,AA4358FB,
,,1,2025-05-27 20:38:46,-82,13323C65,18936,,,CB4A1EAE,
,,4,2025-05-27 20:38:46,-74,D7510A57,44631,,,CB4A1EAE,
,,1,2025-05-27 20:38:46,-74,D7510A57,44631,,,CB4A1EAE,
,,1,2025-05-27 20:38:53,-78,13323C65,58257,,,CB4A1EAE,
,,4,2025-05-27 20:38:54,-78,367E0F4A,63489,,,CB4A1EAE,
,,1,2025-05-27 20:38:54,-78,367E0F4A,63489,,,CB4A1EAE,
,,1,2025-05-27 20:38:58,-82,D7510A57,57829,,,CB4A1EAE,
,,3,2025-05-27 20:39:01,-68,13323C65,55931,,,520A3C5C,
,,2,2025-05-27 20:39:01,-68,13323C65,55931,,,520A3C5C,
,,1,2025-05-27 20:39:07,-80,A648A0E7,49183,,,CB4A1EAE,
,,4,2025-05-27 20:39:07,-80,A648A0E7,49183,,,CB4A1EAE,
,,1,2025-05-27 20:39:07,-81,0000006E,42829,,,CB4A1EAE,
,,4,2025-05-27 20:39:02,-83,E2A807D7,41525,,,520A3C5C,
,,2,2025-05-27 20:39:02,-83,E2A807D7,41525,,,520A3C5C,
,,5,2025-05-27 20:39:02,-83,E2A807D7,41525,,,520A3C5C,
,,3,2025-05-27 20:39:02,-83,E2A807D7,41525,,,520A3C5C,
,,5,2025-05-27 20:39:02,-69,D7510A57,39893,,,520A3C5C,
,,2,2025-05-27 20:39:03,-70,367E0F4A,31653,,,520A3C5C,
,,4,2025-05-27 20:39:03,-70,367E0F4A,31653,,,520A3C5C,
,,3,2025-05-27 20:39:03,-70,367E0F4A,31653,,,520A3C5C,
,,4,2025-05-27 20:39:05,-67,D7510A57,31529,,,520A3C5C,
,,3,2025-05-27 20:39:05,-70,367E0F4A,63578,,,520A3C5C,
,,2,2025-05-27 20:39:05,-70,367E0F4A,63578,,,520A3C5C,
,,5,2025-05-27 20:39:05,-70,367E0F4A,63578,,,520A3C5C,
,,4,2025-05-27 20:39:05,-70,367E0F4A,63578,,,520A3C5C,
,,4,2025-05-27 20:39:06,-69,59FE8D30,26566,,,520A3C5C,
,,5,2025-05-27 20:39:06,-69,59FE8D30,26566,,,520A3C5C,
,,3,2025-05-27 20:39:06,-69,59FE8D30,26566,,,520A3C5C,
,,2,2025-05-27 20:39:06,-69,59FE8D30,26566,,,520A3C5C,
,,2,2025-05-27 20:39:06,-77,59FE8D30,1591,,,520A3C5C,
,,5,2025-05-27 20:39:07,-75,0000006E,42829,,,520A3C5C,
,,3,2025-05-27 20:39:10,-79,59FE8D30,9580,,,520A3C5C,
,,2,2025-05-27 20:39:13,-71,D7510A57,45662,,,520A3C5C,
,,3,2025-05-27 20:39:13,-71,D7510A57,45662,,,520A3C5C,
,,5,2025-05-27 20:39:13,-71,D7510A57,45662,,,520A3C5C,
,,2,2025-05-27 20:39:13,-71,13323C65,20740,,,520A3C5C,
,,3,2025-05-27 20:39:13,-71,13323C65,20740,,,520A3C5C,
,,5,2025-05-27 20:39:13,-71,13323C65,20740,,,520A3C5C,
,,5,2025-05-27 20:39:14,-81,A648A0E7,58164,,,520A3C5C,
,,5,2025-05-27 20:39:14,-67,870614B1,57203,,,520A3C5C,
,,2,2025-05-27 20:39:14,-67,870614B1,57203,,,520A3C5C,
,,3,2025-05-27 20:39:14,-67,870614B1,57203,,,520A3C5C,
,,4,2025-05-27 20:39:15,-75,367E0F4A,21644,,,520A3C5C,
,,5,2025-05-27 20:39:15,-75,367E0F4A,21644,,,520A3C5C,
,,2,2025-05-27 20:39:15,-75,367E0F4A,21644,,,520A3C5C,
,,3,2025-05-27 20:39:15,-75,367E0F4A,21644,,,520A3C5C,
,,4,2025-05-27 20:39:16,-71,13323C65,17644,,,520A3C5C,
,,3,2025-05-27 20:39:16,-71,13323C65,17644,,,520A3C5C,
,,5,2025-05-27 20:39:16,-71,13323C65,17644,,,520A3C5C,
,,2,2025-05-27 20:39:16,-71,13323C65,17644,,,520A3C5C,
,,4,2025-05-27 20:39:18,-67,D7510A57,63884,,,520A3C5C,
,,5,2025-05-27 20:39:18,-67,D7510A57,63884,,,520A3C5C,
,,5,2025-05-27 20:39:20,-70,59FE8D30,16862,,,520A3C5C,
,,3,2025-05-27 20:39:20,-70,59FE8D30,16862,,,520A3C5C,
,,4,2025-05-27 20:39:20,-70,59FE8D30,16862,,,520A3C5C,
,,2,2025-05-27 20:39:20,-70,59FE8D30,16862,,,520A3C5C,
,,1,2025-05-27 20:39:09,-69,D7510A57,25670,,,7D769A01,
,,1,2025-05-27 20:39:09,-74,A648A0E7,51794,,,7D769A01,
,,1,2025-05-27 20:39:21,-72,13323C65,28273,,,7D769A01,
,,1,2025-05-27 20:39:22,-75,81D187E3,43056,,,7D769A01,
,,1,2025-05-27 20:39:26,-74,A648A0E7,26281,,,7D769A01,
,,1,2025-05-27 20:39:27,-68,D7510A57,41729,,,7D769A01,
,,1,2025-05-27 20:39:28,-70,367E0F4A,60196,,,7D769A01,
,,4,2025-05-27 20:39:12,-75,A648A0E7,16794,,,4D64B5B5,
,,1,2025-05-27 20:39:12,-75,A648A0E7,16794,,,4D64B5B5,
,,4,2025-05-27 20:39:18,-73,81D187E3,47959,,,4D64B5B5,
,,4,2025-05-27 20:39:20,-72,367E0F4A,49467,,,4D64B5B5,
,,4,2025-05-27 20:39:23,-70,367E0F4A,38408,,,4D64B5B5,
,,1,2025-05-27 20:39:23,-70,367E0F4A,38408,,,4D64B5B5,
,,4,2025-05-27 20:39:25,-73,D7510A57,27850,,,4D64B5B5,
,,1,2025-05-27 20:39:27,-70,367E0F4A,10056,,,4D64B5B5,
,,4,2025-05-27 20:39:27,-70,367E0F4A,10056,,,4D64B5B5,
,,4,2025-05-27 20:39:32,-79,07F9389E,4140,,,4D64B5B5,
,,1,2025-05-27 20:39:32,-79,07F9389E,4140,,,4D64B5B5,
,,1,2025-05-27 20:39:03,-69,13323C65,8392,,,D46BA6A2,
,,4,2025-05-27 20:39:03,-69,13323C65,8392,,,D46BA6A2,
,,3,2025-05-27 20:39:03,-69,13323C65,8392,,,D46BA6A2,
,,2,2025-05-27 20:39:03,-69,13323C65,8392,,,D46BA6A2,
,,5,2025-05-27 20:39:03,-69,13323C65,8392,,,D46BA6A2,
,,2,2025-05-27 20:39:04,-74,D7510A57,9093,,,D46BA6A2,
,,5,2025-05-27 20:39:04,-74,D7510A57,9093,,,D46BA6A2,
,,1,2025-05-27 20:39:04,-74,D7510A57,9093,,,D46BA6A2,
,,3,2025-05-27 20:39:04,-74,D7510A57,9093,,,D46BA6A2,
,,4,2025-05-27 20:39:04,-74,D7510A57,9093,,,D46BA6A2,
,,5,2025-05-27 20:39:15,-68,367E0F4A,36250,,,AA4358FB,
,,3,2025-05-27 20:39:15,-68,367E0F4A,36250,,,AA4358FB,
,,1,2025-05-27 20:39:16,-83,E2A807D7,35053,,,AA4358FB,
,,3,2025-05-27 20:39:16,-79,23D9727E,56948,,,AA4358FB,
,,5,2025-05-27 20:39:16,-79,23D9727E,56948,,,AA4358FB,
,,3,2025-05-27 20:39:17,-67,0000006E,5817,,,AA4358FB,
,,2,2025-05-27 20:39:17,-67,0000006E,5817,,,AA4358FB,
,,5,2025-05-27 20:39:17,-67,0000006E,5817,,,AA4358FB,
,,3,2025-05-27 20:39:20,-72,0000006E,50803,,,AA4358FB,
,,2,2025-05-27 20:39:20,-75,3F9E3319,15259,,,AA4358FB,
,,3,2025-05-27 20:39:20,-75,3F9E3319,15259,,,AA4358FB,
,,4,2025-05-27 20:39:21,-75,D7510A57,12632,,,AA4358FB,
,,2,2025-05-27 20:39:21,-75,D7510A57,12632,,,AA4358FB,
,,1,2025-05-27 20:39:21,-75,D7510A57,12632,,,AA4358FB,
,,3,2025-05-27 20:39:21,-75,D7510A57,12632,,,AA4358FB,
,,4,2025-05-27 20:39:22,-63,367E0F4A,988,,,AA4358FB,
,,5,2025-05-27 20:39:22,-63,367E0F4A,988,,,AA4358FB,
,,2,2025-05-27 20:39:22,-63,367E0F4A,988,,,AA4358FB,
,,3,2025-05-27 20:39:22,-63,367E0F4A,988,,,AA4358FB,
,,5,2025-05-27 20:39:22,-75,D7510A57,42426,,,AA4358FB,
,,4,2025-05-27 20:39:23,-69,13323C65,50815,,,AA4358FB,
,,2,2025-05-27 20:39:23,-69,13323C65,50815,,,AA4358FB,
,,5,2025-05-27 20:39:23,-69,13323C65,50815,,,AA4358FB,
,,3,2025-05-27 20:39:23,-69,13323C65,50815,,,AA4358FB,
,,4,2025-05-27 20:39:10,-69,59FE8D30,18067,,,D46BA6A2,
,,2,2025-05-27 20:39:10,-69,59FE8D30,18067,,,D46BA6A2,
,,3,2025-05-27 20:39:10,-69,59FE8D30,18067,,,D46BA6A2,
,,5,2025-05-27 20:39:24,-78,A648A0E7,37223,,,AA4358FB,
,,1,2025-05-27 20:39:11,-68,59FE8D30,23098,,,D46BA6A2,
,,3,2025-05-27 20:39:24,-73,59FE8D30,6844,,,AA4358FB,
,,1,2025-05-27 20:39:24,-73,59FE8D30,6844,,,AA4358FB,
,,5,2025-05-27 20:39:24,-73,59FE8D30,6844,,,AA4358FB,
,,3,2025-05-27 20:39:24,-72,81D187E3,54309,,,AA4358FB,
,,5,2025-05-27 20:39:24,-72,81D187E3,54309,,,AA4358FB,
,,2,2025-05-27 20:39:25,-63,367E0F4A,46305,,,AA4358FB,
,,3,2025-05-27 20:39:25,-63,367E0F4A,46305,,,AA4358FB,
,,5,2025-05-27 20:39:26,-68,367E0F4A,7099,,,AA4358FB,
,,4,2025-05-27 20:39:15,-75,13323C65,41668,,,D46BA6A2,
,,1,2025-05-27 20:39:15,-75,13323C65,41668,,,D46BA6A2,
,,2,2025-05-27 20:39:26,-79,D7510A57,41729,,,AA4358FB,
,,5,2025-05-27 20:39:26,-79,D7510A57,41729,,,AA4358FB,
,,3,2025-05-27 20:39:26,-79,D7510A57,41729,,,AA4358FB,
,,2,2025-05-27 20:39:26,-73,81D187E3,19420,,,AA4358FB,
,,3,2025-05-27 20:39:26,-73,81D187E3,19420,,,AA4358FB,
,,5,2025-05-27 20:39:26,-73,81D187E3,19420,,,AA4358FB,
,,4,2025-05-27 20:39:26,-73,81D187E3,19420,,,AA4358FB,
,,1,2025-05-27 20:39:16,-65,59FE8D30,56088,,,D46BA6A2,
,,3,2025-05-27 20:39:16,-65,59FE8D30,56088,,,D46BA6A2,
,,4,2025-05-27 20:39:27,-63,367E0F4A,10056,,,AA4358FB,
,,5,2025-05-27 20:39:27,-63,367E0F4A,10056,,,AA4358FB,
,,5,2025-05-27 20:39:28,-73,81D187E3,36754,,,AA4358FB,
,,4,2025-05-27 20:39:28,-73,81D187E3,36754,,,AA4358FB,
,,1,2025-05-27 20:39:28,-73,81D187E3,36754,,,AA4358FB,
,,3,2025-05-27 20:39:28,-73,81D187E3,36754,,,AA4358FB,
,,2,2025-05-27 20:39:28,-73,81D187E3,36754,,,AA4358FB,
,,3,2025-05-27 20:39:29,-67,0000006E,30683,,,AA4358FB,
,,5,2025-05-27 20:39:29,-67,0000006E,30683,,,AA4358FB,
,,2,2025-05-27 20:39:29,-67,0000006E,30683,,,AA4358FB,
,,3,2025-05-27 20:39:17,-70,870614B1,39311,,,D46BA6A2,
,,5,2025-05-27 20:39:17,-70,870614B1,39311,,,D46BA6A2,
,,4,2025-05-27 20:39:17,-70,870614B1,39311,,,D46BA6A2,
,,1,2025-05-27 20:39:17,-70,870614B1,39311,,,D46BA6A2,
,,2,2025-05-27 20:39:17,-70,870614B1,39311,,,D46BA6A2,
,,3,2025-05-27 20:39:19,-68,59FE8D30,4255,,,D46BA6A2,
,,3,2025-05-27 20:39:20,-70,870614B1,40698,,,D46BA6A2,
,,4,2025-05-27 20:39:29,-66,81D187E3,3299,,,AA4358FB,
,,3,2025-05-27 20:39:29,-66,81D187E3,3299,,,AA4358FB,
,,5,2025-05-27 20:39:29,-66,81D187E3,3299,,,AA4358FB,
,,2,2025-05-27 20:39:29,-66,81D187E3,3299,,,AA4358FB,
,,4,2025-05-27 20:39:30,-76,D7510A57,24505,,,AA4358FB,
,,3,2025-05-27 20:39:30,-76,D7510A57,24505,,,AA4358FB,
,,5,2025-05-27 20:39:30,-76,D7510A57,24505,,,AA4358FB,
,,2,2025-05-27 20:39:30,-76,D7510A57,24505,,,AA4358FB,
,,4,2025-05-27 20:39:31,-81,B78FE24A,3000,,,AA4358FB,
,,1,2025-05-27 20:39:31,-81,B78FE24A,3000,,,AA4358FB,
,,3,2025-05-27 20:39:31,-81,B78FE24A,3000,,,AA4358FB,
,,5,2025-05-27 20:39:31,-81,B78FE24A,3000,,,AA4358FB,
,,1,2025-05-27 20:39:22,-74,D7510A57,42426,,,D46BA6A2,
,,3,2025-05-27 20:39:31,-78,A648A0E7,51385,,,AA4358FB,
,,1,2025-05-27 20:39:31,-78,A648A0E7,51385,,,AA4358FB,
,,5,2025-05-27 20:39:31,-78,A648A0E7,51385,,,AA4358FB,
,,2,2025-05-27 20:39:31,-78,A648A0E7,51385,,,AA4358FB,
,,1,2025-05-27 20:39:32,-74,A648A0E7,21675,,,AA4358FB,
,,5,2025-05-27 20:39:32,-74,A648A0E7,21675,,,AA4358FB,
,,3,2025-05-27 20:39:22,-70,367E0F4A,38408,,,D46BA6A2,
,,4,2025-05-27 20:39:22,-70,367E0F4A,38408,,,D46BA6A2,
,,2,2025-05-27 20:39:22,-70,367E0F4A,38408,,,D46BA6A2,
,,5,2025-05-27 20:39:22,-70,367E0F4A,38408,,,D46BA6A2,
,,5,2025-05-27 20:39:33,-75,A648A0E7,53180,,,AA4358FB,
,,1,2025-05-27 20:39:25,-74,D7510A57,27850,,,D46BA6A2,
,,3,2025-05-27 20:39:25,-69,0000006E,47426,,,D46BA6A2,
,,2,2025-05-27 20:39:25,-69,0000006E,47426,,,D46BA6A2,
,,5,2025-05-27 20:39:25,-69,0000006E,47426,,,D46BA6A2,
,,5,2025-05-27 20:39:35,-75,D7510A57,61486,,,AA4358FB,
,,3,2025-05-27 20:39:35,-75,D7510A57,61486,,,AA4358FB,
,,1,2025-05-27 20:39:29,-69,13323C65,52482,,,D46BA6A2,
,,3,2025-05-27 20:39:29,-69,13323C65,52482,,,D46BA6A2,
,,5,2025-05-27 20:39:29,-69,13323C65,52482,,,D46BA6A2,
,,4,2025-05-27 20:39:29,-69,13323C65,52482,,,D46BA6A2,
,,2,2025-05-27 20:39:30,-68,59FE8D30,17664,,,D46BA6A2,
,,3,2025-05-27 20:39:30,-68,59FE8D30,17664,,,D46BA6A2,
,,1,2025-05-27 20:39:30,-68,59FE8D30,17664,,,D46BA6A2,
,,4,2025-05-27 20:39:30,-68,59FE8D30,17664,,,D46BA6A2,
,,5,2025-05-27 20:39:30,-68,59FE8D30,17664,,,D46BA6A2,
,,1,2025-05-27 20:39:31,-79,A648A0E7,21675,,,D46BA6A2,
,,1,2025-05-27 20:39:08,-72,367E0F4A,18112,,,9CC5DC79,
,,4,2025-05-27 20:39:08,-83,E85FB74C,22228,,,B995250B,
,,1,2025-05-27 20:39:08,-83,E85FB74C,22228,,,B995250B,
,,4,2025-05-27 20:39:10,-79,23D9727E,65335,,,B995250B,
,,1,2025-05-27 20:39:10,-79,23D9727E,65335,,,B995250B,
,,5,2025-05-27 20:39:12,-70,367E0F4A,13144,,,9CC5DC79,
,,2,2025-05-27 20:39:15,-72,13323C65,41668,,,9CC5DC79,
,,1,2025-05-27 20:39:14,-83,A648A0E7,58164,,,B995250B,
,,4,2025-05-27 20:39:14,-83,A648A0E7,58164,,,B995250B,
,,5,2025-05-27 20:39:19,-79,59FE8D30,40978,,,9CC5DC79,
,,3,2025-05-27 20:39:19,-79,59FE8D30,40978,,,9CC5DC79,
,,1,2025-05-27 20:39:19,-79,59FE8D30,40978,,,9CC5DC79,
,,4,2025-05-27 20:39:19,-79,59FE8D30,40978,,,9CC5DC79,
,,5,2025-05-27 20:39:22,-78,0000006E,13705,,,9CC5DC79,
,,3,2025-05-27 20:39:22,-78,0000006E,13705,,,9CC5DC79,
,,5,2025-05-27 20:39:24,-83,E2A807D7,14709,,,9CC5DC79,
,,1,2025-05-27 20:39:24,-83,E2A807D7,14709,,,9CC5DC79,
,,2,2025-05-27 20:39:24,-83,E2A807D7,14709,,,9CC5DC79,
,,4,2025-05-27 20:39:24,-83,E2A807D7,14709,,,9CC5DC79,
,,5,2025-05-27 20:39:26,-72,367E0F4A,7099,,,9CC5DC79,
,,4,2025-05-27 20:39:27,-79,367E0F4A,10056,,,9CC5DC79,
,,5,2025-05-27 20:39:27,-75,A648A0E7,4516,,,9CC5DC79,
,,4,2025-05-27 20:39:27,-77,07F9389E,4494,,,9CC5DC79,
,,3,2025-05-27 20:39:27,-77,07F9389E,4494,,,9CC5DC79,
,,5,2025-05-27 20:39:27,-77,07F9389E,4494,,,9CC5DC79,
,,4,2025-05-27 20:39:29,-74,367E0F4A,31940,,,B995250B,
,,1,2025-05-27 20:39:29,-74,367E0F4A,31940,,,B995250B,
,,5,2025-05-27 20:39:28,-80,0000006E,30683,,,9CC5DC79,
,,4,2025-05-27 20:39:29,-79,A648A0E7,25227,,,9CC5DC79,
,,1,2025-05-27 20:39:29,-79,A648A0E7,25227,,,9CC5DC79,
,,5,2025-05-27 20:39:29,-79,A648A0E7,25227,,,9CC5DC79,
,,4,2025-05-27 20:39:31,-79,23D9727E,37552,,,B995250B,
,,1,2025-05-27 20:39:31,-79,23D9727E,37552,,,B995250B,
,,3,2025-05-27 20:39:32,-79,A648A0E7,21675,,,9CC5DC79,
,,4,2025-05-27 20:39:32,-79,A648A0E7,21675,,,9CC5DC79,
,,5,2025-05-27 20:39:22,-74,A648A0E7,51321,,,520A3C5C,
,,3,2025-05-27 20:39:22,-75,0000006E,13705,,,520A3C5C,
,,2,2025-05-27 20:39:22,-75,0000006E,13705,,,520A3C5C,
,,3,2025-05-27 20:39:35,-77,59FE8D30,59120,,,9CC5DC79,
,,5,2025-05-27 20:39:35,-77,59FE8D30,59120,,,9CC5DC79,
,,1,2025-05-27 20:39:35,-77,59FE8D30,59120,,,9CC5DC79,
,,4,2025-05-27 20:39:35,-77,59FE8D30,59120,,,9CC5DC79,
,,2,2025-05-27 20:39:35,-77,59FE8D30,59120,,,9CC5DC79,
,,3,2025-05-27 20:39:38,-81,367E0F4A,45877,,,9CC5DC79,
,,1,2025-05-27 20:39:38,-81,367E0F4A,45877,,,9CC5DC79,
,,5,2025-05-27 20:39:38,-81,367E0F4A,45877,,,9CC5DC79,
,,2,2025-05-27 20:39:38,-81,367E0F4A,45877,,,9CC5DC79,
,,4,2025-05-27 20:39:38,-81,367E0F4A,45877,,,9CC5DC79,
,,5,2025-05-27 20:39:24,-72,13323C65,38528,,,520A3C5C,
,,5,2025-05-27 20:39:25,-77,59FE8D30,24718,,,520A3C5C,
,,4,2025-05-27 20:39:39,-74,367E0F4A,63792,,,B995250B,
,,5,2025-05-27 20:39:26,-69,D7510A57,41729,,,520A3C5C,
,,3,2025-05-27 20:39:26,-69,D7510A57,41729,,,520A3C5C,
,,2,2025-05-27 20:39:26,-69,D7510A57,41729,,,520A3C5C,
,,4,2025-05-27 20:39:26,-69,D7510A57,41729,,,520A3C5C,
,,3,2025-05-27 20:39:27,-77,59FE8D30,44965,,,520A3C5C,
,,2,2025-05-27 20:39:27,-77,59FE8D30,44965,,,520A3C5C,
,,4,2025-05-27 20:39:27,-77,59FE8D30,44965,,,520A3C5C,
,,5,2025-05-27 20:39:27,-77,59FE8D30,44965,,,520A3C5C,
,,1,2025-05-27 20:39:28,-67,D7510A57,8241,,,520A3C5C,
,,3,2025-05-27 20:39:28,-67,D7510A57,8241,,,520A3C5C,
,,2,2025-05-27 20:39:28,-67,D7510A57,8241,,,520A3C5C,
,,5,2025-05-27 20:39:28,-67,D7510A57,8241,,,520A3C5C,
,,4,2025-05-27 20:39:28,-67,D7510A57,8241,,,520A3C5C,
,,4,2025-05-27 20:39:29,-75,367E0F4A,31940,,,520A3C5C,
,,2,2025-05-27 20:39:29,-75,367E0F4A,31940,,,520A3C5C,
,,1,2025-05-27 20:39:29,-75,367E0F4A,31940,,,520A3C5C,
,,5,2025-05-27 20:39:29,-75,367E0F4A,31940,,,520A3C5C,
,,3,2025-05-27 20:39:29,-75,367E0F4A,31940,,,520A3C5C,
,,5,2025-05-27 20:39:29,-78,E2A807D7,57426,,,520A3C5C,
,,2,2025-05-27 20:39:30,-77,59FE8D30,38597,,,520A3C5C,
,,5,2025-05-27 20:39:30,-77,59FE8D30,38597,,,520A3C5C,
,,3,2025-05-27 20:39:30,-77,59FE8D30,38597,,,520A3C5C,
,,4,2025-05-27 20:39:30,-77,59FE8D30,38597,,,520A3C5C,
,,3,2025-05-27 20:39:30,-71,D7510A57,24505,,,520A3C5C,
,,4,2025-05-27 20:39:30,-71,D7510A57,24505,,,520A3C5C,
,,2,2025-05-27 20:39:30,-71,D7510A57,24505,,,520A3C5C,
,,2,2025-05-27 20:39:31,-76,0000006E,52656,,,520A3C5C,
,,5,2025-05-27 20:39:31,-76,0000006E,52656,,,520A3C5C,
,,3,2025-05-27 20:39:31,-76,0000006E,52656,,,520A3C5C,
,,4,2025-05-27 20:39:31,-76,0000006E,52656,,,520A3C5C,
,,5,2025-05-27 20:39:32,-80,A648A0E7,21675,,,520A3C5C,
,,2,2025-05-27 20:39:32,-80,A648A0E7,21675,,,520A3C5C,
,,3,2025-05-27 20:39:32,-80,A648A0E7,21675,,,520A3C5C,
,,4,2025-05-27 20:39:32,-80,A648A0E7,21675,,,520A3C5C,
,,3,2025-05-27 20:39:32,-68,13323C65,7355,,,520A3C5C,
,,2,2025-05-27 20:39:32,-68,13323C65,7355,,,520A3C5C,
,,4,2025-05-27 20:39:32,-68,13323C65,7355,,,520A3C5C,
,,3,2025-05-27 20:39:35,-83,B78FE24A,1590,,,520A3C5C,
,,5,2025-05-27 20:39:35,-83,B78FE24A,1590,,,520A3C5C,
,,2,2025-05-27 20:39:35,-83,B78FE24A,1590,,,520A3C5C,
,,4,2025-05-27 20:39:35,-83,B78FE24A,1590,,,520A3C5C,
,,3,2025-05-27 20:39:35,-70,59FE8D30,5745,,,520A3C5C,
,,2,2025-05-27 20:39:35,-70,59FE8D30,5745,,,520A3C5C,
,,2,2025-05-27 20:39:35,-77,59FE8D30,59120,,,520A3C5C,
,,3,2025-05-27 20:39:35,-77,59FE8D30,59120,,,520A3C5C,
,,5,2025-05-27 20:39:36,-82,E197FE3E,31737,,,520A3C5C,
,,3,2025-05-27 20:39:36,-82,E197FE3E,31737,,,520A3C5C,
,,1,2025-05-27 20:39:37,-67,A648A0E7,16533,,,520A3C5C,
,,4,2025-05-27 20:39:37,-67,A648A0E7,16533,,,520A3C5C,
,,3,2025-05-27 20:39:37,-67,A648A0E7,16533,,,520A3C5C,
,,2,2025-05-27 20:39:37,-67,A648A0E7,16533,,,520A3C5C,
,,5,2025-05-27 20:39:37,-67,A648A0E7,16533,,,520A3C5C,
,,3,2025-05-27 20:39:37,-71,D7510A57,19751,,,520A3C5C,
,,2,2025-05-27 20:39:37,-71,D7510A57,19751,,,520A3C5C,
,,5,2025-05-27 20:39:37,-80,19836CFF,57483,,,520A3C5C,
,,3,2025-05-27 20:39:37,-80,19836CFF,57483,,,520A3C5C,
,,2,2025-05-27 20:39:37,-80,19836CFF,57483,,,520A3C5C,
,,5,2025-05-27 20:39:38,-80,E85FB74C,38120,,,520A3C5C,
,,4,2025-05-27 20:39:38,-80,E85FB74C,38120,,,520A3C5C,
,,5,2025-05-27 20:39:38,-67,870614B1,9148,,,520A3C5C,
,,3,2025-05-27 20:39:39,-68,13323C65,1767,,,520A3C5C,
,,5,2025-05-27 20:39:39,-68,13323C65,1767,,,520A3C5C,
,,4,2025-05-27 20:39:39,-68,13323C65,1767,,,520A3C5C,
,,1,2025-05-27 20:39:39,-68,13323C65,1767,,,520A3C5C,
,,2,2025-05-27 20:39:39,-68,13323C65,1767,,,520A3C5C,
,,5,2025-05-27 20:39:39,-68,A648A0E7,25638,,,520A3C5C,
,,5,2025-05-27 20:39:40,-67,D7510A57,26806,,,520A3C5C,
,,2,2025-05-27 20:39:40,-67,D7510A57,26806,,,520A3C5C,
,,3,2025-05-27 20:39:40,-67,D7510A57,26806,,,520A3C5C,
,,5,2025-05-27 20:39:40,-74,0000006E,23538,,,520A3C5C,
,,4,2025-05-27 20:39:41,-72,13323C65,48276,,,520A3C5C,
,,5,2025-05-27 20:39:41,-72,13323C65,48276,,,520A3C5C,
,,3,2025-05-27 20:39:41,-68,870614B1,16276,,,520A3C5C,
,,4,2025-05-27 20:39:41,-68,870614B1,16276,,,520A3C5C,
,,4,2025-05-27 20:39:20,-79,367E0F4A,13130,,,CB4A1EAE,
,,1,2025-05-27 20:39:21,-80,59FE8D30,16862,,,CB4A1EAE,
,,4,2025-05-27 20:39:21,-80,59FE8D30,16862,,,CB4A1EAE,
,,1,2025-05-27 20:39:32,-72,59FE8D30,29171,,,7D769A01,
,,1,2025-05-27 20:39:33,-72,13323C65,7355,,,7D769A01,
,,1,2025-05-27 20:39:34,-72,13323C65,60179,,,7D769A01,
,,1,2025-05-27 20:39:17,-77,07F9389E,515,,,7378B941,
,,4,2025-05-27 20:39:17,-77,07F9389E,515,,,7378B941,
,,5,2025-05-27 20:39:17,-77,07F9389E,515,,,7378B941,
,,1,2025-05-27 20:39:39,-67,367E0F4A,63792,,,7D769A01,
,,4,2025-05-27 20:39:32,-79,59FE8D30,21456,,,CB4A1EAE,
,,1,2025-05-27 20:39:32,-79,59FE8D30,21456,,,CB4A1EAE,
,,1,2025-05-27 20:39:40,-74,81D187E3,19545,,,7D769A01,
,,1,2025-05-27 20:39:35,-83,D7510A57,61486,,,CB4A1EAE,
,,1,2025-05-27 20:39:42,-72,870614B1,16276,,,7D769A01,
,,4,2025-05-27 20:39:23,-77,13323C65,779,,,7378B941,
,,5,2025-05-27 20:39:27,-73,07F9389E,4494,,,7378B941,
,,1,2025-05-27 20:39:43,-80,B78FE24A,23590,,,7D769A01,
,,5,2025-05-27 20:39:30,-81,81D187E3,10635,,,7378B941,
,,5,2025-05-27 20:39:35,-77,870614B1,20939,,,7378B941,
,,1,2025-05-27 20:39:35,-77,870614B1,20939,,,7378B941,
,,4,2025-05-27 20:39:35,-77,870614B1,20939,,,7378B941,
,,1,2025-05-27 20:39:40,-77,D7510A57,26806,,,7378B941,
,,5,2025-05-27 20:39:43,-81,A648A0E7,50398,,,7378B941,
,,3,2025-05-27 20:39:36,-69,870614B1,20939,,,AA4358FB,
,,2,2025-05-27 20:39:36,-69,870614B1,20939,,,AA4358FB,
,,5,2025-05-27 20:39:36,-69,870614B1,20939,,,AA4358FB,
,,3,2025-05-27 20:39:36,-79,13323C65,11942,,,AA4358FB,
,,5,2025-05-27 20:39:36,-79,13323C65,11942,,,AA4358FB,
,,2,2025-05-27 20:39:36,-82,B78FE24A,6734,,,AA4358FB,
,,5,2025-05-27 20:39:36,-82,B78FE24A,6734,,,AA4358FB,
,,4,2025-05-27 20:39:40,-69,81D187E3,19545,,,AA4358FB,
,,5,2025-05-27 20:39:40,-69,81D187E3,19545,,,AA4358FB,
,,3,2025-05-27 20:39:40,-69,81D187E3,19545,,,AA4358FB,
,,2,2025-05-27 20:39:40,-69,81D187E3,19545,,,AA4358FB,
,,5,2025-05-27 20:39:40,-76,59FE8D30,40262,,,AA4358FB,
,,1,2025-05-27 20:39:37,-76,367E0F4A,24690,,,4D64B5B5,
,,4,2025-05-27 20:39:33,-69,13323C65,60179,,,D46BA6A2,
,,1,2025-05-27 20:39:33,-69,13323C65,60179,,,D46BA6A2,
,,2,2025-05-27 20:39:33,-69,13323C65,60179,,,D46BA6A2,
,,3,2025-05-27 20:39:33,-69,13323C65,60179,,,D46BA6A2,
,,4,2025-05-27 20:39:47,-70,367E0F4A,62149,,,AA4358FB,
,,5,2025-05-27 20:39:47,-70,367E0F4A,62149,,,AA4358FB,
,,3,2025-05-27 20:39:47,-70,367E0F4A,62149,,,AA4358FB,
,,2,2025-05-27 20:39:47,-70,367E0F4A,62149,,,AA4358FB,
,,4,2025-05-27 20:39:39,-76,13323C65,1767,,,4D64B5B5,
,,1,2025-05-27 20:39:48,-74,A648A0E7,54358,,,AA4358FB,
,,4,2025-05-27 20:39:39,-81,59FE8D30,34334,,,4D64B5B5,
,,4,2025-05-27 20:39:40,-79,59FE8D30,40262,,,4D64B5B5,
,,3,2025-05-27 20:39:37,-71,07F9389E,18422,,,D46BA6A2,
,,3,2025-05-27 20:39:37,-75,E85FB74C,38120,,,D46BA6A2,
,,3,2025-05-27 20:39:50,-76,59FE8D30,49714,,,AA4358FB,
,,5,2025-05-27 20:39:50,-76,59FE8D30,49714,,,AA4358FB,
,,3,2025-05-27 20:39:39,-70,367E0F4A,8187,,,D46BA6A2,
,,2,2025-05-27 20:39:39,-70,367E0F4A,8187,,,D46BA6A2,
,,1,2025-05-27 20:39:40,-69,0000006E,23538,,,D46BA6A2,
,,5,2025-05-27 20:39:40,-75,B78FE24A,23409,,,D46BA6A2,
,,1,2025-05-27 20:39:40,-75,B78FE24A,23409,,,D46BA6A2,
,,3,2025-05-27 20:39:40,-75,B78FE24A,23409,,,D46BA6A2,
,,2,2025-05-27 20:39:40,-75,B78FE24A,23409,,,D46BA6A2,
,,4,2025-05-27 20:39:40,-75,B78FE24A,23409,,,D46BA6A2,
,,5,2025-05-27 20:39:51,-63,367E0F4A,52513,,,AA4358FB,
,,3,2025-05-27 20:39:40,-69,59FE8D30,16474,,,D46BA6A2,
,,2,2025-05-27 20:39:40,-69,59FE8D30,16474,,,D46BA6A2,
,,1,2025-05-27 20:39:52,-72,81D187E3,39,,,AA4358FB,
,,4,2025-05-27 20:39:52,-72,81D187E3,39,,,AA4358FB,
,,4,2025-05-27 20:39:40,-69,13323C65,48276,,,D46BA6A2,
,,5,2025-05-27 20:39:40,-69,13323C65,48276,,,D46BA6A2,
,,3,2025-05-27 20:39:40,-69,13323C65,48276,,,D46BA6A2,
,,2,2025-05-27 20:39:40,-69,13323C65,48276,,,D46BA6A2,
,,5,2025-05-27 20:39:52,-79,07F9389E,59180,,,AA4358FB,
,,3,2025-05-27 20:39:52,-79,07F9389E,59180,,,AA4358FB,
,,2,2025-05-27 20:39:52,-79,07F9389E,59180,,,AA4358FB,
,,4,2025-05-27 20:39:52,-79,07F9389E,59180,,,AA4358FB,
,,1,2025-05-27 20:39:41,-80,870614B1,16276,,,D46BA6A2,
,,3,2025-05-27 20:39:41,-80,870614B1,16276,,,D46BA6A2,
,,2,2025-05-27 20:39:41,-80,870614B1,16276,,,D46BA6A2,
,,4,2025-05-27 20:39:41,-80,870614B1,16276,,,D46BA6A2,
,,5,2025-05-27 20:39:41,-80,870614B1,16276,,,D46BA6A2,
,,3,2025-05-27 20:39:42,-69,13323C65,22155,,,D46BA6A2,
,,1,2025-05-27 20:39:42,-69,13323C65,22155,,,D46BA6A2,
,,2,2025-05-27 20:39:42,-69,13323C65,22155,,,D46BA6A2,
,,4,2025-05-27 20:39:42,-69,13323C65,22155,,,D46BA6A2,
,,5,2025-05-27 20:39:42,-69,13323C65,22155,,,D46BA6A2,
,,4,2025-05-27 20:39:46,-72,D7510A57,50160,,,4D64B5B5,
,,1,2025-05-27 20:39:46,-72,D7510A57,50160,,,4D64B5B5,
,,1,2025-05-27 20:39:47,-81,A648A0E7,11967,,,4D64B5B5,
,,4,2025-05-27 20:39:47,-78,59FE8D30,12340,,,4D64B5B5,
,,1,2025-05-27 20:39:43,-75,13323C65,59679,,,D46BA6A2,
,,4,2025-05-27 20:39:43,-75,13323C65,59679,,,D46BA6A2,
,,5,2025-05-27 20:39:43,-75,13323C65,59679,,,D46BA6A2,
,,5,2025-05-27 20:39:56,-77,59FE8D30,56408,,,AA4358FB,
,,3,2025-05-27 20:39:56,-77,59FE8D30,56408,,,AA4358FB,
,,1,2025-05-27 20:39:57,-68,13323C65,39910,,,AA4358FB,
,,1,2025-05-27 20:39:52,-81,A648A0E7,34952,,,4D64B5B5,
,,2,2025-05-27 20:39:46,-65,59FE8D30,16172,,,D46BA6A2,
,,1,2025-05-27 20:39:47,-77,81D187E3,4261,,,D46BA6A2,
,,5,2025-05-27 20:39:47,-77,81D187E3,4261,,,D46BA6A2,
,,4,2025-05-27 20:39:47,-77,81D187E3,4261,,,D46BA6A2,
,,3,2025-05-27 20:39:47,-77,81D187E3,4261,,,D46BA6A2,
,,2,2025-05-27 20:39:47,-77,81D187E3,4261,,,D46BA6A2,
,,1,2025-05-27 20:39:53,-69,D7510A57,19176,,,4D64B5B5,
,,4,2025-05-27 20:39:53,-69,D7510A57,19176,,,4D64B5B5,
,,4,2025-05-27 20:39:53,-73,81D187E3,34204,,,4D64B5B5,
,,4,2025-05-27 20:39:54,-73,81D187E3,136,,,4D64B5B5,
,,4,2025-05-27 20:39:50,-68,59FE8D30,29864,,,D46BA6A2,
,,5,2025-05-27 20:39:50,-68,59FE8D30,29864,,,D46BA6A2,
,,3,2025-05-27 20:39:50,-68,59FE8D30,29864,,,D46BA6A2,
,,2,2025-05-27 20:39:50,-68,59FE8D30,29864,,,D46BA6A2,
,,1,2025-05-27 20:39:50,-68,59FE8D30,29864,,,D46BA6A2,
,,1,2025-05-27 20:39:52,-81,A648A0E7,34952,,,D46BA6A2,
,,4,2025-05-27 20:39:52,-81,A648A0E7,34952,,,D46BA6A2,
,,5,2025-05-27 20:39:52,-81,A648A0E7,34952,,,D46BA6A2,
,,3,2025-05-27 20:39:52,-81,A648A0E7,34952,,,D46BA6A2,
,,2,2025-05-27 20:39:52,-81,A648A0E7,34952,,,D46BA6A2,
,,1,2025-05-27 20:39:52,-77,81D187E3,48557,,,D46BA6A2,
,,3,2025-05-27 20:39:53,-67,D7510A57,19176,,,D46BA6A2,
,,5,2025-05-27 20:39:53,-67,D7510A57,19176,,,D46BA6A2,
,,2,2025-05-27 20:39:53,-67,D7510A57,19176,,,D46BA6A2,
,,4,2025-05-27 20:39:53,-67,D7510A57,19176,,,D46BA6A2,
,,1,2025-05-27 20:39:53,-67,D7510A57,19176,,,D46BA6A2,
,,1,2025-05-27 20:39:56,-74,367E0F4A,37878,,,4D64B5B5,
,,2,2025-05-27 20:39:53,-78,81D187E3,34204,,,D46BA6A2,
,,3,2025-05-27 20:39:53,-78,81D187E3,34204,,,D46BA6A2,
,,1,2025-05-27 20:39:58,-71,0000006E,48875,,,D46BA6A2,
,,1,2025-05-27 20:39:58,-70,A648A0E7,11225,,,D46BA6A2,
,,1,2025-05-27 20:39:46,-73,59FE8D30,31652,,,7D769A01,
,,1,2025-05-27 20:39:46,-77,E197FE3E,8170,,,7D769A01,
,,1,2025-05-27 20:39:47,-71,13323C65,4188,,,7D769A01,
,,1,2025-05-27 20:39:49,-75,A648A0E7,46954,,,7D769A01,
,,1,2025-05-27 20:39:52,-76,07F9389E,59180,,,7D769A01,
,,1,2025-05-27 20:39:53,-71,13323C65,62529,,,7D769A01,
,,1,2025-05-27 20:39:54,-76,E2A807D7,35488,,,7D769A01,
,,1,2025-05-27 20:39:54,-71,13323C65,4121,,,7D769A01,
,,1,2025-05-27 20:39:57,-74,A648A0E7,5044,,,7D769A01,
,,1,2025-05-27 20:39:58,-65,367E0F4A,54473,,,7D769A01,
,,1,2025-05-27 20:40:00,-85,19836CFF,60101,,,7D769A01,
,,1,2025-05-27 20:40:00,-72,59FE8D30,48341,,,7D769A01,
,,1,2025-05-27 20:40:02,-76,A648A0E7,15933,,,7D769A01,
,,1,2025-05-27 20:40:04,-70,13323C65,43988,,,7D769A01,
,,2,2025-05-27 20:39:42,-70,367E0F4A,34973,,,520A3C5C,
,,4,2025-05-27 20:39:45,-77,59FE8D30,31652,,,520A3C5C,
,,3,2025-05-27 20:39:45,-77,59FE8D30,31652,,,520A3C5C,
,,2,2025-05-27 20:39:45,-77,59FE8D30,31652,,,520A3C5C,
,,5,2025-05-27 20:39:46,-72,D7510A57,50160,,,520A3C5C,
,,5,2025-05-27 20:39:48,-67,A648A0E7,54358,,,520A3C5C,
,,4,2025-05-27 20:39:48,-67,A648A0E7,54358,,,520A3C5C,
,,2,2025-05-27 20:39:48,-67,A648A0E7,54358,,,520A3C5C,
,,3,2025-05-27 20:39:48,-67,A648A0E7,54358,,,520A3C5C,
,,4,2025-05-27 20:39:51,-75,A648A0E7,59566,,,520A3C5C,
,,4,2025-05-27 20:39:51,-75,81D187E3,39,,,520A3C5C,
,,3,2025-05-27 20:39:51,-75,81D187E3,39,,,520A3C5C,
,,1,2025-05-27 20:39:51,-75,81D187E3,39,,,520A3C5C,
,,5,2025-05-27 20:39:51,-75,81D187E3,39,,,520A3C5C,
,,2,2025-05-27 20:39:51,-75,81D187E3,39,,,520A3C5C,
,,3,2025-05-27 20:39:55,-74,0000006E,27961,,,520A3C5C,
,,5,2025-05-27 20:39:55,-74,0000006E,27961,,,520A3C5C,
,,2,2025-05-27 20:39:55,-74,0000006E,27961,,,520A3C5C,
,,2,2025-05-27 20:39:57,-70,07F9389E,14126,,,520A3C5C,
,,3,2025-05-27 20:39:57,-70,07F9389E,14126,,,520A3C5C,
,,4,2025-05-27 20:39:57,-70,07F9389E,14126,,,520A3C5C,
,,5,2025-05-27 20:39:57,-70,07F9389E,14126,,,520A3C5C,
,,3,2025-05-27 20:39:58,-83,19836CFF,8904,,,520A3C5C,
,,2,2025-05-27 20:39:58,-83,19836CFF,8904,,,520A3C5C,
,,3,2025-05-27 20:40:00,-73,13323C65,60030,,,520A3C5C,
,,2,2025-05-27 20:40:00,-73,13323C65,60030,,,520A3C5C,
,,5,2025-05-27 20:40:00,-73,13323C65,60030,,,520A3C5C,
,,4,2025-05-27 20:40:00,-73,13323C65,60030,,,520A3C5C,
,,1,2025-05-27 20:40:02,-71,D7510A57,55738,,,520A3C5C,
,,3,2025-05-27 20:40:02,-71,D7510A57,55738,,,520A3C5C,
,,2,2025-05-27 20:40:02,-71,D7510A57,55738,,,520A3C5C,
,,4,2025-05-27 20:40:02,-71,D7510A57,55738,,,520A3C5C,
,,1,2025-05-27 20:40:03,-69,D7510A57,34705,,,520A3C5C,
,,3,2025-05-27 20:40:03,-69,D7510A57,34705,,,520A3C5C,
,,2,2025-05-27 20:40:03,-69,D7510A57,34705,,,520A3C5C,
,,5,2025-05-27 20:40:03,-69,D7510A57,34705,,,520A3C5C,
,,4,2025-05-27 20:40:03,-69,D7510A57,34705,,,520A3C5C,
,,5,2025-05-27 20:40:03,-69,13323C65,65513,,,520A3C5C,
,,5,2025-05-27 20:40:04,-68,13323C65,43988,,,520A3C5C,
,,2,2025-05-27 20:40:05,-77,59FE8D30,24617,,,520A3C5C,
,,4,2025-05-27 20:40:05,-77,59FE8D30,24617,,,520A3C5C,
,,5,2025-05-27 20:40:05,-67,A648A0E7,60811,,,520A3C5C,
,,1,2025-05-27 20:40:05,-67,A648A0E7,60811,,,520A3C5C,
,,4,2025-05-27 20:40:05,-67,A648A0E7,60811,,,520A3C5C,
,,3,2025-05-27 20:40:05,-67,A648A0E7,60811,,,520A3C5C,
,,2,2025-05-27 20:40:05,-67,A648A0E7,60811,,,520A3C5C,
,,3,2025-05-27 20:40:05,-67,870614B1,772,,,520A3C5C,
,,2,2025-05-27 20:40:05,-67,870614B1,772,,,520A3C5C,
,,5,2025-05-27 20:40:05,-67,870614B1,772,,,520A3C5C,
,,4,2025-05-27 20:40:05,-67,870614B1,772,,,520A3C5C,
,,1,2025-05-27 20:40:05,-67,870614B1,772,,,520A3C5C,
,,4,2025-05-27 20:40:06,-74,81D187E3,59497,,,520A3C5C,
,,3,2025-05-27 20:40:06,-74,81D187E3,59497,,,520A3C5C,
,,2,2025-05-27 20:40:06,-74,81D187E3,59497,,,520A3C5C,
,,5,2025-05-27 20:40:06,-74,81D187E3,59497,,,520A3C5C,
,,2,2025-05-27 20:40:06,-76,367E0F4A,520,,,520A3C5C,
,,1,2025-05-27 20:39:50,-82,81D187E3,37678,,,B995250B,
,,4,2025-05-27 20:39:50,-82,81D187E3,37678,,,B995250B,
,,5,2025-05-27 20:40:06,-69,59FE8D30,45565,,,520A3C5C,
,,2,2025-05-27 20:40:07,-68,D7510A57,52064,,,520A3C5C,
,,5,2025-05-27 20:40:07,-68,D7510A57,52064,,,520A3C5C,
,,3,2025-05-27 20:40:07,-68,D7510A57,52064,,,520A3C5C,
,,4,2025-05-27 20:40:07,-68,D7510A57,52064,,,520A3C5C,
,,5,2025-05-27 20:40:07,-68,13323C65,64236,,,520A3C5C,
,,3,2025-05-27 20:40:07,-68,13323C65,64236,,,520A3C5C,
,,1,2025-05-27 20:39:54,-82,D7510A57,36524,,,B995250B,
,,2,2025-05-27 20:40:07,-68,13323C65,64236,,,520A3C5C,
,,4,2025-05-27 20:40:07,-68,13323C65,64236,,,520A3C5C,
,,2,2025-05-27 20:40:08,-78,59FE8D30,51308,,,520A3C5C,
,,3,2025-05-27 20:40:08,-75,81D187E3,41331,,,520A3C5C,
,,2,2025-05-27 20:40:08,-75,81D187E3,41331,,,520A3C5C,
,,4,2025-05-27 20:40:08,-75,81D187E3,41331,,,520A3C5C,
,,5,2025-05-27 20:40:08,-75,81D187E3,41331,,,520A3C5C,
,,2,2025-05-27 20:40:09,-81,A648A0E7,41632,,,520A3C5C,
,,4,2025-05-27 20:40:09,-81,A648A0E7,41632,,,520A3C5C,
,,5,2025-05-27 20:40:09,-81,A648A0E7,41632,,,520A3C5C,
,,3,2025-05-27 20:40:09,-81,A648A0E7,41632,,,520A3C5C,
,,5,2025-05-27 20:40:09,-71,367E0F4A,62215,,,520A3C5C,
,,3,2025-05-27 20:40:09,-71,367E0F4A,62215,,,520A3C5C,
,,2,2025-05-27 20:40:09,-71,367E0F4A,62215,,,520A3C5C,
,,4,2025-05-27 20:40:09,-71,367E0F4A,62215,,,520A3C5C,
,,2,2025-05-27 20:39:42,-83,81D187E3,61635,,,9CC5DC79,
,,1,2025-05-27 20:39:42,-83,81D187E3,61635,,,9CC5DC79,
,,4,2025-05-27 20:39:42,-83,81D187E3,61635,,,9CC5DC79,
,,5,2025-05-27 20:39:43,-71,367E0F4A,22813,,,9CC5DC79,
,,1,2025-05-27 20:40:07,-81,59FE8D30,50428,,,B995250B,
,,4,2025-05-27 20:40:07,-81,59FE8D30,50428,,,B995250B,
,,4,2025-05-27 20:39:51,-79,A648A0E7,59566,,,9CC5DC79,
,,1,2025-05-27 20:39:51,-79,A648A0E7,59566,,,9CC5DC79,
,,1,2025-05-27 20:39:51,-80,367E0F4A,52513,,,9CC5DC79,
,,2,2025-05-27 20:39:51,-80,367E0F4A,52513,,,9CC5DC79,
,,4,2025-05-27 20:39:51,-80,367E0F4A,52513,,,9CC5DC79,
,,3,2025-05-27 20:39:51,-80,367E0F4A,52513,,,9CC5DC79,
,,5,2025-05-27 20:39:51,-80,367E0F4A,52513,,,9CC5DC79,
,,2,2025-05-27 20:39:52,-78,13323C65,46784,,,9CC5DC79,
,,1,2025-05-27 20:39:55,-81,0000006E,27961,,,9CC5DC79,
,,5,2025-05-27 20:39:55,-78,D7510A57,57008,,,9CC5DC79,
,,3,2025-05-27 20:39:55,-78,D7510A57,57008,,,9CC5DC79,
,,1,2025-05-27 20:39:56,-72,870614B1,34480,,,9CC5DC79,
,,5,2025-05-27 20:40:00,-80,A648A0E7,16097,,,9CC5DC79,
,,1,2025-05-27 20:40:01,-78,D7510A57,31485,,,9CC5DC79,
,,4,2025-05-27 20:40:01,-79,0000006E,39400,,,9CC5DC79,
,,1,2025-05-27 20:40:06,-79,59FE8D30,2235,,,9CC5DC79,
,,5,2025-05-27 20:40:10,-80,E197FE3E,64871,,,9CC5DC79,
,,5,2025-05-27 20:40:11,-78,13323C65,24416,,,9CC5DC79,
,,1,2025-05-27 20:40:12,-78,13323C65,61259,,,9CC5DC79,
,,4,2025-05-27 20:40:12,-78,13323C65,61259,,,9CC5DC79,
,,3,2025-05-27 20:40:12,-78,13323C65,61259,,,9CC5DC79,
,,2,2025-05-27 20:40:12,-78,13323C65,61259,,,9CC5DC79,
,,5,2025-05-27 20:40:12,-78,13323C65,61259,,,9CC5DC79,
,,4,2025-05-27 20:39:49,-76,D7510A57,41891,,,7378B941,
,,1,2025-05-27 20:39:49,-76,D7510A57,41891,,,7378B941,
,,5,2025-05-27 20:39:49,-76,D7510A57,41891,,,7378B941,
,,5,2025-05-27 20:39:52,-74,13323C65,46784,,,7378B941,
,,4,2025-05-27 20:39:56,-75,13323C65,14460,,,7378B941,
,,1,2025-05-27 20:39:56,-75,13323C65,14460,,,7378B941,
,,5,2025-05-27 20:39:56,-75,13323C65,14460,,,7378B941,
,,1,2025-05-27 20:39:56,-75,D7510A57,34024,,,7378B941,
,,1,2025-05-27 20:39:57,-74,07F9389E,14126,,,7378B941,
,,5,2025-05-27 20:39:59,-77,A648A0E7,39709,,,7378B941,
,,5,2025-05-27 20:40:01,-76,D7510A57,31485,,,7378B941,
,,5,2025-05-27 20:40:05,-76,D7510A57,54424,,,7378B941,
,,1,2025-05-27 20:40:05,-76,D7510A57,54424,,,7378B941,
,,4,2025-05-27 20:40:05,-76,D7510A57,54424,,,7378B941,
,,5,2025-05-27 20:40:06,-78,13323C65,59497,,,7378B941,
,,5,2025-05-27 20:40:08,-78,870614B1,4678,,,7378B941,
,,4,2025-05-27 20:40:08,-78,870614B1,4678,,,7378B941,
,,1,2025-05-27 20:40:08,-78,870614B1,4678,,,7378B941,
,,5,2025-05-27 20:40:09,-83,A648A0E7,41632,,,7378B941,
,,5,2025-05-27 20:40:09,-80,367E0F4A,62215,,,7378B941,
,,5,2025-05-27 20:40:11,-75,D7510A57,48484,,,7378B941,
,,5,2025-05-27 20:39:58,-76,D7510A57,22142,,,AA4358FB,
,,4,2025-05-27 20:39:58,-76,D7510A57,22142,,,AA4358FB,
,,5,2025-05-27 20:39:59,-79,13323C65,52219,,,AA4358FB,
,,2,2025-05-27 20:39:59,-79,13323C65,52219,,,AA4358FB,
,,5,2025-05-27 20:40:00,-76,D7510A57,33882,,,AA4358FB,
,,5,2025-05-27 20:40:14,-77,59FE8D30,4547,,,7378B941,
,,5,2025-05-27 20:40:15,-74,D7510A57,24013,,,7378B941,
,,5,2025-05-27 20:40:01,-75,D7510A57,31485,,,AA4358FB,
,,5,2025-05-27 20:40:17,-78,367E0F4A,24562,,,7378B941,
,,1,2025-05-27 20:40:17,-78,367E0F4A,24562,,,7378B941,
,,4,2025-05-27 20:40:17,-78,367E0F4A,24562,,,7378B941,
,,5,2025-05-27 20:40:19,-77,13323C65,38719,,,7378B941,
,,3,2025-05-27 20:40:04,-68,81D187E3,40419,,,AA4358FB,
,,2,2025-05-27 20:40:04,-68,81D187E3,40419,,,AA4358FB,
,,1,2025-05-27 20:40:05,-72,81D187E3,55694,,,AA4358FB,
,,4,2025-05-27 20:40:05,-72,81D187E3,55694,,,AA4358FB,
,,2,2025-05-27 20:40:05,-72,81D187E3,55694,,,AA4358FB,
,,3,2025-05-27 20:40:05,-72,81D187E3,55694,,,AA4358FB,
,,5,2025-05-27 20:40:05,-72,81D187E3,55694,,,AA4358FB,
,,3,2025-05-27 20:40:06,-74,A648A0E7,60811,,,AA4358FB,
,,4,2025-05-27 20:40:06,-76,59FE8D30,2235,,,AA4358FB,
,,2,2025-05-27 20:40:06,-76,59FE8D30,2235,,,AA4358FB,
,,3,2025-05-27 20:40:06,-76,59FE8D30,2235,,,AA4358FB,
,,5,2025-05-27 20:40:06,-76,59FE8D30,2235,,,AA4358FB,
,,3,2025-05-27 20:40:07,-69,13323C65,64236,,,AA4358FB,
,,4,2025-05-27 20:40:07,-69,13323C65,64236,,,AA4358FB,
,,2,2025-05-27 20:40:08,-80,E197FE3E,5509,,,AA4358FB,
,,5,2025-05-27 20:40:08,-80,E197FE3E,5509,,,AA4358FB,
,,4,2025-05-27 20:40:13,-72,81D187E3,12351,,,AA4358FB,
,,3,2025-05-27 20:40:13,-72,81D187E3,12351,,,AA4358FB,
,,2,2025-05-27 20:40:13,-72,81D187E3,12351,,,AA4358FB,
,,5,2025-05-27 20:40:13,-72,81D187E3,12351,,,AA4358FB,
,,1,2025-05-27 20:40:13,-72,81D187E3,12351,,,AA4358FB,
,,1,2025-05-27 20:40:14,-79,13323C65,26337,,,AA4358FB,
,,3,2025-05-27 20:40:14,-79,13323C65,26337,,,AA4358FB,
,,2,2025-05-27 20:40:14,-79,13323C65,26337,,,AA4358FB,
,,4,2025-05-27 20:40:14,-79,13323C65,26337,,,AA4358FB,
,,5,2025-05-27 20:40:14,-79,13323C65,26337,,,AA4358FB,
,,5,2025-05-27 20:40:16,-69,81D187E3,47040,,,AA4358FB,
,,3,2025-05-27 20:40:16,-64,0000006E,30103,,,AA4358FB,
,,5,2025-05-27 20:40:16,-64,0000006E,30103,,,AA4358FB,
,,2,2025-05-27 20:40:17,-76,E197FE3E,64771,,,AA4358FB,
,,5,2025-05-27 20:40:17,-76,E197FE3E,64771,,,AA4358FB,
,,5,2025-05-27 20:40:18,-69,13323C65,10892,,,AA4358FB,
,,5,2025-05-27 20:40:18,-79,870614B1,64064,,,AA4358FB,
,,3,2025-05-27 20:40:18,-79,870614B1,64064,,,AA4358FB,
,,4,2025-05-27 20:40:18,-79,870614B1,64064,,,AA4358FB,
,,2,2025-05-27 20:40:18,-79,870614B1,64064,,,AA4358FB,
,,1,2025-05-27 20:40:06,-77,59FE8D30,2235,,,7D769A01,
,,5,2025-05-27 20:40:21,-63,367E0F4A,30136,,,AA4358FB,
,,2,2025-05-27 20:40:21,-63,367E0F4A,30136,,,AA4358FB,
,,3,2025-05-27 20:40:21,-63,367E0F4A,30136,,,AA4358FB,
,,4,2025-05-27 20:40:21,-63,367E0F4A,30136,,,AA4358FB,
,,4,2025-05-27 20:40:22,-72,0000006E,11478,,,AA4358FB,
,,2,2025-05-27 20:40:22,-72,0000006E,11478,,,AA4358FB,
,,3,2025-05-27 20:40:22,-72,0000006E,11478,,,AA4358FB,
,,1,2025-05-27 20:40:23,-69,81D187E3,61948,,,AA4358FB,
,,5,2025-05-27 20:40:23,-69,13323C65,5020,,,AA4358FB,
,,3,2025-05-27 20:40:23,-69,13323C65,5020,,,AA4358FB,
,,4,2025-05-27 20:40:23,-69,13323C65,5020,,,AA4358FB,
,,1,2025-05-27 20:40:11,-75,A648A0E7,42878,,,7D769A01,
,,1,2025-05-27 20:40:12,-65,367E0F4A,1463,,,7D769A01,
,,3,2025-05-27 20:39:59,-68,59FE8D30,8108,,,D46BA6A2,
,,4,2025-05-27 20:39:59,-68,59FE8D30,8108,,,D46BA6A2,
,,4,2025-05-27 20:40:00,-68,13323C65,60030,,,D46BA6A2,
,,3,2025-05-27 20:40:00,-68,13323C65,60030,,,D46BA6A2,
,,1,2025-05-27 20:40:14,-67,367E0F4A,43883,,,7D769A01,
,,3,2025-05-27 20:40:01,-74,D7510A57,31485,,,D46BA6A2,
,,1,2025-05-27 20:40:17,-79,23D9727E,58883,,,7D769A01,
,,1,2025-05-27 20:40:18,-82,E85FB74C,52422,,,7D769A01,
,,1,2025-05-27 20:40:18,-65,367E0F4A,24562,,,7D769A01,
,,1,2025-05-27 20:40:19,-76,0000006E,57150,,,7D769A01,
,,4,2025-05-27 20:40:05,-71,870614B1,772,,,D46BA6A2,
,,3,2025-05-27 20:40:05,-71,870614B1,772,,,D46BA6A2,
,,1,2025-05-27 20:40:05,-71,870614B1,772,,,D46BA6A2,
,,5,2025-05-27 20:40:07,-74,0000006E,51075,,,D46BA6A2,
,,1,2025-05-27 20:40:07,-74,0000006E,51075,,,D46BA6A2,
,,3,2025-05-27 20:40:07,-74,0000006E,51075,,,D46BA6A2,
,,4,2025-05-27 20:40:07,-70,13323C65,64236,,,D46BA6A2,
,,5,2025-05-27 20:40:07,-70,13323C65,64236,,,D46BA6A2,
,,1,2025-05-27 20:40:07,-70,13323C65,64236,,,D46BA6A2,
,,3,2025-05-27 20:40:07,-70,13323C65,64236,,,D46BA6A2,
,,2,2025-05-27 20:40:07,-70,13323C65,64236,,,D46BA6A2,
,,1,2025-05-27 20:40:21,-76,81D187E3,34861,,,7D769A01,
,,3,2025-05-27 20:40:07,-69,59FE8D30,50428,,,D46BA6A2,
,,1,2025-05-27 20:40:21,-65,367E0F4A,30136,,,7D769A01,
,,1,2025-05-27 20:40:21,-73,59FE8D30,13971,,,7D769A01,
,,3,2025-05-27 20:40:07,-77,23D9727E,51662,,,D46BA6A2,
,,4,2025-05-27 20:40:07,-77,23D9727E,51662,,,D46BA6A2,
,,3,2025-05-27 20:40:07,-78,E197FE3E,5509,,,D46BA6A2,
,,1,2025-05-27 20:40:22,-76,0000006E,11478,,,7D769A01,
,,1,2025-05-27 20:40:10,-79,81D187E3,34029,,,D46BA6A2,
,,2,2025-05-27 20:40:10,-79,81D187E3,34029,,,D46BA6A2,
,,1,2025-05-27 20:40:23,-76,59FE8D30,50786,,,7D769A01,
,,3,2025-05-27 20:40:12,-75,13323C65,61259,,,D46BA6A2,
,,1,2025-05-27 20:40:23,-65,367E0F4A,32509,,,7D769A01,
,,1,2025-05-27 20:40:24,-76,B78FE24A,14551,,,7D769A01,
,,4,2025-05-27 20:40:16,-68,59FE8D30,20341,,,D46BA6A2,
,,1,2025-05-27 20:40:16,-68,59FE8D30,20341,,,D46BA6A2,
,,2,2025-05-27 20:40:16,-68,59FE8D30,20341,,,D46BA6A2,
,,5,2025-05-27 20:40:16,-68,59FE8D30,20341,,,D46BA6A2,
,,3,2025-05-27 20:40:16,-68,59FE8D30,20341,,,D46BA6A2,
,,5,2025-05-27 20:40:17,-78,E85FB74C,52422,,,D46BA6A2,
,,3,2025-05-27 20:40:17,-78,E85FB74C,52422,,,D46BA6A2,
,,4,2025-05-27 20:40:17,-78,E85FB74C,52422,,,D46BA6A2,
,,2,2025-05-27 20:40:17,-78,E85FB74C,52422,,,D46BA6A2,
,,1,2025-05-27 20:40:17,-78,E85FB74C,52422,,,D46BA6A2,
,,2,2025-05-27 20:40:18,-69,59FE8D30,32346,,,D46BA6A2,
,,3,2025-05-27 20:40:18,-69,59FE8D30,32346,,,D46BA6A2,
,,1,2025-05-27 20:40:19,-68,59FE8D30,58324,,,D46BA6A2,
,,3,2025-05-27 20:40:21,-78,81D187E3,156,,,D46BA6A2,
,,3,2025-05-27 20:40:22,-77,23D9727E,10858,,,D46BA6A2,
,,2,2025-05-27 20:40:22,-77,23D9727E,10858,,,D46BA6A2,
,,4,2025-05-27 20:40:00,-83,E2A807D7,53339,,,4D64B5B5,
,,4,2025-05-27 20:40:01,-75,0000006E,39400,,,4D64B5B5,
,,3,2025-05-27 20:40:23,-78,81D187E3,16418,,,D46BA6A2,
,,4,2025-05-27 20:40:23,-78,81D187E3,16418,,,D46BA6A2,
,,2,2025-05-27 20:40:23,-75,13323C65,51648,,,D46BA6A2,
,,3,2025-05-27 20:40:23,-75,13323C65,51648,,,D46BA6A2,
,,5,2025-05-27 20:40:23,-75,13323C65,51648,,,D46BA6A2,
,,3,2025-05-27 20:40:25,-71,0000006E,56192,,,D46BA6A2,
,,3,2025-05-27 20:40:25,-67,D7510A57,32797,,,D46BA6A2,
,,4,2025-05-27 20:40:25,-67,D7510A57,32797,,,D46BA6A2,
,,1,2025-05-27 20:40:09,-80,A648A0E7,41632,,,4D64B5B5,
,,4,2025-05-27 20:39:52,-80,0000006E,31065,,,CB4A1EAE,
,,1,2025-05-27 20:39:52,-80,0000006E,31065,,,CB4A1EAE,
,,4,2025-05-27 20:39:54,-79,A648A0E7,47574,,,CB4A1EAE,
,,4,2025-05-27 20:40:00,-83,D7510A57,33882,,,CB4A1EAE,
,,1,2025-05-27 20:40:00,-79,13323C65,60030,,,CB4A1EAE,
,,4,2025-05-27 20:40:01,-83,A648A0E7,15933,,,CB4A1EAE,
,,1,2025-05-27 20:40:01,-83,A648A0E7,15933,,,CB4A1EAE,
,,4,2025-05-27 20:40:19,-82,13323C65,38719,,,4D64B5B5,
,,1,2025-05-27 20:40:10,-84,A648A0E7,42878,,,CB4A1EAE,
,,4,2025-05-27 20:40:10,-84,A648A0E7,42878,,,CB4A1EAE,
,,1,2025-05-27 20:40:26,-82,13323C65,24573,,,4D64B5B5,
,,4,2025-05-27 20:40:26,-82,13323C65,24573,,,4D64B5B5,
,,2,2025-05-27 20:40:12,-86,59FE8D30,53052,,,9CC5DC79,
,,5,2025-05-27 20:40:12,-86,59FE8D30,53052,,,9CC5DC79,
,,3,2025-05-27 20:40:12,-86,59FE8D30,53052,,,9CC5DC79,
,,4,2025-05-27 20:40:12,-86,59FE8D30,53052,,,9CC5DC79,
,,5,2025-05-27 20:40:16,-78,D7510A57,29828,,,9CC5DC79,
,,1,2025-05-27 20:40:17,-82,81D187E3,8185,,,9CC5DC79,
,,4,2025-05-27 20:40:17,-82,81D187E3,8185,,,9CC5DC79,
,,3,2025-05-27 20:40:17,-82,81D187E3,8185,,,9CC5DC79,
,,2,2025-05-27 20:40:17,-82,81D187E3,8185,,,9CC5DC79,
,,5,2025-05-27 20:40:19,-79,0000006E,57150,,,9CC5DC79,
,,1,2025-05-27 20:40:21,-70,367E0F4A,30136,,,9CC5DC79,
,,4,2025-05-27 20:40:21,-70,367E0F4A,30136,,,9CC5DC79,
,,5,2025-05-27 20:40:21,-70,367E0F4A,30136,,,9CC5DC79,
,,3,2025-05-27 20:40:23,-82,81D187E3,16418,,,9CC5DC79,
,,1,2025-05-27 20:40:23,-82,81D187E3,16418,,,9CC5DC79,
,,5,2025-05-27 20:40:23,-82,81D187E3,16418,,,9CC5DC79,
,,4,2025-05-27 20:40:23,-82,81D187E3,16418,,,9CC5DC79,
,,2,2025-05-27 20:40:23,-82,81D187E3,16418,,,9CC5DC79,
,,3,2025-05-27 20:40:25,-72,13323C65,46497,,,9CC5DC79,
,,4,2025-05-27 20:40:25,-72,13323C65,46497,,,9CC5DC79,
,,5,2025-05-27 20:40:25,-72,13323C65,46497,,,9CC5DC79,
,,5,2025-05-27 20:40:27,-84,59FE8D30,28640,,,9CC5DC79,
,,3,2025-05-27 20:40:28,-82,81D187E3,15942,,,9CC5DC79,
,,4,2025-05-27 20:40:28,-82,81D187E3,15942,,,9CC5DC79,
,,1,2025-05-27 20:40:28,-78,59FE8D30,58468,,,9CC5DC79,
,,1,2025-05-27 20:40:28,-80,A648A0E7,43801,,,9CC5DC79,
,,1,2025-05-27 20:40:34,-72,13323C65,10086,,,9CC5DC79,
,,4,2025-05-27 20:40:37,-81,07F9389E,52416,,,9CC5DC79,
,,1,2025-05-27 20:40:37,-81,07F9389E,52416,,,9CC5DC79,
,,5,2025-05-27 20:40:37,-81,07F9389E,52416,,,9CC5DC79,
,,1,2025-05-27 20:40:37,-81,81D187E3,22319,,,9CC5DC79,
,,4,2025-05-27 20:40:12,-78,13323C65,61259,,,B995250B,
,,1,2025-05-27 20:40:12,-78,13323C65,61259,,,B995250B,
,,4,2025-05-27 20:40:15,-81,870614B1,58130,,,B995250B,
,,1,2025-05-27 20:40:15,-81,870614B1,58130,,,B995250B,
,,4,2025-05-27 20:40:22,-82,A648A0E7,30358,,,B995250B,
,,1,2025-05-27 20:40:22,-82,A648A0E7,30358,,,B995250B,
,,1,2025-05-27 20:40:26,-72,367E0F4A,63544,,,B995250B,
,,4,2025-05-27 20:40:26,-72,367E0F4A,63544,,,B995250B,
,,1,2025-05-27 20:40:26,-72,D7510A57,52543,,,B995250B,
,,4,2025-05-27 20:40:26,-72,D7510A57,52543,,,B995250B,
,,1,2025-05-27 20:40:28,-83,A648A0E7,42686,,,B995250B,
,,4,2025-05-27 20:40:28,-83,A648A0E7,42686,,,B995250B,
,,3,2025-05-27 20:40:10,-79,E2A807D7,24942,,,520A3C5C,
,,2,2025-05-27 20:40:10,-79,E2A807D7,24942,,,520A3C5C,
,,1,2025-05-27 20:40:10,-83,E197FE3E,64871,,,520A3C5C,
,,4,2025-05-27 20:40:10,-83,E197FE3E,64871,,,520A3C5C,
,,3,2025-05-27 20:40:10,-83,E197FE3E,64871,,,520A3C5C,
,,5,2025-05-27 20:40:10,-83,E197FE3E,64871,,,520A3C5C,
,,2,2025-05-27 20:40:10,-83,E197FE3E,64871,,,520A3C5C,
,,5,2025-05-27 20:40:10,-67,A648A0E7,42878,,,520A3C5C,
,,4,2025-05-27 20:40:29,-79,23D9727E,779,,,B995250B,
,,1,2025-05-27 20:40:29,-79,23D9727E,779,,,B995250B,
,,3,2025-05-27 20:40:11,-82,19836CFF,46517,,,520A3C5C,
,,2,2025-05-27 20:40:11,-82,19836CFF,46517,,,520A3C5C,
,,5,2025-05-27 20:40:11,-82,19836CFF,46517,,,520A3C5C,
,,4,2025-05-27 20:40:11,-82,19836CFF,46517,,,520A3C5C,
,,5,2025-05-27 20:40:13,-69,13323C65,26337,,,520A3C5C,
,,2,2025-05-27 20:40:13,-69,13323C65,26337,,,520A3C5C,
,,4,2025-05-27 20:40:16,-76,59FE8D30,20341,,,520A3C5C,
,,5,2025-05-27 20:40:16,-76,59FE8D30,20341,,,520A3C5C,
,,5,2025-05-27 20:40:17,-76,59FE8D30,20521,,,520A3C5C,
,,1,2025-05-27 20:40:39,-70,870614B1,56439,,,B995250B,
,,4,2025-05-27 20:40:39,-70,870614B1,56439,,,B995250B,
,,4,2025-05-27 20:40:20,-83,A648A0E7,27010,,,520A3C5C,
,,2,2025-05-27 20:40:21,-72,D7510A57,10895,,,520A3C5C,
,,5,2025-05-27 20:40:21,-72,D7510A57,10895,,,520A3C5C,
,,4,2025-05-27 20:40:21,-72,D7510A57,10895,,,520A3C5C,
,,3,2025-05-27 20:40:21,-72,D7510A57,10895,,,520A3C5C,
,,5,2025-05-27 20:40:23,-70,59FE8D30,30437,,,520A3C5C,
,,1,2025-05-27 20:40:23,-70,59FE8D30,30437,,,520A3C5C,
,,2,2025-05-27 20:40:23,-70,59FE8D30,30437,,,520A3C5C,
,,3,2025-05-27 20:40:23,-70,59FE8D30,30437,,,520A3C5C,
,,4,2025-05-27 20:40:23,-70,59FE8D30,30437,,,520A3C5C,
,,5,2025-05-27 20:40:25,-79,19836CFF,54388,,,520A3C5C,
,,4,2025-05-27 20:40:25,-71,13323C65,46497,,,520A3C5C,
,,4,2025-05-27 20:40:27,-71,07F9389E,43867,,,520A3C5C,
,,2,2025-05-27 20:40:27,-71,07F9389E,43867,,,520A3C5C,
,,1,2025-05-27 20:40:27,-71,07F9389E,43867,,,520A3C5C,
,,3,2025-05-27 20:40:27,-71,07F9389E,43867,,,520A3C5C,
,,5,2025-05-27 20:40:27,-71,07F9389E,43867,,,520A3C5C,
,,5,2025-05-27 20:40:28,-81,23D9727E,779,,,520A3C5C,
,,2,2025-05-27 20:40:28,-81,23D9727E,779,,,520A3C5C,
,,3,2025-05-27 20:40:28,-81,23D9727E,779,,,520A3C5C,
,,4,2025-05-27 20:40:29,-76,59FE8D30,20926,,,520A3C5C,
,,5,2025-05-27 20:40:30,-68,D7510A57,4226,,,520A3C5C,
,,3,2025-05-27 20:40:32,-75,A648A0E7,37609,,,520A3C5C,
,,5,2025-05-27 20:40:32,-75,A648A0E7,37609,,,520A3C5C,
,,2,2025-05-27 20:40:32,-75,A648A0E7,37609,,,520A3C5C,
,,4,2025-05-27 20:40:32,-75,A648A0E7,37609,,,520A3C5C,
,,3,2025-05-27 20:40:32,-78,59FE8D30,55442,,,520A3C5C,
,,3,2025-05-27 20:40:36,-74,870614B1,60674,,,520A3C5C,
,,3,2025-05-27 20:40:37,-75,A648A0E7,59838,,,520A3C5C,
,,2,2025-05-27 20:40:37,-75,A648A0E7,59838,,,520A3C5C,
,,4,2025-05-27 20:40:37,-67,D7510A57,3589,,,520A3C5C,
,,5,2025-05-27 20:40:37,-67,D7510A57,3589,,,520A3C5C,
,,3,2025-05-27 20:40:37,-67,D7510A57,3589,,,520A3C5C,
,,1,2025-05-27 20:40:37,-67,D7510A57,3589,,,520A3C5C,
,,2,2025-05-27 20:40:37,-67,D7510A57,3589,,,520A3C5C,
,,2,2025-05-27 20:40:40,-67,D7510A57,52406,,,520A3C5C,
,,4,2025-05-27 20:40:40,-67,D7510A57,52406,,,520A3C5C,
,,5,2025-05-27 20:40:40,-67,D7510A57,52406,,,520A3C5C,
,,3,2025-05-27 20:40:40,-67,D7510A57,52406,,,520A3C5C,
,,5,2025-05-27 20:40:41,-68,D7510A57,15474,,,520A3C5C,
,,1,2025-05-27 20:40:29,-74,A648A0E7,43801,,,7D769A01,
,,1,2025-05-27 20:40:30,-77,81D187E3,9567,,,7D769A01,
,,1,2025-05-27 20:40:32,-68,D7510A57,48797,,,7D769A01,
,,1,2025-05-27 20:40:32,-72,13323C65,5391,,,7D769A01,
,,3,2025-05-27 20:40:27,-65,59FE8D30,28640,,,D46BA6A2,
,,1,2025-05-27 20:40:27,-65,59FE8D30,28640,,,D46BA6A2,
,,5,2025-05-27 20:40:27,-65,59FE8D30,28640,,,D46BA6A2,
,,4,2025-05-27 20:40:27,-65,59FE8D30,28640,,,D46BA6A2,
,,2,2025-05-27 20:40:27,-65,59FE8D30,28640,,,D46BA6A2,
,,1,2025-05-27 20:40:33,-74,A648A0E7,61547,,,7D769A01,
,,3,2025-05-27 20:40:29,-69,13323C65,63317,,,D46BA6A2,
,,5,2025-05-27 20:40:29,-69,13323C65,63317,,,D46BA6A2,
,,1,2025-05-27 20:40:29,-69,13323C65,63317,,,D46BA6A2,
,,4,2025-05-27 20:40:29,-69,13323C65,63317,,,D46BA6A2,
,,2,2025-05-27 20:40:29,-69,13323C65,63317,,,D46BA6A2,
,,1,2025-05-27 20:40:34,-77,E197FE3E,21566,,,7D769A01,
,,1,2025-05-27 20:40:31,-77,81D187E3,44368,,,D46BA6A2,
,,1,2025-05-27 20:40:32,-78,81D187E3,46691,,,D46BA6A2,
,,5,2025-05-27 20:40:32,-78,81D187E3,46691,,,D46BA6A2,
,,4,2025-05-27 20:40:32,-78,81D187E3,46691,,,D46BA6A2,
,,3,2025-05-27 20:40:32,-78,81D187E3,46691,,,D46BA6A2,
,,3,2025-05-27 20:40:34,-80,19836CFF,8664,,,D46BA6A2,
,,4,2025-05-27 20:40:34,-80,19836CFF,8664,,,D46BA6A2,
,,1,2025-05-27 20:40:34,-80,19836CFF,8664,,,D46BA6A2,
,,1,2025-05-27 20:40:37,-71,07F9389E,52416,,,7D769A01,
,,1,2025-05-27 20:40:36,-74,D7510A57,36310,,,D46BA6A2,
,,5,2025-05-27 20:40:36,-74,D7510A57,36310,,,D46BA6A2,
,,3,2025-05-27 20:40:36,-74,D7510A57,36310,,,D46BA6A2,
,,4,2025-05-27 20:40:36,-74,D7510A57,36310,,,D46BA6A2,
,,2,2025-05-27 20:40:36,-74,D7510A57,36310,,,D46BA6A2,
,,3,2025-05-27 20:40:37,-71,0000006E,18097,,,D46BA6A2,
,,4,2025-05-27 20:40:37,-71,0000006E,18097,,,D46BA6A2,
,,1,2025-05-27 20:40:37,-71,0000006E,18097,,,D46BA6A2,
,,4,2025-05-27 20:40:39,-79,81D187E3,2663,,,D46BA6A2,
,,3,2025-05-27 20:40:39,-79,81D187E3,2663,,,D46BA6A2,
,,4,2025-05-27 20:40:41,-80,870614B1,60529,,,D46BA6A2,
,,3,2025-05-27 20:40:41,-80,870614B1,60529,,,D46BA6A2,
,,5,2025-05-27 20:40:41,-80,870614B1,60529,,,D46BA6A2,
,,3,2025-05-27 20:40:46,-69,59FE8D30,16196,,,D46BA6A2,
,,2,2025-05-27 20:40:46,-69,59FE8D30,16196,,,D46BA6A2,
,,4,2025-05-27 20:40:46,-69,59FE8D30,16196,,,D46BA6A2,
,,3,2025-05-27 20:40:46,-76,23D9727E,26001,,,D46BA6A2,
,,4,2025-05-27 20:40:46,-76,23D9727E,26001,,,D46BA6A2,
,,1,2025-05-27 20:40:46,-76,23D9727E,26001,,,D46BA6A2,
,,5,2025-05-27 20:40:24,-76,59FE8D30,30437,,,AA4358FB,
,,2,2025-05-27 20:40:24,-76,59FE8D30,30437,,,AA4358FB,
,,1,2025-05-27 20:40:24,-76,59FE8D30,17981,,,AA4358FB,
,,1,2025-05-27 20:40:25,-82,E2A807D7,33319,,,AA4358FB,
,,4,2025-05-27 20:40:28,-78,13323C65,2136,,,AA4358FB,
,,3,2025-05-27 20:40:28,-78,13323C65,2136,,,AA4358FB,
,,2,2025-05-27 20:40:28,-78,13323C65,2136,,,AA4358FB,
,,5,2025-05-27 20:40:31,-69,13323C65,63382,,,AA4358FB,
,,3,2025-05-27 20:40:31,-67,367E0F4A,53647,,,AA4358FB,
,,5,2025-05-27 20:40:33,-79,A648A0E7,61547,,,AA4358FB,
,,3,2025-05-27 20:40:33,-79,A648A0E7,61547,,,AA4358FB,
,,5,2025-05-27 20:40:36,-76,D7510A57,36310,,,AA4358FB,
,,3,2025-05-27 20:40:36,-76,D7510A57,36310,,,AA4358FB,
,,2,2025-05-27 20:40:36,-76,D7510A57,36310,,,AA4358FB,
,,4,2025-05-27 20:40:39,-71,13323C65,27325,,,AA4358FB,
,,5,2025-05-27 20:40:39,-71,13323C65,27325,,,AA4358FB,
,,3,2025-05-27 20:40:39,-71,13323C65,27325,,,AA4358FB,
,,2,2025-05-27 20:40:39,-71,13323C65,27325,,,AA4358FB,
,,5,2025-05-27 20:40:39,-66,367E0F4A,8741,,,AA4358FB,
,,5,2025-05-27 20:40:42,-71,13323C65,57557,,,AA4358FB,
,,5,2025-05-27 20:40:42,-75,A648A0E7,7042,,,AA4358FB,
,,3,2025-05-27 20:40:42,-75,A648A0E7,7042,,,AA4358FB,
,,4,2025-05-27 20:40:44,-77,E197FE3E,3695,,,AA4358FB,
,,5,2025-05-27 20:40:44,-77,E197FE3E,3695,,,AA4358FB,
,,3,2025-05-27 20:40:44,-77,E197FE3E,3695,,,AA4358FB,
,,4,2025-05-27 20:40:45,-65,367E0F4A,29979,,,AA4358FB,
,,3,2025-05-27 20:40:45,-65,367E0F4A,29979,,,AA4358FB,
,,3,2025-05-27 20:40:51,-68,870614B1,61722,,,AA4358FB,
,,5,2025-05-27 20:40:51,-68,870614B1,61722,,,AA4358FB,
,,5,2025-05-27 20:40:51,-69,13323C65,27946,,,AA4358FB,
,,1,2025-05-27 20:40:29,-71,367E0F4A,25911,,,4D64B5B5,
,,4,2025-05-27 20:40:29,-71,367E0F4A,25911,,,4D64B5B5,
,,1,2025-05-27 20:40:36,-77,13323C65,4514,,,4D64B5B5,
,,4,2025-05-27 20:40:36,-77,13323C65,4514,,,4D64B5B5,
,,4,2025-05-27 20:40:40,-70,367E0F4A,20902,,,4D64B5B5,
,,1,2025-05-27 20:40:40,-70,367E0F4A,20902,,,4D64B5B5,
,,4,2025-05-27 20:40:42,-78,13323C65,57557,,,4D64B5B5,
,,1,2025-05-27 20:40:42,-78,13323C65,57557,,,4D64B5B5,
,,5,2025-05-27 20:40:22,-81,23D9727E,10858,,,7378B941,
,,5,2025-05-27 20:40:24,-80,81D187E3,16085,,,7378B941,
,,4,2025-05-27 20:40:44,-79,59FE8D30,11734,,,4D64B5B5,
,,5,2025-05-27 20:40:30,-76,13323C65,63382,,,7378B941,
,,1,2025-05-27 20:40:48,-73,81D187E3,25530,,,4D64B5B5,
,,4,2025-05-27 20:40:48,-73,81D187E3,25530,,,4D64B5B5,
,,5,2025-05-27 20:40:31,-77,59FE8D30,55442,,,7378B941,
,,5,2025-05-27 20:40:36,-77,59FE8D30,63970,,,7378B941,
,,1,2025-05-27 20:40:37,-79,367E0F4A,19765,,,7378B941,
,,5,2025-05-27 20:40:37,-79,367E0F4A,19765,,,7378B941,
,,4,2025-05-27 20:40:37,-79,367E0F4A,19765,,,7378B941,
,,5,2025-05-27 20:40:37,-76,59FE8D30,8459,,,7378B941,
,,5,2025-05-27 20:40:40,-81,81D187E3,23652,,,7378B941,
,,1,2025-05-27 20:40:41,-74,13323C65,57557,,,7378B941,
,,1,2025-05-27 20:40:50,-66,367E0F4A,38340,,,7D769A01,
,,1,2025-05-27 20:40:38,-82,13323C65,53969,,,CB4A1EAE,
,,4,2025-05-27 20:40:38,-82,13323C65,53969,,,CB4A1EAE,
,,1,2025-05-27 20:40:53,-68,D7510A57,34458,,,7D769A01,
,,4,2025-05-27 20:40:39,-79,13323C65,27325,,,CB4A1EAE,
,,1,2025-05-27 20:40:54,-74,A648A0E7,9569,,,7D769A01,
,,1,2025-05-27 20:40:56,-68,D7510A57,2257,,,7D769A01,
,,3,2025-05-27 20:40:42,-72,07F9389E,47515,,,520A3C5C,
,,5,2025-05-27 20:40:42,-72,07F9389E,47515,,,520A3C5C,
,,2,2025-05-27 20:40:42,-72,07F9389E,47515,,,520A3C5C,
,,2,2025-05-27 20:40:42,-78,81D187E3,32888,,,520A3C5C,
,,4,2025-05-27 20:40:42,-78,81D187E3,32888,,,520A3C5C,
,,3,2025-05-27 20:40:43,-75,A648A0E7,61805,,,520A3C5C,
,,5,2025-05-27 20:40:43,-75,A648A0E7,61805,,,520A3C5C,
,,2,2025-05-27 20:40:43,-75,A648A0E7,61805,,,520A3C5C,
,,4,2025-05-27 20:40:52,-74,D7510A57,34458,,,CB4A1EAE,
,,1,2025-05-27 20:40:52,-74,D7510A57,34458,,,CB4A1EAE,
,,4,2025-05-27 20:40:53,-82,D7510A57,21434,,,CB4A1EAE,
,,1,2025-05-27 20:40:58,-73,13323C65,36393,,,7D769A01,
,,1,2025-05-27 20:40:54,-82,D7510A57,41985,,,CB4A1EAE,
,,3,2025-05-27 20:40:49,-68,13323C65,49219,,,520A3C5C,
,,5,2025-05-27 20:40:49,-68,13323C65,49219,,,520A3C5C,
,,2,2025-05-27 20:40:49,-68,13323C65,49219,,,520A3C5C,
,,4,2025-05-27 20:40:49,-68,13323C65,49219,,,520A3C5C,
,,1,2025-05-27 20:41:00,-74,81D187E3,45670,,,7D769A01,
,,4,2025-05-27 20:40:56,-84,23D9727E,17074,,,CB4A1EAE,
,,1,2025-05-27 20:41:01,-74,59FE8D30,41260,,,7D769A01,
,,1,2025-05-27 20:41:04,-78,81D187E3,12768,,,7D769A01,
,,2,2025-05-27 20:40:51,-76,367E0F4A,53961,,,520A3C5C,
,,3,2025-05-27 20:40:51,-76,367E0F4A,53961,,,520A3C5C,
,,4,2025-05-27 20:40:51,-76,367E0F4A,53961,,,520A3C5C,
,,5,2025-05-27 20:40:51,-76,367E0F4A,53961,,,520A3C5C,
,,3,2025-05-27 20:40:52,-75,81D187E3,53823,,,520A3C5C,
,,2,2025-05-27 20:40:52,-75,81D187E3,53823,,,520A3C5C,
,,1,2025-05-27 20:40:52,-75,81D187E3,53823,,,520A3C5C,
,,5,2025-05-27 20:40:52,-75,81D187E3,53823,,,520A3C5C,
,,4,2025-05-27 20:40:52,-75,81D187E3,53823,,,520A3C5C,
,,5,2025-05-27 20:40:53,-70,59FE8D30,57275,,,520A3C5C,
,,4,2025-05-27 20:40:53,-70,59FE8D30,57275,,,520A3C5C,
,,2,2025-05-27 20:40:53,-75,A648A0E7,58556,,,520A3C5C,
,,3,2025-05-27 20:40:53,-75,A648A0E7,58556,,,520A3C5C,
,,5,2025-05-27 20:40:54,-77,59FE8D30,51654,,,520A3C5C,
,,1,2025-05-27 20:40:54,-77,59FE8D30,51654,,,520A3C5C,
,,4,2025-05-27 20:40:54,-77,59FE8D30,51654,,,520A3C5C,
,,3,2025-05-27 20:40:54,-77,59FE8D30,51654,,,520A3C5C,
,,2,2025-05-27 20:40:54,-77,59FE8D30,51654,,,520A3C5C,
,,4,2025-05-27 20:40:54,-75,870614B1,18261,,,520A3C5C,
,,4,2025-05-27 20:40:54,-67,D7510A57,41985,,,520A3C5C,
,,2,2025-05-27 20:40:56,-68,13323C65,63493,,,520A3C5C,
,,3,2025-05-27 20:40:56,-68,13323C65,63493,,,520A3C5C,
,,5,2025-05-27 20:40:56,-68,13323C65,63493,,,520A3C5C,
,,4,2025-05-27 20:40:56,-68,13323C65,63493,,,520A3C5C,
,,5,2025-05-27 20:40:57,-68,13323C65,2602,,,520A3C5C,
,,1,2025-05-27 20:40:57,-79,59FE8D30,63131,,,B995250B,
,,4,2025-05-27 20:40:57,-79,59FE8D30,63131,,,B995250B,
,,4,2025-05-27 20:40:59,-77,D7510A57,11118,,,B995250B,
,,1,2025-05-27 20:40:59,-77,D7510A57,11118,,,B995250B,
,,5,2025-05-27 20:41:00,-65,A648A0E7,46634,,,520A3C5C,
,,4,2025-05-27 20:41:00,-71,D7510A57,34704,,,520A3C5C,
,,5,2025-05-27 20:41:00,-76,81D187E3,3807,,,520A3C5C,
,,2,2025-05-27 20:41:00,-70,367E0F4A,45229,,,520A3C5C,
,,3,2025-05-27 20:41:00,-70,367E0F4A,45229,,,520A3C5C,
,,5,2025-05-27 20:41:00,-70,367E0F4A,45229,,,520A3C5C,
,,1,2025-05-27 20:40:40,-79,13323C65,4840,,,9CC5DC79,
,,5,2025-05-27 20:41:01,-76,367E0F4A,17718,,,520A3C5C,
,,2,2025-05-27 20:41:01,-76,367E0F4A,17718,,,520A3C5C,
,,1,2025-05-27 20:41:02,-77,13323C65,494,,,B995250B,
,,5,2025-05-27 20:41:02,-72,D7510A57,58394,,,520A3C5C,
,,4,2025-05-27 20:41:02,-72,D7510A57,58394,,,520A3C5C,
,,3,2025-05-27 20:41:02,-72,D7510A57,58394,,,520A3C5C,
,,2,2025-05-27 20:41:02,-72,D7510A57,58394,,,520A3C5C,
,,5,2025-05-27 20:40:42,-82,870614B1,60529,,,9CC5DC79,
,,4,2025-05-27 20:40:42,-82,870614B1,60529,,,9CC5DC79,
,,3,2025-05-27 20:40:42,-82,870614B1,60529,,,9CC5DC79,
,,1,2025-05-27 20:40:42,-82,870614B1,60529,,,9CC5DC79,
,,2,2025-05-27 20:40:42,-82,870614B1,60529,,,9CC5DC79,
,,4,2025-05-27 20:41:03,-73,D7510A57,17396,,,B995250B,
,,1,2025-05-27 20:41:03,-73,D7510A57,17396,,,B995250B,
,,2,2025-05-27 20:41:03,-70,13323C65,22648,,,520A3C5C,
,,3,2025-05-27 20:41:03,-70,13323C65,22648,,,520A3C5C,
,,5,2025-05-27 20:41:03,-70,13323C65,22648,,,520A3C5C,
,,4,2025-05-27 20:41:03,-70,13323C65,22648,,,520A3C5C,
,,5,2025-05-27 20:40:43,-72,367E0F4A,31536,,,9CC5DC79,
,,4,2025-05-27 20:40:43,-72,367E0F4A,31536,,,9CC5DC79,
,,1,2025-05-27 20:40:43,-72,367E0F4A,31536,,,9CC5DC79,
,,5,2025-05-27 20:40:45,-80,367E0F4A,29979,,,9CC5DC79,
,,2,2025-05-27 20:40:45,-80,367E0F4A,29979,,,9CC5DC79,
,,1,2025-05-27 20:40:47,-81,367E0F4A,45211,,,9CC5DC79,
,,5,2025-05-27 20:40:47,-81,367E0F4A,45211,,,9CC5DC79,
,,4,2025-05-27 20:40:47,-81,367E0F4A,45211,,,9CC5DC79,
,,2,2025-05-27 20:40:47,-81,367E0F4A,45211,,,9CC5DC79,
,,3,2025-05-27 20:40:47,-81,367E0F4A,45211,,,9CC5DC79,
,,1,2025-05-27 20:40:57,-72,13323C65,2602,,,9CC5DC79,
,,1,2025-05-27 20:40:57,-74,A648A0E7,51718,,,9CC5DC79,
,,4,2025-05-27 20:40:57,-74,A648A0E7,51718,,,9CC5DC79,
,,3,2025-05-27 20:40:58,-72,13323C65,36393,,,9CC5DC79,
,,3,2025-05-27 20:41:02,-75,A648A0E7,17276,,,9CC5DC79,
,,1,2025-05-27 20:41:02,-75,A648A0E7,17276,,,9CC5DC79,
,,4,2025-05-27 20:41:02,-75,A648A0E7,17276,,,9CC5DC79,
,,5,2025-05-27 20:41:02,-75,A648A0E7,17276,,,9CC5DC79,
,,2,2025-05-27 20:41:02,-75,A648A0E7,17276,,,9CC5DC79,
,,5,2025-05-27 20:41:02,-78,D7510A57,58394,,,9CC5DC79,
,,2,2025-05-27 20:41:02,-78,D7510A57,58394,,,9CC5DC79,
,,3,2025-05-27 20:41:02,-78,D7510A57,58394,,,9CC5DC79,
,,1,2025-05-27 20:41:02,-78,D7510A57,58394,,,9CC5DC79,
,,4,2025-05-27 20:41:02,-78,D7510A57,58394,,,9CC5DC79,
,,1,2025-05-27 20:41:02,-71,367E0F4A,26962,,,9CC5DC79,
,,3,2025-05-27 20:41:03,-73,870614B1,19845,,,9CC5DC79,
,,4,2025-05-27 20:41:04,-84,13323C65,63501,,,9CC5DC79,
,,1,2025-05-27 20:41:04,-84,13323C65,63501,,,9CC5DC79,
,,1,2025-05-27 20:41:04,-70,367E0F4A,40623,,,9CC5DC79,
,,5,2025-05-27 20:41:06,-79,A648A0E7,35467,,,9CC5DC79,
,,1,2025-05-27 20:40:47,-69,59FE8D30,8043,,,D46BA6A2,
,,1,2025-05-27 20:40:49,-76,B78FE24A,54891,,,D46BA6A2,
,,2,2025-05-27 20:40:49,-76,B78FE24A,54891,,,D46BA6A2,
,,3,2025-05-27 20:40:49,-76,B78FE24A,54891,,,D46BA6A2,
,,5,2025-05-27 20:40:49,-76,B78FE24A,54891,,,D46BA6A2,
,,4,2025-05-27 20:40:49,-76,B78FE24A,54891,,,D46BA6A2,
,,3,2025-05-27 20:40:50,-68,59FE8D30,44576,,,D46BA6A2,
,,2,2025-05-27 20:40:50,-68,59FE8D30,44576,,,D46BA6A2,
,,1,2025-05-27 20:40:50,-75,13323C65,27946,,,D46BA6A2,
,,4,2025-05-27 20:40:51,-68,59FE8D30,46200,,,D46BA6A2,
,,1,2025-05-27 20:40:51,-68,59FE8D30,46200,,,D46BA6A2,
,,1,2025-05-27 20:40:51,-80,E2A807D7,49233,,,D46BA6A2,
,,2,2025-05-27 20:40:52,-70,0000006E,40071,,,D46BA6A2,
,,4,2025-05-27 20:40:52,-70,0000006E,40071,,,D46BA6A2,
,,3,2025-05-27 20:40:52,-70,0000006E,40071,,,D46BA6A2,
,,5,2025-05-27 20:40:52,-70,0000006E,40071,,,D46BA6A2,
,,2,2025-05-27 20:40:53,-68,870614B1,18261,,,D46BA6A2,
,,5,2025-05-27 20:40:53,-68,870614B1,18261,,,D46BA6A2,
,,4,2025-05-27 20:40:53,-68,870614B1,18261,,,D46BA6A2,
,,1,2025-05-27 20:40:53,-68,870614B1,18261,,,D46BA6A2,
,,3,2025-05-27 20:40:53,-68,870614B1,18261,,,D46BA6A2,
,,2,2025-05-27 20:40:53,-75,13323C65,56718,,,D46BA6A2,
,,5,2025-05-27 20:40:53,-75,13323C65,56718,,,D46BA6A2,
,,4,2025-05-27 20:40:53,-75,13323C65,56718,,,D46BA6A2,
,,1,2025-05-27 20:40:53,-75,13323C65,56718,,,D46BA6A2,
,,3,2025-05-27 20:40:53,-75,13323C65,56718,,,D46BA6A2,
,,2,2025-05-27 20:40:54,-74,D7510A57,41985,,,D46BA6A2,
,,3,2025-05-27 20:40:54,-74,D7510A57,41985,,,D46BA6A2,
,,1,2025-05-27 20:40:54,-72,367E0F4A,25864,,,D46BA6A2,
,,2,2025-05-27 20:40:54,-72,367E0F4A,25864,,,D46BA6A2,
,,5,2025-05-27 20:40:54,-72,367E0F4A,25864,,,D46BA6A2,
,,4,2025-05-27 20:40:54,-72,367E0F4A,25864,,,D46BA6A2,
,,3,2025-05-27 20:40:54,-72,367E0F4A,25864,,,D46BA6A2,
,,3,2025-05-27 20:40:58,-67,0000006E,11291,,,D46BA6A2,
,,5,2025-05-27 20:40:58,-67,0000006E,11291,,,D46BA6A2,
,,2,2025-05-27 20:40:58,-67,0000006E,11291,,,D46BA6A2,
,,1,2025-05-27 20:40:58,-78,81D187E3,55483,,,D46BA6A2,
,,3,2025-05-27 20:40:51,-71,59FE8D30,46200,,,AA4358FB,
,,2,2025-05-27 20:40:51,-71,59FE8D30,46200,,,AA4358FB,
,,4,2025-05-27 20:40:51,-71,59FE8D30,46200,,,AA4358FB,
,,1,2025-05-27 20:40:59,-70,367E0F4A,44536,,,D46BA6A2,
,,3,2025-05-27 20:40:59,-70,367E0F4A,44536,,,D46BA6A2,
,,2,2025-05-27 20:40:59,-70,367E0F4A,44536,,,D46BA6A2,
,,5,2025-05-27 20:40:59,-70,367E0F4A,44536,,,D46BA6A2,
,,4,2025-05-27 20:40:59,-70,367E0F4A,44536,,,D46BA6A2,
,,5,2025-05-27 20:40:52,-67,367E0F4A,53961,,,AA4358FB,
,,3,2025-05-27 20:40:52,-67,367E0F4A,53961,,,AA4358FB,
,,5,2025-05-27 20:40:52,-69,13323C65,302,,,AA4358FB,
,,3,2025-05-27 20:40:52,-69,13323C65,302,,,AA4358FB,
,,1,2025-05-27 20:40:54,-78,870614B1,18261,,,4D64B5B5,
,,1,2025-05-27 20:41:00,-69,59FE8D30,41260,,,D46BA6A2,
,,5,2025-05-27 20:41:02,-74,D7510A57,58394,,,D46BA6A2,
,,3,2025-05-27 20:41:02,-74,D7510A57,58394,,,D46BA6A2,
,,1,2025-05-27 20:40:54,-68,367E0F4A,6581,,,AA4358FB,
,,4,2025-05-27 20:40:54,-68,367E0F4A,6581,,,AA4358FB,
,,3,2025-05-27 20:40:54,-68,367E0F4A,6581,,,AA4358FB,
,,2,2025-05-27 20:40:54,-68,367E0F4A,6581,,,AA4358FB,
,,5,2025-05-27 20:40:54,-68,367E0F4A,6581,,,AA4358FB,
,,4,2025-05-27 20:41:02,-70,367E0F4A,26962,,,D46BA6A2,
,,3,2025-05-27 20:41:02,-70,367E0F4A,26962,,,D46BA6A2,
,,2,2025-05-27 20:41:02,-70,367E0F4A,26962,,,D46BA6A2,
,,1,2025-05-27 20:41:02,-70,367E0F4A,26962,,,D46BA6A2,
,,5,2025-05-27 20:41:02,-70,367E0F4A,26962,,,D46BA6A2,
,,5,2025-05-27 20:40:54,-71,59FE8D30,51654,,,AA4358FB,
,,1,2025-05-27 20:41:02,-69,870614B1,19845,,,D46BA6A2,
,,1,2025-05-27 20:41:03,-71,367E0F4A,56702,,,D46BA6A2,
,,4,2025-05-27 20:41:03,-71,367E0F4A,56702,,,D46BA6A2,
,,3,2025-05-27 20:41:03,-71,367E0F4A,56702,,,D46BA6A2,
,,2,2025-05-27 20:40:55,-64,0000006E,56421,,,AA4358FB,
,,5,2025-05-27 20:40:55,-64,0000006E,56421,,,AA4358FB,
,,4,2025-05-27 20:40:55,-64,0000006E,56421,,,AA4358FB,
,,3,2025-05-27 20:40:55,-64,0000006E,56421,,,AA4358FB,
,,5,2025-05-27 20:40:56,-63,367E0F4A,22827,,,AA4358FB,
,,1,2025-05-27 20:41:05,-78,81D187E3,27723,,,D46BA6A2,
,,3,2025-05-27 20:40:57,-78,59FE8D30,63131,,,AA4358FB,
,,2,2025-05-27 20:40:57,-80,07F9389E,60363,,,AA4358FB,
,,3,2025-05-27 20:40:57,-80,07F9389E,60363,,,AA4358FB,
,,1,2025-05-27 20:40:57,-75,E85FB74C,40730,,,AA4358FB,
,,5,2025-05-27 20:40:58,-76,D7510A57,64401,,,AA4358FB,
,,5,2025-05-27 20:41:02,-72,81D187E3,59055,,,AA4358FB,
,,4,2025-05-27 20:41:04,-68,81D187E3,12768,,,AA4358FB,
,,2,2025-05-27 20:41:04,-68,81D187E3,12768,,,AA4358FB,
,,3,2025-05-27 20:41:04,-68,81D187E3,12768,,,AA4358FB,
,,1,2025-05-27 20:41:01,-80,A648A0E7,44102,,,4D64B5B5,
,,4,2025-05-27 20:41:01,-80,A648A0E7,44102,,,4D64B5B5,
,,4,2025-05-27 20:41:01,-70,367E0F4A,17718,,,4D64B5B5,
,,1,2025-05-27 20:41:01,-70,367E0F4A,17718,,,4D64B5B5,
,,5,2025-05-27 20:41:04,-77,13323C65,63501,,,AA4358FB,
,,3,2025-05-27 20:41:04,-77,13323C65,63501,,,AA4358FB,
,,4,2025-05-27 20:41:03,-75,81D187E3,12768,,,4D64B5B5,
,,5,2025-05-27 20:41:09,-65,870614B1,17609,,,AA4358FB,
,,1,2025-05-27 20:41:05,-77,13323C65,24944,,,4D64B5B5,
,,4,2025-05-27 20:41:05,-77,13323C65,24944,,,4D64B5B5,
,,4,2025-05-27 20:41:10,-68,0000006E,19691,,,AA4358FB,
,,2,2025-05-27 20:41:10,-68,0000006E,19691,,,AA4358FB,
,,3,2025-05-27 20:41:10,-68,0000006E,19691,,,AA4358FB,
,,5,2025-05-27 20:41:10,-71,13323C65,38309,,,AA4358FB,
,,5,2025-05-27 20:41:11,-72,59FE8D30,10827,,,AA4358FB,
,,5,2025-05-27 20:41:12,-78,A648A0E7,50135,,,AA4358FB,
,,4,2025-05-27 20:41:12,-78,A648A0E7,50135,,,AA4358FB,
,,3,2025-05-27 20:41:12,-78,A648A0E7,50135,,,AA4358FB,
,,2,2025-05-27 20:41:12,-78,A648A0E7,50135,,,AA4358FB,
,,4,2025-05-27 20:41:14,-67,367E0F4A,28982,,,AA4358FB,
,,3,2025-05-27 20:41:14,-67,367E0F4A,28982,,,AA4358FB,
,,1,2025-05-27 20:41:14,-67,367E0F4A,28982,,,AA4358FB,
,,2,2025-05-27 20:41:14,-67,367E0F4A,28982,,,AA4358FB,
,,5,2025-05-27 20:41:14,-67,367E0F4A,28982,,,AA4358FB,
,,3,2025-05-27 20:41:14,-71,59FE8D30,28895,,,AA4358FB,
,,2,2025-05-27 20:41:14,-71,59FE8D30,28895,,,AA4358FB,
,,5,2025-05-27 20:41:14,-71,59FE8D30,28895,,,AA4358FB,
,,4,2025-05-27 20:41:09,-74,870614B1,17609,,,4D64B5B5,
,,1,2025-05-27 20:41:09,-74,870614B1,17609,,,4D64B5B5,
,,1,2025-05-27 20:41:04,-66,367E0F4A,56702,,,7D769A01,
,,1,2025-05-27 20:41:08,-71,13323C65,50116,,,7D769A01,
,,5,2025-05-27 20:41:08,-71,13323C65,50116,,,7D769A01,
,,1,2025-05-27 20:41:09,-69,D7510A57,11813,,,7D769A01,
,,1,2025-05-27 20:41:09,-74,81D187E3,44165,,,7D769A01,
,,1,2025-05-27 20:41:10,-67,367E0F4A,65358,,,7D769A01,
,,5,2025-05-27 20:41:10,-67,367E0F4A,65358,,,7D769A01,
,,5,2025-05-27 20:41:13,-73,81D187E3,16724,,,7D769A01,
,,1,2025-05-27 20:41:13,-73,81D187E3,16724,,,7D769A01,
,,1,2025-05-27 20:41:13,-68,367E0F4A,49019,,,7D769A01,
,,1,2025-05-27 20:41:14,-74,A648A0E7,21725,,,7D769A01,
,,1,2025-05-27 20:41:14,-79,81D187E3,30629,,,7D769A01,
,,5,2025-05-27 20:41:14,-79,81D187E3,30629,,,7D769A01,
,,1,2025-05-27 20:41:15,-75,A648A0E7,50084,,,7D769A01,
,,1,2025-05-27 20:41:15,-67,367E0F4A,40562,,,7D769A01,
,,1,2025-05-27 20:41:15,-78,E2A807D7,65326,,,7D769A01,
,,1,2025-05-27 20:41:15,-77,B78FE24A,55129,,,7D769A01,
,,5,2025-05-27 20:41:15,-77,B78FE24A,55129,,,7D769A01,
,,1,2025-05-27 20:41:16,-68,D7510A57,52380,,,7D769A01,
,,1,2025-05-27 20:41:17,-74,13323C65,7898,,,7D769A01,
,,1,2025-05-27 20:41:18,-71,870614B1,20314,,,7D769A01,
,,1,2025-05-27 20:41:20,-77,0000006E,61925,,,7D769A01,
,,1,2025-05-27 20:41:25,-69,D7510A57,40562,,,7D769A01,
,,2,2025-05-27 20:41:10,-66,0000006E,19691,,,D46BA6A2,
,,3,2025-05-27 20:41:10,-66,0000006E,19691,,,D46BA6A2,
,,3,2025-05-27 20:41:10,-70,367E0F4A,837,,,D46BA6A2,
,,3,2025-05-27 20:41:11,-78,81D187E3,25418,,,D46BA6A2,
,,4,2025-05-27 20:41:11,-78,81D187E3,25418,,,D46BA6A2,
,,2,2025-05-27 20:41:11,-78,81D187E3,25418,,,D46BA6A2,
,,1,2025-05-27 20:41:11,-78,81D187E3,25418,,,D46BA6A2,
,,1,2025-05-27 20:41:12,-77,A648A0E7,50135,,,D46BA6A2,
,,3,2025-05-27 20:41:12,-77,A648A0E7,50135,,,D46BA6A2,
,,4,2025-05-27 20:41:12,-77,A648A0E7,50135,,,D46BA6A2,
,,1,2025-05-27 20:41:15,-69,367E0F4A,7701,,,D46BA6A2,
,,1,2025-05-27 20:41:16,-66,D7510A57,27934,,,D46BA6A2,
,,4,2025-05-27 20:41:16,-66,D7510A57,27934,,,D46BA6A2,
,,3,2025-05-27 20:41:16,-66,D7510A57,27934,,,D46BA6A2,
,,2,2025-05-27 20:41:16,-66,D7510A57,27934,,,D46BA6A2,
,,1,2025-05-27 20:41:16,-66,59FE8D30,8453,,,D46BA6A2,
,,2,2025-05-27 20:41:16,-66,59FE8D30,8453,,,D46BA6A2,
,,4,2025-05-27 20:41:16,-66,59FE8D30,8453,,,D46BA6A2,
,,3,2025-05-27 20:41:16,-66,59FE8D30,8453,,,D46BA6A2,
,,5,2025-05-27 20:41:17,-68,870614B1,20314,,,D46BA6A2,
,,4,2025-05-27 20:41:17,-68,870614B1,20314,,,D46BA6A2,
,,3,2025-05-27 20:41:17,-68,870614B1,20314,,,D46BA6A2,
,,2,2025-05-27 20:41:17,-68,870614B1,20314,,,D46BA6A2,
,,1,2025-05-27 20:41:17,-68,870614B1,20314,,,D46BA6A2,
,,1,2025-05-27 20:41:19,-73,0000006E,61925,,,D46BA6A2,
,,3,2025-05-27 20:41:19,-73,0000006E,61925,,,D46BA6A2,
,,4,2025-05-27 20:41:19,-73,0000006E,61925,,,D46BA6A2,
,,5,2025-05-27 20:41:19,-73,0000006E,61925,,,D46BA6A2,
,,4,2025-05-27 20:41:23,-77,B78FE24A,26011,,,D46BA6A2,
,,3,2025-05-27 20:41:23,-77,B78FE24A,26011,,,D46BA6A2,
,,1,2025-05-27 20:41:23,-77,B78FE24A,26011,,,D46BA6A2,
,,1,2025-05-27 20:41:24,-66,59FE8D30,36037,,,D46BA6A2,
,,3,2025-05-27 20:41:24,-79,81D187E3,42413,,,D46BA6A2,
,,1,2025-05-27 20:41:24,-79,81D187E3,42413,,,D46BA6A2,
,,5,2025-05-27 20:41:24,-79,81D187E3,42413,,,D46BA6A2,
,,4,2025-05-27 20:41:24,-79,81D187E3,42413,,,D46BA6A2,
,,2,2025-05-27 20:41:24,-79,81D187E3,42413,,,D46BA6A2,
,,1,2025-05-27 20:41:25,-71,A648A0E7,19625,,,D46BA6A2,
,,3,2025-05-27 20:41:25,-75,13323C65,1030,,,D46BA6A2,
,,4,2025-05-27 20:41:25,-75,13323C65,1030,,,D46BA6A2,
,,5,2025-05-27 20:41:25,-75,13323C65,1030,,,D46BA6A2,
,,2,2025-05-27 20:41:25,-75,13323C65,1030,,,D46BA6A2,
,,1,2025-05-27 20:41:25,-75,13323C65,1030,,,D46BA6A2,
,,4,2025-05-27 20:41:07,-72,13323C65,50116,,,9CC5DC79,
,,1,2025-05-27 20:41:07,-72,13323C65,50116,,,9CC5DC79,
,,1,2025-05-27 20:41:12,-81,81D187E3,16724,,,9CC5DC79,
,,5,2025-05-27 20:41:12,-81,81D187E3,16724,,,9CC5DC79,
,,5,2025-05-27 20:41:13,-73,367E0F4A,49019,,,9CC5DC79,
,,1,2025-05-27 20:41:13,-73,367E0F4A,49019,,,9CC5DC79,
,,3,2025-05-27 20:41:27,-80,E197FE3E,50216,,,D46BA6A2,
,,1,2025-05-27 20:41:28,-79,D7510A57,2323,,,D46BA6A2,
,,3,2025-05-27 20:41:28,-79,D7510A57,2323,,,D46BA6A2,
,,2,2025-05-27 20:41:28,-79,D7510A57,2323,,,D46BA6A2,
,,4,2025-05-27 20:41:29,-76,D7510A57,12486,,,D46BA6A2,
,,3,2025-05-27 20:41:29,-76,D7510A57,12486,,,D46BA6A2,
,,1,2025-05-27 20:41:29,-76,D7510A57,12486,,,D46BA6A2,
,,1,2025-05-27 20:41:14,-78,D7510A57,63830,,,9CC5DC79,
,,1,2025-05-27 20:41:30,-76,13323C65,8843,,,D46BA6A2,
,,1,2025-05-27 20:41:17,-77,D7510A57,22975,,,9CC5DC79,
,,5,2025-05-27 20:41:17,-77,D7510A57,22975,,,9CC5DC79,
,,3,2025-05-27 20:41:19,-78,0000006E,61925,,,9CC5DC79,
,,5,2025-05-27 20:41:19,-78,0000006E,61925,,,9CC5DC79,
,,5,2025-05-27 20:41:20,-80,81D187E3,15781,,,9CC5DC79,
,,2,2025-05-27 20:41:20,-80,81D187E3,15781,,,9CC5DC79,
,,4,2025-05-27 20:41:20,-80,81D187E3,15781,,,9CC5DC79,
,,1,2025-05-27 20:41:20,-80,81D187E3,15781,,,9CC5DC79,
,,3,2025-05-27 20:41:20,-80,81D187E3,15781,,,9CC5DC79,
,,5,2025-05-27 20:41:22,-79,A648A0E7,33931,,,9CC5DC79,
,,5,2025-05-27 20:41:22,-76,D7510A57,5190,,,9CC5DC79,
,,1,2025-05-27 20:41:22,-84,13323C65,4908,,,9CC5DC79,
,,1,2025-05-27 20:41:23,-76,D7510A57,29905,,,9CC5DC79,
,,2,2025-05-27 20:41:25,-80,0000006E,28262,,,9CC5DC79,
,,1,2025-05-27 20:41:25,-80,0000006E,28262,,,9CC5DC79,
,,5,2025-05-27 20:41:27,-77,59FE8D30,28417,,,9CC5DC79,
,,4,2025-05-27 20:41:27,-75,A648A0E7,46946,,,9CC5DC79,
,,3,2025-05-27 20:41:27,-75,A648A0E7,46946,,,9CC5DC79,
,,1,2025-05-27 20:41:27,-75,A648A0E7,46946,,,9CC5DC79,
,,5,2025-05-27 20:41:27,-75,A648A0E7,46946,,,9CC5DC79,
,,5,2025-05-27 20:41:29,-81,367E0F4A,33373,,,9CC5DC79,
,,5,2025-05-27 20:41:32,-83,81D187E3,12692,,,9CC5DC79,
,,4,2025-05-27 20:41:32,-72,13323C65,53028,,,9CC5DC79,
,,3,2025-05-27 20:41:32,-72,13323C65,53028,,,9CC5DC79,
,,1,2025-05-27 20:40:55,-81,23D9727E,17074,,,7378B941,
,,4,2025-05-27 20:40:55,-81,23D9727E,17074,,,7378B941,
,,5,2025-05-27 20:40:55,-81,23D9727E,17074,,,7378B941,
,,4,2025-05-27 20:40:57,-74,D7510A57,64401,,,7378B941,
,,1,2025-05-27 20:40:57,-74,D7510A57,64401,,,7378B941,
,,5,2025-05-27 20:40:57,-74,D7510A57,64401,,,7378B941,
,,5,2025-05-27 20:41:05,-77,D7510A57,42375,,,7378B941,
,,1,2025-05-27 20:41:12,-73,07F9389E,17681,,,7378B941,
,,5,2025-05-27 20:41:12,-73,07F9389E,17681,,,7378B941,
,,1,2025-05-27 20:41:13,-77,A648A0E7,21725,,,7378B941,
,,5,2025-05-27 20:41:13,-77,A648A0E7,21725,,,7378B941,
,,1,2025-05-27 20:41:20,-83,D7510A57,48902,,,7378B941,
,,4,2025-05-27 20:41:17,-77,59FE8D30,8453,,,4D64B5B5,
,,1,2025-05-27 20:41:17,-77,59FE8D30,8453,,,4D64B5B5,
,,4,2025-05-27 20:41:04,-84,A648A0E7,13144,,,CB4A1EAE,
,,1,2025-05-27 20:41:04,-84,A648A0E7,13144,,,CB4A1EAE,
,,5,2025-05-27 20:41:30,-74,D7510A57,23139,,,7378B941,
,,4,2025-05-27 20:41:04,-79,13323C65,63501,,,CB4A1EAE,
,,4,2025-05-27 20:41:21,-82,870614B1,54563,,,4D64B5B5,
,,1,2025-05-27 20:41:33,-79,367E0F4A,50153,,,7378B941,
,,1,2025-05-27 20:41:22,-76,81D187E3,53672,,,4D64B5B5,
,,4,2025-05-27 20:41:22,-76,81D187E3,53672,,,4D64B5B5,
,,1,2025-05-27 20:41:23,-77,59FE8D30,65073,,,4D64B5B5,
,,4,2025-05-27 20:41:25,-75,A648A0E7,19625,,,4D64B5B5,
,,1,2025-05-27 20:41:25,-75,A648A0E7,19625,,,4D64B5B5,
,,4,2025-05-27 20:41:21,-80,870614B1,54563,,,B995250B,
,,1,2025-05-27 20:41:13,-78,367E0F4A,49019,,,CB4A1EAE,
,,1,2025-05-27 20:41:23,-84,59FE8D30,20689,,,B995250B,
,,4,2025-05-27 20:41:23,-84,59FE8D30,20689,,,B995250B,
,,4,2025-05-27 20:41:16,-84,A648A0E7,49563,,,CB4A1EAE,
,,5,2025-05-27 20:41:03,-72,D7510A57,17396,,,520A3C5C,
,,4,2025-05-27 20:41:03,-72,D7510A57,17396,,,520A3C5C,
,,2,2025-05-27 20:41:03,-72,D7510A57,17396,,,520A3C5C,
,,3,2025-05-27 20:41:03,-76,81D187E3,12768,,,520A3C5C,
,,5,2025-05-27 20:41:03,-76,81D187E3,12768,,,520A3C5C,
,,4,2025-05-27 20:41:03,-76,81D187E3,12768,,,520A3C5C,
,,2,2025-05-27 20:41:03,-76,81D187E3,12768,,,520A3C5C,
,,1,2025-05-27 20:41:21,-78,367E0F4A,52914,,,CB4A1EAE,
,,4,2025-05-27 20:41:21,-78,367E0F4A,52914,,,CB4A1EAE,
,,2,2025-05-27 20:41:04,-70,367E0F4A,40623,,,520A3C5C,
,,4,2025-05-27 20:41:04,-70,367E0F4A,40623,,,520A3C5C,
,,3,2025-05-27 20:41:04,-70,367E0F4A,40623,,,520A3C5C,
,,5,2025-05-27 20:41:04,-70,367E0F4A,40623,,,520A3C5C,
,,4,2025-05-27 20:41:27,-81,A648A0E7,46946,,,B995250B,
,,1,2025-05-27 20:41:27,-81,A648A0E7,46946,,,B995250B,
,,1,2025-05-27 20:41:28,-77,13323C65,28345,,,B995250B,
,,3,2025-05-27 20:41:05,-68,13323C65,24944,,,520A3C5C,
,,2,2025-05-27 20:41:05,-68,13323C65,24944,,,520A3C5C,
,,5,2025-05-27 20:41:05,-72,D7510A57,42375,,,520A3C5C,
,,3,2025-05-27 20:41:05,-72,D7510A57,42375,,,520A3C5C,
,,3,2025-05-27 20:41:05,-76,81D187E3,27723,,,520A3C5C,
,,2,2025-05-27 20:41:05,-76,81D187E3,27723,,,520A3C5C,
,,3,2025-05-27 20:41:07,-73,A648A0E7,28785,,,520A3C5C,
,,5,2025-05-27 20:41:07,-73,A648A0E7,28785,,,520A3C5C,
,,2,2025-05-27 20:41:07,-73,A648A0E7,28785,,,520A3C5C,
,,1,2025-05-27 20:41:33,-74,367E0F4A,50153,,,B995250B,
,,4,2025-05-27 20:41:33,-74,367E0F4A,50153,,,B995250B,
,,1,2025-05-27 20:41:36,-81,B78FE24A,57478,,,4D64B5B5,
,,3,2025-05-27 20:41:07,-78,367E0F4A,56028,,,520A3C5C,
,,5,2025-05-27 20:41:07,-78,367E0F4A,56028,,,520A3C5C,
,,2,2025-05-27 20:41:07,-78,367E0F4A,56028,,,520A3C5C,
,,4,2025-05-27 20:41:33,-80,59FE8D30,25588,,,CB4A1EAE,
,,1,2025-05-27 20:41:33,-80,59FE8D30,25588,,,CB4A1EAE,
,,3,2025-05-27 20:41:10,-77,59FE8D30,46971,,,520A3C5C,
,,5,2025-05-27 20:41:10,-77,59FE8D30,46971,,,520A3C5C,
,,2,2025-05-27 20:41:10,-77,59FE8D30,46971,,,520A3C5C,
,,5,2025-05-27 20:41:11,-68,A648A0E7,37863,,,520A3C5C,
,,5,2025-05-27 20:41:13,-75,A648A0E7,21725,,,520A3C5C,
,,5,2025-05-27 20:41:14,-75,A648A0E7,50084,,,520A3C5C,
,,5,2025-05-27 20:41:15,-76,81D187E3,61427,,,520A3C5C,
,,4,2025-05-27 20:41:15,-76,81D187E3,61427,,,520A3C5C,
,,2,2025-05-27 20:41:15,-76,81D187E3,61427,,,520A3C5C,
,,4,2025-05-27 20:41:16,-67,D7510A57,27934,,,520A3C5C,
,,1,2025-05-27 20:41:15,-65,367E0F4A,40562,,,AA4358FB,
,,4,2025-05-27 20:41:16,-69,59FE8D30,8453,,,520A3C5C,
,,2,2025-05-27 20:41:16,-69,59FE8D30,8453,,,520A3C5C,
,,3,2025-05-27 20:41:21,-68,870614B1,54563,,,520A3C5C,
,,3,2025-05-27 20:41:17,-68,81D187E3,53991,,,AA4358FB,
,,2,2025-05-27 20:41:17,-68,81D187E3,53991,,,AA4358FB,
,,5,2025-05-27 20:41:17,-68,81D187E3,53991,,,AA4358FB,
,,5,2025-05-27 20:41:17,-77,E85FB74C,45100,,,AA4358FB,
,,5,2025-05-27 20:41:22,-75,A648A0E7,33931,,,520A3C5C,
,,2,2025-05-27 20:41:22,-75,A648A0E7,33931,,,520A3C5C,
,,3,2025-05-27 20:41:22,-75,A648A0E7,33931,,,520A3C5C,
,,4,2025-05-27 20:41:22,-75,A648A0E7,33931,,,520A3C5C,
,,5,2025-05-27 20:41:23,-71,D7510A57,29905,,,520A3C5C,
,,2,2025-05-27 20:41:21,-80,59FE8D30,18184,,,AA4358FB,
,,3,2025-05-27 20:41:21,-80,59FE8D30,18184,,,AA4358FB,
,,5,2025-05-27 20:41:23,-77,D7510A57,5190,,,AA4358FB,
,,4,2025-05-27 20:41:23,-72,81D187E3,53672,,,AA4358FB,
,,3,2025-05-27 20:41:23,-72,81D187E3,53672,,,AA4358FB,
,,5,2025-05-27 20:41:23,-72,81D187E3,53672,,,AA4358FB,
,,2,2025-05-27 20:41:33,-70,59FE8D30,25588,,,520A3C5C,
,,5,2025-05-27 20:41:33,-70,59FE8D30,25588,,,520A3C5C,
,,3,2025-05-27 20:41:33,-70,59FE8D30,25588,,,520A3C5C,
,,2,2025-05-27 20:41:24,-76,A648A0E7,13858,,,AA4358FB,
,,5,2025-05-27 20:41:24,-76,A648A0E7,13858,,,AA4358FB,
,,3,2025-05-27 20:41:24,-76,A648A0E7,13858,,,AA4358FB,
,,3,2025-05-27 20:41:33,-70,D7510A57,20643,,,520A3C5C,
,,5,2025-05-27 20:41:33,-70,D7510A57,20643,,,520A3C5C,
,,4,2025-05-27 20:41:33,-70,D7510A57,20643,,,520A3C5C,
,,2,2025-05-27 20:41:33,-70,D7510A57,20643,,,520A3C5C,
,,4,2025-05-27 20:41:24,-69,59FE8D30,65073,,,AA4358FB,
,,2,2025-05-27 20:41:24,-69,59FE8D30,65073,,,AA4358FB,
,,3,2025-05-27 20:41:24,-69,59FE8D30,65073,,,AA4358FB,
,,5,2025-05-27 20:41:24,-69,59FE8D30,65073,,,AA4358FB,
,,5,2025-05-27 20:41:24,-69,81D187E3,51299,,,AA4358FB,
,,5,2025-05-27 20:41:34,-72,367E0F4A,30272,,,520A3C5C,
,,4,2025-05-27 20:41:34,-72,367E0F4A,30272,,,520A3C5C,
,,4,2025-05-27 20:41:34,-71,D7510A57,15901,,,520A3C5C,
,,2,2025-05-27 20:41:34,-71,D7510A57,15901,,,520A3C5C,
,,3,2025-05-27 20:41:34,-71,D7510A57,15901,,,520A3C5C,
,,5,2025-05-27 20:41:34,-71,D7510A57,15901,,,520A3C5C,
,,3,2025-05-27 20:41:26,-72,81D187E3,37440,,,AA4358FB,
,,3,2025-05-27 20:41:27,-69,81D187E3,6008,,,AA4358FB,
,,2,2025-05-27 20:41:27,-69,81D187E3,6008,,,AA4358FB,
,,5,2025-05-27 20:41:27,-69,81D187E3,6008,,,AA4358FB,
,,4,2025-05-27 20:41:28,-66,367E0F4A,61672,,,AA4358FB,
,,4,2025-05-27 20:41:31,-79,A648A0E7,7627,,,AA4358FB,
,,5,2025-05-27 20:41:31,-79,A648A0E7,7627,,,AA4358FB,
,,3,2025-05-27 20:41:31,-79,A648A0E7,7627,,,AA4358FB,
,,5,2025-05-27 20:41:31,-69,81D187E3,30868,,,AA4358FB,
,,2,2025-05-27 20:41:31,-69,81D187E3,30868,,,AA4358FB,
,,3,2025-05-27 20:41:31,-69,81D187E3,30868,,,AA4358FB,
,,1,2025-05-27 20:41:31,-69,81D187E3,30868,,,AA4358FB,
,,4,2025-05-27 20:41:31,-69,81D187E3,30868,,,AA4358FB,
,,5,2025-05-27 20:41:31,-68,0000006E,43743,,,AA4358FB,
,,2,2025-05-27 20:41:31,-68,0000006E,43743,,,AA4358FB,
,,3,2025-05-27 20:41:31,-68,0000006E,43743,,,AA4358FB,
,,2,2025-05-27 20:41:32,-67,367E0F4A,414,,,AA4358FB,
,,2,2025-05-27 20:41:33,-70,13323C65,53028,,,AA4358FB,
,,5,2025-05-27 20:41:33,-70,13323C65,53028,,,AA4358FB,
,,3,2025-05-27 20:41:33,-70,13323C65,53028,,,AA4358FB,
,,4,2025-05-27 20:41:33,-70,13323C65,53028,,,AA4358FB,
,,2,2025-05-27 20:41:35,-75,A648A0E7,27326,,,AA4358FB,
,,5,2025-05-27 20:41:35,-75,A648A0E7,27326,,,AA4358FB,
,,3,2025-05-27 20:41:35,-75,A648A0E7,27326,,,AA4358FB,
,,5,2025-05-27 20:41:36,-69,81D187E3,34873,,,AA4358FB,
,,5,2025-05-27 20:41:36,-70,13323C65,41871,,,AA4358FB,
,,2,2025-05-27 20:41:36,-66,367E0F4A,34564,,,AA4358FB,
,,3,2025-05-27 20:41:36,-66,367E0F4A,34564,,,AA4358FB,
,,1,2025-05-27 20:41:26,-74,81D187E3,37440,,,7D769A01,
,,1,2025-05-27 20:41:30,-74,13323C65,28824,,,7D769A01,
,,1,2025-05-27 20:41:31,-75,81D187E3,30868,,,7D769A01,
,,1,2025-05-27 20:41:32,-74,A648A0E7,249,,,7D769A01,
,,4,2025-05-27 20:41:32,-73,13323C65,769,,,7D769A01,
,,1,2025-05-27 20:41:32,-73,13323C65,769,,,7D769A01,
,,1,2025-05-27 20:41:33,-77,E197FE3E,11650,,,7D769A01,
,,1,2025-05-27 20:41:37,-75,0000006E,47012,,,7D769A01,
,,1,2025-05-27 20:41:38,-66,367E0F4A,28676,,,7D769A01,
,,1,2025-05-27 20:41:38,-78,81D187E3,62991,,,7D769A01,
,,1,2025-05-27 20:41:39,-67,367E0F4A,44684,,,7D769A01,
,,1,2025-05-27 20:41:41,-69,D7510A57,14908,,,7D769A01,
,,1,2025-05-27 20:41:42,-72,870614B1,25564,,,7D769A01,
,,1,2025-05-27 20:41:43,-75,07F9389E,65290,,,7D769A01,
,,1,2025-05-27 20:41:43,-80,E197FE3E,28804,,,7D769A01,
,,4,2025-05-27 20:41:31,-72,D7510A57,57075,,,D46BA6A2,
,,3,2025-05-27 20:41:31,-72,D7510A57,57075,,,D46BA6A2,
,,1,2025-05-27 20:41:31,-72,D7510A57,57075,,,D46BA6A2,
,,4,2025-05-27 20:41:32,-79,81D187E3,12692,,,D46BA6A2,
,,2,2025-05-27 20:41:32,-79,81D187E3,12692,,,D46BA6A2,
,,3,2025-05-27 20:41:32,-79,81D187E3,12692,,,D46BA6A2,
,,4,2025-05-27 20:41:33,-71,A648A0E7,14642,,,D46BA6A2,
,,3,2025-05-27 20:41:33,-71,A648A0E7,14642,,,D46BA6A2,
,,1,2025-05-27 20:41:34,-65,59FE8D30,47988,,,D46BA6A2,
,,5,2025-05-27 20:41:34,-65,59FE8D30,47988,,,D46BA6A2,
,,3,2025-05-27 20:41:34,-65,59FE8D30,47988,,,D46BA6A2,
,,4,2025-05-27 20:41:35,-79,81D187E3,34873,,,D46BA6A2,
,,1,2025-05-27 20:41:35,-79,81D187E3,34873,,,D46BA6A2,
,,3,2025-05-27 20:41:35,-79,81D187E3,34873,,,D46BA6A2,
,,1,2025-05-27 20:41:36,-71,A648A0E7,35303,,,D46BA6A2,
,,5,2025-05-27 20:41:36,-76,E2A807D7,7917,,,D46BA6A2,
,,2,2025-05-27 20:41:36,-76,E2A807D7,7917,,,D46BA6A2,
,,3,2025-05-27 20:41:36,-76,E2A807D7,7917,,,D46BA6A2,
,,2,2025-05-27 20:41:39,-69,367E0F4A,43395,,,D46BA6A2,
,,3,2025-05-27 20:41:39,-69,367E0F4A,43395,,,D46BA6A2,
,,1,2025-05-27 20:41:41,-71,367E0F4A,47916,,,D46BA6A2,
,,5,2025-05-27 20:41:44,-77,B78FE24A,26010,,,D46BA6A2,
,,2,2025-05-27 20:41:44,-77,B78FE24A,26010,,,D46BA6A2,
,,4,2025-05-27 20:41:44,-77,B78FE24A,26010,,,D46BA6A2,
,,3,2025-05-27 20:41:44,-77,B78FE24A,26010,,,D46BA6A2,
,,1,2025-05-27 20:41:44,-77,B78FE24A,26010,,,D46BA6A2,
,,5,2025-05-27 20:41:45,-74,D7510A57,23427,,,D46BA6A2,
,,2,2025-05-27 20:41:45,-74,D7510A57,23427,,,D46BA6A2,
,,1,2025-05-27 20:41:45,-74,D7510A57,23427,,,D46BA6A2,
,,4,2025-05-27 20:41:45,-74,D7510A57,23427,,,D46BA6A2,
,,3,2025-05-27 20:41:45,-74,D7510A57,23427,,,D46BA6A2,
,,2,2025-05-27 20:41:45,-68,59FE8D30,128,,,D46BA6A2,
,,5,2025-05-27 20:41:45,-68,59FE8D30,128,,,D46BA6A2,
,,3,2025-05-27 20:41:45,-68,59FE8D30,128,,,D46BA6A2,
,,1,2025-05-27 20:41:45,-68,59FE8D30,128,,,D46BA6A2,
,,4,2025-05-27 20:41:45,-68,59FE8D30,128,,,D46BA6A2,
,,1,2025-05-27 20:41:47,-78,E197FE3E,8423,,,D46BA6A2,
,,1,2025-05-27 20:41:48,-71,A648A0E7,51156,,,D46BA6A2,
,,3,2025-05-27 20:41:48,-71,0000006E,63837,,,D46BA6A2,
,,2,2025-05-27 20:41:48,-71,0000006E,63837,,,D46BA6A2,
,,1,2025-05-27 20:41:48,-71,0000006E,63837,,,D46BA6A2,
,,4,2025-05-27 20:41:48,-71,0000006E,63837,,,D46BA6A2,
,,5,2025-05-27 20:41:48,-71,0000006E,63837,,,D46BA6A2,
,,1,2025-05-27 20:41:49,-67,59FE8D30,28974,,,D46BA6A2,
,,1,2025-05-27 20:41:50,-68,59FE8D30,31464,,,D46BA6A2,
,,4,2025-05-27 20:41:50,-70,870614B1,13424,,,D46BA6A2,
,,5,2025-05-27 20:41:50,-70,870614B1,13424,,,D46BA6A2,
,,3,2025-05-27 20:41:50,-70,870614B1,13424,,,D46BA6A2,
,,1,2025-05-27 20:41:50,-70,870614B1,13424,,,D46BA6A2,
,,2,2025-05-27 20:41:50,-70,870614B1,13424,,,D46BA6A2,
,,5,2025-05-27 20:41:36,-76,81D187E3,51043,,,520A3C5C,
,,4,2025-05-27 20:41:36,-76,81D187E3,51043,,,520A3C5C,
,,3,2025-05-27 20:41:36,-76,81D187E3,51043,,,520A3C5C,
,,2,2025-05-27 20:41:36,-76,81D187E3,51043,,,520A3C5C,
,,5,2025-05-27 20:41:37,-70,59FE8D30,62934,,,520A3C5C,
,,4,2025-05-27 20:41:37,-70,59FE8D30,62934,,,520A3C5C,
,,1,2025-05-27 20:41:37,-70,59FE8D30,62934,,,520A3C5C,
,,3,2025-05-27 20:41:37,-70,59FE8D30,62934,,,520A3C5C,
,,2,2025-05-27 20:41:37,-70,59FE8D30,62934,,,520A3C5C,
,,4,2025-05-27 20:41:37,-65,A648A0E7,64223,,,520A3C5C,
,,3,2025-05-27 20:41:37,-65,A648A0E7,64223,,,520A3C5C,
,,1,2025-05-27 20:41:37,-65,A648A0E7,64223,,,520A3C5C,
,,2,2025-05-27 20:41:37,-65,A648A0E7,64223,,,520A3C5C,
,,5,2025-05-27 20:41:37,-65,A648A0E7,64223,,,520A3C5C,
,,4,2025-05-27 20:41:39,-66,870614B1,20719,,,520A3C5C,
,,4,2025-05-27 20:41:39,-71,367E0F4A,43395,,,520A3C5C,
,,5,2025-05-27 20:41:41,-75,A648A0E7,8483,,,520A3C5C,
,,4,2025-05-27 20:41:43,-68,A648A0E7,19707,,,520A3C5C,
,,2,2025-05-27 20:41:44,-68,D7510A57,50735,,,520A3C5C,
,,3,2025-05-27 20:41:44,-68,D7510A57,50735,,,520A3C5C,
,,4,2025-05-27 20:41:44,-68,D7510A57,50735,,,520A3C5C,
,,2,2025-05-27 20:41:45,-65,870614B1,59710,,,520A3C5C,
,,3,2025-05-27 20:41:45,-65,870614B1,59710,,,520A3C5C,
,,5,2025-05-27 20:41:48,-79,E2A807D7,3694,,,520A3C5C,
,,4,2025-05-27 20:41:48,-79,E2A807D7,3694,,,520A3C5C,
,,2,2025-05-27 20:41:48,-79,E2A807D7,3694,,,520A3C5C,
,,3,2025-05-27 20:41:48,-79,E2A807D7,3694,,,520A3C5C,
,,3,2025-05-27 20:41:48,-75,A648A0E7,51156,,,520A3C5C,
,,5,2025-05-27 20:41:48,-75,A648A0E7,51156,,,520A3C5C,
,,3,2025-05-27 20:41:49,-68,13323C65,10042,,,520A3C5C,
,,5,2025-05-27 20:41:50,-75,A648A0E7,15399,,,520A3C5C,
,,2,2025-05-27 20:41:50,-76,13323C65,65314,,,520A3C5C,
,,2,2025-05-27 20:41:51,-78,367E0F4A,4811,,,520A3C5C,
,,3,2025-05-27 20:41:51,-78,367E0F4A,4811,,,520A3C5C,
,,5,2025-05-27 20:41:51,-78,367E0F4A,4811,,,520A3C5C,
,,4,2025-05-27 20:41:51,-78,367E0F4A,4811,,,520A3C5C,
,,3,2025-05-27 20:41:54,-68,870614B1,28728,,,520A3C5C,
,,5,2025-05-27 20:41:54,-68,870614B1,28728,,,520A3C5C,
,,4,2025-05-27 20:41:54,-68,870614B1,28728,,,520A3C5C,
,,2,2025-05-27 20:41:54,-76,81D187E3,49555,,,520A3C5C,
,,5,2025-05-27 20:41:54,-76,81D187E3,49555,,,520A3C5C,
,,4,2025-05-27 20:41:55,-73,0000006E,46422,,,520A3C5C,
,,4,2025-05-27 20:41:55,-68,13323C65,13446,,,520A3C5C,
,,3,2025-05-27 20:41:55,-68,13323C65,13446,,,520A3C5C,
,,4,2025-05-27 20:41:55,-76,59FE8D30,26427,,,520A3C5C,
,,1,2025-05-27 20:41:56,-70,13323C65,59668,,,520A3C5C,
,,5,2025-05-27 20:41:56,-70,13323C65,59668,,,520A3C5C,
,,4,2025-05-27 20:41:56,-70,13323C65,59668,,,520A3C5C,
,,3,2025-05-27 20:41:56,-70,13323C65,59668,,,520A3C5C,
,,2,2025-05-27 20:41:56,-70,13323C65,59668,,,520A3C5C,
,,4,2025-05-27 20:41:56,-67,D7510A57,21938,,,520A3C5C,
,,5,2025-05-27 20:41:56,-67,D7510A57,21938,,,520A3C5C,
,,4,2025-05-27 20:41:38,-76,A648A0E7,64223,,,AA4358FB,
,,5,2025-05-27 20:41:38,-76,A648A0E7,64223,,,AA4358FB,
,,1,2025-05-27 20:41:38,-76,A648A0E7,64223,,,AA4358FB,
,,3,2025-05-27 20:41:38,-76,A648A0E7,64223,,,AA4358FB,
,,2,2025-05-27 20:41:38,-76,A648A0E7,64223,,,AA4358FB,
,,1,2025-05-27 20:41:39,-76,59FE8D30,52349,,,AA4358FB,
,,3,2025-05-27 20:41:39,-76,59FE8D30,52349,,,AA4358FB,
,,4,2025-05-27 20:41:39,-76,59FE8D30,52349,,,AA4358FB,
,,5,2025-05-27 20:41:39,-76,59FE8D30,52349,,,AA4358FB,
,,2,2025-05-27 20:41:39,-76,59FE8D30,52349,,,AA4358FB,
,,5,2025-05-27 20:41:40,-71,13323C65,42352,,,AA4358FB,
,,5,2025-05-27 20:41:42,-77,59FE8D30,48733,,,AA4358FB,
,,1,2025-05-27 20:41:43,-76,D7510A57,331,,,AA4358FB,
,,4,2025-05-27 20:41:43,-76,D7510A57,331,,,AA4358FB,
,,3,2025-05-27 20:41:43,-76,D7510A57,331,,,AA4358FB,
,,2,2025-05-27 20:41:43,-76,D7510A57,331,,,AA4358FB,
,,5,2025-05-27 20:41:45,-77,D7510A57,50735,,,AA4358FB,
,,3,2025-05-27 20:41:46,-75,D7510A57,23427,,,AA4358FB,
,,5,2025-05-27 20:41:46,-75,D7510A57,23427,,,AA4358FB,
,,4,2025-05-27 20:41:48,-72,81D187E3,49955,,,AA4358FB,
,,5,2025-05-27 20:41:48,-72,81D187E3,49955,,,AA4358FB,
,,3,2025-05-27 20:41:48,-72,81D187E3,49955,,,AA4358FB,
,,1,2025-05-27 20:41:50,-72,13323C65,65314,,,AA4358FB,
,,1,2025-05-27 20:41:51,-72,13323C65,38964,,,AA4358FB,
,,5,2025-05-27 20:41:52,-76,E85FB74C,12385,,,AA4358FB,
,,3,2025-05-27 20:41:52,-76,E85FB74C,12385,,,AA4358FB,
,,4,2025-05-27 20:41:52,-64,0000006E,9364,,,AA4358FB,
,,5,2025-05-27 20:41:52,-64,0000006E,9364,,,AA4358FB,
,,3,2025-05-27 20:41:52,-64,0000006E,9364,,,AA4358FB,
,,5,2025-05-27 20:41:52,-69,13323C65,53133,,,AA4358FB,
,,5,2025-05-27 20:41:53,-75,A648A0E7,58359,,,AA4358FB,
,,4,2025-05-27 20:41:40,-80,59FE8D30,41978,,,4D64B5B5,
,,4,2025-05-27 20:41:54,-77,59FE8D30,55444,,,AA4358FB,
,,3,2025-05-27 20:41:54,-77,59FE8D30,55444,,,AA4358FB,
,,2,2025-05-27 20:41:54,-77,59FE8D30,55444,,,AA4358FB,
,,5,2025-05-27 20:41:54,-77,59FE8D30,55444,,,AA4358FB,
,,1,2025-05-27 20:41:54,-77,59FE8D30,55444,,,AA4358FB,
,,5,2025-05-27 20:41:54,-77,B78FE24A,52045,,,AA4358FB,
,,3,2025-05-27 20:41:54,-77,B78FE24A,52045,,,AA4358FB,
,,2,2025-05-27 20:41:54,-77,B78FE24A,52045,,,AA4358FB,
,,5,2025-05-27 20:41:54,-71,13323C65,20552,,,AA4358FB,
,,1,2025-05-27 20:41:54,-71,13323C65,20552,,,AA4358FB,
,,4,2025-05-27 20:41:54,-71,13323C65,20552,,,AA4358FB,
,,3,2025-05-27 20:41:54,-71,13323C65,20552,,,AA4358FB,
,,2,2025-05-27 20:41:54,-71,13323C65,20552,,,AA4358FB,
,,1,2025-05-27 20:41:55,-68,81D187E3,49555,,,AA4358FB,
,,5,2025-05-27 20:41:55,-83,B78FE24A,33249,,,AA4358FB,
,,1,2025-05-27 20:41:57,-72,81D187E3,12645,,,AA4358FB,
,,5,2025-05-27 20:42:00,-67,870614B1,61475,,,AA4358FB,
,,4,2025-05-27 20:42:00,-67,870614B1,61475,,,AA4358FB,
,,5,2025-05-27 20:42:01,-76,D7510A57,8595,,,AA4358FB,
,,2,2025-05-27 20:42:01,-76,D7510A57,8595,,,AA4358FB,
,,1,2025-05-27 20:41:51,-68,D7510A57,38547,,,4D64B5B5,
,,4,2025-05-27 20:41:51,-68,D7510A57,38547,,,4D64B5B5,
,,4,2025-05-27 20:41:56,-78,81D187E3,12645,,,4D64B5B5,
,,1,2025-05-27 20:41:56,-78,81D187E3,12645,,,4D64B5B5,
,,1,2025-05-27 20:41:48,-73,870614B1,36216,,,7D769A01,
,,1,2025-05-27 20:41:50,-74,A648A0E7,15399,,,7D769A01,
,,1,2025-05-27 20:41:50,-71,13323C65,65314,,,7D769A01,
,,1,2025-05-27 20:41:51,-65,367E0F4A,39735,,,7D769A01,
,,1,2025-05-27 20:41:52,-69,D7510A57,38547,,,7D769A01,
,,1,2025-05-27 20:41:52,-64,367E0F4A,4811,,,7D769A01,
,,1,2025-05-27 20:41:53,-68,367E0F4A,55591,,,7D769A01,
,,1,2025-05-27 20:41:53,-72,13323C65,52528,,,7D769A01,
,,1,2025-05-27 20:41:57,-66,367E0F4A,11984,,,7D769A01,
,,1,2025-05-27 20:41:58,-78,0000006E,23691,,,7D769A01,
,,1,2025-05-27 20:41:58,-71,13323C65,7227,,,7D769A01,
,,1,2025-05-27 20:42:02,-79,81D187E3,63586,,,7D769A01,
,,1,2025-05-27 20:42:03,-71,D7510A57,569,,,7D769A01,
,,1,2025-05-27 20:42:03,-83,870614B1,29479,,,7D769A01,
,,1,2025-05-27 20:42:04,-80,D7510A57,58681,,,7D769A01,
,,4,2025-05-27 20:41:42,-80,A648A0E7,43178,,,9CC5DC79,
,,3,2025-05-27 20:41:42,-80,A648A0E7,43178,,,9CC5DC79,
,,2,2025-05-27 20:41:42,-80,A648A0E7,43178,,,9CC5DC79,
,,1,2025-05-27 20:41:49,-79,A648A0E7,15399,,,9CC5DC79,
,,4,2025-05-27 20:41:49,-79,A648A0E7,15399,,,9CC5DC79,
,,5,2025-05-27 20:41:49,-79,A648A0E7,15399,,,9CC5DC79,
,,2,2025-05-27 20:41:49,-79,A648A0E7,15399,,,9CC5DC79,
,,1,2025-05-27 20:41:50,-78,13323C65,65314,,,9CC5DC79,
,,4,2025-05-27 20:41:50,-78,13323C65,65314,,,9CC5DC79,
,,5,2025-05-27 20:41:52,-70,367E0F4A,55591,,,9CC5DC79,
,,3,2025-05-27 20:41:52,-70,367E0F4A,55591,,,9CC5DC79,
,,2,2025-05-27 20:41:52,-70,367E0F4A,55591,,,9CC5DC79,
,,1,2025-05-27 20:41:52,-70,367E0F4A,55591,,,9CC5DC79,
,,5,2025-05-27 20:41:53,-76,A648A0E7,58359,,,9CC5DC79,
,,1,2025-05-27 20:41:53,-76,A648A0E7,58359,,,9CC5DC79,
,,4,2025-05-27 20:41:53,-72,13323C65,52528,,,9CC5DC79,
,,2,2025-05-27 20:41:53,-72,13323C65,52528,,,9CC5DC79,
,,3,2025-05-27 20:41:53,-72,13323C65,52528,,,9CC5DC79,
,,5,2025-05-27 20:41:53,-72,13323C65,52528,,,9CC5DC79,
,,1,2025-05-27 20:41:53,-72,13323C65,52528,,,9CC5DC79,
,,5,2025-05-27 20:41:53,-82,59FE8D30,55444,,,9CC5DC79,
,,1,2025-05-27 20:41:40,-83,59FE8D30,471,,,B995250B,
,,4,2025-05-27 20:41:40,-83,59FE8D30,471,,,B995250B,
,,5,2025-05-27 20:41:53,-70,367E0F4A,52315,,,9CC5DC79,
,,1,2025-05-27 20:41:53,-70,367E0F4A,52315,,,9CC5DC79,
,,4,2025-05-27 20:41:53,-70,367E0F4A,52315,,,9CC5DC79,
,,2,2025-05-27 20:41:53,-70,367E0F4A,52315,,,9CC5DC79,
,,1,2025-05-27 20:41:40,-71,367E0F4A,39769,,,B995250B,
,,4,2025-05-27 20:41:40,-71,367E0F4A,39769,,,B995250B,
,,1,2025-05-27 20:41:42,-81,07F9389E,65290,,,B995250B,
,,4,2025-05-27 20:41:42,-81,07F9389E,65290,,,B995250B,
,,1,2025-05-27 20:41:56,-78,13323C65,59668,,,9CC5DC79,
,,4,2025-05-27 20:41:56,-78,13323C65,59668,,,9CC5DC79,
,,3,2025-05-27 20:41:57,-80,A648A0E7,33928,,,9CC5DC79,
,,4,2025-05-27 20:41:57,-80,A648A0E7,33928,,,9CC5DC79,
,,1,2025-05-27 20:41:57,-80,A648A0E7,33928,,,9CC5DC79,
,,5,2025-05-27 20:41:57,-80,A648A0E7,33928,,,9CC5DC79,
,,2,2025-05-27 20:41:57,-80,A648A0E7,33928,,,9CC5DC79,
,,1,2025-05-27 20:41:57,-82,81D187E3,57262,,,9CC5DC79,
,,2,2025-05-27 20:42:00,-78,13323C65,22408,,,9CC5DC79,
,,4,2025-05-27 20:42:00,-78,13323C65,22408,,,9CC5DC79,
,,3,2025-05-27 20:42:00,-78,13323C65,22408,,,9CC5DC79,
,,5,2025-05-27 20:42:00,-78,13323C65,22408,,,9CC5DC79,
,,3,2025-05-27 20:42:03,-80,870614B1,29479,,,9CC5DC79,
,,2,2025-05-27 20:42:03,-80,870614B1,29479,,,9CC5DC79,
,,4,2025-05-27 20:42:03,-80,870614B1,29479,,,9CC5DC79,
,,5,2025-05-27 20:42:03,-80,870614B1,29479,,,9CC5DC79,
,,1,2025-05-27 20:41:48,-74,870614B1,36216,,,B995250B,
,,1,2025-05-27 20:41:48,-79,D7510A57,26790,,,B995250B,
,,4,2025-05-27 20:41:48,-79,D7510A57,26790,,,B995250B,
,,1,2025-05-27 20:41:51,-71,870614B1,13424,,,B995250B,
,,4,2025-05-27 20:41:51,-71,870614B1,13424,,,B995250B,
,,4,2025-05-27 20:42:05,-73,367E0F4A,8251,,,B995250B,
,,1,2025-05-27 20:42:05,-73,367E0F4A,8251,,,B995250B,
,,1,2025-05-27 20:41:45,-79,59FE8D30,19835,,,CB4A1EAE,
,,4,2025-05-27 20:41:51,-82,D7510A57,38547,,,CB4A1EAE,
,,1,2025-05-27 20:41:51,-82,D7510A57,38547,,,CB4A1EAE,
,,1,2025-05-27 20:41:55,-82,59FE8D30,26427,,,CB4A1EAE,
,,4,2025-05-27 20:42:02,-80,A648A0E7,37607,,,CB4A1EAE,
,,4,2025-05-27 20:42:03,-82,13323C65,29865,,,CB4A1EAE,
,,1,2025-05-27 20:42:04,-79,59FE8D30,64916,,,CB4A1EAE,
,,1,2025-05-27 20:42:07,-80,367E0F4A,43754,,,CB4A1EAE,
,,1,2025-05-27 20:42:07,-78,A648A0E7,13800,,,CB4A1EAE,
,,5,2025-05-27 20:41:41,-83,367E0F4A,47916,,,7378B941,
,,4,2025-05-27 20:41:47,-75,870614B1,36216,,,7378B941,
,,5,2025-05-27 20:41:47,-75,870614B1,36216,,,7378B941,
,,1,2025-05-27 20:41:47,-75,870614B1,36216,,,7378B941,
,,4,2025-05-27 20:41:48,-83,367E0F4A,29881,,,7378B941,
,,5,2025-05-27 20:41:48,-83,367E0F4A,29881,,,7378B941,
,,1,2025-05-27 20:41:48,-83,367E0F4A,29881,,,7378B941,
,,5,2025-05-27 20:41:50,-81,81D187E3,31705,,,7378B941,
,,5,2025-05-27 20:42:03,-77,0000006E,38144,,,7378B941,
,,5,2025-05-27 20:42:03,-77,A648A0E7,5152,,,7378B941,
,,2,2025-05-27 20:41:52,-66,D7510A57,64626,,,D46BA6A2,
,,5,2025-05-27 20:41:52,-66,D7510A57,64626,,,D46BA6A2,
,,3,2025-05-27 20:41:52,-66,D7510A57,64626,,,D46BA6A2,
,,1,2025-05-27 20:41:52,-66,D7510A57,64626,,,D46BA6A2,
,,1,2025-05-27 20:41:52,-77,13323C65,52528,,,D46BA6A2,
,,3,2025-05-27 20:41:54,-78,81D187E3,49555,,,D46BA6A2,
,,3,2025-05-27 20:41:55,-65,59FE8D30,26427,,,D46BA6A2,
,,4,2025-05-27 20:41:55,-65,59FE8D30,26427,,,D46BA6A2,
,,1,2025-05-27 20:41:55,-65,59FE8D30,26427,,,D46BA6A2,
,,1,2025-05-27 20:41:56,-77,81D187E3,12645,,,D46BA6A2,
,,3,2025-05-27 20:41:56,-77,81D187E3,12645,,,D46BA6A2,
,,4,2025-05-27 20:41:56,-77,81D187E3,12645,,,D46BA6A2,
,,1,2025-05-27 20:41:56,-71,870614B1,59281,,,D46BA6A2,
,,1,2025-05-27 20:42:00,-75,13323C65,22408,,,D46BA6A2,
,,2,2025-05-27 20:42:00,-75,13323C65,22408,,,D46BA6A2,
,,3,2025-05-27 20:42:00,-75,13323C65,22408,,,D46BA6A2,
,,4,2025-05-27 20:42:00,-75,13323C65,22408,,,D46BA6A2,
,,5,2025-05-27 20:42:00,-75,13323C65,22408,,,D46BA6A2,
,,3,2025-05-27 20:42:01,-66,59FE8D30,30449,,,D46BA6A2,
,,4,2025-05-27 20:42:01,-66,59FE8D30,30449,,,D46BA6A2,
,,2,2025-05-27 20:42:01,-66,59FE8D30,30449,,,D46BA6A2,
,,1,2025-05-27 20:42:01,-66,59FE8D30,30449,,,D46BA6A2,
,,3,2025-05-27 20:42:01,-66,D7510A57,60747,,,D46BA6A2,
,,3,2025-05-27 20:42:02,-70,367E0F4A,38484,,,D46BA6A2,
,,4,2025-05-27 20:42:02,-70,367E0F4A,38484,,,D46BA6A2,
,,1,2025-05-27 20:42:02,-70,367E0F4A,38484,,,D46BA6A2,
,,2,2025-05-27 20:42:04,-66,59FE8D30,64916,,,D46BA6A2,
,,1,2025-05-27 20:42:06,-76,B78FE24A,64037,,,D46BA6A2,
,,3,2025-05-27 20:42:06,-70,367E0F4A,43754,,,D46BA6A2,
,,4,2025-05-27 20:42:06,-70,367E0F4A,43754,,,D46BA6A2,
,,4,2025-05-27 20:42:07,-69,59FE8D30,18320,,,D46BA6A2,
,,2,2025-05-27 20:42:07,-69,59FE8D30,18320,,,D46BA6A2,
,,3,2025-05-27 20:42:07,-69,59FE8D30,18320,,,D46BA6A2,
,,3,2025-05-27 20:42:07,-70,13323C65,16284,,,D46BA6A2,
,,4,2025-05-27 20:42:07,-70,13323C65,16284,,,D46BA6A2,
,,3,2025-05-27 20:42:09,-68,13323C65,50746,,,D46BA6A2,
,,4,2025-05-27 20:42:09,-68,13323C65,50746,,,D46BA6A2,
,,2,2025-05-27 20:42:09,-68,13323C65,50746,,,D46BA6A2,
,,2,2025-05-27 20:42:09,-71,A648A0E7,7227,,,D46BA6A2,
,,3,2025-05-27 20:42:09,-71,A648A0E7,7227,,,D46BA6A2,
,,1,2025-05-27 20:42:09,-71,A648A0E7,7227,,,D46BA6A2,
,,4,2025-05-27 20:42:09,-71,A648A0E7,7227,,,D46BA6A2,
,,3,2025-05-27 20:42:12,-70,59FE8D30,25677,,,D46BA6A2,
,,4,2025-05-27 20:42:12,-70,59FE8D30,25677,,,D46BA6A2,
,,1,2025-05-27 20:42:12,-70,59FE8D30,25677,,,D46BA6A2,
,,1,2025-05-27 20:42:15,-68,59FE8D30,37725,,,D46BA6A2,
,,1,2025-05-27 20:42:16,-70,13323C65,20292,,,D46BA6A2,
,,3,2025-05-27 20:42:16,-74,E85FB74C,13703,,,D46BA6A2,
,,1,2025-05-27 20:42:05,-74,A648A0E7,4535,,,7D769A01,
,,1,2025-05-27 20:42:09,-72,13323C65,50746,,,7D769A01,
,,1,2025-05-27 20:42:09,-77,0000006E,5347,,,7D769A01,
,,1,2025-05-27 20:42:11,-73,870614B1,58570,,,7D769A01,
,,4,2025-05-27 20:42:14,-72,D7510A57,55489,,,4D64B5B5,
,,1,2025-05-27 20:42:14,-67,367E0F4A,37794,,,7D769A01,
,,5,2025-05-27 20:42:00,-68,A648A0E7,13705,,,520A3C5C,
,,1,2025-05-27 20:42:17,-73,59FE8D30,63498,,,7D769A01,
,,1,2025-05-27 20:42:18,-65,367E0F4A,34307,,,7D769A01,
,,5,2025-05-27 20:42:01,-71,59FE8D30,30449,,,520A3C5C,
,,3,2025-05-27 20:42:02,-66,D7510A57,569,,,520A3C5C,
,,2,2025-05-27 20:42:02,-66,D7510A57,569,,,520A3C5C,
,,4,2025-05-27 20:42:02,-66,D7510A57,569,,,520A3C5C,
,,1,2025-05-27 20:42:19,-68,13323C65,14283,,,7D769A01,
,,5,2025-05-27 20:42:03,-75,870614B1,29479,,,520A3C5C,
,,1,2025-05-27 20:42:19,-81,81D187E3,18463,,,7D769A01,
,,1,2025-05-27 20:42:19,-75,A648A0E7,17891,,,7D769A01,
,,5,2025-05-27 20:42:06,-64,870614B1,59881,,,520A3C5C,
,,2,2025-05-27 20:42:06,-64,870614B1,59881,,,520A3C5C,
,,4,2025-05-27 20:42:06,-64,870614B1,59881,,,520A3C5C,
,,3,2025-05-27 20:42:06,-64,870614B1,59881,,,520A3C5C,
,,4,2025-05-27 20:42:21,-74,870614B1,16124,,,4D64B5B5,
,,1,2025-05-27 20:42:20,-71,59FE8D30,44944,,,7D769A01,
,,4,2025-05-27 20:42:07,-76,59FE8D30,18320,,,520A3C5C,
,,3,2025-05-27 20:42:07,-71,13323C65,16284,,,520A3C5C,
,,5,2025-05-27 20:42:07,-71,13323C65,16284,,,520A3C5C,
,,2,2025-05-27 20:42:07,-71,13323C65,16284,,,520A3C5C,
,,1,2025-05-27 20:42:07,-71,13323C65,16284,,,520A3C5C,
,,4,2025-05-27 20:42:07,-71,13323C65,16284,,,520A3C5C,
,,1,2025-05-27 20:42:20,-66,367E0F4A,65396,,,7D769A01,
,,2,2025-05-27 20:42:07,-75,81D187E3,1242,,,520A3C5C,
,,1,2025-05-27 20:42:24,-71,13323C65,26657,,,7D769A01,
,,4,2025-05-27 20:42:13,-71,367E0F4A,30335,,,520A3C5C,
,,2,2025-05-27 20:42:13,-71,367E0F4A,30335,,,520A3C5C,
,,3,2025-05-27 20:42:13,-71,367E0F4A,30335,,,520A3C5C,
,,5,2025-05-27 20:42:13,-71,367E0F4A,30335,,,520A3C5C,
,,5,2025-05-27 20:42:15,-70,59FE8D30,47568,,,520A3C5C,
,,4,2025-05-27 20:42:15,-70,59FE8D30,47568,,,520A3C5C,
,,3,2025-05-27 20:42:16,-72,13323C65,20292,,,520A3C5C,
,,2,2025-05-27 20:42:16,-72,13323C65,20292,,,520A3C5C,
,,5,2025-05-27 20:42:16,-72,13323C65,20292,,,520A3C5C,
,,3,2025-05-27 20:42:18,-68,13323C65,3277,,,520A3C5C,
,,5,2025-05-27 20:42:19,-70,367E0F4A,34307,,,520A3C5C,
,,2,2025-05-27 20:42:19,-70,367E0F4A,34307,,,520A3C5C,
,,4,2025-05-27 20:42:19,-70,367E0F4A,34307,,,520A3C5C,
,,3,2025-05-27 20:42:19,-70,367E0F4A,34307,,,520A3C5C,
,,3,2025-05-27 20:42:19,-67,A648A0E7,56676,,,520A3C5C,
,,2,2025-05-27 20:42:19,-67,A648A0E7,56676,,,520A3C5C,
,,5,2025-05-27 20:42:19,-67,A648A0E7,56676,,,520A3C5C,
,,4,2025-05-27 20:42:19,-67,A648A0E7,56676,,,520A3C5C,
,,3,2025-05-27 20:42:19,-70,59FE8D30,12207,,,520A3C5C,
,,2,2025-05-27 20:42:19,-70,59FE8D30,12207,,,520A3C5C,
,,5,2025-05-27 20:42:19,-70,59FE8D30,12207,,,520A3C5C,
,,4,2025-05-27 20:42:19,-70,59FE8D30,12207,,,520A3C5C,
,,1,2025-05-27 20:42:19,-70,59FE8D30,12207,,,520A3C5C,
,,3,2025-05-27 20:42:20,-77,59FE8D30,1020,,,520A3C5C,
,,2,2025-05-27 20:42:20,-77,59FE8D30,1020,,,520A3C5C,
,,3,2025-05-27 20:42:20,-68,13323C65,27836,,,520A3C5C,
,,4,2025-05-27 20:42:20,-68,13323C65,27836,,,520A3C5C,
,,2,2025-05-27 20:42:20,-68,13323C65,27836,,,520A3C5C,
,,3,2025-05-27 20:42:21,-75,A648A0E7,48604,,,520A3C5C,
,,5,2025-05-27 20:42:21,-75,A648A0E7,48604,,,520A3C5C,
,,2,2025-05-27 20:42:21,-75,A648A0E7,48604,,,520A3C5C,
,,5,2025-05-27 20:42:01,-77,59FE8D30,30449,,,AA4358FB,
,,2,2025-05-27 20:42:01,-77,59FE8D30,30449,,,AA4358FB,
,,3,2025-05-27 20:42:01,-77,59FE8D30,30449,,,AA4358FB,
,,2,2025-05-27 20:42:22,-74,13323C65,42608,,,520A3C5C,
,,5,2025-05-27 20:42:22,-74,13323C65,42608,,,520A3C5C,
,,3,2025-05-27 20:42:22,-74,13323C65,42608,,,520A3C5C,
,,4,2025-05-27 20:42:22,-74,13323C65,42608,,,520A3C5C,
,,5,2025-05-27 20:42:03,-75,D7510A57,569,,,AA4358FB,
,,5,2025-05-27 20:42:03,-69,13323C65,29865,,,AA4358FB,
,,5,2025-05-27 20:42:04,-70,0000006E,38144,,,AA4358FB,
,,4,2025-05-27 20:42:04,-70,0000006E,38144,,,AA4358FB,
,,3,2025-05-27 20:42:04,-70,0000006E,38144,,,AA4358FB,
,,2,2025-05-27 20:42:04,-70,0000006E,38144,,,AA4358FB,
,,3,2025-05-27 20:42:05,-70,81D187E3,40450,,,AA4358FB,
,,2,2025-05-27 20:42:05,-70,81D187E3,40450,,,AA4358FB,
,,5,2025-05-27 20:42:05,-70,81D187E3,40450,,,AA4358FB,
,,3,2025-05-27 20:42:05,-63,367E0F4A,8251,,,AA4358FB,
,,2,2025-05-27 20:42:05,-63,367E0F4A,8251,,,AA4358FB,
,,1,2025-05-27 20:42:07,-63,367E0F4A,43754,,,AA4358FB,
,,5,2025-05-27 20:42:08,-77,D7510A57,25941,,,AA4358FB,
,,3,2025-05-27 20:42:08,-77,D7510A57,25941,,,AA4358FB,
,,2,2025-05-27 20:42:08,-77,D7510A57,25941,,,AA4358FB,
,,1,2025-05-27 20:42:08,-73,81D187E3,1242,,,AA4358FB,
,,3,2025-05-27 20:42:09,-66,367E0F4A,38715,,,AA4358FB,
,,5,2025-05-27 20:42:10,-65,0000006E,5347,,,AA4358FB,
,,3,2025-05-27 20:42:10,-65,0000006E,5347,,,AA4358FB,
,,2,2025-05-27 20:42:10,-65,0000006E,5347,,,AA4358FB,
,,5,2025-05-27 20:42:13,-76,13323C65,54227,,,AA4358FB,
,,2,2025-05-27 20:42:13,-76,13323C65,54227,,,AA4358FB,
,,3,2025-05-27 20:42:13,-76,13323C65,54227,,,AA4358FB,
,,2,2025-05-27 20:42:13,-73,A648A0E7,62629,,,AA4358FB,
,,3,2025-05-27 20:42:13,-73,A648A0E7,62629,,,AA4358FB,
,,4,2025-05-27 20:42:13,-73,A648A0E7,62629,,,AA4358FB,
,,5,2025-05-27 20:42:13,-73,A648A0E7,62629,,,AA4358FB,
,,4,2025-05-27 20:42:14,-69,13323C65,15411,,,AA4358FB,
,,5,2025-05-27 20:42:14,-69,13323C65,15411,,,AA4358FB,
,,3,2025-05-27 20:42:14,-69,13323C65,15411,,,AA4358FB,
,,5,2025-05-27 20:42:14,-66,367E0F4A,60512,,,AA4358FB,
,,3,2025-05-27 20:42:14,-66,367E0F4A,60512,,,AA4358FB,
,,3,2025-05-27 20:42:15,-66,367E0F4A,37794,,,AA4358FB,
,,2,2025-05-27 20:42:15,-66,367E0F4A,37794,,,AA4358FB,
,,2,2025-05-27 20:42:16,-67,367E0F4A,19728,,,AA4358FB,
,,3,2025-05-27 20:42:16,-67,367E0F4A,19728,,,AA4358FB,
,,4,2025-05-27 20:42:16,-67,367E0F4A,19728,,,AA4358FB,
,,2,2025-05-27 20:42:18,-73,13323C65,58320,,,AA4358FB,
,,4,2025-05-27 20:42:21,-79,A648A0E7,48604,,,AA4358FB,
,,2,2025-05-27 20:42:21,-79,A648A0E7,48604,,,AA4358FB,
,,1,2025-05-27 20:42:21,-79,A648A0E7,48604,,,AA4358FB,
,,3,2025-05-27 20:42:21,-79,A648A0E7,48604,,,AA4358FB,
,,5,2025-05-27 20:42:21,-79,A648A0E7,48604,,,AA4358FB,
,,2,2025-05-27 20:42:22,-71,13323C65,20019,,,AA4358FB,
,,3,2025-05-27 20:42:22,-71,13323C65,20019,,,AA4358FB,
,,2,2025-05-27 20:42:22,-64,0000006E,10602,,,AA4358FB,
,,4,2025-05-27 20:42:22,-64,0000006E,10602,,,AA4358FB,
,,1,2025-05-27 20:42:22,-64,0000006E,10602,,,AA4358FB,
,,3,2025-05-27 20:42:22,-64,0000006E,10602,,,AA4358FB,
,,5,2025-05-27 20:42:22,-64,0000006E,10602,,,AA4358FB,
,,5,2025-05-27 20:42:08,-70,367E0F4A,49613,,,9CC5DC79,
,,4,2025-05-27 20:42:11,-74,367E0F4A,31143,,,B995250B,
,,1,2025-05-27 20:42:11,-74,367E0F4A,31143,,,B995250B,
,,2,2025-05-27 20:42:17,-79,A648A0E7,31709,,,9CC5DC79,
,,3,2025-05-27 20:42:17,-79,A648A0E7,31709,,,9CC5DC79,
,,5,2025-05-27 20:42:17,-79,A648A0E7,31709,,,9CC5DC79,
,,4,2025-05-27 20:42:17,-82,81D187E3,50102,,,9CC5DC79,
,,3,2025-05-27 20:42:17,-82,81D187E3,50102,,,9CC5DC79,
,,5,2025-05-27 20:42:17,-82,81D187E3,50102,,,9CC5DC79,
,,5,2025-05-27 20:42:19,-83,81D187E3,18463,,,9CC5DC79,
,,1,2025-05-27 20:42:19,-83,81D187E3,18463,,,9CC5DC79,
,,3,2025-05-27 20:42:19,-83,81D187E3,18463,,,9CC5DC79,
,,4,2025-05-27 20:42:19,-83,81D187E3,18463,,,9CC5DC79,
,,4,2025-05-27 20:42:21,-80,0000006E,10602,,,9CC5DC79,
,,2,2025-05-27 20:42:21,-80,0000006E,10602,,,9CC5DC79,
,,5,2025-05-27 20:42:21,-80,0000006E,10602,,,9CC5DC79,
,,3,2025-05-27 20:42:21,-80,0000006E,10602,,,9CC5DC79,
,,1,2025-05-27 20:42:21,-80,0000006E,10602,,,9CC5DC79,
,,1,2025-05-27 20:42:22,-72,367E0F4A,57841,,,9CC5DC79,
,,1,2025-05-27 20:42:22,-78,13323C65,42608,,,9CC5DC79,
,,4,2025-05-27 20:42:22,-78,13323C65,42608,,,9CC5DC79,
,,5,2025-05-27 20:42:22,-78,13323C65,42608,,,9CC5DC79,
,,3,2025-05-27 20:42:22,-78,13323C65,42608,,,9CC5DC79,
,,1,2025-05-27 20:42:19,-71,59FE8D30,12207,,,B995250B,
,,4,2025-05-27 20:42:19,-71,59FE8D30,12207,,,B995250B,
,,4,2025-05-27 20:42:25,-83,59FE8D30,51548,,,9CC5DC79,
,,1,2025-05-27 20:42:25,-83,59FE8D30,51548,,,9CC5DC79,
,,5,2025-05-27 20:42:25,-83,59FE8D30,51548,,,9CC5DC79,
,,3,2025-05-27 20:42:25,-83,59FE8D30,51548,,,9CC5DC79,
,,2,2025-05-27 20:42:25,-83,59FE8D30,51548,,,9CC5DC79,
,,4,2025-05-27 20:42:19,-78,13323C65,14283,,,B995250B,
,,1,2025-05-27 20:42:19,-78,13323C65,14283,,,B995250B,
,,4,2025-05-27 20:42:26,-79,59FE8D30,3931,,,9CC5DC79,
,,5,2025-05-27 20:42:26,-79,59FE8D30,3931,,,9CC5DC79,
,,1,2025-05-27 20:42:26,-79,59FE8D30,3931,,,9CC5DC79,
,,3,2025-05-27 20:42:26,-79,59FE8D30,3931,,,9CC5DC79,
,,2,2025-05-27 20:42:26,-79,59FE8D30,3931,,,9CC5DC79,
,,5,2025-05-27 20:42:28,-73,367E0F4A,14473,,,9CC5DC79,
,,4,2025-05-27 20:42:30,-73,870614B1,20007,,,9CC5DC79,
,,3,2025-05-27 20:42:34,-75,A648A0E7,49985,,,9CC5DC79,
,,4,2025-05-27 20:42:30,-78,13323C65,30505,,,B995250B,
,,1,2025-05-27 20:42:30,-78,13323C65,30505,,,B995250B,
,,4,2025-05-27 20:42:11,-81,59FE8D30,64658,,,CB4A1EAE,
,,1,2025-05-27 20:42:11,-81,59FE8D30,64658,,,CB4A1EAE,
,,1,2025-05-27 20:42:24,-75,0000006E,17000,,,7D769A01,
,,1,2025-05-27 20:42:27,-75,A648A0E7,13613,,,7D769A01,
,,1,2025-05-27 20:42:22,-82,13323C65,42608,,,CB4A1EAE,
,,4,2025-05-27 20:42:22,-82,13323C65,42608,,,CB4A1EAE,
,,1,2025-05-27 20:42:29,-65,367E0F4A,12445,,,7D769A01,
,,5,2025-05-27 20:42:11,-77,13323C65,25916,,,7378B941,
,,1,2025-05-27 20:42:11,-77,13323C65,25916,,,7378B941,
,,4,2025-05-27 20:42:11,-77,13323C65,25916,,,7378B941,
,,1,2025-05-27 20:42:29,-78,367E0F4A,12445,,,CB4A1EAE,
,,1,2025-05-27 20:42:34,-65,367E0F4A,38063,,,7D769A01,
,,5,2025-05-27 20:42:22,-85,D7510A57,33435,,,7378B941,
,,4,2025-05-27 20:42:23,-76,81D187E3,11667,,,520A3C5C,
,,5,2025-05-27 20:42:22,-74,13323C65,42608,,,7378B941,
,,5,2025-05-27 20:42:24,-69,D7510A57,22294,,,520A3C5C,
,,2,2025-05-27 20:42:24,-69,D7510A57,22294,,,520A3C5C,
,,3,2025-05-27 20:42:24,-69,D7510A57,22294,,,520A3C5C,
,,1,2025-05-27 20:42:35,-74,A648A0E7,10848,,,7D769A01,
,,5,2025-05-27 20:42:26,-73,23D9727E,10128,,,520A3C5C,
,,5,2025-05-27 20:42:28,-69,D7510A57,7971,,,520A3C5C,
,,2,2025-05-27 20:42:28,-69,D7510A57,7971,,,520A3C5C,
,,1,2025-05-27 20:42:35,-74,E197FE3E,15561,,,7D769A01,
,,3,2025-05-27 20:42:30,-81,19836CFF,39695,,,520A3C5C,
,,5,2025-05-27 20:42:30,-81,19836CFF,39695,,,520A3C5C,
,,2,2025-05-27 20:42:30,-81,19836CFF,39695,,,520A3C5C,
,,1,2025-05-27 20:42:36,-73,A648A0E7,6033,,,7D769A01,
,,5,2025-05-27 20:42:30,-76,D7510A57,36670,,,7378B941,
,,1,2025-05-27 20:42:36,-74,81D187E3,40912,,,7D769A01,
,,3,2025-05-27 20:42:30,-69,D7510A57,36670,,,520A3C5C,
,,5,2025-05-27 20:42:30,-69,D7510A57,36670,,,520A3C5C,
,,4,2025-05-27 20:42:30,-69,D7510A57,36670,,,520A3C5C,
,,2,2025-05-27 20:42:30,-71,13323C65,27950,,,520A3C5C,
,,5,2025-05-27 20:42:30,-71,13323C65,27950,,,520A3C5C,
,,1,2025-05-27 20:42:30,-71,13323C65,27950,,,520A3C5C,
,,4,2025-05-27 20:42:30,-71,13323C65,27950,,,520A3C5C,
,,3,2025-05-27 20:42:30,-71,13323C65,27950,,,520A3C5C,
,,5,2025-05-27 20:42:30,-74,13323C65,27950,,,7378B941,
,,3,2025-05-27 20:42:30,-76,81D187E3,29791,,,520A3C5C,
,,4,2025-05-27 20:42:30,-76,81D187E3,29791,,,520A3C5C,
,,2,2025-05-27 20:42:30,-76,81D187E3,29791,,,520A3C5C,
,,1,2025-05-27 20:42:30,-76,81D187E3,29791,,,520A3C5C,
,,5,2025-05-27 20:42:30,-76,81D187E3,29791,,,520A3C5C,
,,4,2025-05-27 20:42:31,-70,59FE8D30,7899,,,520A3C5C,
,,4,2025-05-27 20:42:41,-86,E197FE3E,2490,,,CB4A1EAE,
,,1,2025-05-27 20:42:41,-86,E197FE3E,2490,,,CB4A1EAE,
,,4,2025-05-27 20:42:41,-82,D7510A57,404,,,CB4A1EAE,
,,1,2025-05-27 20:42:39,-68,D7510A57,17888,,,7D769A01,
,,5,2025-05-27 20:42:34,-77,D7510A57,44753,,,7378B941,
,,1,2025-05-27 20:42:39,-74,0000006E,2196,,,7D769A01,
,,5,2025-05-27 20:42:31,-75,13323C65,13326,,,520A3C5C,
,,4,2025-05-27 20:42:31,-75,13323C65,13326,,,520A3C5C,
,,5,2025-05-27 20:42:41,-77,D7510A57,404,,,7378B941,
,,2,2025-05-27 20:42:36,-67,D7510A57,64283,,,520A3C5C,
,,3,2025-05-27 20:42:36,-67,D7510A57,64283,,,520A3C5C,
,,4,2025-05-27 20:42:36,-67,D7510A57,64283,,,520A3C5C,
,,5,2025-05-27 20:42:36,-67,D7510A57,64283,,,520A3C5C,
,,3,2025-05-27 20:42:24,-68,13323C65,17214,,,AA4358FB,
,,5,2025-05-27 20:42:24,-68,13323C65,17214,,,AA4358FB,
,,4,2025-05-27 20:42:24,-68,13323C65,17214,,,AA4358FB,
,,1,2025-05-27 20:42:24,-68,13323C65,17214,,,AA4358FB,
,,2,2025-05-27 20:42:24,-68,13323C65,17214,,,AA4358FB,
,,2,2025-05-27 20:42:25,-74,59FE8D30,15370,,,AA4358FB,
,,3,2025-05-27 20:42:25,-74,59FE8D30,15370,,,AA4358FB,
,,4,2025-05-27 20:42:25,-74,59FE8D30,15370,,,AA4358FB,
,,5,2025-05-27 20:42:25,-74,59FE8D30,15370,,,AA4358FB,
,,1,2025-05-27 20:42:25,-74,59FE8D30,15370,,,AA4358FB,
,,2,2025-05-27 20:42:38,-69,13323C65,21916,,,520A3C5C,
,,3,2025-05-27 20:42:38,-69,13323C65,21916,,,520A3C5C,
,,3,2025-05-27 20:42:26,-75,D7510A57,63184,,,AA4358FB,
,,5,2025-05-27 20:42:26,-75,D7510A57,63184,,,AA4358FB,
,,5,2025-05-27 20:42:26,-76,E197FE3E,35702,,,AA4358FB,
,,2,2025-05-27 20:42:38,-71,367E0F4A,25906,,,520A3C5C,
,,3,2025-05-27 20:42:38,-71,367E0F4A,25906,,,520A3C5C,
,,5,2025-05-27 20:42:38,-71,367E0F4A,25906,,,520A3C5C,
,,2,2025-05-27 20:42:39,-79,A648A0E7,28120,,,520A3C5C,
,,1,2025-05-27 20:42:39,-79,A648A0E7,28120,,,520A3C5C,
,,3,2025-05-27 20:42:39,-79,A648A0E7,28120,,,520A3C5C,
,,4,2025-05-27 20:42:39,-79,A648A0E7,28120,,,520A3C5C,
,,5,2025-05-27 20:42:39,-79,A648A0E7,28120,,,520A3C5C,
,,2,2025-05-27 20:42:40,-70,59FE8D30,15773,,,520A3C5C,
,,3,2025-05-27 20:42:40,-70,59FE8D30,15773,,,520A3C5C,
,,5,2025-05-27 20:42:40,-70,59FE8D30,15773,,,520A3C5C,
,,5,2025-05-27 20:42:41,-71,D7510A57,404,,,520A3C5C,
,,2,2025-05-27 20:42:41,-71,D7510A57,404,,,520A3C5C,
,,4,2025-05-27 20:42:41,-71,D7510A57,404,,,520A3C5C,
,,3,2025-05-27 20:42:41,-71,D7510A57,404,,,520A3C5C,
,,4,2025-05-27 20:42:31,-72,13323C65,27950,,,AA4358FB,
,,3,2025-05-27 20:42:31,-72,13323C65,27950,,,AA4358FB,
,,5,2025-05-27 20:42:31,-72,13323C65,27950,,,AA4358FB,
,,5,2025-05-27 20:42:41,-67,A648A0E7,35375,,,520A3C5C,
,,2,2025-05-27 20:42:42,-65,870614B1,10027,,,520A3C5C,
,,3,2025-05-27 20:42:42,-65,870614B1,10027,,,520A3C5C,
,,5,2025-05-27 20:42:42,-65,870614B1,10027,,,520A3C5C,
,,5,2025-05-27 20:42:31,-76,59FE8D30,7899,,,AA4358FB,
,,2,2025-05-27 20:42:31,-76,59FE8D30,7899,,,AA4358FB,
,,4,2025-05-27 20:42:31,-76,59FE8D30,7899,,,AA4358FB,
,,1,2025-05-27 20:42:31,-76,59FE8D30,7899,,,AA4358FB,
,,3,2025-05-27 20:42:31,-76,59FE8D30,7899,,,AA4358FB,
,,5,2025-05-27 20:42:33,-75,D7510A57,14207,,,AA4358FB,
,,3,2025-05-27 20:42:33,-75,D7510A57,14207,,,AA4358FB,
,,2,2025-05-27 20:42:34,-75,59FE8D30,58611,,,AA4358FB,
,,5,2025-05-27 20:42:35,-71,13323C65,21852,,,AA4358FB,
,,3,2025-05-27 20:42:38,-78,13323C65,21916,,,AA4358FB,
,,2,2025-05-27 20:42:38,-78,13323C65,21916,,,AA4358FB,
,,4,2025-05-27 20:42:38,-78,13323C65,21916,,,AA4358FB,
,,5,2025-05-27 20:42:39,-66,367E0F4A,25906,,,AA4358FB,
,,3,2025-05-27 20:42:17,-74,13323C65,58320,,,D46BA6A2,
,,4,2025-05-27 20:42:17,-74,13323C65,58320,,,D46BA6A2,
,,1,2025-05-27 20:42:18,-67,0000006E,39047,,,D46BA6A2,
,,3,2025-05-27 20:42:41,-68,13323C65,34022,,,AA4358FB,
,,5,2025-05-27 20:42:41,-68,13323C65,34022,,,AA4358FB,
,,5,2025-05-27 20:42:42,-75,A648A0E7,35375,,,AA4358FB,
,,1,2025-05-27 20:42:43,-68,13323C65,19132,,,AA4358FB,
,,5,2025-05-27 20:42:22,-70,E197FE3E,38331,,,D46BA6A2,
,,4,2025-05-27 20:42:22,-70,E197FE3E,38331,,,D46BA6A2,
,,2,2025-05-27 20:42:22,-70,E197FE3E,38331,,,D46BA6A2,
,,1,2025-05-27 20:42:22,-70,E197FE3E,38331,,,D46BA6A2,
,,3,2025-05-27 20:42:22,-70,E197FE3E,38331,,,D46BA6A2,
,,3,2025-05-27 20:42:28,-66,D7510A57,7971,,,D46BA6A2,
,,4,2025-05-27 20:42:28,-66,D7510A57,7971,,,D46BA6A2,
,,1,2025-05-27 20:42:28,-66,D7510A57,7971,,,D46BA6A2,
,,1,2025-05-27 20:42:23,-79,81D187E3,6341,,,4D64B5B5,
,,1,2025-05-27 20:42:32,-72,07F9389E,5078,,,D46BA6A2,
,,4,2025-05-27 20:42:24,-75,A648A0E7,24722,,,4D64B5B5,
,,4,2025-05-27 20:42:33,-70,0000006E,33372,,,D46BA6A2,
,,5,2025-05-27 20:42:33,-70,0000006E,33372,,,D46BA6A2,
,,1,2025-05-27 20:42:33,-70,0000006E,33372,,,D46BA6A2,
,,3,2025-05-27 20:42:33,-70,0000006E,33372,,,D46BA6A2,
,,2,2025-05-27 20:42:33,-70,0000006E,33372,,,D46BA6A2,
,,1,2025-05-27 20:42:36,-68,59FE8D30,31319,,,D46BA6A2,
,,3,2025-05-27 20:42:36,-68,59FE8D30,31319,,,D46BA6A2,
,,4,2025-05-27 20:42:36,-68,59FE8D30,31319,,,D46BA6A2,
,,5,2025-05-27 20:42:36,-69,0000006E,16782,,,D46BA6A2,
,,4,2025-05-27 20:42:36,-69,0000006E,16782,,,D46BA6A2,
,,2,2025-05-27 20:42:36,-69,0000006E,16782,,,D46BA6A2,
,,1,2025-05-27 20:42:36,-69,0000006E,16782,,,D46BA6A2,
,,3,2025-05-27 20:42:36,-69,0000006E,16782,,,D46BA6A2,
,,4,2025-05-27 20:42:37,-69,07F9389E,35025,,,D46BA6A2,
,,1,2025-05-27 20:42:37,-69,07F9389E,35025,,,D46BA6A2,
,,3,2025-05-27 20:42:37,-69,07F9389E,35025,,,D46BA6A2,
,,3,2025-05-27 20:42:38,-75,E2A807D7,1844,,,D46BA6A2,
,,1,2025-05-27 20:42:30,-81,59FE8D30,20151,,,4D64B5B5,
,,3,2025-05-27 20:42:40,-79,81D187E3,46862,,,D46BA6A2,
,,4,2025-05-27 20:42:40,-79,81D187E3,46862,,,D46BA6A2,
,,1,2025-05-27 20:42:40,-79,81D187E3,46862,,,D46BA6A2,
,,4,2025-05-27 20:42:32,-79,13323C65,13326,,,4D64B5B5,
,,1,2025-05-27 20:42:32,-79,13323C65,13326,,,4D64B5B5,
,,4,2025-05-27 20:42:32,-78,59FE8D30,3343,,,4D64B5B5,
,,1,2025-05-27 20:42:41,-78,13323C65,30851,,,D46BA6A2,
,,1,2025-05-27 20:42:42,-67,0000006E,23114,,,D46BA6A2,
,,3,2025-05-27 20:42:42,-67,0000006E,23114,,,D46BA6A2,
,,5,2025-05-27 20:42:42,-67,0000006E,23114,,,D46BA6A2,
,,4,2025-05-27 20:42:42,-67,0000006E,23114,,,D46BA6A2,
,,2,2025-05-27 20:42:42,-67,0000006E,23114,,,D46BA6A2,
,,4,2025-05-27 20:42:35,-83,B78FE24A,51853,,,4D64B5B5,
,,1,2025-05-27 20:42:35,-83,B78FE24A,51853,,,4D64B5B5,
,,3,2025-05-27 20:42:42,-79,13323C65,19132,,,D46BA6A2,
,,1,2025-05-27 20:42:42,-79,13323C65,19132,,,D46BA6A2,
,,1,2025-05-27 20:42:44,-68,59FE8D30,49591,,,D46BA6A2,
,,1,2025-05-27 20:42:37,-77,13323C65,51080,,,4D64B5B5,
,,1,2025-05-27 20:42:42,-76,A648A0E7,7002,,,4D64B5B5,
,,4,2025-05-27 20:42:44,-80,A648A0E7,21474,,,4D64B5B5,
,,1,2025-05-27 20:42:44,-80,A648A0E7,21474,,,4D64B5B5,
,,1,2025-05-27 20:42:45,-74,81D187E3,44407,,,7D769A01,
,,1,2025-05-27 20:42:46,-68,367E0F4A,29611,,,7D769A01,
,,1,2025-05-27 20:42:48,-68,D7510A57,22368,,,7D769A01,
,,1,2025-05-27 20:42:48,-78,E2A807D7,50828,,,7D769A01,
,,1,2025-05-27 20:42:50,-72,59FE8D30,65130,,,7D769A01,
,,1,2025-05-27 20:42:51,-78,B78FE24A,40464,,,7D769A01,
,,1,2025-05-27 20:42:52,-67,367E0F4A,42540,,,7D769A01,
,,1,2025-05-27 20:42:52,-74,5504D31A,44199,,,7D769A01,
,,1,2025-05-27 20:42:53,-67,367E0F4A,55060,,,7D769A01,
,,1,2025-05-27 20:42:55,-68,367E0F4A,57521,,,7D769A01,
,,3,2025-05-27 20:42:41,-73,13323C65,34022,,,9CC5DC79,
,,5,2025-05-27 20:42:41,-73,13323C65,34022,,,9CC5DC79,
,,4,2025-05-27 20:42:41,-73,13323C65,34022,,,9CC5DC79,
,,1,2025-05-27 20:42:41,-73,13323C65,34022,,,9CC5DC79,
,,5,2025-05-27 20:42:41,-79,A648A0E7,35375,,,9CC5DC79,
,,3,2025-05-27 20:42:41,-79,A648A0E7,35375,,,9CC5DC79,
,,1,2025-05-27 20:42:42,-80,A648A0E7,7002,,,9CC5DC79,
,,1,2025-05-27 20:42:42,-75,0000006E,23114,,,9CC5DC79,
,,4,2025-05-27 20:42:42,-75,0000006E,23114,,,9CC5DC79,
,,3,2025-05-27 20:42:42,-75,0000006E,23114,,,9CC5DC79,
,,2,2025-05-27 20:42:42,-75,0000006E,23114,,,9CC5DC79,
,,5,2025-05-27 20:42:42,-75,0000006E,23114,,,9CC5DC79,
,,1,2025-05-27 20:42:45,-72,13323C65,21078,,,9CC5DC79,
,,5,2025-05-27 20:42:45,-72,13323C65,21078,,,9CC5DC79,
,,4,2025-05-27 20:42:45,-72,13323C65,21078,,,9CC5DC79,
,,4,2025-05-27 20:42:46,-72,367E0F4A,29611,,,9CC5DC79,
,,1,2025-05-27 20:42:47,-77,07F9389E,60830,,,9CC5DC79,
,,1,2025-05-27 20:42:47,-80,367E0F4A,5118,,,9CC5DC79,
,,5,2025-05-27 20:42:48,-76,D7510A57,22368,,,9CC5DC79,
,,1,2025-05-27 20:42:49,-77,D7510A57,1509,,,9CC5DC79,
,,3,2025-05-27 20:42:49,-77,D7510A57,1509,,,9CC5DC79,
,,5,2025-05-27 20:42:49,-77,D7510A57,1509,,,9CC5DC79,
,,4,2025-05-27 20:42:49,-77,D7510A57,1509,,,9CC5DC79,
,,5,2025-05-27 20:42:50,-82,E2A807D7,54425,,,9CC5DC79,
,,5,2025-05-27 20:42:56,-72,13323C65,1431,,,9CC5DC79,
,,1,2025-05-27 20:42:56,-72,13323C65,1431,,,9CC5DC79,
,,3,2025-05-27 20:42:56,-72,13323C65,1431,,,9CC5DC79,
,,5,2025-05-27 20:42:57,-82,0000006E,46013,,,9CC5DC79,
,,5,2025-05-27 20:42:58,-72,367E0F4A,55605,,,9CC5DC79,
,,5,2025-05-27 20:42:58,-81,81D187E3,1384,,,9CC5DC79,
,,4,2025-05-27 20:42:59,-76,D7510A57,3699,,,9CC5DC79,
,,1,2025-05-27 20:42:59,-76,D7510A57,3699,,,9CC5DC79,
,,1,2025-05-27 20:42:44,-71,13323C65,59570,,,AA4358FB,
,,1,2025-05-27 20:42:44,-77,B78FE24A,20858,,,AA4358FB,
,,4,2025-05-27 20:42:42,-74,0000006E,23114,,,520A3C5C,
,,2,2025-05-27 20:42:44,-73,13323C65,59570,,,520A3C5C,
,,3,2025-05-27 20:42:44,-73,13323C65,59570,,,520A3C5C,
,,5,2025-05-27 20:42:44,-73,13323C65,59570,,,520A3C5C,
,,1,2025-05-27 20:42:44,-73,13323C65,59570,,,520A3C5C,
,,4,2025-05-27 20:42:44,-73,13323C65,59570,,,520A3C5C,
,,3,2025-05-27 20:42:46,-64,0000006E,6437,,,AA4358FB,
,,5,2025-05-27 20:42:44,-67,D7510A57,14179,,,520A3C5C,
,,3,2025-05-27 20:42:44,-67,D7510A57,14179,,,520A3C5C,
,,1,2025-05-27 20:42:44,-67,D7510A57,14179,,,520A3C5C,
,,4,2025-05-27 20:42:44,-67,D7510A57,14179,,,520A3C5C,
,,2,2025-05-27 20:42:44,-67,D7510A57,14179,,,520A3C5C,
,,3,2025-05-27 20:42:45,-71,D7510A57,37944,,,520A3C5C,
,,2,2025-05-27 20:42:45,-71,D7510A57,37944,,,520A3C5C,
,,5,2025-05-27 20:42:46,-82,B78FE24A,40725,,,AA4358FB,
,,3,2025-05-27 20:42:46,-82,B78FE24A,40725,,,AA4358FB,
,,1,2025-05-27 20:42:46,-82,B78FE24A,40725,,,AA4358FB,
,,2,2025-05-27 20:42:46,-82,B78FE24A,40725,,,AA4358FB,
,,4,2025-05-27 20:42:46,-82,B78FE24A,40725,,,AA4358FB,
,,3,2025-05-27 20:42:47,-83,E197FE3E,26487,,,AA4358FB,
,,3,2025-05-27 20:42:47,-68,81D187E3,57759,,,AA4358FB,
,,5,2025-05-27 20:42:47,-68,81D187E3,57759,,,AA4358FB,
,,1,2025-05-27 20:42:47,-68,81D187E3,57759,,,AA4358FB,
,,2,2025-05-27 20:42:47,-68,81D187E3,57759,,,AA4358FB,
,,4,2025-05-27 20:42:47,-68,81D187E3,57759,,,AA4358FB,
,,5,2025-05-27 20:42:47,-70,D7510A57,44272,,,520A3C5C,
,,3,2025-05-27 20:42:47,-70,D7510A57,44272,,,520A3C5C,
,,2,2025-05-27 20:42:47,-70,D7510A57,44272,,,520A3C5C,
,,4,2025-05-27 20:42:47,-70,D7510A57,44272,,,520A3C5C,
,,5,2025-05-27 20:42:48,-71,13323C65,35523,,,520A3C5C,
,,4,2025-05-27 20:42:48,-71,13323C65,35523,,,520A3C5C,
,,3,2025-05-27 20:42:48,-71,13323C65,35523,,,520A3C5C,
,,3,2025-05-27 20:42:49,-72,13323C65,61366,,,AA4358FB,
,,1,2025-05-27 20:42:49,-72,13323C65,61366,,,AA4358FB,
,,2,2025-05-27 20:42:49,-72,13323C65,61366,,,AA4358FB,
,,5,2025-05-27 20:42:49,-72,13323C65,61366,,,AA4358FB,
,,4,2025-05-27 20:42:49,-72,13323C65,61366,,,AA4358FB,
,,2,2025-05-27 20:42:51,-75,D7510A57,19539,,,AA4358FB,
,,5,2025-05-27 20:42:51,-75,D7510A57,19539,,,AA4358FB,
,,5,2025-05-27 20:42:50,-67,D7510A57,19539,,,520A3C5C,
,,5,2025-05-27 20:42:50,-73,23D9727E,19523,,,520A3C5C,
,,5,2025-05-27 20:42:52,-71,13323C65,63090,,,AA4358FB,
,,1,2025-05-27 20:42:52,-71,13323C65,63090,,,AA4358FB,
,,4,2025-05-27 20:42:52,-71,13323C65,63090,,,AA4358FB,
,,3,2025-05-27 20:42:52,-71,13323C65,63090,,,AA4358FB,
,,2,2025-05-27 20:42:52,-71,13323C65,63090,,,AA4358FB,
,,3,2025-05-27 20:42:53,-68,81D187E3,14693,,,AA4358FB,
,,4,2025-05-27 20:42:53,-68,81D187E3,14693,,,AA4358FB,
,,5,2025-05-27 20:42:53,-68,81D187E3,14693,,,AA4358FB,
,,4,2025-05-27 20:42:51,-67,D7510A57,7778,,,520A3C5C,
,,5,2025-05-27 20:42:51,-67,D7510A57,7778,,,520A3C5C,
,,3,2025-05-27 20:42:51,-74,0000006E,12589,,,520A3C5C,
,,5,2025-05-27 20:42:51,-74,0000006E,12589,,,520A3C5C,
,,2,2025-05-27 20:42:51,-74,0000006E,12589,,,520A3C5C,
,,4,2025-05-27 20:42:52,-67,A648A0E7,37500,,,520A3C5C,
,,5,2025-05-27 20:42:54,-63,367E0F4A,55060,,,AA4358FB,
,,3,2025-05-27 20:42:53,-77,59FE8D30,24524,,,520A3C5C,
,,4,2025-05-27 20:42:53,-77,59FE8D30,24524,,,520A3C5C,
,,2,2025-05-27 20:42:53,-77,59FE8D30,24524,,,520A3C5C,
,,5,2025-05-27 20:42:55,-73,59FE8D30,64349,,,AA4358FB,
,,2,2025-05-27 20:42:56,-72,13323C65,1431,,,AA4358FB,
,,5,2025-05-27 20:42:56,-72,13323C65,1431,,,AA4358FB,
,,1,2025-05-27 20:42:57,-73,81D187E3,16609,,,AA4358FB,
,,5,2025-05-27 20:42:57,-78,870614B1,11069,,,AA4358FB,
,,4,2025-05-27 20:42:54,-76,81D187E3,26438,,,520A3C5C,
,,2,2025-05-27 20:42:54,-76,81D187E3,26438,,,520A3C5C,
,,3,2025-05-27 20:42:54,-76,81D187E3,26438,,,520A3C5C,
,,5,2025-05-27 20:42:54,-76,81D187E3,26438,,,520A3C5C,
,,5,2025-05-27 20:42:56,-76,13323C65,1431,,,520A3C5C,
,,2,2025-05-27 20:42:56,-76,13323C65,1431,,,520A3C5C,
,,3,2025-05-27 20:42:56,-76,13323C65,1431,,,520A3C5C,
,,2,2025-05-27 20:42:58,-68,07F9389E,65241,,,AA4358FB,
,,1,2025-05-27 20:42:58,-68,07F9389E,65241,,,AA4358FB,
,,3,2025-05-27 20:42:58,-68,07F9389E,65241,,,AA4358FB,
,,5,2025-05-27 20:42:58,-68,07F9389E,65241,,,AA4358FB,
,,4,2025-05-27 20:42:58,-68,07F9389E,65241,,,AA4358FB,
,,3,2025-05-27 20:42:56,-70,D7510A57,44089,,,520A3C5C,
,,5,2025-05-27 20:42:56,-70,D7510A57,44089,,,520A3C5C,
,,4,2025-05-27 20:42:56,-70,D7510A57,44089,,,520A3C5C,
,,5,2025-05-27 20:42:58,-64,0000006E,46013,,,AA4358FB,
,,3,2025-05-27 20:42:59,-75,D7510A57,43597,,,AA4358FB,
,,5,2025-05-27 20:42:59,-75,D7510A57,43597,,,AA4358FB,
,,2,2025-05-27 20:42:59,-75,D7510A57,43597,,,AA4358FB,
,,2,2025-05-27 20:42:57,-70,D7510A57,64346,,,520A3C5C,
,,5,2025-05-27 20:42:57,-70,D7510A57,64346,,,520A3C5C,
,,3,2025-05-27 20:42:57,-74,0000006E,46013,,,520A3C5C,
,,2,2025-05-27 20:42:57,-74,0000006E,46013,,,520A3C5C,
,,3,2025-05-27 20:42:58,-71,367E0F4A,55605,,,520A3C5C,
,,2,2025-05-27 20:42:58,-71,367E0F4A,55605,,,520A3C5C,
,,5,2025-05-27 20:42:58,-71,367E0F4A,55605,,,520A3C5C,
,,2,2025-05-27 20:42:58,-82,E2A807D7,52827,,,520A3C5C,
,,3,2025-05-27 20:42:58,-82,E2A807D7,52827,,,520A3C5C,
,,3,2025-05-27 20:43:00,-71,13323C65,4303,,,AA4358FB,
,,1,2025-05-27 20:43:01,-72,81D187E3,19970,,,AA4358FB,
,,4,2025-05-27 20:43:00,-71,367E0F4A,35282,,,520A3C5C,
,,2,2025-05-27 20:43:02,-74,59FE8D30,23215,,,AA4358FB,
,,4,2025-05-27 20:43:02,-74,59FE8D30,23215,,,AA4358FB,
,,1,2025-05-27 20:43:02,-74,59FE8D30,23215,,,AA4358FB,
,,5,2025-05-27 20:43:02,-74,59FE8D30,23215,,,AA4358FB,
,,3,2025-05-27 20:43:02,-74,59FE8D30,23215,,,AA4358FB,
,,5,2025-05-27 20:43:01,-86,19836CFF,33337,,,520A3C5C,
,,4,2025-05-27 20:43:01,-86,19836CFF,33337,,,520A3C5C,
,,4,2025-05-27 20:42:47,-82,B78FE24A,28339,,,4D64B5B5,
,,1,2025-05-27 20:42:47,-82,B78FE24A,28339,,,4D64B5B5,
,,4,2025-05-27 20:42:53,-73,81D187E3,14693,,,4D64B5B5,
,,1,2025-05-27 20:42:54,-78,81D187E3,48798,,,4D64B5B5,
,,4,2025-05-27 20:42:56,-79,13323C65,1431,,,4D64B5B5,
,,1,2025-05-27 20:42:56,-79,13323C65,1431,,,4D64B5B5,
,,4,2025-05-27 20:42:59,-69,D7510A57,3699,,,4D64B5B5,
,,4,2025-05-27 20:43:03,-80,59FE8D30,42412,,,4D64B5B5,
,,1,2025-05-27 20:43:03,-80,59FE8D30,42412,,,4D64B5B5,
,,5,2025-05-27 20:42:45,-71,D7510A57,37944,,,D46BA6A2,
,,4,2025-05-27 20:42:45,-78,81D187E3,44407,,,D46BA6A2,
,,1,2025-05-27 20:42:45,-78,81D187E3,44407,,,D46BA6A2,
,,3,2025-05-27 20:42:45,-78,81D187E3,44407,,,D46BA6A2,
,,1,2025-05-27 20:42:45,-69,13323C65,60187,,,D46BA6A2,
,,1,2025-05-27 20:42:46,-73,D7510A57,27673,,,D46BA6A2,
,,3,2025-05-27 20:42:49,-70,367E0F4A,16614,,,D46BA6A2,
,,1,2025-05-27 20:42:49,-69,13323C65,4961,,,D46BA6A2,
,,3,2025-05-27 20:42:50,-68,13323C65,60132,,,D46BA6A2,
,,3,2025-05-27 20:42:51,-67,D7510A57,7778,,,D46BA6A2,
,,3,2025-05-27 20:42:51,-72,A648A0E7,55218,,,D46BA6A2,
,,3,2025-05-27 20:42:52,-77,A648A0E7,37500,,,D46BA6A2,
,,2,2025-05-27 20:42:52,-77,A648A0E7,37500,,,D46BA6A2,
,,5,2025-05-27 20:42:52,-70,367E0F4A,42540,,,D46BA6A2,
,,3,2025-05-27 20:42:52,-70,367E0F4A,42540,,,D46BA6A2,
,,4,2025-05-27 20:42:52,-70,367E0F4A,42540,,,D46BA6A2,
,,2,2025-05-27 20:42:52,-70,367E0F4A,42540,,,D46BA6A2,
,,1,2025-05-27 20:42:52,-70,367E0F4A,42540,,,D46BA6A2,
,,3,2025-05-27 20:42:52,-69,13323C65,35585,,,D46BA6A2,
,,3,2025-05-27 20:42:53,-66,59FE8D30,58133,,,D46BA6A2,
,,4,2025-05-27 20:42:55,-79,81D187E3,53958,,,D46BA6A2,
,,2,2025-05-27 20:42:55,-79,81D187E3,53958,,,D46BA6A2,
,,5,2025-05-27 20:42:55,-79,81D187E3,53958,,,D46BA6A2,
,,3,2025-05-27 20:42:55,-79,81D187E3,53958,,,D46BA6A2,
,,1,2025-05-27 20:42:55,-79,81D187E3,53958,,,D46BA6A2,
,,1,2025-05-27 20:42:57,-66,D7510A57,64346,,,D46BA6A2,
,,1,2025-05-27 20:42:59,-77,23D9727E,37327,,,D46BA6A2,
,,2,2025-05-27 20:42:59,-80,367E0F4A,35282,,,D46BA6A2,
,,3,2025-05-27 20:42:59,-80,367E0F4A,35282,,,D46BA6A2,
,,1,2025-05-27 20:43:01,-76,13323C65,9295,,,D46BA6A2,
,,4,2025-05-27 20:43:01,-76,13323C65,9295,,,D46BA6A2,
,,3,2025-05-27 20:43:01,-76,13323C65,9295,,,D46BA6A2,
,,1,2025-05-27 20:43:01,-66,D7510A57,59001,,,D46BA6A2,
,,4,2025-05-27 20:43:03,-82,A648A0E7,12458,,,D46BA6A2,
,,5,2025-05-27 20:43:03,-82,A648A0E7,12458,,,D46BA6A2,
,,3,2025-05-27 20:43:03,-82,A648A0E7,12458,,,D46BA6A2,
,,1,2025-05-27 20:43:03,-82,A648A0E7,12458,,,D46BA6A2,
,,1,2025-05-27 20:43:06,-79,13323C65,28813,,,D46BA6A2,
,,1,2025-05-27 20:43:06,-74,0000006E,41986,,,D46BA6A2,
,,3,2025-05-27 20:43:07,-69,13323C65,50798,,,D46BA6A2,
,,1,2025-05-27 20:43:07,-70,367E0F4A,37011,,,D46BA6A2,
,,4,2025-05-27 20:43:07,-70,367E0F4A,37011,,,D46BA6A2,
,,3,2025-05-27 20:43:07,-70,367E0F4A,37011,,,D46BA6A2,
,,5,2025-05-27 20:43:07,-70,367E0F4A,37011,,,D46BA6A2,
,,2,2025-05-27 20:43:07,-70,367E0F4A,37011,,,D46BA6A2,
,,3,2025-05-27 20:43:09,-66,D7510A57,56833,,,D46BA6A2,
,,4,2025-05-27 20:42:45,-81,0000006E,6437,,,7378B941,
,,1,2025-05-27 20:42:45,-81,0000006E,6437,,,7378B941,
,,5,2025-05-27 20:42:45,-81,0000006E,6437,,,7378B941,
,,5,2025-05-27 20:42:51,-74,870614B1,35621,,,7378B941,
,,5,2025-05-27 20:42:51,-83,0000006E,12589,,,7378B941,
,,5,2025-05-27 20:42:51,-81,367E0F4A,49475,,,7378B941,
,,5,2025-05-27 20:42:54,-74,13323C65,12724,,,7378B941,
,,5,2025-05-27 20:42:56,-77,D7510A57,44089,,,7378B941,
,,1,2025-05-27 20:42:56,-79,367E0F4A,57521,,,CB4A1EAE,
,,4,2025-05-27 20:42:56,-79,367E0F4A,57521,,,CB4A1EAE,
,,1,2025-05-27 20:42:58,-74,D7510A57,43597,,,CB4A1EAE,
,,4,2025-05-27 20:42:59,-83,D7510A57,3699,,,CB4A1EAE,
,,4,2025-05-27 20:43:06,-77,367E0F4A,57933,,,CB4A1EAE,
,,4,2025-05-27 20:43:09,-77,367E0F4A,35198,,,CB4A1EAE,
,,1,2025-05-27 20:43:09,-77,367E0F4A,35198,,,CB4A1EAE,
,,1,2025-05-27 20:42:59,-67,367E0F4A,35282,,,7D769A01,
,,1,2025-05-27 20:43:00,-77,81D187E3,19970,,,7D769A01,
,,1,2025-05-27 20:43:00,-67,367E0F4A,30007,,,7D769A01,
,,1,2025-05-27 20:43:02,-76,07F9389E,47860,,,7D769A01,
,,1,2025-05-27 20:43:03,-73,59FE8D30,31352,,,7D769A01,
,,1,2025-05-27 20:43:04,-68,D7510A57,60256,,,7D769A01,
,,1,2025-05-27 20:43:06,-75,0000006E,41986,,,7D769A01,
,,1,2025-05-27 20:43:07,-72,59FE8D30,12293,,,7D769A01,
,,1,2025-05-27 20:43:08,-65,367E0F4A,35198,,,7D769A01,
,,1,2025-05-27 20:43:10,-68,D7510A57,21153,,,7D769A01,
,,1,2025-05-27 20:43:10,-74,13323C65,49117,,,7D769A01,
,,1,2025-05-27 20:43:13,-77,E197FE3E,32017,,,7D769A01,
,,1,2025-05-27 20:43:16,-72,13323C65,11101,,,7D769A01,
,,1,2025-05-27 20:43:17,-68,D7510A57,9557,,,7D769A01,
,,1,2025-05-27 20:43:18,-72,59FE8D30,51597,,,7D769A01,
,,1,2025-05-27 20:43:19,-76,E2A807D7,6304,,,7D769A01,
,,3,2025-05-27 20:43:03,-71,13323C65,47818,,,520A3C5C,
,,2,2025-05-27 20:43:03,-71,13323C65,47818,,,520A3C5C,
,,5,2025-05-27 20:43:03,-71,13323C65,47818,,,520A3C5C,
,,2,2025-05-27 20:43:03,-70,59FE8D30,42412,,,520A3C5C,
,,5,2025-05-27 20:43:03,-70,59FE8D30,42412,,,520A3C5C,
,,3,2025-05-27 20:43:03,-70,59FE8D30,42412,,,520A3C5C,
,,5,2025-05-27 20:43:05,-81,A648A0E7,14158,,,520A3C5C,
,,4,2025-05-27 20:43:05,-70,D7510A57,44116,,,520A3C5C,
,,5,2025-05-27 20:43:06,-74,0000006E,41986,,,520A3C5C,
,,3,2025-05-27 20:43:06,-74,0000006E,41986,,,520A3C5C,
,,1,2025-05-27 20:43:06,-74,0000006E,41986,,,520A3C5C,
,,4,2025-05-27 20:43:06,-74,0000006E,41986,,,520A3C5C,
,,2,2025-05-27 20:43:06,-74,0000006E,41986,,,520A3C5C,
,,2,2025-05-27 20:43:09,-75,81D187E3,48761,,,520A3C5C,
,,3,2025-05-27 20:43:09,-75,81D187E3,48761,,,520A3C5C,
,,5,2025-05-27 20:43:09,-75,81D187E3,48761,,,520A3C5C,
,,5,2025-05-27 20:43:09,-73,367E0F4A,35198,,,520A3C5C,
,,2,2025-05-27 20:43:09,-73,367E0F4A,35198,,,520A3C5C,
,,4,2025-05-27 20:43:09,-73,367E0F4A,35198,,,520A3C5C,
,,3,2025-05-27 20:43:09,-73,367E0F4A,35198,,,520A3C5C,
,,5,2025-05-27 20:43:09,-71,D7510A57,56833,,,520A3C5C,
,,3,2025-05-27 20:43:09,-71,D7510A57,56833,,,520A3C5C,
,,4,2025-05-27 20:43:09,-71,D7510A57,56833,,,520A3C5C,
,,2,2025-05-27 20:43:09,-71,D7510A57,56833,,,520A3C5C,
,,5,2025-05-27 20:43:11,-70,D7510A57,60743,,,520A3C5C,
,,3,2025-05-27 20:43:11,-70,D7510A57,60743,,,520A3C5C,
,,2,2025-05-27 20:43:12,-65,870614B1,5590,,,520A3C5C,
,,3,2025-05-27 20:43:12,-65,870614B1,5590,,,520A3C5C,
,,5,2025-05-27 20:43:12,-65,870614B1,5590,,,520A3C5C,
,,5,2025-05-27 20:43:12,-70,D7510A57,15923,,,520A3C5C,
,,4,2025-05-27 20:43:14,-77,59FE8D30,38443,,,520A3C5C,
,,3,2025-05-27 20:43:14,-77,59FE8D30,38443,,,520A3C5C,
,,5,2025-05-27 20:43:14,-77,59FE8D30,38443,,,520A3C5C,
,,2,2025-05-27 20:43:14,-77,59FE8D30,38443,,,520A3C5C,
,,4,2025-05-27 20:43:15,-74,0000006E,46258,,,520A3C5C,
,,1,2025-05-27 20:43:15,-74,0000006E,46258,,,520A3C5C,
,,3,2025-05-27 20:43:15,-74,0000006E,46258,,,520A3C5C,
,,2,2025-05-27 20:43:15,-74,0000006E,46258,,,520A3C5C,
,,5,2025-05-27 20:43:15,-74,0000006E,46258,,,520A3C5C,
,,5,2025-05-27 20:43:16,-75,81D187E3,6298,,,520A3C5C,
,,4,2025-05-27 20:43:16,-75,81D187E3,6298,,,520A3C5C,
,,3,2025-05-27 20:43:16,-75,81D187E3,6298,,,520A3C5C,
,,2,2025-05-27 20:43:16,-75,81D187E3,6298,,,520A3C5C,
,,1,2025-05-27 20:43:16,-75,81D187E3,6298,,,520A3C5C,
,,2,2025-05-27 20:43:16,-70,13323C65,11101,,,520A3C5C,
,,3,2025-05-27 20:43:16,-70,13323C65,11101,,,520A3C5C,
,,4,2025-05-27 20:43:17,-68,13323C65,15067,,,520A3C5C,
,,2,2025-05-27 20:43:17,-68,13323C65,15067,,,520A3C5C,
,,3,2025-05-27 20:43:17,-68,13323C65,15067,,,520A3C5C,
,,1,2025-05-27 20:43:17,-68,13323C65,15067,,,520A3C5C,
,,5,2025-05-27 20:43:17,-68,13323C65,15067,,,520A3C5C,
,,5,2025-05-27 20:43:18,-76,367E0F4A,28827,,,520A3C5C,
,,5,2025-05-27 20:43:19,-70,D7510A57,44926,,,520A3C5C,
,,5,2025-05-27 20:43:20,-68,A648A0E7,54064,,,520A3C5C,
,,2,2025-05-27 20:43:20,-68,A648A0E7,54064,,,520A3C5C,
,,3,2025-05-27 20:43:20,-68,A648A0E7,54064,,,520A3C5C,
,,2,2025-05-27 20:43:20,-74,59FE8D30,62420,,,520A3C5C,
,,3,2025-05-27 20:43:20,-74,59FE8D30,62420,,,520A3C5C,
,,4,2025-05-27 20:43:21,-82,E85FB74C,55403,,,520A3C5C,
,,2,2025-05-27 20:43:21,-82,E85FB74C,55403,,,520A3C5C,
,,1,2025-05-27 20:43:21,-82,E85FB74C,55403,,,520A3C5C,
,,3,2025-05-27 20:43:21,-82,E85FB74C,55403,,,520A3C5C,
,,5,2025-05-27 20:43:21,-82,E85FB74C,55403,,,520A3C5C,
,,5,2025-05-27 20:43:21,-71,870614B1,12136,,,520A3C5C,
,,3,2025-05-27 20:43:21,-71,367E0F4A,60715,,,520A3C5C,
,,5,2025-05-27 20:43:21,-71,367E0F4A,60715,,,520A3C5C,
,,4,2025-05-27 20:43:21,-71,367E0F4A,60715,,,520A3C5C,
,,2,2025-05-27 20:43:21,-71,367E0F4A,60715,,,520A3C5C,
,,5,2025-05-27 20:43:21,-79,E2A807D7,814,,,520A3C5C,
,,5,2025-05-27 20:43:21,-71,13323C65,31040,,,520A3C5C,
,,4,2025-05-27 20:43:22,-76,59FE8D30,51288,,,520A3C5C,
,,2,2025-05-27 20:43:22,-76,59FE8D30,51288,,,520A3C5C,
,,3,2025-05-27 20:43:22,-76,59FE8D30,51288,,,520A3C5C,
,,5,2025-05-27 20:43:22,-76,59FE8D30,51288,,,520A3C5C,
,,5,2025-05-27 20:43:22,-68,13323C65,34551,,,520A3C5C,
,,2,2025-05-27 20:43:22,-68,13323C65,34551,,,520A3C5C,
,,3,2025-05-27 20:43:11,-68,59FE8D30,8019,,,D46BA6A2,
,,2,2025-05-27 20:43:11,-68,59FE8D30,8019,,,D46BA6A2,
,,1,2025-05-27 20:43:12,-72,D7510A57,15923,,,D46BA6A2,
,,1,2025-05-27 20:43:12,-69,0000006E,44040,,,D46BA6A2,
,,4,2025-05-27 20:43:12,-69,0000006E,44040,,,D46BA6A2,
,,3,2025-05-27 20:43:12,-69,0000006E,44040,,,D46BA6A2,
,,2,2025-05-27 20:43:12,-69,0000006E,44040,,,D46BA6A2,
,,3,2025-05-27 20:43:12,-75,B78FE24A,59260,,,D46BA6A2,
,,2,2025-05-27 20:43:12,-75,B78FE24A,59260,,,D46BA6A2,
,,1,2025-05-27 20:43:12,-75,B78FE24A,59260,,,D46BA6A2,
,,4,2025-05-27 20:43:12,-75,B78FE24A,59260,,,D46BA6A2,
,,5,2025-05-27 20:43:12,-75,B78FE24A,59260,,,D46BA6A2,
,,4,2025-05-27 20:43:04,-72,13323C65,50306,,,9CC5DC79,
,,3,2025-05-27 20:43:04,-72,13323C65,50306,,,9CC5DC79,
,,1,2025-05-27 20:43:04,-72,13323C65,50306,,,9CC5DC79,
,,1,2025-05-27 20:43:06,-72,870614B1,26373,,,9CC5DC79,
,,5,2025-05-27 20:43:06,-72,870614B1,26373,,,9CC5DC79,
,,1,2025-05-27 20:43:14,-71,A648A0E7,16324,,,D46BA6A2,
,,5,2025-05-27 20:43:06,-78,59FE8D30,36071,,,9CC5DC79,
,,3,2025-05-27 20:43:06,-78,59FE8D30,36071,,,9CC5DC79,
,,1,2025-05-27 20:43:06,-78,59FE8D30,36071,,,9CC5DC79,
,,4,2025-05-27 20:43:06,-78,59FE8D30,36071,,,9CC5DC79,
,,2,2025-05-27 20:43:06,-78,59FE8D30,36071,,,9CC5DC79,
,,3,2025-05-27 20:43:15,-77,B78FE24A,21057,,,D46BA6A2,
,,1,2025-05-27 20:43:15,-77,B78FE24A,21057,,,D46BA6A2,
,,5,2025-05-27 20:43:09,-81,13323C65,1905,,,9CC5DC79,
,,1,2025-05-27 20:43:09,-81,13323C65,1905,,,9CC5DC79,
,,3,2025-05-27 20:43:17,-66,59FE8D30,1352,,,D46BA6A2,
,,1,2025-05-27 20:43:17,-66,59FE8D30,1352,,,D46BA6A2,
,,4,2025-05-27 20:43:17,-66,59FE8D30,1352,,,D46BA6A2,
,,2,2025-05-27 20:43:18,-66,59FE8D30,51597,,,D46BA6A2,
,,3,2025-05-27 20:43:18,-66,59FE8D30,51597,,,D46BA6A2,
,,1,2025-05-27 20:43:18,-66,59FE8D30,51597,,,D46BA6A2,
,,4,2025-05-27 20:43:18,-66,59FE8D30,51597,,,D46BA6A2,
,,5,2025-05-27 20:43:18,-66,59FE8D30,51597,,,D46BA6A2,
,,1,2025-05-27 20:43:12,-72,367E0F4A,37120,,,9CC5DC79,
,,1,2025-05-27 20:43:21,-69,13323C65,31040,,,D46BA6A2,
,,5,2025-05-27 20:43:20,-75,A648A0E7,54064,,,9CC5DC79,
,,4,2025-05-27 20:43:20,-75,A648A0E7,54064,,,9CC5DC79,
,,2,2025-05-27 20:43:20,-75,A648A0E7,54064,,,9CC5DC79,
,,3,2025-05-27 20:43:20,-75,A648A0E7,54064,,,9CC5DC79,
,,1,2025-05-27 20:43:20,-75,A648A0E7,54064,,,9CC5DC79,
,,1,2025-05-27 20:43:20,-72,13323C65,29499,,,9CC5DC79,
,,5,2025-05-27 20:43:20,-72,13323C65,29499,,,9CC5DC79,
,,1,2025-05-27 20:43:21,-73,13323C65,31040,,,9CC5DC79,
,,5,2025-05-27 20:43:21,-73,13323C65,31040,,,9CC5DC79,
,,1,2025-05-27 20:43:24,-66,59FE8D30,35131,,,D46BA6A2,
,,4,2025-05-27 20:43:24,-82,59FE8D30,35131,,,9CC5DC79,
,,1,2025-05-27 20:43:25,-71,367E0F4A,23748,,,D46BA6A2,
,,1,2025-05-27 20:43:27,-73,07F9389E,32970,,,D46BA6A2,
,,4,2025-05-27 20:43:27,-73,07F9389E,32970,,,D46BA6A2,
,,1,2025-05-27 20:43:25,-83,59FE8D30,52980,,,9CC5DC79,
,,1,2025-05-27 20:43:25,-79,A648A0E7,23077,,,9CC5DC79,
,,5,2025-05-27 20:43:25,-79,A648A0E7,23077,,,9CC5DC79,
,,4,2025-05-27 20:43:25,-72,367E0F4A,23748,,,9CC5DC79,
,,3,2025-05-27 20:43:25,-72,367E0F4A,23748,,,9CC5DC79,
,,5,2025-05-27 20:43:26,-81,367E0F4A,49473,,,9CC5DC79,
,,1,2025-05-27 20:43:26,-81,367E0F4A,49473,,,9CC5DC79,
,,1,2025-05-27 20:43:29,-82,13323C65,61283,,,9CC5DC79,
,,4,2025-05-27 20:43:29,-82,13323C65,61283,,,9CC5DC79,
,,5,2025-05-27 20:43:29,-82,13323C65,61283,,,9CC5DC79,
,,4,2025-05-27 20:43:30,-83,870614B1,27555,,,9CC5DC79,
,,1,2025-05-27 20:43:30,-83,870614B1,27555,,,9CC5DC79,
,,5,2025-05-27 20:43:05,-62,367E0F4A,37822,,,AA4358FB,
,,3,2025-05-27 20:43:05,-62,367E0F4A,37822,,,AA4358FB,
,,1,2025-05-27 20:43:07,-74,A648A0E7,28656,,,AA4358FB,
,,5,2025-05-27 20:43:09,-69,870614B1,13822,,,AA4358FB,
,,2,2025-05-27 20:43:09,-69,870614B1,13822,,,AA4358FB,
,,4,2025-05-27 20:43:09,-69,870614B1,13822,,,AA4358FB,
,,3,2025-05-27 20:43:09,-69,870614B1,13822,,,AA4358FB,
,,3,2025-05-27 20:43:10,-69,81D187E3,48427,,,AA4358FB,
,,5,2025-05-27 20:43:10,-69,81D187E3,48427,,,AA4358FB,
,,4,2025-05-27 20:43:10,-69,81D187E3,48427,,,AA4358FB,
,,2,2025-05-27 20:43:10,-69,81D187E3,48427,,,AA4358FB,
,,3,2025-05-27 20:43:10,-74,D7510A57,21153,,,AA4358FB,
,,2,2025-05-27 20:43:11,-72,81D187E3,28125,,,AA4358FB,
,,4,2025-05-27 20:43:11,-72,81D187E3,28125,,,AA4358FB,
,,3,2025-05-27 20:43:11,-72,81D187E3,28125,,,AA4358FB,
,,5,2025-05-27 20:43:12,-78,E2A807D7,41091,,,AA4358FB,
,,3,2025-05-27 20:43:12,-78,E2A807D7,41091,,,AA4358FB,
,,2,2025-05-27 20:43:12,-78,E2A807D7,41091,,,AA4358FB,
,,4,2025-05-27 20:43:12,-78,E2A807D7,41091,,,AA4358FB,
,,1,2025-05-27 20:43:16,-72,367E0F4A,49481,,,4D64B5B5,
,,4,2025-05-27 20:43:16,-72,367E0F4A,49481,,,4D64B5B5,
,,5,2025-05-27 20:43:15,-70,870614B1,37902,,,AA4358FB,
,,3,2025-05-27 20:43:15,-70,870614B1,37902,,,AA4358FB,
,,2,2025-05-27 20:43:15,-70,870614B1,37902,,,AA4358FB,
,,4,2025-05-27 20:43:16,-79,13323C65,11101,,,4D64B5B5,
,,1,2025-05-27 20:43:16,-79,13323C65,11101,,,4D64B5B5,
,,2,2025-05-27 20:43:16,-72,59FE8D30,8758,,,AA4358FB,
,,5,2025-05-27 20:43:16,-72,59FE8D30,8758,,,AA4358FB,
,,3,2025-05-27 20:43:16,-72,59FE8D30,8758,,,AA4358FB,
,,4,2025-05-27 20:43:16,-67,0000006E,46258,,,AA4358FB,
,,5,2025-05-27 20:43:16,-67,0000006E,46258,,,AA4358FB,
,,3,2025-05-27 20:43:16,-67,0000006E,46258,,,AA4358FB,
,,2,2025-05-27 20:43:16,-67,0000006E,46258,,,AA4358FB,
,,5,2025-05-27 20:43:17,-70,367E0F4A,47569,,,AA4358FB,
,,4,2025-05-27 20:43:17,-70,367E0F4A,47569,,,AA4358FB,
,,3,2025-05-27 20:43:17,-70,367E0F4A,47569,,,AA4358FB,
,,3,2025-05-27 20:43:18,-71,13323C65,15067,,,AA4358FB,
,,2,2025-05-27 20:43:18,-71,13323C65,15067,,,AA4358FB,
,,1,2025-05-27 20:43:18,-71,13323C65,15067,,,AA4358FB,
,,5,2025-05-27 20:43:18,-71,13323C65,15067,,,AA4358FB,
,,4,2025-05-27 20:43:18,-71,13323C65,15067,,,AA4358FB,
,,3,2025-05-27 20:43:18,-68,81D187E3,42287,,,AA4358FB,
,,5,2025-05-27 20:43:18,-68,81D187E3,42287,,,AA4358FB,
,,5,2025-05-27 20:43:19,-73,59FE8D30,51597,,,AA4358FB,
,,4,2025-05-27 20:43:19,-73,59FE8D30,51597,,,AA4358FB,
,,2,2025-05-27 20:43:19,-73,59FE8D30,51597,,,AA4358FB,
,,3,2025-05-27 20:43:19,-73,59FE8D30,51597,,,AA4358FB,
,,1,2025-05-27 20:43:19,-73,59FE8D30,51597,,,AA4358FB,
,,5,2025-05-27 20:43:20,-75,D7510A57,44926,,,AA4358FB,
,,3,2025-05-27 20:43:20,-75,D7510A57,44926,,,AA4358FB,
,,1,2025-05-27 20:43:20,-67,367E0F4A,11556,,,AA4358FB,
,,5,2025-05-27 20:43:20,-67,367E0F4A,11556,,,AA4358FB,
,,5,2025-05-27 20:43:21,-76,E85FB74C,55403,,,AA4358FB,
,,4,2025-05-27 20:43:22,-77,13323C65,34551,,,4D64B5B5,
,,1,2025-05-27 20:43:22,-77,13323C65,34551,,,4D64B5B5,
,,1,2025-05-27 20:43:23,-81,A648A0E7,24424,,,4D64B5B5,
,,5,2025-05-27 20:43:22,-70,13323C65,31040,,,AA4358FB,
,,2,2025-05-27 20:43:22,-70,13323C65,31040,,,AA4358FB,
,,4,2025-05-27 20:43:22,-70,13323C65,31040,,,AA4358FB,
,,3,2025-05-27 20:43:22,-70,13323C65,31040,,,AA4358FB,
,,3,2025-05-27 20:43:22,-76,A648A0E7,6448,,,AA4358FB,
,,5,2025-05-27 20:43:22,-76,A648A0E7,6448,,,AA4358FB,
,,4,2025-05-27 20:43:22,-76,A648A0E7,6448,,,AA4358FB,
,,4,2025-05-27 20:43:24,-68,D7510A57,32074,,,4D64B5B5,
,,1,2025-05-27 20:43:24,-68,D7510A57,32074,,,4D64B5B5,
,,4,2025-05-27 20:43:24,-78,13323C65,55393,,,4D64B5B5,
,,1,2025-05-27 20:43:24,-78,13323C65,55393,,,4D64B5B5,
,,5,2025-05-27 20:43:23,-68,81D187E3,32965,,,AA4358FB,
,,1,2025-05-27 20:43:25,-76,A648A0E7,23077,,,4D64B5B5,
,,3,2025-05-27 20:43:24,-75,D7510A57,33718,,,AA4358FB,
,,2,2025-05-27 20:43:24,-75,D7510A57,33718,,,AA4358FB,
,,1,2025-05-27 20:43:24,-75,D7510A57,33718,,,AA4358FB,
,,4,2025-05-27 20:43:24,-75,D7510A57,33718,,,AA4358FB,
,,5,2025-05-27 20:43:24,-75,D7510A57,33718,,,AA4358FB,
,,5,2025-05-27 20:43:24,-69,13323C65,56038,,,AA4358FB,
,,3,2025-05-27 20:43:24,-69,13323C65,56038,,,AA4358FB,
,,4,2025-05-27 20:43:24,-69,13323C65,56038,,,AA4358FB,
,,5,2025-05-27 20:43:24,-68,81D187E3,22716,,,AA4358FB,
,,2,2025-05-27 20:43:27,-73,D7510A57,46510,,,AA4358FB,
,,3,2025-05-27 20:43:27,-73,D7510A57,46510,,,AA4358FB,
,,5,2025-05-27 20:43:27,-73,D7510A57,46510,,,AA4358FB,
,,4,2025-05-27 20:43:28,-76,A648A0E7,50648,,,4D64B5B5,
,,1,2025-05-27 20:43:28,-76,A648A0E7,50648,,,4D64B5B5,
,,4,2025-05-27 20:43:30,-72,367E0F4A,49908,,,4D64B5B5,
,,1,2025-05-27 20:43:20,-75,D7510A57,61506,,,7D769A01,
,,1,2025-05-27 20:43:21,-65,367E0F4A,60715,,,7D769A01,
,,1,2025-05-27 20:43:21,-73,13323C65,31040,,,7D769A01,
,,1,2025-05-27 20:43:21,-75,A648A0E7,6448,,,7D769A01,
,,1,2025-05-27 20:43:22,-78,59FE8D30,30229,,,7D769A01,
,,1,2025-05-27 20:43:23,-69,D7510A57,33718,,,7D769A01,
,,1,2025-05-27 20:43:23,-75,A648A0E7,8149,,,7D769A01,
,,1,2025-05-27 20:43:23,-71,870614B1,2933,,,7D769A01,
,,1,2025-05-27 20:43:28,-65,367E0F4A,33094,,,7D769A01,
,,1,2025-05-27 20:43:35,-82,A648A0E7,56169,,,7D769A01,
,,1,2025-05-27 20:43:36,-77,0000006E,60179,,,7D769A01,
,,1,2025-05-27 20:43:37,-68,D7510A57,39012,,,7D769A01,
,,1,2025-05-27 20:43:14,-80,59FE8D30,38443,,,CB4A1EAE,
,,4,2025-05-27 20:43:14,-80,59FE8D30,38443,,,CB4A1EAE,
,,1,2025-05-27 20:43:16,-72,367E0F4A,49481,,,B995250B,
,,4,2025-05-27 20:43:20,-71,367E0F4A,11556,,,B995250B,
,,5,2025-05-27 20:43:24,-67,D7510A57,32074,,,520A3C5C,
,,5,2025-05-27 20:43:24,-69,13323C65,55393,,,520A3C5C,
,,4,2025-05-27 20:43:25,-67,D7510A57,59115,,,520A3C5C,
,,3,2025-05-27 20:43:25,-67,D7510A57,59115,,,520A3C5C,
,,2,2025-05-27 20:43:25,-67,D7510A57,59115,,,520A3C5C,
,,4,2025-05-27 20:43:30,-73,D7510A57,10082,,,B995250B,
,,1,2025-05-27 20:43:30,-73,D7510A57,10082,,,B995250B,
,,5,2025-05-27 20:43:29,-68,13323C65,61283,,,520A3C5C,
,,5,2025-05-27 20:43:30,-67,A648A0E7,56338,,,520A3C5C,
,,2,2025-05-27 20:43:30,-67,A648A0E7,56338,,,520A3C5C,
,,3,2025-05-27 20:43:30,-67,A648A0E7,56338,,,520A3C5C,
,,2,2025-05-27 20:43:30,-75,59FE8D30,36118,,,520A3C5C,
,,3,2025-05-27 20:43:30,-71,D7510A57,10082,,,520A3C5C,
,,5,2025-05-27 20:43:30,-71,D7510A57,10082,,,520A3C5C,
,,4,2025-05-27 20:43:30,-71,D7510A57,10082,,,520A3C5C,
,,2,2025-05-27 20:43:30,-71,D7510A57,10082,,,520A3C5C,
,,3,2025-05-27 20:43:31,-81,A648A0E7,10463,,,520A3C5C,
,,4,2025-05-27 20:43:31,-81,A648A0E7,10463,,,520A3C5C,
,,5,2025-05-27 20:43:31,-81,A648A0E7,10463,,,520A3C5C,
,,2,2025-05-27 20:43:31,-81,A648A0E7,10463,,,520A3C5C,
,,1,2025-05-27 20:43:31,-81,A648A0E7,10463,,,520A3C5C,
,,2,2025-05-27 20:43:32,-69,D7510A57,451,,,520A3C5C,
,,5,2025-05-27 20:43:32,-69,D7510A57,451,,,520A3C5C,
,,3,2025-05-27 20:43:32,-69,D7510A57,451,,,520A3C5C,
,,4,2025-05-27 20:43:38,-70,59FE8D30,19656,,,B995250B,
,,4,2025-05-27 20:43:33,-76,81D187E3,37981,,,520A3C5C,
,,1,2025-05-27 20:43:33,-76,81D187E3,37981,,,520A3C5C,
,,3,2025-05-27 20:43:33,-76,81D187E3,37981,,,520A3C5C,
,,2,2025-05-27 20:43:33,-76,81D187E3,37981,,,520A3C5C,
,,5,2025-05-27 20:43:33,-76,81D187E3,37981,,,520A3C5C,
,,2,2025-05-27 20:43:33,-76,59FE8D30,40902,,,520A3C5C,
,,5,2025-05-27 20:43:33,-76,59FE8D30,40902,,,520A3C5C,
,,1,2025-05-27 20:43:41,-80,59FE8D30,4491,,,B995250B,
,,4,2025-05-27 20:43:41,-80,59FE8D30,4491,,,B995250B,
,,2,2025-05-27 20:43:34,-74,A648A0E7,17742,,,520A3C5C,
,,5,2025-05-27 20:43:34,-74,A648A0E7,17742,,,520A3C5C,
,,2,2025-05-27 20:43:34,-70,D7510A57,38785,,,520A3C5C,
,,3,2025-05-27 20:43:34,-70,D7510A57,38785,,,520A3C5C,
,,4,2025-05-27 20:43:34,-70,D7510A57,38785,,,520A3C5C,
,,5,2025-05-27 20:43:34,-70,D7510A57,38785,,,520A3C5C,
,,1,2025-05-27 20:43:34,-70,D7510A57,38785,,,520A3C5C,
,,3,2025-05-27 20:43:35,-70,D7510A57,3899,,,520A3C5C,
,,4,2025-05-27 20:43:35,-70,D7510A57,3899,,,520A3C5C,
,,5,2025-05-27 20:43:35,-70,D7510A57,3899,,,520A3C5C,
,,2,2025-05-27 20:43:35,-70,D7510A57,3899,,,520A3C5C,
,,4,2025-05-27 20:43:43,-71,367E0F4A,49871,,,B995250B,
,,1,2025-05-27 20:43:43,-71,367E0F4A,49871,,,B995250B,
,,2,2025-05-27 20:43:36,-76,59FE8D30,1797,,,520A3C5C,
,,4,2025-05-27 20:43:36,-76,59FE8D30,1797,,,520A3C5C,
,,3,2025-05-27 20:43:36,-76,59FE8D30,1797,,,520A3C5C,
,,5,2025-05-27 20:43:38,-70,59FE8D30,19656,,,520A3C5C,
,,2,2025-05-27 20:43:39,-67,D7510A57,11251,,,520A3C5C,
,,5,2025-05-27 20:43:40,-74,13323C65,23982,,,520A3C5C,
,,4,2025-05-27 20:43:41,-75,367E0F4A,19601,,,520A3C5C,
,,2,2025-05-27 20:43:41,-75,367E0F4A,19601,,,520A3C5C,
,,3,2025-05-27 20:43:42,-68,13323C65,15433,,,520A3C5C,
,,2,2025-05-27 20:43:42,-68,13323C65,15433,,,520A3C5C,
,,5,2025-05-27 20:43:43,-67,A648A0E7,18745,,,520A3C5C,
,,3,2025-05-27 20:43:43,-67,A648A0E7,18745,,,520A3C5C,
,,3,2025-05-27 20:43:44,-70,13323C65,17641,,,520A3C5C,
,,2,2025-05-27 20:43:44,-70,13323C65,17641,,,520A3C5C,
,,5,2025-05-27 20:43:44,-70,13323C65,17641,,,520A3C5C,
,,2,2025-05-27 20:43:44,-70,59FE8D30,47024,,,520A3C5C,
,,5,2025-05-27 20:43:44,-70,59FE8D30,47024,,,520A3C5C,
,,3,2025-05-27 20:43:44,-70,59FE8D30,47024,,,520A3C5C,
,,3,2025-05-27 20:43:44,-69,D7510A57,41300,,,520A3C5C,
,,2,2025-05-27 20:43:44,-69,D7510A57,41300,,,520A3C5C,
,,3,2025-05-27 20:43:45,-78,59FE8D30,27824,,,520A3C5C,
,,2,2025-05-27 20:43:45,-78,59FE8D30,27824,,,520A3C5C,
,,3,2025-05-27 20:43:46,-76,81D187E3,22444,,,520A3C5C,
,,2,2025-05-27 20:43:46,-76,81D187E3,22444,,,520A3C5C,
,,4,2025-05-27 20:43:46,-76,81D187E3,22444,,,520A3C5C,
,,5,2025-05-27 20:43:46,-72,A648A0E7,65377,,,520A3C5C,
,,2,2025-05-27 20:43:46,-72,A648A0E7,65377,,,520A3C5C,
,,4,2025-05-27 20:43:46,-72,A648A0E7,65377,,,520A3C5C,
,,3,2025-05-27 20:43:46,-67,D7510A57,12620,,,520A3C5C,
,,2,2025-05-27 20:43:46,-67,D7510A57,12620,,,520A3C5C,
,,5,2025-05-27 20:43:21,-80,13323C65,31040,,,7378B941,
,,1,2025-05-27 20:43:21,-80,13323C65,31040,,,7378B941,
,,5,2025-05-27 20:43:24,-76,870614B1,2933,,,7378B941,
,,5,2025-05-27 20:43:27,-77,13323C65,43746,,,7378B941,
,,5,2025-05-27 20:43:30,-77,A648A0E7,56338,,,7378B941,
,,5,2025-05-27 20:43:32,-74,07F9389E,15590,,,7378B941,
,,1,2025-05-27 20:43:32,-74,07F9389E,15590,,,7378B941,
,,1,2025-05-27 20:43:32,-76,13323C65,10093,,,7378B941,
,,4,2025-05-27 20:43:32,-76,59FE8D30,39412,,,7378B941,
,,1,2025-05-27 20:43:32,-76,59FE8D30,39412,,,7378B941,
,,5,2025-05-27 20:43:32,-76,59FE8D30,39412,,,7378B941,
,,1,2025-05-27 20:43:37,-74,07F9389E,19902,,,7378B941,
,,5,2025-05-27 20:43:37,-74,07F9389E,19902,,,7378B941,
,,4,2025-05-27 20:43:29,-69,13323C65,1639,,,AA4358FB,
,,2,2025-05-27 20:43:29,-69,13323C65,1639,,,AA4358FB,
,,1,2025-05-27 20:43:29,-69,13323C65,1639,,,AA4358FB,
,,3,2025-05-27 20:43:29,-69,13323C65,1639,,,AA4358FB,
,,5,2025-05-27 20:43:29,-69,13323C65,1639,,,AA4358FB,
,,5,2025-05-27 20:43:32,-65,367E0F4A,55567,,,AA4358FB,
,,4,2025-05-27 20:43:32,-65,367E0F4A,55567,,,AA4358FB,
,,1,2025-05-27 20:43:32,-65,367E0F4A,55567,,,AA4358FB,
,,3,2025-05-27 20:43:32,-65,367E0F4A,55567,,,AA4358FB,
,,2,2025-05-27 20:43:32,-65,367E0F4A,55567,,,AA4358FB,
,,5,2025-05-27 20:43:32,-78,13323C65,49144,,,AA4358FB,
,,1,2025-05-27 20:43:43,-80,367E0F4A,47902,,,7378B941,
,,5,2025-05-27 20:43:43,-80,81D187E3,16735,,,7378B941,
,,4,2025-05-27 20:43:43,-80,81D187E3,16735,,,7378B941,
,,1,2025-05-27 20:43:43,-80,81D187E3,16735,,,7378B941,
,,1,2025-05-27 20:43:44,-77,D7510A57,41300,,,7378B941,
,,5,2025-05-27 20:43:44,-77,D7510A57,41300,,,7378B941,
,,4,2025-05-27 20:43:44,-77,D7510A57,41300,,,7378B941,
,,3,2025-05-27 20:43:34,-75,59FE8D30,40902,,,AA4358FB,
,,5,2025-05-27 20:43:34,-75,59FE8D30,40902,,,AA4358FB,
,,2,2025-05-27 20:43:34,-75,59FE8D30,40902,,,AA4358FB,
,,5,2025-05-27 20:43:45,-78,59FE8D30,27824,,,7378B941,
,,5,2025-05-27 20:43:35,-67,367E0F4A,36282,,,AA4358FB,
,,2,2025-05-27 20:43:35,-67,367E0F4A,36282,,,AA4358FB,
,,3,2025-05-27 20:43:35,-67,367E0F4A,36282,,,AA4358FB,
,,4,2025-05-27 20:43:35,-67,367E0F4A,36282,,,AA4358FB,
,,1,2025-05-27 20:43:35,-72,81D187E3,26259,,,AA4358FB,
,,1,2025-05-27 20:43:45,-76,13323C65,14099,,,7378B941,
,,5,2025-05-27 20:43:45,-76,13323C65,14099,,,7378B941,
,,5,2025-05-27 20:43:47,-75,D7510A57,8683,,,7378B941,
,,4,2025-05-27 20:43:38,-68,13323C65,14562,,,AA4358FB,
,,3,2025-05-27 20:43:38,-68,13323C65,14562,,,AA4358FB,
,,1,2025-05-27 20:43:38,-68,13323C65,14562,,,AA4358FB,
,,5,2025-05-27 20:43:38,-68,13323C65,14562,,,AA4358FB,
,,2,2025-05-27 20:43:38,-68,13323C65,14562,,,AA4358FB,
,,5,2025-05-27 20:43:39,-68,81D187E3,2950,,,AA4358FB,
,,3,2025-05-27 20:43:39,-72,0000006E,49126,,,AA4358FB,
,,4,2025-05-27 20:43:39,-72,0000006E,49126,,,AA4358FB,
,,1,2025-05-27 20:43:39,-72,0000006E,49126,,,AA4358FB,
,,2,2025-05-27 20:43:39,-72,0000006E,49126,,,AA4358FB,
,,5,2025-05-27 20:43:39,-72,0000006E,49126,,,AA4358FB,
,,5,2025-05-27 20:43:41,-68,81D187E3,31373,,,AA4358FB,
,,4,2025-05-27 20:43:41,-68,81D187E3,31373,,,AA4358FB,
,,3,2025-05-27 20:43:41,-68,81D187E3,31373,,,AA4358FB,
,,2,2025-05-27 20:43:41,-68,81D187E3,31373,,,AA4358FB,
,,1,2025-05-27 20:43:42,-75,D7510A57,52687,,,AA4358FB,
,,3,2025-05-27 20:43:42,-75,59FE8D30,26013,,,AA4358FB,
,,4,2025-05-27 20:43:42,-75,59FE8D30,26013,,,AA4358FB,
,,2,2025-05-27 20:43:42,-75,59FE8D30,26013,,,AA4358FB,
,,1,2025-05-27 20:43:42,-75,59FE8D30,26013,,,AA4358FB,
,,4,2025-05-27 20:43:42,-76,870614B1,9630,,,AA4358FB,
,,5,2025-05-27 20:43:42,-76,870614B1,9630,,,AA4358FB,
,,2,2025-05-27 20:43:42,-76,870614B1,9630,,,AA4358FB,
,,3,2025-05-27 20:43:42,-76,870614B1,9630,,,AA4358FB,
,,2,2025-05-27 20:43:43,-77,D7510A57,25523,,,AA4358FB,
,,5,2025-05-27 20:43:43,-77,D7510A57,25523,,,AA4358FB,
,,4,2025-05-27 20:43:43,-77,D7510A57,25523,,,AA4358FB,
,,3,2025-05-27 20:43:43,-77,D7510A57,25523,,,AA4358FB,
,,1,2025-05-27 20:43:44,-67,367E0F4A,47902,,,AA4358FB,
,,5,2025-05-27 20:43:45,-72,81D187E3,22671,,,AA4358FB,
,,3,2025-05-27 20:43:45,-72,81D187E3,22671,,,AA4358FB,
,,2,2025-05-27 20:43:45,-72,81D187E3,22671,,,AA4358FB,
,,4,2025-05-27 20:43:45,-72,81D187E3,22671,,,AA4358FB,
,,1,2025-05-27 20:43:29,-75,13323C65,61283,,,D46BA6A2,
,,3,2025-05-27 20:43:29,-75,13323C65,61283,,,D46BA6A2,
,,4,2025-05-27 20:43:29,-75,13323C65,61283,,,D46BA6A2,
,,4,2025-05-27 20:43:47,-66,81D187E3,60543,,,AA4358FB,
,,5,2025-05-27 20:43:47,-66,81D187E3,60543,,,AA4358FB,
,,4,2025-05-27 20:43:30,-66,D7510A57,10082,,,D46BA6A2,
,,5,2025-05-27 20:43:30,-66,D7510A57,10082,,,D46BA6A2,
,,2,2025-05-27 20:43:30,-66,D7510A57,10082,,,D46BA6A2,
,,1,2025-05-27 20:43:30,-66,D7510A57,10082,,,D46BA6A2,
,,3,2025-05-27 20:43:30,-66,D7510A57,10082,,,D46BA6A2,
,,4,2025-05-27 20:43:30,-76,B78FE24A,14693,,,D46BA6A2,
,,1,2025-05-27 20:43:30,-76,B78FE24A,14693,,,D46BA6A2,
,,3,2025-05-27 20:43:30,-76,B78FE24A,14693,,,D46BA6A2,
,,3,2025-05-27 20:43:49,-67,367E0F4A,16030,,,AA4358FB,
,,5,2025-05-27 20:43:50,-71,59FE8D30,39838,,,AA4358FB,
,,1,2025-05-27 20:43:50,-71,59FE8D30,39838,,,AA4358FB,
,,3,2025-05-27 20:43:50,-71,59FE8D30,39838,,,AA4358FB,
,,4,2025-05-27 20:43:50,-71,59FE8D30,39838,,,AA4358FB,
,,2,2025-05-27 20:43:50,-71,59FE8D30,39838,,,AA4358FB,
,,2,2025-05-27 20:43:33,-77,13323C65,2394,,,D46BA6A2,
,,4,2025-05-27 20:43:33,-77,13323C65,2394,,,D46BA6A2,
,,5,2025-05-27 20:43:33,-77,13323C65,2394,,,D46BA6A2,
,,1,2025-05-27 20:43:33,-77,13323C65,2394,,,D46BA6A2,
,,3,2025-05-27 20:43:33,-77,13323C65,2394,,,D46BA6A2,
,,4,2025-05-27 20:43:33,-79,81D187E3,48744,,,D46BA6A2,
,,1,2025-05-27 20:43:33,-79,81D187E3,48744,,,D46BA6A2,
,,3,2025-05-27 20:43:33,-79,81D187E3,48744,,,D46BA6A2,
,,1,2025-05-27 20:43:35,-71,A648A0E7,6167,,,D46BA6A2,
,,1,2025-05-27 20:43:36,-80,A648A0E7,56169,,,D46BA6A2,
,,5,2025-05-27 20:43:38,-79,E197FE3E,26222,,,D46BA6A2,
,,2,2025-05-27 20:43:38,-79,E197FE3E,26222,,,D46BA6A2,
,,3,2025-05-27 20:43:39,-67,D7510A57,11251,,,D46BA6A2,
,,3,2025-05-27 20:43:41,-73,B78FE24A,15685,,,D46BA6A2,
,,3,2025-05-27 20:43:45,-71,870614B1,4821,,,D46BA6A2,
,,5,2025-05-27 20:43:45,-71,870614B1,4821,,,D46BA6A2,
,,1,2025-05-27 20:43:46,-71,A648A0E7,65377,,,D46BA6A2,
,,4,2025-05-27 20:43:46,-71,A648A0E7,65377,,,D46BA6A2,
,,3,2025-05-27 20:43:46,-71,A648A0E7,65377,,,D46BA6A2,
,,1,2025-05-27 20:43:49,-70,E197FE3E,12315,,,D46BA6A2,
,,2,2025-05-27 20:43:52,-73,D7510A57,65103,,,D46BA6A2,
,,3,2025-05-27 20:43:52,-73,D7510A57,65103,,,D46BA6A2,
,,4,2025-05-27 20:43:52,-73,D7510A57,65103,,,D46BA6A2,
,,1,2025-05-27 20:43:36,-76,A648A0E7,56169,,,4D64B5B5,
,,4,2025-05-27 20:43:36,-76,A648A0E7,56169,,,4D64B5B5,
,,1,2025-05-27 20:43:42,-77,13323C65,15433,,,4D64B5B5,
,,1,2025-05-27 20:43:30,-78,0000006E,39377,,,9CC5DC79,
,,1,2025-05-27 20:43:32,-72,13323C65,10093,,,9CC5DC79,
,,3,2025-05-27 20:43:32,-72,13323C65,10093,,,9CC5DC79,
,,5,2025-05-27 20:43:32,-72,13323C65,10093,,,9CC5DC79,
,,2,2025-05-27 20:43:32,-72,13323C65,10093,,,9CC5DC79,
,,2,2025-05-27 20:43:37,-73,13323C65,53216,,,9CC5DC79,
,,4,2025-05-27 20:43:37,-73,13323C65,53216,,,9CC5DC79,
,,1,2025-05-27 20:43:37,-73,13323C65,53216,,,9CC5DC79,
,,5,2025-05-27 20:43:39,-82,81D187E3,2950,,,9CC5DC79,
,,1,2025-05-27 20:43:39,-82,81D187E3,2950,,,9CC5DC79,
,,2,2025-05-27 20:43:45,-70,367E0F4A,10376,,,9CC5DC79,
,,3,2025-05-27 20:43:45,-70,367E0F4A,10376,,,9CC5DC79,
,,1,2025-05-27 20:43:51,-80,367E0F4A,7350,,,9CC5DC79,
,,1,2025-05-27 20:43:39,-72,13323C65,23982,,,7D769A01,
,,1,2025-05-27 20:43:43,-68,D7510A57,16665,,,7D769A01,
,,1,2025-05-27 20:43:45,-67,D7510A57,8945,,,7D769A01,
,,1,2025-05-27 20:43:50,-79,13323C65,20361,,,7D769A01,
,,1,2025-05-27 20:43:53,-75,A648A0E7,53154,,,7D769A01,
,,1,2025-05-27 20:43:53,-65,367E0F4A,57047,,,7D769A01,
,,1,2025-05-27 20:43:55,-76,A648A0E7,38101,,,7D769A01,
,,1,2025-05-27 20:43:56,-77,81D187E3,21795,,,7D769A01,
,,1,2025-05-27 20:43:58,-72,59FE8D30,21136,,,7D769A01,
,,4,2025-05-27 20:43:55,-81,B78FE24A,52241,,,AA4358FB,
,,5,2025-05-27 20:43:55,-81,B78FE24A,52241,,,AA4358FB,
,,3,2025-05-27 20:43:55,-81,B78FE24A,52241,,,AA4358FB,
,,2,2025-05-27 20:43:55,-81,B78FE24A,52241,,,AA4358FB,
,,1,2025-05-27 20:43:55,-81,B78FE24A,52241,,,AA4358FB,
,,5,2025-05-27 20:43:50,-70,59FE8D30,39838,,,520A3C5C,
,,3,2025-05-27 20:43:50,-70,59FE8D30,39838,,,520A3C5C,
,,2,2025-05-27 20:43:50,-70,59FE8D30,39838,,,520A3C5C,
,,2,2025-05-27 20:43:55,-68,13323C65,6255,,,AA4358FB,
,,4,2025-05-27 20:43:55,-68,13323C65,6255,,,AA4358FB,
,,3,2025-05-27 20:43:53,-82,E197FE3E,37100,,,520A3C5C,
,,4,2025-05-27 20:43:53,-82,E197FE3E,37100,,,520A3C5C,
,,2,2025-05-27 20:43:53,-82,E197FE3E,37100,,,520A3C5C,
,,5,2025-05-27 20:43:56,-72,13323C65,47224,,,AA4358FB,
,,4,2025-05-27 20:43:56,-72,13323C65,47224,,,AA4358FB,
,,2,2025-05-27 20:43:53,-76,5504D31A,57966,,,520A3C5C,
,,3,2025-05-27 20:43:57,-77,59FE8D30,20993,,,AA4358FB,
,,2,2025-05-27 20:43:57,-77,59FE8D30,20993,,,AA4358FB,
,,3,2025-05-27 20:43:53,-67,A648A0E7,53154,,,520A3C5C,
,,2,2025-05-27 20:43:53,-67,A648A0E7,53154,,,520A3C5C,
,,5,2025-05-27 20:43:53,-67,A648A0E7,53154,,,520A3C5C,
,,3,2025-05-27 20:43:54,-73,0000006E,10436,,,520A3C5C,
,,5,2025-05-27 20:43:54,-73,0000006E,10436,,,520A3C5C,
,,4,2025-05-27 20:43:54,-73,0000006E,10436,,,520A3C5C,
,,1,2025-05-27 20:43:54,-73,0000006E,10436,,,520A3C5C,
,,2,2025-05-27 20:43:54,-73,0000006E,10436,,,520A3C5C,
,,5,2025-05-27 20:43:59,-76,D7510A57,19444,,,AA4358FB,
,,4,2025-05-27 20:43:55,-74,A648A0E7,38101,,,520A3C5C,
,,3,2025-05-27 20:43:55,-74,A648A0E7,38101,,,520A3C5C,
,,5,2025-05-27 20:43:55,-74,A648A0E7,38101,,,520A3C5C,
,,2,2025-05-27 20:43:55,-74,A648A0E7,38101,,,520A3C5C,
,,3,2025-05-27 20:43:57,-67,D7510A57,4534,,,520A3C5C,
,,4,2025-05-27 20:43:57,-67,D7510A57,4534,,,520A3C5C,
,,2,2025-05-27 20:43:57,-67,D7510A57,4534,,,520A3C5C,
,,5,2025-05-27 20:43:57,-67,D7510A57,4534,,,520A3C5C,
,,3,2025-05-27 20:43:57,-79,07F9389E,35240,,,520A3C5C,
,,2,2025-05-27 20:43:57,-79,07F9389E,35240,,,520A3C5C,
,,5,2025-05-27 20:43:58,-76,59FE8D30,18534,,,520A3C5C,
,,4,2025-05-27 20:43:59,-68,13323C65,53473,,,520A3C5C,
,,5,2025-05-27 20:43:59,-68,13323C65,53473,,,520A3C5C,
,,2,2025-05-27 20:43:59,-68,13323C65,53473,,,520A3C5C,
,,3,2025-05-27 20:43:59,-68,13323C65,53473,,,520A3C5C,
,,3,2025-05-27 20:43:59,-67,A648A0E7,27478,,,520A3C5C,
,,2,2025-05-27 20:43:59,-67,A648A0E7,27478,,,520A3C5C,
,,5,2025-05-27 20:43:59,-67,A648A0E7,27478,,,520A3C5C,
,,4,2025-05-27 20:44:01,-75,A648A0E7,45138,,,AA4358FB,
,,3,2025-05-27 20:44:01,-75,A648A0E7,45138,,,AA4358FB,
,,2,2025-05-27 20:44:01,-75,A648A0E7,45138,,,AA4358FB,
,,1,2025-05-27 20:44:01,-75,A648A0E7,45138,,,AA4358FB,
,,5,2025-05-27 20:44:00,-70,59FE8D30,48796,,,520A3C5C,
,,3,2025-05-27 20:44:00,-69,13323C65,54341,,,520A3C5C,
,,1,2025-05-27 20:44:00,-69,13323C65,54341,,,520A3C5C,
,,4,2025-05-27 20:44:00,-69,13323C65,54341,,,520A3C5C,
,,5,2025-05-27 20:44:00,-69,13323C65,54341,,,520A3C5C,
,,2,2025-05-27 20:44:00,-69,13323C65,54341,,,520A3C5C,
,,2,2025-05-27 20:44:00,-75,870614B1,24314,,,520A3C5C,
,,3,2025-05-27 20:44:00,-75,870614B1,24314,,,520A3C5C,
,,4,2025-05-27 20:44:00,-75,870614B1,24314,,,520A3C5C,
,,5,2025-05-27 20:44:01,-75,81D187E3,19162,,,520A3C5C,
,,3,2025-05-27 20:44:01,-75,81D187E3,19162,,,520A3C5C,
,,4,2025-05-27 20:44:01,-75,81D187E3,19162,,,520A3C5C,
,,2,2025-05-27 20:44:01,-75,81D187E3,19162,,,520A3C5C,
,,5,2025-05-27 20:44:03,-64,0000006E,55145,,,AA4358FB,
,,5,2025-05-27 20:44:02,-72,07F9389E,43706,,,520A3C5C,
,,3,2025-05-27 20:44:02,-72,07F9389E,43706,,,520A3C5C,
,,4,2025-05-27 20:44:02,-72,07F9389E,43706,,,520A3C5C,
,,2,2025-05-27 20:44:02,-72,07F9389E,43706,,,520A3C5C,
,,3,2025-05-27 20:44:03,-74,0000006E,55145,,,520A3C5C,
,,4,2025-05-27 20:44:04,-75,367E0F4A,24274,,,520A3C5C,
,,5,2025-05-27 20:44:04,-75,367E0F4A,24274,,,520A3C5C,
,,2,2025-05-27 20:44:04,-75,367E0F4A,24274,,,520A3C5C,
,,3,2025-05-27 20:44:04,-75,367E0F4A,24274,,,520A3C5C,
,,1,2025-05-27 20:43:54,-78,23D9727E,20356,,,B995250B,
,,3,2025-05-27 20:44:06,-76,13323C65,9339,,,520A3C5C,
,,2,2025-05-27 20:44:06,-76,13323C65,9339,,,520A3C5C,
,,5,2025-05-27 20:44:06,-76,13323C65,9339,,,520A3C5C,
,,3,2025-05-27 20:44:07,-82,E2A807D7,62875,,,AA4358FB,
,,5,2025-05-27 20:44:07,-82,E2A807D7,62875,,,AA4358FB,
,,2,2025-05-27 20:44:07,-82,E2A807D7,62875,,,AA4358FB,
,,3,2025-05-27 20:44:07,-67,13323C65,9007,,,520A3C5C,
,,4,2025-05-27 20:44:07,-67,13323C65,9007,,,520A3C5C,
,,2,2025-05-27 20:44:07,-67,13323C65,9007,,,520A3C5C,
,,3,2025-05-27 20:44:07,-71,D7510A57,55214,,,520A3C5C,
,,5,2025-05-27 20:44:07,-71,D7510A57,55214,,,520A3C5C,
,,2,2025-05-27 20:44:07,-71,D7510A57,55214,,,520A3C5C,
,,5,2025-05-27 20:43:49,-74,13323C65,13059,,,7378B941,
,,4,2025-05-27 20:43:49,-74,13323C65,13059,,,7378B941,
,,5,2025-05-27 20:44:07,-65,367E0F4A,52536,,,AA4358FB,
,,3,2025-05-27 20:44:08,-63,367E0F4A,39898,,,AA4358FB,
,,1,2025-05-27 20:44:08,-63,367E0F4A,39898,,,AA4358FB,
,,5,2025-05-27 20:44:08,-63,367E0F4A,39898,,,AA4358FB,
,,2,2025-05-27 20:44:08,-63,367E0F4A,39898,,,AA4358FB,
,,4,2025-05-27 20:44:08,-63,367E0F4A,39898,,,AA4358FB,
,,3,2025-05-27 20:44:08,-75,367E0F4A,39898,,,520A3C5C,
,,2,2025-05-27 20:44:08,-75,367E0F4A,39898,,,520A3C5C,
,,1,2025-05-27 20:43:52,-80,81D187E3,5887,,,7378B941,
,,2,2025-05-27 20:44:09,-70,59FE8D30,13940,,,520A3C5C,
,,1,2025-05-27 20:43:53,-77,A648A0E7,53154,,,7378B941,
,,1,2025-05-27 20:43:56,-79,367E0F4A,39350,,,7378B941,
,,5,2025-05-27 20:43:56,-75,D7510A57,23719,,,7378B941,
,,1,2025-05-27 20:43:56,-75,D7510A57,23719,,,7378B941,
,,4,2025-05-27 20:43:56,-75,D7510A57,23719,,,7378B941,
,,5,2025-05-27 20:43:57,-81,870614B1,30489,,,7378B941,
,,4,2025-05-27 20:44:00,-77,A648A0E7,45138,,,7378B941,
,,5,2025-05-27 20:44:00,-77,A648A0E7,45138,,,7378B941,
,,1,2025-05-27 20:44:00,-77,A648A0E7,45138,,,7378B941,
,,5,2025-05-27 20:44:02,-77,13323C65,46408,,,7378B941,
,,1,2025-05-27 20:44:02,-77,13323C65,46408,,,7378B941,
,,4,2025-05-27 20:44:02,-77,13323C65,46408,,,7378B941,
,,1,2025-05-27 20:44:03,-81,0000006E,55145,,,7378B941,
,,5,2025-05-27 20:44:03,-81,0000006E,55145,,,7378B941,
,,4,2025-05-27 20:44:03,-81,0000006E,55145,,,7378B941,
,,5,2025-05-27 20:44:04,-81,367E0F4A,24274,,,7378B941,
,,5,2025-05-27 20:44:04,-81,59FE8D30,43289,,,7378B941,
,,1,2025-05-27 20:44:13,-72,367E0F4A,41405,,,B995250B,
,,4,2025-05-27 20:44:13,-72,367E0F4A,41405,,,B995250B,
,,5,2025-05-27 20:44:07,-75,D7510A57,55214,,,7378B941,
,,1,2025-05-27 20:44:07,-76,A648A0E7,9417,,,7378B941,
,,5,2025-05-27 20:44:07,-76,A648A0E7,9417,,,7378B941,
,,1,2025-05-27 20:44:12,-77,59FE8D30,24503,,,7378B941,
,,5,2025-05-27 20:44:12,-77,59FE8D30,24503,,,7378B941,
,,4,2025-05-27 20:44:12,-77,59FE8D30,24503,,,7378B941,
,,5,2025-05-27 20:44:12,-77,A648A0E7,15076,,,7378B941,
,,1,2025-05-27 20:43:55,-71,A648A0E7,38101,,,D46BA6A2,
,,5,2025-05-27 20:43:55,-71,A648A0E7,38101,,,D46BA6A2,
,,1,2025-05-27 20:44:01,-78,81D187E3,13385,,,7D769A01,
,,3,2025-05-27 20:43:59,-69,59FE8D30,48796,,,D46BA6A2,
,,1,2025-05-27 20:43:59,-69,59FE8D30,48796,,,D46BA6A2,
,,4,2025-05-27 20:43:59,-69,59FE8D30,48796,,,D46BA6A2,
,,1,2025-05-27 20:44:02,-72,59FE8D30,10132,,,7D769A01,
,,1,2025-05-27 20:44:01,-71,A648A0E7,13444,,,D46BA6A2,
,,1,2025-05-27 20:44:04,-68,367E0F4A,26212,,,7D769A01,
,,1,2025-05-27 20:44:04,-70,367E0F4A,24274,,,D46BA6A2,
,,1,2025-05-27 20:44:05,-77,0000006E,28452,,,7D769A01,
,,1,2025-05-27 20:44:06,-69,D7510A57,28486,,,7D769A01,
,,1,2025-05-27 20:44:07,-74,13323C65,9007,,,7D769A01,
,,2,2025-05-27 20:44:06,-69,13323C65,9339,,,D46BA6A2,
,,4,2025-05-27 20:44:06,-69,13323C65,9339,,,D46BA6A2,
,,5,2025-05-27 20:44:06,-69,13323C65,9339,,,D46BA6A2,
,,1,2025-05-27 20:44:06,-69,13323C65,9339,,,D46BA6A2,
,,3,2025-05-27 20:44:06,-69,13323C65,9339,,,D46BA6A2,
,,4,2025-05-27 20:44:06,-72,D7510A57,28486,,,D46BA6A2,
,,1,2025-05-27 20:44:06,-72,D7510A57,28486,,,D46BA6A2,
,,3,2025-05-27 20:44:06,-72,D7510A57,28486,,,D46BA6A2,
,,1,2025-05-27 20:44:08,-74,13323C65,47143,,,7D769A01,
,,3,2025-05-27 20:44:07,-70,13323C65,9007,,,D46BA6A2,
,,4,2025-05-27 20:44:07,-70,13323C65,9007,,,D46BA6A2,
,,5,2025-05-27 20:44:07,-70,13323C65,9007,,,D46BA6A2,
,,2,2025-05-27 20:44:07,-70,13323C65,9007,,,D46BA6A2,
,,1,2025-05-27 20:44:09,-72,870614B1,8257,,,7D769A01,
,,1,2025-05-27 20:44:09,-75,A648A0E7,36219,,,7D769A01,
,,3,2025-05-27 20:44:10,-76,B78FE24A,39644,,,D46BA6A2,
,,4,2025-05-27 20:44:10,-76,B78FE24A,39644,,,D46BA6A2,
,,1,2025-05-27 20:44:10,-76,B78FE24A,39644,,,D46BA6A2,
,,5,2025-05-27 20:44:10,-76,B78FE24A,39644,,,D46BA6A2,
,,2,2025-05-27 20:44:10,-76,B78FE24A,39644,,,D46BA6A2,
,,3,2025-05-27 20:44:11,-78,81D187E3,7991,,,D46BA6A2,
,,4,2025-05-27 20:44:11,-78,81D187E3,7991,,,D46BA6A2,
,,1,2025-05-27 20:44:11,-78,81D187E3,7991,,,D46BA6A2,
,,2,2025-05-27 20:44:11,-78,81D187E3,7991,,,D46BA6A2,
,,4,2025-05-27 20:44:13,-67,D7510A57,31308,,,D46BA6A2,
,,1,2025-05-27 20:44:13,-67,D7510A57,31308,,,D46BA6A2,
,,1,2025-05-27 20:44:12,-71,870614B1,1840,,,7D769A01,
,,1,2025-05-27 20:44:14,-65,59FE8D30,7501,,,D46BA6A2,
,,3,2025-05-27 20:44:14,-65,59FE8D30,7501,,,D46BA6A2,
,,5,2025-05-27 20:44:14,-65,59FE8D30,7501,,,D46BA6A2,
,,4,2025-05-27 20:44:14,-65,59FE8D30,7501,,,D46BA6A2,
,,2,2025-05-27 20:44:14,-65,59FE8D30,7501,,,D46BA6A2,
,,3,2025-05-27 20:44:15,-69,870614B1,36475,,,D46BA6A2,
,,4,2025-05-27 20:44:15,-69,870614B1,36475,,,D46BA6A2,
,,2,2025-05-27 20:44:15,-69,870614B1,36475,,,D46BA6A2,
,,1,2025-05-27 20:44:15,-74,870614B1,36475,,,7D769A01,
,,3,2025-05-27 20:44:17,-69,13323C65,26127,,,D46BA6A2,
,,4,2025-05-27 20:44:01,-83,13323C65,12472,,,4D64B5B5,
,,1,2025-05-27 20:44:16,-76,B78FE24A,4986,,,7D769A01,
,,1,2025-05-27 20:44:16,-68,D7510A57,38443,,,7D769A01,
,,4,2025-05-27 20:44:03,-75,81D187E3,50632,,,4D64B5B5,
,,1,2025-05-27 20:44:18,-76,D7510A57,58187,,,7D769A01,
,,1,2025-05-27 20:43:56,-83,D7510A57,23719,,,CB4A1EAE,
,,4,2025-05-27 20:44:10,-75,81D187E3,64957,,,4D64B5B5,
,,1,2025-05-27 20:44:10,-75,81D187E3,64957,,,4D64B5B5,
,,4,2025-05-27 20:43:57,-78,A648A0E7,9043,,,CB4A1EAE,
,,1,2025-05-27 20:43:57,-78,A648A0E7,9043,,,CB4A1EAE,
,,1,2025-05-27 20:44:04,-77,367E0F4A,24274,,,CB4A1EAE,
,,4,2025-05-27 20:44:04,-77,367E0F4A,24274,,,CB4A1EAE,
,,1,2025-05-27 20:44:07,-81,D7510A57,55214,,,CB4A1EAE,
,,4,2025-05-27 20:44:07,-81,D7510A57,55214,,,CB4A1EAE,
,,4,2025-05-27 20:44:10,-84,81D187E3,64957,,,CB4A1EAE,
,,1,2025-05-27 20:44:10,-84,81D187E3,64957,,,CB4A1EAE,
,,4,2025-05-27 20:44:11,-79,367E0F4A,55616,,,CB4A1EAE,
,,1,2025-05-27 20:44:11,-79,367E0F4A,55616,,,CB4A1EAE,
,,1,2025-05-27 20:44:16,-78,367E0F4A,7104,,,CB4A1EAE,
,,4,2025-05-27 20:44:16,-78,367E0F4A,7104,,,CB4A1EAE,
,,4,2025-05-27 20:44:17,-74,D7510A57,9646,,,CB4A1EAE,
,,2,2025-05-27 20:43:59,-83,59FE8D30,21136,,,9CC5DC79,
,,4,2025-05-27 20:43:59,-80,A648A0E7,27478,,,9CC5DC79,
,,1,2025-05-27 20:43:59,-80,A648A0E7,27478,,,9CC5DC79,
,,5,2025-05-27 20:43:59,-80,A648A0E7,27478,,,9CC5DC79,
,,3,2025-05-27 20:43:59,-80,A648A0E7,27478,,,9CC5DC79,
,,2,2025-05-27 20:43:59,-80,A648A0E7,27478,,,9CC5DC79,
,,5,2025-05-27 20:44:00,-81,0000006E,51252,,,9CC5DC79,
,,5,2025-05-27 20:44:02,-78,13323C65,46408,,,9CC5DC79,
,,3,2025-05-27 20:44:06,-75,A648A0E7,43464,,,9CC5DC79,
,,1,2025-05-27 20:44:06,-75,A648A0E7,43464,,,9CC5DC79,
,,4,2025-05-27 20:44:06,-75,A648A0E7,43464,,,9CC5DC79,
,,1,2025-05-27 20:44:07,-77,D7510A57,55214,,,9CC5DC79,
,,1,2025-05-27 20:44:08,-73,13323C65,47143,,,9CC5DC79,
,,5,2025-05-27 20:44:12,-82,81D187E3,7991,,,9CC5DC79,
,,1,2025-05-27 20:44:12,-82,81D187E3,7991,,,9CC5DC79,
,,1,2025-05-27 20:44:13,-80,E197FE3E,33885,,,9CC5DC79,
,,3,2025-05-27 20:44:13,-80,E197FE3E,33885,,,9CC5DC79,
,,4,2025-05-27 20:44:13,-80,E197FE3E,33885,,,9CC5DC79,
,,5,2025-05-27 20:44:13,-80,E197FE3E,33885,,,9CC5DC79,
,,5,2025-05-27 20:44:18,-81,0000006E,12965,,,9CC5DC79,
,,5,2025-05-27 20:44:18,-72,870614B1,17827,,,9CC5DC79,
,,4,2025-05-27 20:44:19,-80,D7510A57,56580,,,9CC5DC79,
,,5,2025-05-27 20:44:19,-80,D7510A57,56580,,,9CC5DC79,
,,2,2025-05-27 20:44:19,-80,D7510A57,56580,,,9CC5DC79,
,,1,2025-05-27 20:44:19,-80,D7510A57,56580,,,9CC5DC79,
,,5,2025-05-27 20:44:20,-72,13323C65,27835,,,9CC5DC79,
,,4,2025-05-27 20:44:21,-70,870614B1,43080,,,9CC5DC79,
,,5,2025-05-27 20:44:21,-70,870614B1,43080,,,9CC5DC79,
,,1,2025-05-27 20:44:21,-70,870614B1,43080,,,9CC5DC79,
,,3,2025-05-27 20:44:21,-70,870614B1,43080,,,9CC5DC79,
,,1,2025-05-27 20:44:23,-72,367E0F4A,45856,,,9CC5DC79,
,,4,2025-05-27 20:44:24,-80,A648A0E7,56266,,,9CC5DC79,
,,5,2025-05-27 20:44:24,-80,A648A0E7,56266,,,9CC5DC79,
,,1,2025-05-27 20:44:24,-80,A648A0E7,56266,,,9CC5DC79,
,,2,2025-05-27 20:44:24,-80,A648A0E7,56266,,,9CC5DC79,
,,3,2025-05-27 20:44:24,-80,A648A0E7,56266,,,9CC5DC79,
,,1,2025-05-27 20:44:24,-82,59FE8D30,57058,,,9CC5DC79,
,,5,2025-05-27 20:44:24,-82,59FE8D30,57058,,,9CC5DC79,
,,2,2025-05-27 20:44:11,-77,59FE8D30,37821,,,AA4358FB,
,,3,2025-05-27 20:44:11,-77,59FE8D30,37821,,,AA4358FB,
,,1,2025-05-27 20:44:11,-64,367E0F4A,55616,,,AA4358FB,
,,5,2025-05-27 20:44:11,-64,367E0F4A,55616,,,AA4358FB,
,,3,2025-05-27 20:44:11,-64,367E0F4A,55616,,,AA4358FB,
,,4,2025-05-27 20:44:11,-64,367E0F4A,55616,,,AA4358FB,
,,2,2025-05-27 20:44:11,-64,367E0F4A,55616,,,AA4358FB,
,,5,2025-05-27 20:44:16,-70,13323C65,13632,,,AA4358FB,
,,1,2025-05-27 20:44:18,-72,0000006E,12965,,,AA4358FB,
,,2,2025-05-27 20:44:19,-75,D7510A57,58187,,,AA4358FB,
,,3,2025-05-27 20:44:19,-75,D7510A57,58187,,,AA4358FB,
,,4,2025-05-27 20:44:19,-75,D7510A57,58187,,,AA4358FB,
,,3,2025-05-27 20:44:19,-68,81D187E3,56254,,,AA4358FB,
,,2,2025-05-27 20:44:19,-68,81D187E3,56254,,,AA4358FB,
,,2,2025-05-27 20:44:20,-74,D7510A57,56580,,,AA4358FB,
,,5,2025-05-27 20:44:20,-74,D7510A57,56580,,,AA4358FB,
,,3,2025-05-27 20:44:20,-74,D7510A57,56580,,,AA4358FB,
,,4,2025-05-27 20:44:20,-74,D7510A57,56580,,,AA4358FB,
,,3,2025-05-27 20:44:20,-68,81D187E3,53135,,,AA4358FB,
,,4,2025-05-27 20:44:20,-68,81D187E3,53135,,,AA4358FB,
,,1,2025-05-27 20:44:21,-73,D7510A57,56796,,,AA4358FB,
,,5,2025-05-27 20:44:21,-65,0000006E,25742,,,AA4358FB,
,,5,2025-05-27 20:44:21,-75,870614B1,43080,,,AA4358FB,
,,3,2025-05-27 20:44:21,-75,870614B1,43080,,,AA4358FB,
,,4,2025-05-27 20:44:21,-75,870614B1,43080,,,AA4358FB,
,,4,2025-05-27 20:44:23,-79,A648A0E7,14972,,,AA4358FB,
,,2,2025-05-27 20:44:23,-79,A648A0E7,14972,,,AA4358FB,
,,1,2025-05-27 20:44:23,-79,A648A0E7,14972,,,AA4358FB,
,,3,2025-05-27 20:44:23,-79,A648A0E7,14972,,,AA4358FB,
,,5,2025-05-27 20:44:23,-79,A648A0E7,14972,,,AA4358FB,
,,1,2025-05-27 20:44:24,-68,367E0F4A,45856,,,AA4358FB,
,,3,2025-05-27 20:44:25,-75,59FE8D30,57058,,,AA4358FB,
,,2,2025-05-27 20:44:25,-75,59FE8D30,57058,,,AA4358FB,
,,4,2025-05-27 20:44:26,-81,B78FE24A,817,,,AA4358FB,
,,5,2025-05-27 20:44:26,-81,B78FE24A,817,,,AA4358FB,
,,3,2025-05-27 20:44:26,-81,B78FE24A,817,,,AA4358FB,
,,2,2025-05-27 20:44:26,-81,B78FE24A,817,,,AA4358FB,
,,3,2025-05-27 20:44:27,-76,D7510A57,39662,,,AA4358FB,
,,5,2025-05-27 20:44:27,-77,A648A0E7,10152,,,AA4358FB,
,,2,2025-05-27 20:44:28,-77,D7510A57,8302,,,AA4358FB,
,,1,2025-05-27 20:44:28,-77,D7510A57,8302,,,AA4358FB,
,,5,2025-05-27 20:44:28,-77,D7510A57,8302,,,AA4358FB,
,,4,2025-05-27 20:44:28,-77,D7510A57,8302,,,AA4358FB,
,,3,2025-05-27 20:44:28,-77,D7510A57,8302,,,AA4358FB,
,,5,2025-05-27 20:44:28,-72,81D187E3,39707,,,AA4358FB,
,,5,2025-05-27 20:44:29,-77,59FE8D30,44041,,,AA4358FB,
,,2,2025-05-27 20:44:29,-76,A648A0E7,46402,,,AA4358FB,
,,3,2025-05-27 20:44:30,-78,D7510A57,16618,,,AA4358FB,
,,5,2025-05-27 20:44:30,-78,D7510A57,16618,,,AA4358FB,
,,4,2025-05-27 20:44:30,-78,D7510A57,16618,,,AA4358FB,
,,2,2025-05-27 20:44:10,-70,59FE8D30,37821,,,520A3C5C,
,,3,2025-05-27 20:44:10,-70,59FE8D30,37821,,,520A3C5C,
,,5,2025-05-27 20:44:10,-70,59FE8D30,37821,,,520A3C5C,
,,4,2025-05-27 20:44:10,-70,59FE8D30,37821,,,520A3C5C,
,,3,2025-05-27 20:44:11,-75,13323C65,2140,,,520A3C5C,
,,5,2025-05-27 20:44:11,-75,13323C65,2140,,,520A3C5C,
,,2,2025-05-27 20:44:11,-75,13323C65,2140,,,520A3C5C,
,,5,2025-05-27 20:44:32,-75,D7510A57,50909,,,AA4358FB,
,,3,2025-05-27 20:44:13,-76,59FE8D30,10442,,,520A3C5C,
,,5,2025-05-27 20:44:13,-76,59FE8D30,10442,,,520A3C5C,
,,2,2025-05-27 20:44:13,-76,59FE8D30,10442,,,520A3C5C,
,,4,2025-05-27 20:44:13,-76,59FE8D30,10442,,,520A3C5C,
,,3,2025-05-27 20:44:14,-70,59FE8D30,59773,,,520A3C5C,
,,2,2025-05-27 20:44:14,-70,59FE8D30,59773,,,520A3C5C,
,,3,2025-05-27 20:44:14,-71,367E0F4A,39698,,,520A3C5C,
,,5,2025-05-27 20:44:14,-71,367E0F4A,39698,,,520A3C5C,
,,2,2025-05-27 20:44:14,-71,367E0F4A,39698,,,520A3C5C,
,,4,2025-05-27 20:44:14,-71,367E0F4A,39698,,,520A3C5C,
,,3,2025-05-27 20:44:33,-63,367E0F4A,35896,,,AA4358FB,
,,2,2025-05-27 20:44:33,-63,367E0F4A,35896,,,AA4358FB,
,,3,2025-05-27 20:44:14,-75,13323C65,4008,,,520A3C5C,
,,4,2025-05-27 20:44:16,-76,81D187E3,3916,,,520A3C5C,
,,3,2025-05-27 20:44:16,-76,81D187E3,3916,,,520A3C5C,
,,2,2025-05-27 20:44:16,-76,81D187E3,3916,,,520A3C5C,
,,4,2025-05-27 20:44:21,-68,13323C65,13818,,,520A3C5C,
,,3,2025-05-27 20:44:21,-68,13323C65,13818,,,520A3C5C,
,,1,2025-05-27 20:44:21,-68,13323C65,13818,,,520A3C5C,
,,5,2025-05-27 20:44:21,-68,13323C65,13818,,,520A3C5C,
,,2,2025-05-27 20:44:21,-68,13323C65,13818,,,520A3C5C,
,,1,2025-05-27 20:44:22,-72,07F9389E,21424,,,520A3C5C,
,,3,2025-05-27 20:44:22,-72,07F9389E,21424,,,520A3C5C,
,,5,2025-05-27 20:44:22,-72,07F9389E,21424,,,520A3C5C,
,,2,2025-05-27 20:44:22,-72,07F9389E,21424,,,520A3C5C,
,,4,2025-05-27 20:44:22,-72,07F9389E,21424,,,520A3C5C,
,,4,2025-05-27 20:44:23,-75,A648A0E7,14972,,,520A3C5C,
,,5,2025-05-27 20:44:23,-85,81D187E3,39980,,,520A3C5C,
,,2,2025-05-27 20:44:23,-85,81D187E3,39980,,,520A3C5C,
,,3,2025-05-27 20:44:23,-85,81D187E3,39980,,,520A3C5C,
,,5,2025-05-27 20:44:24,-69,13323C65,22445,,,520A3C5C,
,,4,2025-05-27 20:44:26,-76,A648A0E7,27718,,,520A3C5C,
,,5,2025-05-27 20:44:26,-76,A648A0E7,27718,,,520A3C5C,
,,3,2025-05-27 20:44:26,-76,A648A0E7,27718,,,520A3C5C,
,,2,2025-05-27 20:44:26,-76,A648A0E7,27718,,,520A3C5C,
,,4,2025-05-27 20:44:27,-73,23D9727E,61872,,,520A3C5C,
,,1,2025-05-27 20:44:19,-68,59FE8D30,44064,,,D46BA6A2,
,,1,2025-05-27 20:44:19,-69,13323C65,42469,,,D46BA6A2,
,,3,2025-05-27 20:44:19,-69,13323C65,42469,,,D46BA6A2,
,,4,2025-05-27 20:44:19,-69,13323C65,42469,,,D46BA6A2,
,,4,2025-05-27 20:44:29,-77,59FE8D30,44041,,,520A3C5C,
,,2,2025-05-27 20:44:29,-75,367E0F4A,25571,,,520A3C5C,
,,5,2025-05-27 20:44:30,-74,870614B1,53891,,,520A3C5C,
,,3,2025-05-27 20:44:30,-74,870614B1,53891,,,520A3C5C,
,,4,2025-05-27 20:44:30,-74,870614B1,53891,,,520A3C5C,
,,2,2025-05-27 20:44:30,-74,870614B1,53891,,,520A3C5C,
,,1,2025-05-27 20:44:30,-74,870614B1,53891,,,520A3C5C,
,,5,2025-05-27 20:44:32,-70,59FE8D30,41589,,,520A3C5C,
,,4,2025-05-27 20:44:32,-70,59FE8D30,41589,,,520A3C5C,
,,2,2025-05-27 20:44:32,-70,59FE8D30,41589,,,520A3C5C,
,,3,2025-05-27 20:44:32,-70,59FE8D30,41589,,,520A3C5C,
,,3,2025-05-27 20:44:20,-78,13323C65,27835,,,D46BA6A2,
,,1,2025-05-27 20:44:20,-78,13323C65,27835,,,D46BA6A2,
,,5,2025-05-27 20:44:20,-78,13323C65,27835,,,D46BA6A2,
,,4,2025-05-27 20:44:20,-78,13323C65,27835,,,D46BA6A2,
,,2,2025-05-27 20:44:20,-68,59FE8D30,16288,,,D46BA6A2,
,,3,2025-05-27 20:44:20,-68,59FE8D30,16288,,,D46BA6A2,
,,1,2025-05-27 20:44:20,-68,59FE8D30,16288,,,D46BA6A2,
,,4,2025-05-27 20:44:20,-68,59FE8D30,16288,,,D46BA6A2,
,,5,2025-05-27 20:44:20,-68,59FE8D30,16288,,,D46BA6A2,
,,4,2025-05-27 20:44:33,-71,D7510A57,44556,,,520A3C5C,
,,5,2025-05-27 20:44:33,-71,D7510A57,44556,,,520A3C5C,
,,1,2025-05-27 20:44:21,-81,870614B1,43080,,,D46BA6A2,
,,5,2025-05-27 20:44:21,-81,870614B1,43080,,,D46BA6A2,
,,4,2025-05-27 20:44:21,-81,870614B1,43080,,,D46BA6A2,
,,2,2025-05-27 20:44:21,-81,870614B1,43080,,,D46BA6A2,
,,3,2025-05-27 20:44:21,-81,870614B1,43080,,,D46BA6A2,
,,1,2025-05-27 20:44:21,-65,59FE8D30,24579,,,D46BA6A2,
,,4,2025-05-27 20:44:21,-65,59FE8D30,24579,,,D46BA6A2,
,,2,2025-05-27 20:44:21,-65,59FE8D30,24579,,,D46BA6A2,
,,3,2025-05-27 20:44:21,-65,59FE8D30,24579,,,D46BA6A2,
,,4,2025-05-27 20:44:22,-71,E197FE3E,10824,,,D46BA6A2,
,,3,2025-05-27 20:44:22,-71,E197FE3E,10824,,,D46BA6A2,
,,2,2025-05-27 20:44:22,-77,81D187E3,39980,,,D46BA6A2,
,,5,2025-05-27 20:44:22,-77,81D187E3,39980,,,D46BA6A2,
,,4,2025-05-27 20:44:22,-77,81D187E3,39980,,,D46BA6A2,
,,3,2025-05-27 20:44:22,-77,81D187E3,39980,,,D46BA6A2,
,,1,2025-05-27 20:44:22,-77,81D187E3,39980,,,D46BA6A2,
,,1,2025-05-27 20:44:27,-70,870614B1,57182,,,D46BA6A2,
,,3,2025-05-27 20:44:27,-70,870614B1,57182,,,D46BA6A2,
,,4,2025-05-27 20:44:27,-70,870614B1,57182,,,D46BA6A2,
,,4,2025-05-27 20:44:27,-76,59FE8D30,35938,,,D46BA6A2,
,,1,2025-05-27 20:44:27,-76,59FE8D30,35938,,,D46BA6A2,
,,3,2025-05-27 20:44:27,-76,59FE8D30,35938,,,D46BA6A2,
,,3,2025-05-27 20:44:30,-73,0000006E,29264,,,D46BA6A2,
,,3,2025-05-27 20:44:30,-66,D7510A57,46368,,,D46BA6A2,
,,1,2025-05-27 20:44:32,-78,13323C65,12622,,,D46BA6A2,
,,2,2025-05-27 20:44:34,-71,A648A0E7,15305,,,D46BA6A2,
,,4,2025-05-27 20:44:34,-71,A648A0E7,15305,,,D46BA6A2,
,,1,2025-05-27 20:44:34,-71,A648A0E7,15305,,,D46BA6A2,
,,3,2025-05-27 20:44:34,-71,A648A0E7,15305,,,D46BA6A2,
,,1,2025-05-27 20:44:35,-76,59FE8D30,6044,,,D46BA6A2,
,,3,2025-05-27 20:44:35,-76,59FE8D30,6044,,,D46BA6A2,
,,5,2025-05-27 20:44:35,-76,59FE8D30,6044,,,D46BA6A2,
,,2,2025-05-27 20:44:35,-76,59FE8D30,6044,,,D46BA6A2,
,,4,2025-05-27 20:44:35,-76,59FE8D30,6044,,,D46BA6A2,
,,3,2025-05-27 20:44:36,-65,59FE8D30,226,,,D46BA6A2,
,,3,2025-05-27 20:44:36,-78,81D187E3,14495,,,D46BA6A2,
,,1,2025-05-27 20:44:20,-74,81D187E3,52049,,,7D769A01,
,,1,2025-05-27 20:44:33,-71,59FE8D30,32235,,,7D769A01,
,,1,2025-05-27 20:44:34,-68,D7510A57,22795,,,7D769A01,
,,4,2025-05-27 20:44:34,-68,D7510A57,22795,,,7D769A01,
,,1,2025-05-27 20:44:23,-78,367E0F4A,45856,,,B995250B,
,,4,2025-05-27 20:44:23,-78,367E0F4A,45856,,,B995250B,
,,1,2025-05-27 20:44:34,-71,13323C65,51991,,,7D769A01,
,,1,2025-05-27 20:44:35,-68,367E0F4A,3373,,,7D769A01,
,,1,2025-05-27 20:44:24,-72,59FE8D30,57058,,,B995250B,
,,4,2025-05-27 20:44:24,-72,59FE8D30,57058,,,B995250B,
,,1,2025-05-27 20:44:35,-76,E2A807D7,10807,,,7D769A01,
,,1,2025-05-27 20:44:27,-81,07F9389E,17701,,,B995250B,
,,4,2025-05-27 20:44:27,-81,07F9389E,17701,,,B995250B,
,,1,2025-05-27 20:44:33,-72,59FE8D30,52436,,,B995250B,
,,1,2025-05-27 20:44:38,-78,59FE8D30,17413,,,B995250B,
,,4,2025-05-27 20:44:20,-79,81D187E3,53135,,,4D64B5B5,
,,1,2025-05-27 20:44:20,-79,81D187E3,53135,,,4D64B5B5,
,,4,2025-05-27 20:44:22,-71,07F9389E,21424,,,4D64B5B5,
,,1,2025-05-27 20:44:22,-71,07F9389E,21424,,,4D64B5B5,
,,1,2025-05-27 20:44:13,-74,D7510A57,31308,,,7378B941,
,,5,2025-05-27 20:44:13,-74,D7510A57,31308,,,7378B941,
,,4,2025-05-27 20:44:25,-69,D7510A57,22202,,,4D64B5B5,
,,1,2025-05-27 20:44:25,-69,D7510A57,22202,,,4D64B5B5,
,,5,2025-05-27 20:44:15,-75,870614B1,36475,,,7378B941,
,,1,2025-05-27 20:44:26,-72,367E0F4A,35674,,,4D64B5B5,
,,1,2025-05-27 20:44:18,-79,23D9727E,55978,,,7378B941,
,,4,2025-05-27 20:44:30,-75,81D187E3,8073,,,4D64B5B5,
,,4,2025-05-27 20:44:34,-72,D7510A57,22795,,,4D64B5B5,
,,1,2025-05-27 20:44:34,-72,D7510A57,22795,,,4D64B5B5,
,,1,2025-05-27 20:44:28,-78,13323C65,50151,,,7378B941,
,,1,2025-05-27 20:44:29,-74,13323C65,44236,,,7378B941,
,,5,2025-05-27 20:44:29,-74,13323C65,44236,,,7378B941,
,,4,2025-05-27 20:44:29,-74,13323C65,44236,,,7378B941,
,,4,2025-05-27 20:44:37,-75,A648A0E7,10646,,,4D64B5B5,
,,1,2025-05-27 20:44:37,-75,A648A0E7,10646,,,4D64B5B5,
,,5,2025-05-27 20:44:30,-76,59FE8D30,13482,,,7378B941,
,,1,2025-05-27 20:44:30,-76,59FE8D30,13482,,,7378B941,
,,1,2025-05-27 20:44:38,-71,367E0F4A,59423,,,4D64B5B5,
,,4,2025-05-27 20:44:38,-80,B78FE24A,14978,,,4D64B5B5,
,,5,2025-05-27 20:44:34,-77,13323C65,51991,,,7378B941,
,,1,2025-05-27 20:44:36,-82,D7510A57,8776,,,7378B941,
,,4,2025-05-27 20:44:36,-82,D7510A57,8776,,,7378B941,
,,5,2025-05-27 20:44:36,-82,D7510A57,8776,,,7378B941,
,,4,2025-05-27 20:44:40,-72,367E0F4A,9807,,,4D64B5B5,
,,1,2025-05-27 20:44:40,-72,367E0F4A,9807,,,4D64B5B5,
,,4,2025-05-27 20:44:42,-73,D7510A57,46831,,,4D64B5B5,
,,1,2025-05-27 20:44:42,-73,D7510A57,46831,,,4D64B5B5,
,,1,2025-05-27 20:44:37,-77,13323C65,39791,,,7378B941,
,,4,2025-05-27 20:44:37,-77,13323C65,39791,,,7378B941,
,,5,2025-05-27 20:44:37,-77,13323C65,39791,,,7378B941,
,,1,2025-05-27 20:44:39,-80,59FE8D30,38957,,,7378B941,
,,4,2025-05-27 20:44:39,-80,59FE8D30,38957,,,7378B941,
,,5,2025-05-27 20:44:39,-80,59FE8D30,38957,,,7378B941,
,,5,2025-05-27 20:44:45,-75,D7510A57,27330,,,7378B941,
,,1,2025-05-27 20:44:27,-74,D7510A57,8302,,,CB4A1EAE,
,,4,2025-05-27 20:44:27,-74,D7510A57,8302,,,CB4A1EAE,
,,4,2025-05-27 20:44:30,-84,81D187E3,8073,,,CB4A1EAE,
,,1,2025-05-27 20:44:30,-84,81D187E3,8073,,,CB4A1EAE,
,,4,2025-05-27 20:44:32,-84,A648A0E7,35319,,,CB4A1EAE,
,,1,2025-05-27 20:44:32,-84,A648A0E7,35319,,,CB4A1EAE,
,,1,2025-05-27 20:44:34,-83,D7510A57,22795,,,CB4A1EAE,
,,1,2025-05-27 20:44:29,-84,E2A807D7,44530,,,9CC5DC79,
,,1,2025-05-27 20:44:35,-80,59FE8D30,47786,,,CB4A1EAE,
,,4,2025-05-27 20:44:35,-80,59FE8D30,47786,,,CB4A1EAE,
,,1,2025-05-27 20:44:36,-78,367E0F4A,3373,,,CB4A1EAE,
,,4,2025-05-27 20:44:36,-78,367E0F4A,3373,,,CB4A1EAE,
,,4,2025-05-27 20:44:29,-82,59FE8D30,51765,,,9CC5DC79,
,,1,2025-05-27 20:44:38,-79,A648A0E7,44808,,,CB4A1EAE,
,,4,2025-05-27 20:44:38,-79,A648A0E7,44808,,,CB4A1EAE,
,,4,2025-05-27 20:44:39,-78,367E0F4A,60047,,,CB4A1EAE,
,,5,2025-05-27 20:44:33,-71,870614B1,23945,,,9CC5DC79,
,,3,2025-05-27 20:44:33,-71,870614B1,23945,,,9CC5DC79,
,,1,2025-05-27 20:44:34,-74,A648A0E7,61280,,,9CC5DC79,
,,5,2025-05-27 20:44:34,-78,59FE8D30,32235,,,9CC5DC79,
,,3,2025-05-27 20:44:34,-78,59FE8D30,32235,,,9CC5DC79,
,,2,2025-05-27 20:44:34,-78,59FE8D30,32235,,,9CC5DC79,
,,4,2025-05-27 20:44:35,-77,13323C65,51991,,,9CC5DC79,
,,1,2025-05-27 20:44:35,-77,13323C65,51991,,,9CC5DC79,
,,2,2025-05-27 20:44:35,-77,13323C65,51991,,,9CC5DC79,
,,5,2025-05-27 20:44:35,-78,59FE8D30,47786,,,9CC5DC79,
,,2,2025-05-27 20:44:35,-78,59FE8D30,47786,,,9CC5DC79,
,,3,2025-05-27 20:44:35,-78,59FE8D30,47786,,,9CC5DC79,
,,4,2025-05-27 20:44:47,-77,367E0F4A,26794,,,CB4A1EAE,
,,1,2025-05-27 20:44:47,-77,367E0F4A,26794,,,CB4A1EAE,
,,4,2025-05-27 20:44:48,-78,367E0F4A,26760,,,CB4A1EAE,
,,1,2025-05-27 20:44:48,-78,367E0F4A,26760,,,CB4A1EAE,
,,1,2025-05-27 20:44:39,-79,59FE8D30,38957,,,9CC5DC79,
,,1,2025-05-27 20:44:42,-78,D7510A57,46831,,,9CC5DC79,
,,3,2025-05-27 20:44:42,-78,D7510A57,46831,,,9CC5DC79,
,,4,2025-05-27 20:44:42,-78,D7510A57,46831,,,9CC5DC79,
,,1,2025-05-27 20:44:44,-81,D7510A57,52061,,,9CC5DC79,
,,4,2025-05-27 20:44:48,-83,E2A807D7,42749,,,9CC5DC79,
,,1,2025-05-27 20:44:39,-70,13323C65,39795,,,D46BA6A2,
,,2,2025-05-27 20:44:39,-70,13323C65,39795,,,D46BA6A2,
,,3,2025-05-27 20:44:39,-70,13323C65,39795,,,D46BA6A2,
,,4,2025-05-27 20:44:39,-70,13323C65,39795,,,D46BA6A2,
,,3,2025-05-27 20:44:40,-77,13323C65,4962,,,D46BA6A2,
,,3,2025-05-27 20:44:41,-71,367E0F4A,22164,,,D46BA6A2,
,,4,2025-05-27 20:44:41,-71,367E0F4A,22164,,,D46BA6A2,
,,3,2025-05-27 20:44:43,-78,81D187E3,45213,,,D46BA6A2,
,,1,2025-05-27 20:44:44,-76,B78FE24A,799,,,D46BA6A2,
,,1,2025-05-27 20:44:44,-69,59FE8D30,33672,,,D46BA6A2,
,,4,2025-05-27 20:44:45,-70,870614B1,24548,,,D46BA6A2,
,,3,2025-05-27 20:44:45,-70,870614B1,24548,,,D46BA6A2,
,,1,2025-05-27 20:44:45,-70,870614B1,24548,,,D46BA6A2,
,,2,2025-05-27 20:44:45,-73,D7510A57,27330,,,D46BA6A2,
,,3,2025-05-27 20:44:45,-73,D7510A57,27330,,,D46BA6A2,
,,1,2025-05-27 20:44:45,-73,D7510A57,27330,,,D46BA6A2,
,,4,2025-05-27 20:44:45,-73,D7510A57,27330,,,D46BA6A2,
,,4,2025-05-27 20:44:46,-74,D7510A57,49666,,,D46BA6A2,
,,2,2025-05-27 20:44:46,-74,D7510A57,49666,,,D46BA6A2,
,,3,2025-05-27 20:44:46,-74,D7510A57,49666,,,D46BA6A2,
,,1,2025-05-27 20:44:46,-74,D7510A57,49666,,,D46BA6A2,
,,5,2025-05-27 20:44:46,-74,D7510A57,49666,,,D46BA6A2,
,,1,2025-05-27 20:44:46,-70,367E0F4A,26794,,,D46BA6A2,
,,4,2025-05-27 20:44:46,-68,13323C65,60715,,,D46BA6A2,
,,3,2025-05-27 20:44:46,-68,13323C65,60715,,,D46BA6A2,
,,5,2025-05-27 20:44:46,-68,13323C65,60715,,,D46BA6A2,
,,1,2025-05-27 20:44:46,-68,13323C65,60715,,,D46BA6A2,
,,2,2025-05-27 20:44:46,-68,13323C65,60715,,,D46BA6A2,
,,1,2025-05-27 20:44:47,-70,59FE8D30,51120,,,D46BA6A2,
,,1,2025-05-27 20:44:47,-75,B78FE24A,7060,,,D46BA6A2,
,,3,2025-05-27 20:44:47,-77,81D187E3,61615,,,D46BA6A2,
,,4,2025-05-27 20:44:47,-77,81D187E3,61615,,,D46BA6A2,
,,1,2025-05-27 20:44:47,-77,81D187E3,61615,,,D46BA6A2,
,,5,2025-05-27 20:44:47,-77,81D187E3,61615,,,D46BA6A2,
,,5,2025-05-27 20:44:47,-71,367E0F4A,26760,,,D46BA6A2,
,,3,2025-05-27 20:44:47,-71,367E0F4A,26760,,,D46BA6A2,
,,3,2025-05-27 20:44:49,-79,81D187E3,56413,,,D46BA6A2,
,,4,2025-05-27 20:44:49,-79,81D187E3,56413,,,D46BA6A2,
,,2,2025-05-27 20:44:49,-79,81D187E3,56413,,,D46BA6A2,
,,5,2025-05-27 20:44:49,-79,81D187E3,56413,,,D46BA6A2,
,,1,2025-05-27 20:44:49,-79,81D187E3,56413,,,D46BA6A2,
,,3,2025-05-27 20:44:50,-77,81D187E3,28117,,,D46BA6A2,
,,3,2025-05-27 20:44:51,-78,23D9727E,45057,,,D46BA6A2,
,,5,2025-05-27 20:44:51,-78,23D9727E,45057,,,D46BA6A2,
,,4,2025-05-27 20:44:52,-75,D7510A57,37194,,,D46BA6A2,
,,2,2025-05-27 20:44:52,-75,D7510A57,37194,,,D46BA6A2,
,,1,2025-05-27 20:44:52,-75,D7510A57,37194,,,D46BA6A2,
,,3,2025-05-27 20:44:52,-75,D7510A57,37194,,,D46BA6A2,
,,5,2025-05-27 20:44:52,-75,D7510A57,37194,,,D46BA6A2,
,,2,2025-05-27 20:44:54,-70,0000006E,5908,,,D46BA6A2,
,,3,2025-05-27 20:44:54,-70,0000006E,5908,,,D46BA6A2,
,,3,2025-05-27 20:44:54,-65,59FE8D30,17074,,,D46BA6A2,
,,2,2025-05-27 20:44:55,-78,A648A0E7,24609,,,D46BA6A2,
,,3,2025-05-27 20:44:55,-78,A648A0E7,24609,,,D46BA6A2,
,,5,2025-05-27 20:44:55,-78,A648A0E7,24609,,,D46BA6A2,
,,1,2025-05-27 20:44:56,-79,81D187E3,22765,,,D46BA6A2,
,,5,2025-05-27 20:44:34,-68,13323C65,21241,,,AA4358FB,
,,5,2025-05-27 20:44:34,-71,59FE8D30,32235,,,AA4358FB,
,,2,2025-05-27 20:44:35,-68,13323C65,51991,,,AA4358FB,
,,5,2025-05-27 20:44:35,-68,13323C65,51991,,,AA4358FB,
,,1,2025-05-27 20:44:35,-68,13323C65,51991,,,AA4358FB,
,,3,2025-05-27 20:44:35,-68,13323C65,51991,,,AA4358FB,
,,4,2025-05-27 20:44:35,-68,13323C65,51991,,,AA4358FB,
,,4,2025-05-27 20:44:37,-76,59FE8D30,226,,,AA4358FB,
,,2,2025-05-27 20:44:37,-77,A648A0E7,10646,,,AA4358FB,
,,3,2025-05-27 20:44:37,-77,A648A0E7,10646,,,AA4358FB,
,,5,2025-05-27 20:44:37,-77,A648A0E7,10646,,,AA4358FB,
,,4,2025-05-27 20:44:37,-77,A648A0E7,10646,,,AA4358FB,
,,1,2025-05-27 20:44:37,-77,A648A0E7,10646,,,AA4358FB,
,,5,2025-05-27 20:44:38,-68,81D187E3,22890,,,AA4358FB,
,,3,2025-05-27 20:44:39,-65,367E0F4A,60047,,,AA4358FB,
,,4,2025-05-27 20:44:39,-65,367E0F4A,60047,,,AA4358FB,
,,5,2025-05-27 20:44:39,-65,367E0F4A,60047,,,AA4358FB,
,,3,2025-05-27 20:44:39,-66,81D187E3,8567,,,AA4358FB,
,,2,2025-05-27 20:44:39,-66,81D187E3,8567,,,AA4358FB,
,,4,2025-05-27 20:44:39,-66,81D187E3,8567,,,AA4358FB,
,,5,2025-05-27 20:44:39,-66,81D187E3,8567,,,AA4358FB,
,,2,2025-05-27 20:44:39,-71,0000006E,56557,,,AA4358FB,
,,3,2025-05-27 20:44:39,-71,0000006E,56557,,,AA4358FB,
,,4,2025-05-27 20:44:39,-71,0000006E,56557,,,AA4358FB,
,,5,2025-05-27 20:44:39,-71,0000006E,56557,,,AA4358FB,
,,1,2025-05-27 20:44:40,-77,D7510A57,4630,,,AA4358FB,
,,5,2025-05-27 20:44:41,-73,81D187E3,23025,,,AA4358FB,
,,4,2025-05-27 20:44:41,-73,81D187E3,23025,,,AA4358FB,
,,3,2025-05-27 20:44:41,-73,81D187E3,23025,,,AA4358FB,
,,2,2025-05-27 20:44:41,-73,81D187E3,23025,,,AA4358FB,
,,4,2025-05-27 20:44:42,-70,0000006E,51582,,,AA4358FB,
,,3,2025-05-27 20:44:42,-70,0000006E,51582,,,AA4358FB,
,,2,2025-05-27 20:44:42,-70,0000006E,51582,,,AA4358FB,
,,1,2025-05-27 20:44:43,-77,D7510A57,46831,,,AA4358FB,
,,4,2025-05-27 20:44:43,-77,D7510A57,46831,,,AA4358FB,
,,5,2025-05-27 20:44:43,-77,D7510A57,46831,,,AA4358FB,
,,2,2025-05-27 20:44:43,-77,D7510A57,46831,,,AA4358FB,
,,3,2025-05-27 20:44:43,-77,D7510A57,46831,,,AA4358FB,
,,5,2025-05-27 20:44:43,-73,81D187E3,489,,,AA4358FB,
,,3,2025-05-27 20:44:43,-73,81D187E3,489,,,AA4358FB,
,,4,2025-05-27 20:44:44,-71,81D187E3,45213,,,AA4358FB,
,,5,2025-05-27 20:44:44,-71,81D187E3,45213,,,AA4358FB,
,,3,2025-05-27 20:44:44,-71,81D187E3,45213,,,AA4358FB,
,,2,2025-05-27 20:44:44,-71,81D187E3,45213,,,AA4358FB,
,,5,2025-05-27 20:44:46,-77,D7510A57,27330,,,AA4358FB,
,,3,2025-05-27 20:44:48,-77,D7510A57,45258,,,AA4358FB,
,,1,2025-05-27 20:44:48,-77,D7510A57,45258,,,AA4358FB,
,,4,2025-05-27 20:44:48,-77,D7510A57,45258,,,AA4358FB,
,,2,2025-05-27 20:44:48,-77,D7510A57,45258,,,AA4358FB,
,,5,2025-05-27 20:44:48,-77,D7510A57,45258,,,AA4358FB,
,,1,2025-05-27 20:44:49,-77,59FE8D30,44308,,,AA4358FB,
,,4,2025-05-27 20:44:51,-67,0000006E,60005,,,AA4358FB,
,,5,2025-05-27 20:44:51,-67,0000006E,60005,,,AA4358FB,
,,2,2025-05-27 20:44:51,-67,0000006E,60005,,,AA4358FB,
,,3,2025-05-27 20:44:51,-67,0000006E,60005,,,AA4358FB,
,,5,2025-05-27 20:44:52,-68,81D187E3,63785,,,AA4358FB,
,,1,2025-05-27 20:44:52,-65,367E0F4A,46486,,,AA4358FB,
,,4,2025-05-27 20:44:52,-65,367E0F4A,46486,,,AA4358FB,
,,5,2025-05-27 20:44:52,-65,367E0F4A,46486,,,AA4358FB,
,,2,2025-05-27 20:44:52,-65,367E0F4A,46486,,,AA4358FB,
,,3,2025-05-27 20:44:52,-65,367E0F4A,46486,,,AA4358FB,
,,2,2025-05-27 20:44:54,-77,59FE8D30,56356,,,AA4358FB,
,,3,2025-05-27 20:44:54,-77,59FE8D30,56356,,,AA4358FB,
,,4,2025-05-27 20:44:54,-77,59FE8D30,56356,,,AA4358FB,
,,5,2025-05-27 20:44:54,-77,59FE8D30,56356,,,AA4358FB,
,,2,2025-05-27 20:44:54,-68,81D187E3,58719,,,AA4358FB,
,,3,2025-05-27 20:44:54,-68,81D187E3,58719,,,AA4358FB,
,,4,2025-05-27 20:44:54,-68,81D187E3,58719,,,AA4358FB,
,,5,2025-05-27 20:44:54,-68,81D187E3,58719,,,AA4358FB,
,,1,2025-05-27 20:44:54,-68,81D187E3,58719,,,AA4358FB,
,,3,2025-05-27 20:44:54,-82,B78FE24A,55337,,,AA4358FB,
,,5,2025-05-27 20:44:54,-70,13323C65,33639,,,AA4358FB,
,,4,2025-05-27 20:44:54,-70,367E0F4A,44975,,,AA4358FB,
,,1,2025-05-27 20:44:54,-70,367E0F4A,44975,,,AA4358FB,
,,5,2025-05-27 20:44:54,-70,367E0F4A,44975,,,AA4358FB,
,,2,2025-05-27 20:44:54,-70,367E0F4A,44975,,,AA4358FB,
,,3,2025-05-27 20:44:54,-70,367E0F4A,44975,,,AA4358FB,
,,5,2025-05-27 20:44:55,-78,870614B1,19730,,,AA4358FB,
,,2,2025-05-27 20:44:55,-78,870614B1,19730,,,AA4358FB,
,,3,2025-05-27 20:44:55,-78,870614B1,19730,,,AA4358FB,
,,1,2025-05-27 20:44:55,-78,870614B1,19730,,,AA4358FB,
,,4,2025-05-27 20:44:55,-78,870614B1,19730,,,AA4358FB,
,,3,2025-05-27 20:44:55,-78,A648A0E7,24609,,,AA4358FB,
,,5,2025-05-27 20:44:55,-78,A648A0E7,24609,,,AA4358FB,
,,1,2025-05-27 20:44:43,-67,367E0F4A,46983,,,7D769A01,
,,1,2025-05-27 20:44:47,-66,367E0F4A,26760,,,7D769A01,
,,1,2025-05-27 20:44:50,-84,19836CFF,35953,,,7D769A01,
,,2,2025-05-27 20:44:35,-79,E85FB74C,25057,,,520A3C5C,
,,4,2025-05-27 20:44:35,-79,E85FB74C,25057,,,520A3C5C,
,,3,2025-05-27 20:44:35,-79,E85FB74C,25057,,,520A3C5C,
,,4,2025-05-27 20:44:35,-68,D7510A57,65199,,,520A3C5C,
,,3,2025-05-27 20:44:35,-68,D7510A57,65199,,,520A3C5C,
,,1,2025-05-27 20:44:51,-76,81D187E3,63785,,,7D769A01,
,,2,2025-05-27 20:44:35,-68,D7510A57,65199,,,520A3C5C,
,,5,2025-05-27 20:44:35,-68,D7510A57,65199,,,520A3C5C,
,,2,2025-05-27 20:44:36,-75,367E0F4A,3373,,,520A3C5C,
,,5,2025-05-27 20:44:36,-75,367E0F4A,3373,,,520A3C5C,
,,3,2025-05-27 20:44:36,-75,367E0F4A,3373,,,520A3C5C,
,,4,2025-05-27 20:44:36,-74,A648A0E7,63424,,,520A3C5C,
,,2,2025-05-27 20:44:36,-74,A648A0E7,63424,,,520A3C5C,
,,5,2025-05-27 20:44:36,-74,A648A0E7,63424,,,520A3C5C,
,,3,2025-05-27 20:44:36,-74,A648A0E7,63424,,,520A3C5C,
,,1,2025-05-27 20:44:53,-74,81D187E3,58719,,,7D769A01,
,,2,2025-05-27 20:44:37,-76,A648A0E7,10646,,,520A3C5C,
,,3,2025-05-27 20:44:37,-77,E2A807D7,60529,,,520A3C5C,
,,2,2025-05-27 20:44:37,-77,E2A807D7,60529,,,520A3C5C,
,,5,2025-05-27 20:44:39,-74,0000006E,56557,,,520A3C5C,
,,1,2025-05-27 20:44:39,-74,0000006E,56557,,,520A3C5C,
,,3,2025-05-27 20:44:39,-74,0000006E,56557,,,520A3C5C,
,,2,2025-05-27 20:44:39,-74,0000006E,56557,,,520A3C5C,
,,4,2025-05-27 20:44:39,-74,0000006E,56557,,,520A3C5C,
,,1,2025-05-27 20:44:56,-67,367E0F4A,44317,,,7D769A01,
,,5,2025-05-27 20:44:42,-67,D7510A57,46831,,,520A3C5C,
,,3,2025-05-27 20:44:42,-67,D7510A57,46831,,,520A3C5C,
,,2,2025-05-27 20:44:42,-67,D7510A57,46831,,,520A3C5C,
,,4,2025-05-27 20:44:42,-67,D7510A57,46831,,,520A3C5C,
,,1,2025-05-27 20:44:57,-75,81D187E3,54149,,,7D769A01,
,,2,2025-05-27 20:44:43,-68,A648A0E7,60174,,,520A3C5C,
,,5,2025-05-27 20:44:43,-68,A648A0E7,60174,,,520A3C5C,
,,3,2025-05-27 20:44:43,-68,A648A0E7,60174,,,520A3C5C,
,,1,2025-05-27 20:44:57,-83,19836CFF,53701,,,7D769A01,
,,4,2025-05-27 20:44:45,-69,13323C65,26396,,,520A3C5C,
,,5,2025-05-27 20:44:45,-69,13323C65,26396,,,520A3C5C,
,,5,2025-05-27 20:44:45,-69,870614B1,24548,,,520A3C5C,
,,2,2025-05-27 20:44:45,-69,870614B1,24548,,,520A3C5C,
,,1,2025-05-27 20:44:45,-69,870614B1,24548,,,520A3C5C,
,,4,2025-05-27 20:44:45,-69,870614B1,24548,,,520A3C5C,
,,4,2025-05-27 20:44:46,-69,D7510A57,49666,,,520A3C5C,
,,3,2025-05-27 20:44:46,-69,D7510A57,49666,,,520A3C5C,
,,5,2025-05-27 20:44:46,-69,D7510A57,49666,,,520A3C5C,
,,2,2025-05-27 20:44:46,-69,D7510A57,49666,,,520A3C5C,
,,1,2025-05-27 20:44:46,-69,D7510A57,49666,,,520A3C5C,
,,5,2025-05-27 20:44:48,-79,E2A807D7,42749,,,520A3C5C,
,,1,2025-05-27 20:45:06,-73,13323C65,45610,,,7D769A01,
,,1,2025-05-27 20:44:44,-76,D7510A57,52061,,,B995250B,
,,3,2025-05-27 20:44:52,-70,D7510A57,37194,,,520A3C5C,
,,5,2025-05-27 20:44:52,-70,D7510A57,37194,,,520A3C5C,
,,2,2025-05-27 20:44:52,-70,D7510A57,37194,,,520A3C5C,
,,5,2025-05-27 20:44:53,-68,D7510A57,30401,,,520A3C5C,
,,2,2025-05-27 20:44:53,-68,D7510A57,30401,,,520A3C5C,
,,3,2025-05-27 20:44:53,-76,59FE8D30,56356,,,520A3C5C,
,,2,2025-05-27 20:44:53,-76,59FE8D30,56356,,,520A3C5C,
,,5,2025-05-27 20:44:53,-76,59FE8D30,56356,,,520A3C5C,
,,4,2025-05-27 20:44:53,-76,59FE8D30,56356,,,520A3C5C,
,,1,2025-05-27 20:44:54,-80,59FE8D30,56356,,,4D64B5B5,
,,4,2025-05-27 20:44:54,-80,59FE8D30,56356,,,4D64B5B5,
,,1,2025-05-27 20:44:54,-80,A648A0E7,25880,,,4D64B5B5,
,,2,2025-05-27 20:44:59,-68,13323C65,55234,,,520A3C5C,
,,3,2025-05-27 20:44:59,-68,13323C65,55234,,,520A3C5C,
,,5,2025-05-27 20:44:59,-68,13323C65,55234,,,520A3C5C,
,,5,2025-05-27 20:45:00,-69,13323C65,5670,,,520A3C5C,
,,2,2025-05-27 20:45:00,-71,D7510A57,34011,,,520A3C5C,
,,3,2025-05-27 20:45:00,-71,D7510A57,34011,,,520A3C5C,
,,5,2025-05-27 20:45:00,-71,D7510A57,34011,,,520A3C5C,
,,2,2025-05-27 20:45:01,-84,19836CFF,12751,,,520A3C5C,
,,1,2025-05-27 20:45:01,-71,367E0F4A,5931,,,520A3C5C,
,,3,2025-05-27 20:45:01,-71,367E0F4A,5931,,,520A3C5C,
,,4,2025-05-27 20:45:01,-71,367E0F4A,5931,,,520A3C5C,
,,2,2025-05-27 20:45:01,-71,367E0F4A,5931,,,520A3C5C,
,,1,2025-05-27 20:44:55,-80,D7510A57,6001,,,B995250B,
,,4,2025-05-27 20:44:55,-80,D7510A57,6001,,,B995250B,
,,1,2025-05-27 20:45:03,-75,A648A0E7,52082,,,4D64B5B5,
,,4,2025-05-27 20:45:03,-75,A648A0E7,52082,,,4D64B5B5,
,,1,2025-05-27 20:45:05,-73,81D187E3,28477,,,4D64B5B5,
,,4,2025-05-27 20:45:05,-73,81D187E3,28477,,,4D64B5B5,
,,4,2025-05-27 20:45:04,-83,59FE8D30,48383,,,B995250B,
,,1,2025-05-27 20:45:04,-83,59FE8D30,48383,,,B995250B,
,,4,2025-05-27 20:45:05,-70,D7510A57,63810,,,4D64B5B5,
,,4,2025-05-27 20:45:08,-72,367E0F4A,23208,,,4D64B5B5,
,,1,2025-05-27 20:45:09,-71,870614B1,11737,,,B995250B,
,,4,2025-05-27 20:45:09,-71,870614B1,11737,,,B995250B,
,,2,2025-05-27 20:44:56,-71,13323C65,27780,,,AA4358FB,
,,5,2025-05-27 20:44:56,-71,13323C65,27780,,,AA4358FB,
,,3,2025-05-27 20:44:56,-71,13323C65,27780,,,AA4358FB,
,,3,2025-05-27 20:44:57,-76,D7510A57,42711,,,AA4358FB,
,,5,2025-05-27 20:44:58,-62,367E0F4A,23422,,,AA4358FB,
,,3,2025-05-27 20:44:59,-69,13323C65,55234,,,AA4358FB,
,,5,2025-05-27 20:44:59,-69,13323C65,55234,,,AA4358FB,
,,1,2025-05-27 20:44:59,-69,13323C65,55234,,,AA4358FB,
,,2,2025-05-27 20:44:59,-69,13323C65,55234,,,AA4358FB,
,,4,2025-05-27 20:44:59,-69,13323C65,55234,,,AA4358FB,
,,5,2025-05-27 20:45:01,-72,81D187E3,36492,,,AA4358FB,
,,1,2025-05-27 20:45:01,-72,81D187E3,36492,,,AA4358FB,
,,2,2025-05-27 20:45:01,-72,81D187E3,36492,,,AA4358FB,
,,4,2025-05-27 20:45:01,-72,81D187E3,36492,,,AA4358FB,
,,3,2025-05-27 20:45:01,-72,81D187E3,36492,,,AA4358FB,
,,4,2025-05-27 20:45:02,-77,D7510A57,3518,,,AA4358FB,
,,3,2025-05-27 20:45:02,-77,D7510A57,3518,,,AA4358FB,
,,5,2025-05-27 20:45:02,-77,D7510A57,3518,,,AA4358FB,
,,1,2025-05-27 20:45:02,-77,D7510A57,3518,,,AA4358FB,
,,2,2025-05-27 20:45:02,-77,D7510A57,3518,,,AA4358FB,
,,5,2025-05-27 20:45:02,-72,59FE8D30,26153,,,AA4358FB,
,,3,2025-05-27 20:45:02,-73,81D187E3,17468,,,AA4358FB,
,,5,2025-05-27 20:45:02,-73,81D187E3,17468,,,AA4358FB,
,,2,2025-05-27 20:45:02,-73,81D187E3,17468,,,AA4358FB,
,,2,2025-05-27 20:45:03,-66,0000006E,37291,,,AA4358FB,
,,3,2025-05-27 20:45:03,-66,0000006E,37291,,,AA4358FB,
,,5,2025-05-27 20:45:03,-66,0000006E,37291,,,AA4358FB,
,,5,2025-05-27 20:45:04,-72,81D187E3,47022,,,AA4358FB,
,,2,2025-05-27 20:45:04,-72,81D187E3,47022,,,AA4358FB,
,,1,2025-05-27 20:45:04,-72,81D187E3,47022,,,AA4358FB,
,,3,2025-05-27 20:45:04,-72,81D187E3,47022,,,AA4358FB,
,,4,2025-05-27 20:45:04,-72,81D187E3,47022,,,AA4358FB,
,,3,2025-05-27 20:45:05,-72,367E0F4A,58756,,,AA4358FB,
,,4,2025-05-27 20:45:05,-72,367E0F4A,58756,,,AA4358FB,
,,5,2025-05-27 20:45:05,-72,367E0F4A,58756,,,AA4358FB,
,,1,2025-05-27 20:45:06,-65,367E0F4A,16972,,,AA4358FB,
,,5,2025-05-27 20:45:06,-65,367E0F4A,16972,,,AA4358FB,
,,2,2025-05-27 20:45:06,-65,367E0F4A,16972,,,AA4358FB,
,,3,2025-05-27 20:45:06,-65,367E0F4A,16972,,,AA4358FB,
,,4,2025-05-27 20:45:06,-65,367E0F4A,16972,,,AA4358FB,
,,5,2025-05-27 20:45:06,-64,0000006E,39049,,,AA4358FB,
,,5,2025-05-27 20:45:07,-77,D7510A57,7717,,,AA4358FB,
,,5,2025-05-27 20:45:09,-66,0000006E,10629,,,AA4358FB,
,,4,2025-05-27 20:45:09,-66,0000006E,10629,,,AA4358FB,
,,2,2025-05-27 20:45:09,-66,0000006E,10629,,,AA4358FB,
,,3,2025-05-27 20:45:09,-66,0000006E,10629,,,AA4358FB,
,,2,2025-05-27 20:45:10,-73,81D187E3,123,,,AA4358FB,
,,4,2025-05-27 20:45:10,-73,81D187E3,123,,,AA4358FB,
,,3,2025-05-27 20:45:10,-73,81D187E3,123,,,AA4358FB,
,,3,2025-05-27 20:45:11,-70,13323C65,3791,,,AA4358FB,
,,5,2025-05-27 20:45:11,-70,13323C65,3791,,,AA4358FB,
,,2,2025-05-27 20:45:11,-70,13323C65,3791,,,AA4358FB,
,,3,2025-05-27 20:45:12,-65,367E0F4A,30635,,,AA4358FB,
,,5,2025-05-27 20:45:12,-65,367E0F4A,30635,,,AA4358FB,
,,4,2025-05-27 20:45:12,-70,59FE8D30,28790,,,AA4358FB,
,,3,2025-05-27 20:45:12,-70,59FE8D30,28790,,,AA4358FB,
,,5,2025-05-27 20:45:12,-70,59FE8D30,28790,,,AA4358FB,
,,1,2025-05-27 20:45:12,-70,59FE8D30,28790,,,AA4358FB,
,,2,2025-05-27 20:45:12,-70,59FE8D30,28790,,,AA4358FB,
,,3,2025-05-27 20:45:13,-68,13323C65,59294,,,AA4358FB,
,,5,2025-05-27 20:45:13,-68,13323C65,59294,,,AA4358FB,
,,5,2025-05-27 20:45:13,-75,D7510A57,54145,,,AA4358FB,
,,4,2025-05-27 20:45:14,-77,E197FE3E,41405,,,AA4358FB,
,,3,2025-05-27 20:45:14,-77,E197FE3E,41405,,,AA4358FB,
,,5,2025-05-27 20:45:14,-77,E197FE3E,41405,,,AA4358FB,
,,1,2025-05-27 20:45:14,-77,E197FE3E,41405,,,AA4358FB,
,,2,2025-05-27 20:45:14,-77,E197FE3E,41405,,,AA4358FB,
,,3,2025-05-27 20:45:15,-70,0000006E,50015,,,AA4358FB,
,,2,2025-05-27 20:45:15,-70,0000006E,50015,,,AA4358FB,
,,5,2025-05-27 20:45:15,-70,0000006E,50015,,,AA4358FB,
,,4,2025-05-27 20:45:15,-70,0000006E,50015,,,AA4358FB,
,,4,2025-05-27 20:45:15,-68,81D187E3,56951,,,AA4358FB,
,,5,2025-05-27 20:45:15,-68,81D187E3,56951,,,AA4358FB,
,,2,2025-05-27 20:45:15,-68,81D187E3,56951,,,AA4358FB,
,,1,2025-05-27 20:45:15,-68,81D187E3,56951,,,AA4358FB,
,,3,2025-05-27 20:45:15,-68,81D187E3,56951,,,AA4358FB,
,,4,2025-05-27 20:44:58,-69,13323C65,57555,,,D46BA6A2,
,,3,2025-05-27 20:44:58,-69,13323C65,57555,,,D46BA6A2,
,,2,2025-05-27 20:44:58,-69,13323C65,57555,,,D46BA6A2,
,,3,2025-05-27 20:44:58,-72,367E0F4A,23422,,,D46BA6A2,
,,4,2025-05-27 20:44:58,-72,367E0F4A,23422,,,D46BA6A2,
,,3,2025-05-27 20:44:58,-65,59FE8D30,15925,,,D46BA6A2,
,,1,2025-05-27 20:44:58,-65,59FE8D30,15925,,,D46BA6A2,
,,4,2025-05-27 20:44:58,-65,59FE8D30,15925,,,D46BA6A2,
,,2,2025-05-27 20:44:58,-65,59FE8D30,15925,,,D46BA6A2,
,,4,2025-05-27 20:44:59,-68,13323C65,55234,,,D46BA6A2,
,,3,2025-05-27 20:44:59,-68,13323C65,55234,,,D46BA6A2,
,,2,2025-05-27 20:44:59,-68,13323C65,55234,,,D46BA6A2,
,,1,2025-05-27 20:44:59,-68,13323C65,55234,,,D46BA6A2,
,,1,2025-05-27 20:45:02,-79,13323C65,59721,,,D46BA6A2,
,,4,2025-05-27 20:45:02,-79,13323C65,59721,,,D46BA6A2,
,,3,2025-05-27 20:45:02,-80,81D187E3,42283,,,D46BA6A2,
,,5,2025-05-27 20:44:50,-74,13323C65,49743,,,7378B941,
,,4,2025-05-27 20:45:05,-69,13323C65,18523,,,D46BA6A2,
,,3,2025-05-27 20:45:05,-69,13323C65,18523,,,D46BA6A2,
,,1,2025-05-27 20:45:05,-69,13323C65,18523,,,D46BA6A2,
,,5,2025-05-27 20:44:52,-74,07F9389E,27315,,,7378B941,
,,3,2025-05-27 20:45:06,-72,A648A0E7,33663,,,D46BA6A2,
,,4,2025-05-27 20:45:06,-72,A648A0E7,33663,,,D46BA6A2,
,,1,2025-05-27 20:45:06,-72,A648A0E7,33663,,,D46BA6A2,
,,2,2025-05-27 20:45:06,-70,59FE8D30,22406,,,D46BA6A2,
,,4,2025-05-27 20:44:53,-76,59FE8D30,56356,,,7378B941,
,,5,2025-05-27 20:44:53,-76,59FE8D30,56356,,,7378B941,
,,3,2025-05-27 20:45:08,-71,A648A0E7,56869,,,D46BA6A2,
,,1,2025-05-27 20:45:08,-81,367E0F4A,23208,,,D46BA6A2,
,,4,2025-05-27 20:45:08,-81,367E0F4A,23208,,,D46BA6A2,
,,2,2025-05-27 20:45:08,-81,367E0F4A,23208,,,D46BA6A2,
,,5,2025-05-27 20:45:08,-81,367E0F4A,23208,,,D46BA6A2,
,,3,2025-05-27 20:45:08,-81,367E0F4A,23208,,,D46BA6A2,
,,1,2025-05-27 20:45:11,-66,59FE8D30,4079,,,D46BA6A2,
,,3,2025-05-27 20:45:11,-73,D7510A57,33789,,,D46BA6A2,
,,1,2025-05-27 20:45:11,-73,D7510A57,33789,,,D46BA6A2,
,,2,2025-05-27 20:45:11,-73,D7510A57,33789,,,D46BA6A2,
,,3,2025-05-27 20:45:11,-74,B78FE24A,30808,,,D46BA6A2,
,,1,2025-05-27 20:45:11,-74,B78FE24A,30808,,,D46BA6A2,
,,2,2025-05-27 20:45:11,-74,B78FE24A,30808,,,D46BA6A2,
,,5,2025-05-27 20:45:11,-74,B78FE24A,30808,,,D46BA6A2,
,,4,2025-05-27 20:45:11,-74,B78FE24A,30808,,,D46BA6A2,
,,5,2025-05-27 20:44:57,-84,D7510A57,57245,,,7378B941,
,,1,2025-05-27 20:45:12,-68,59FE8D30,28790,,,D46BA6A2,
,,1,2025-05-27 20:45:14,-72,D7510A57,14559,,,D46BA6A2,
,,5,2025-05-27 20:45:02,-74,07F9389E,17046,,,7378B941,
,,1,2025-05-27 20:45:15,-66,870614B1,16090,,,D46BA6A2,
,,1,2025-05-27 20:45:15,-71,D7510A57,31392,,,D46BA6A2,
,,4,2025-05-27 20:45:15,-71,D7510A57,31392,,,D46BA6A2,
,,3,2025-05-27 20:45:15,-71,D7510A57,31392,,,D46BA6A2,
,,5,2025-05-27 20:45:15,-71,D7510A57,31392,,,D46BA6A2,
,,2,2025-05-27 20:45:15,-71,D7510A57,31392,,,D46BA6A2,
,,1,2025-05-27 20:45:17,-71,A648A0E7,18526,,,D46BA6A2,
,,5,2025-05-27 20:45:15,-76,59FE8D30,9634,,,7378B941,
,,1,2025-05-27 20:45:15,-76,59FE8D30,9634,,,7378B941,
,,4,2025-05-27 20:45:15,-76,59FE8D30,9634,,,7378B941,
,,5,2025-05-27 20:45:17,-75,13323C65,44002,,,7378B941,
,,5,2025-05-27 20:44:57,-84,81D187E3,22765,,,9CC5DC79,
,,2,2025-05-27 20:44:57,-84,81D187E3,22765,,,9CC5DC79,
,,3,2025-05-27 20:44:57,-84,81D187E3,22765,,,9CC5DC79,
,,1,2025-05-27 20:44:59,-72,367E0F4A,11434,,,9CC5DC79,
,,4,2025-05-27 20:44:59,-72,367E0F4A,11434,,,9CC5DC79,
,,4,2025-05-27 20:45:04,-80,367E0F4A,58756,,,9CC5DC79,
,,3,2025-05-27 20:45:04,-80,367E0F4A,58756,,,9CC5DC79,
,,5,2025-05-27 20:45:04,-80,367E0F4A,58756,,,9CC5DC79,
,,1,2025-05-27 20:45:08,-76,81D187E3,33380,,,7D769A01,
,,1,2025-05-27 20:45:10,-69,D7510A57,59913,,,7D769A01,
,,2,2025-05-27 20:45:09,-80,D7510A57,23831,,,9CC5DC79,
,,5,2025-05-27 20:45:09,-80,D7510A57,23831,,,9CC5DC79,
,,4,2025-05-27 20:45:09,-80,D7510A57,23831,,,9CC5DC79,
,,3,2025-05-27 20:45:09,-80,D7510A57,23831,,,9CC5DC79,
,,1,2025-05-27 20:45:10,-73,59FE8D30,15508,,,7D769A01,
,,1,2025-05-27 20:45:11,-78,D7510A57,33789,,,9CC5DC79,
,,4,2025-05-27 20:45:11,-78,D7510A57,33789,,,9CC5DC79,
,,3,2025-05-27 20:45:11,-78,D7510A57,33789,,,9CC5DC79,
,,2,2025-05-27 20:45:11,-78,D7510A57,33789,,,9CC5DC79,
,,1,2025-05-27 20:45:11,-67,D7510A57,33789,,,7D769A01,
,,5,2025-05-27 20:45:12,-80,59FE8D30,28790,,,9CC5DC79,
,,4,2025-05-27 20:45:13,-79,E197FE3E,41405,,,9CC5DC79,
,,1,2025-05-27 20:45:12,-73,07F9389E,9326,,,7D769A01,
,,4,2025-05-27 20:45:14,-71,367E0F4A,53361,,,9CC5DC79,
,,5,2025-05-27 20:45:14,-71,367E0F4A,53361,,,9CC5DC79,
,,3,2025-05-27 20:45:14,-71,367E0F4A,53361,,,9CC5DC79,
,,2,2025-05-27 20:45:14,-71,367E0F4A,53361,,,9CC5DC79,
,,1,2025-05-27 20:45:17,-80,59FE8D30,43249,,,9CC5DC79,
,,4,2025-05-27 20:45:17,-82,D7510A57,12119,,,9CC5DC79,
,,1,2025-05-27 20:45:17,-82,D7510A57,12119,,,9CC5DC79,
,,2,2025-05-27 20:45:18,-83,59FE8D30,10830,,,9CC5DC79,
,,5,2025-05-27 20:45:18,-83,59FE8D30,10830,,,9CC5DC79,
,,1,2025-05-27 20:45:18,-83,59FE8D30,10830,,,9CC5DC79,
,,3,2025-05-27 20:45:18,-83,59FE8D30,10830,,,9CC5DC79,
,,4,2025-05-27 20:45:18,-83,59FE8D30,10830,,,9CC5DC79,
,,1,2025-05-27 20:45:15,-78,E2A807D7,40616,,,7D769A01,
,,1,2025-05-27 20:45:15,-68,59FE8D30,47205,,,7D769A01,
,,1,2025-05-27 20:45:18,-68,59FE8D30,10830,,,7D769A01,
,,1,2025-05-27 20:45:19,-69,D7510A57,11162,,,7D769A01,
,,1,2025-05-27 20:45:23,-83,19836CFF,46721,,,7D769A01,
,,1,2025-05-27 20:45:24,-77,B78FE24A,12855,,,7D769A01,
,,5,2025-05-27 20:45:01,-76,59FE8D30,26153,,,520A3C5C,
,,1,2025-05-27 20:45:03,-79,367E0F4A,33362,,,CB4A1EAE,
,,4,2025-05-27 20:45:03,-79,367E0F4A,33362,,,CB4A1EAE,
,,4,2025-05-27 20:45:04,-78,367E0F4A,58756,,,CB4A1EAE,
,,1,2025-05-27 20:45:05,-74,D7510A57,63810,,,CB4A1EAE,
,,4,2025-05-27 20:45:05,-74,D7510A57,63810,,,CB4A1EAE,
,,5,2025-05-27 20:45:04,-77,81D187E3,47022,,,520A3C5C,
,,5,2025-05-27 20:45:07,-74,D7510A57,13606,,,520A3C5C,
,,2,2025-05-27 20:45:07,-74,D7510A57,13606,,,520A3C5C,
,,3,2025-05-27 20:45:07,-74,D7510A57,13606,,,520A3C5C,
,,4,2025-05-27 20:45:07,-74,D7510A57,13606,,,520A3C5C,
,,5,2025-05-27 20:45:09,-74,13323C65,14855,,,520A3C5C,
,,1,2025-05-27 20:45:13,-81,13323C65,37731,,,CB4A1EAE,
,,4,2025-05-27 20:45:13,-81,13323C65,37731,,,CB4A1EAE,
,,1,2025-05-27 20:45:13,-83,D7510A57,36101,,,CB4A1EAE,
,,2,2025-05-27 20:45:09,-74,D7510A57,23831,,,520A3C5C,
,,3,2025-05-27 20:45:09,-74,D7510A57,23831,,,520A3C5C,
,,5,2025-05-27 20:45:09,-74,D7510A57,23831,,,520A3C5C,
,,4,2025-05-27 20:45:09,-74,D7510A57,23831,,,520A3C5C,
,,4,2025-05-27 20:45:16,-80,A648A0E7,60795,,,CB4A1EAE,
,,1,2025-05-27 20:45:16,-80,A648A0E7,60795,,,CB4A1EAE,
,,5,2025-05-27 20:45:12,-76,367E0F4A,4042,,,520A3C5C,
,,4,2025-05-27 20:45:12,-76,367E0F4A,4042,,,520A3C5C,
,,2,2025-05-27 20:45:12,-76,367E0F4A,4042,,,520A3C5C,
,,3,2025-05-27 20:45:12,-76,367E0F4A,4042,,,520A3C5C,
,,5,2025-05-27 20:45:12,-81,E2A807D7,31165,,,520A3C5C,
,,2,2025-05-27 20:45:14,-70,13323C65,63015,,,520A3C5C,
,,4,2025-05-27 20:45:14,-70,13323C65,63015,,,520A3C5C,
,,3,2025-05-27 20:45:14,-70,13323C65,63015,,,520A3C5C,
,,2,2025-05-27 20:45:14,-67,D7510A57,14559,,,520A3C5C,
,,1,2025-05-27 20:45:20,-84,A648A0E7,2535,,,CB4A1EAE,
,,2,2025-05-27 20:45:15,-67,13323C65,17043,,,520A3C5C,
,,5,2025-05-27 20:45:15,-67,13323C65,17043,,,520A3C5C,
,,3,2025-05-27 20:45:15,-67,13323C65,17043,,,520A3C5C,
,,4,2025-05-27 20:45:15,-67,13323C65,17043,,,520A3C5C,
,,4,2025-05-27 20:45:21,-78,367E0F4A,39314,,,CB4A1EAE,
,,3,2025-05-27 20:45:15,-69,D7510A57,31392,,,520A3C5C,
,,5,2025-05-27 20:45:15,-69,D7510A57,31392,,,520A3C5C,
,,4,2025-05-27 20:45:15,-69,D7510A57,31392,,,520A3C5C,
,,1,2025-05-27 20:45:15,-69,D7510A57,31392,,,520A3C5C,
,,2,2025-05-27 20:45:15,-69,D7510A57,31392,,,520A3C5C,
,,4,2025-05-27 20:45:22,-83,D7510A57,39159,,,CB4A1EAE,
,,1,2025-05-27 20:45:22,-83,D7510A57,39159,,,CB4A1EAE,
,,5,2025-05-27 20:45:15,-67,A648A0E7,47756,,,520A3C5C,
,,2,2025-05-27 20:45:15,-67,A648A0E7,47756,,,520A3C5C,
,,3,2025-05-27 20:45:16,-74,13323C65,19526,,,520A3C5C,
,,4,2025-05-27 20:45:16,-74,13323C65,19526,,,520A3C5C,
,,2,2025-05-27 20:45:16,-74,13323C65,19526,,,520A3C5C,
,,1,2025-05-27 20:45:24,-74,D7510A57,49048,,,CB4A1EAE,
,,4,2025-05-27 20:45:24,-74,D7510A57,49048,,,CB4A1EAE,
,,3,2025-05-27 20:45:17,-73,A648A0E7,18526,,,520A3C5C,
,,4,2025-05-27 20:45:17,-73,A648A0E7,18526,,,520A3C5C,
,,2,2025-05-27 20:45:17,-73,A648A0E7,18526,,,520A3C5C,
,,1,2025-05-27 20:45:26,-81,59FE8D30,14059,,,CB4A1EAE,
,,5,2025-05-27 20:45:19,-70,13323C65,49220,,,520A3C5C,
,,2,2025-05-27 20:45:19,-70,13323C65,49220,,,520A3C5C,
,,4,2025-05-27 20:45:19,-70,13323C65,49220,,,520A3C5C,
,,3,2025-05-27 20:45:19,-70,13323C65,49220,,,520A3C5C,
,,5,2025-05-27 20:45:19,-67,A648A0E7,32812,,,520A3C5C,
,,3,2025-05-27 20:45:20,-72,367E0F4A,39314,,,520A3C5C,
,,2,2025-05-27 20:45:20,-72,367E0F4A,39314,,,520A3C5C,
,,3,2025-05-27 20:45:21,-74,0000006E,49514,,,520A3C5C,
,,2,2025-05-27 20:45:21,-74,0000006E,49514,,,520A3C5C,
,,5,2025-05-27 20:45:21,-74,0000006E,49514,,,520A3C5C,
,,5,2025-05-27 20:45:21,-65,870614B1,7116,,,520A3C5C,
,,3,2025-05-27 20:45:22,-76,81D187E3,42803,,,520A3C5C,
,,2,2025-05-27 20:45:22,-76,81D187E3,42803,,,520A3C5C,
,,5,2025-05-27 20:45:22,-76,81D187E3,42803,,,520A3C5C,
,,4,2025-05-27 20:45:22,-76,81D187E3,42803,,,520A3C5C,
,,4,2025-05-27 20:45:22,-65,D7510A57,39159,,,520A3C5C,
,,5,2025-05-27 20:45:22,-65,D7510A57,39159,,,520A3C5C,
,,4,2025-05-27 20:45:24,-74,0000006E,49583,,,520A3C5C,
,,3,2025-05-27 20:45:24,-74,0000006E,49583,,,520A3C5C,
,,5,2025-05-27 20:45:24,-74,0000006E,49583,,,520A3C5C,
,,2,2025-05-27 20:45:24,-74,0000006E,49583,,,520A3C5C,
,,3,2025-05-27 20:45:24,-81,A648A0E7,46135,,,520A3C5C,
,,2,2025-05-27 20:45:24,-81,A648A0E7,46135,,,520A3C5C,
,,4,2025-05-27 20:45:26,-76,81D187E3,3368,,,520A3C5C,
,,2,2025-05-27 20:45:26,-76,81D187E3,3368,,,520A3C5C,
,,3,2025-05-27 20:45:26,-76,81D187E3,3368,,,520A3C5C,
,,5,2025-05-27 20:45:26,-76,81D187E3,3368,,,520A3C5C,
,,1,2025-05-27 20:45:26,-76,81D187E3,3368,,,520A3C5C,
,,4,2025-05-27 20:45:28,-71,59FE8D30,14780,,,520A3C5C,
,,5,2025-05-27 20:45:28,-71,59FE8D30,14780,,,520A3C5C,
,,4,2025-05-27 20:45:29,-84,19836CFF,46261,,,520A3C5C,
,,1,2025-05-27 20:45:12,-72,D7510A57,54145,,,4D64B5B5,
,,4,2025-05-27 20:45:17,-75,A648A0E7,18526,,,4D64B5B5,
,,1,2025-05-27 20:45:18,-76,870614B1,64681,,,4D64B5B5,
,,4,2025-05-27 20:45:18,-76,870614B1,64681,,,4D64B5B5,
,,4,2025-05-27 20:45:21,-75,A648A0E7,50175,,,4D64B5B5,
,,1,2025-05-27 20:45:27,-71,D7510A57,39928,,,4D64B5B5,
,,4,2025-05-27 20:45:27,-71,D7510A57,39928,,,4D64B5B5,
,,1,2025-05-27 20:45:32,-75,A648A0E7,21758,,,4D64B5B5,
,,1,2025-05-27 20:45:14,-78,59FE8D30,17492,,,B995250B,
,,3,2025-05-27 20:45:17,-76,0000006E,18494,,,D46BA6A2,
,,2,2025-05-27 20:45:20,-71,A648A0E7,2535,,,D46BA6A2,
,,4,2025-05-27 20:45:20,-71,A648A0E7,2535,,,D46BA6A2,
,,1,2025-05-27 20:45:20,-71,A648A0E7,2535,,,D46BA6A2,
,,3,2025-05-27 20:45:20,-71,A648A0E7,2535,,,D46BA6A2,
,,1,2025-05-27 20:45:21,-71,A648A0E7,50175,,,D46BA6A2,
,,1,2025-05-27 20:45:22,-69,59FE8D30,54926,,,D46BA6A2,
,,1,2025-05-27 20:45:27,-77,367E0F4A,51850,,,B995250B,
,,4,2025-05-27 20:45:27,-77,367E0F4A,51850,,,B995250B,
,,3,2025-05-27 20:45:25,-66,59FE8D30,46050,,,D46BA6A2,
,,1,2025-05-27 20:45:26,-66,D7510A57,65127,,,D46BA6A2,
,,1,2025-05-27 20:45:26,-69,0000006E,56088,,,D46BA6A2,
,,1,2025-05-27 20:45:27,-76,B78FE24A,48439,,,D46BA6A2,
,,1,2025-05-27 20:45:27,-72,07F9389E,50637,,,D46BA6A2,
,,3,2025-05-27 20:45:30,-78,B78FE24A,14797,,,D46BA6A2,
,,1,2025-05-27 20:45:30,-78,B78FE24A,14797,,,D46BA6A2,
,,1,2025-05-27 20:45:36,-81,A648A0E7,17981,,,B995250B,
,,4,2025-05-27 20:45:36,-81,A648A0E7,17981,,,B995250B,
,,4,2025-05-27 20:45:30,-70,367E0F4A,33602,,,D46BA6A2,
,,1,2025-05-27 20:45:30,-70,367E0F4A,33602,,,D46BA6A2,
,,3,2025-05-27 20:45:31,-71,59FE8D30,17586,,,D46BA6A2,
,,3,2025-05-27 20:45:16,-71,367E0F4A,55778,,,AA4358FB,
,,1,2025-05-27 20:45:16,-71,367E0F4A,55778,,,AA4358FB,
,,5,2025-05-27 20:45:16,-71,367E0F4A,55778,,,AA4358FB,
,,4,2025-05-27 20:45:16,-71,367E0F4A,55778,,,AA4358FB,
,,2,2025-05-27 20:45:16,-71,367E0F4A,55778,,,AA4358FB,
,,5,2025-05-27 20:45:21,-75,59FE8D30,8955,,,AA4358FB,
,,2,2025-05-27 20:45:21,-75,59FE8D30,8955,,,AA4358FB,
,,3,2025-05-27 20:45:21,-75,59FE8D30,8955,,,AA4358FB,
,,4,2025-05-27 20:45:21,-75,59FE8D30,8955,,,AA4358FB,
,,3,2025-05-27 20:45:21,-76,A648A0E7,2535,,,AA4358FB,
,,4,2025-05-27 20:45:21,-76,A648A0E7,2535,,,AA4358FB,
,,2,2025-05-27 20:45:21,-76,A648A0E7,2535,,,AA4358FB,
,,1,2025-05-27 20:45:35,-80,A648A0E7,17981,,,D46BA6A2,
,,5,2025-05-27 20:45:35,-80,A648A0E7,17981,,,D46BA6A2,
,,3,2025-05-27 20:45:22,-70,13323C65,13134,,,AA4358FB,
,,4,2025-05-27 20:45:22,-70,13323C65,13134,,,AA4358FB,
,,5,2025-05-27 20:45:22,-70,13323C65,13134,,,AA4358FB,
,,2,2025-05-27 20:45:22,-70,13323C65,13134,,,AA4358FB,
,,2,2025-05-27 20:45:22,-75,A648A0E7,50175,,,AA4358FB,
,,3,2025-05-27 20:45:22,-75,A648A0E7,50175,,,AA4358FB,
,,4,2025-05-27 20:45:22,-75,A648A0E7,50175,,,AA4358FB,
,,5,2025-05-27 20:45:22,-75,A648A0E7,50175,,,AA4358FB,
,,5,2025-05-27 20:45:24,-69,367E0F4A,21827,,,AA4358FB,
,,5,2025-05-27 20:45:39,-71,59FE8D30,14262,,,D46BA6A2,
,,4,2025-05-27 20:45:39,-71,59FE8D30,14262,,,D46BA6A2,
,,1,2025-05-27 20:45:39,-71,59FE8D30,14262,,,D46BA6A2,
,,4,2025-05-27 20:45:26,-76,D7510A57,63071,,,AA4358FB,
,,2,2025-05-27 20:45:26,-76,D7510A57,63071,,,AA4358FB,
,,5,2025-05-27 20:45:26,-76,D7510A57,63071,,,AA4358FB,
,,3,2025-05-27 20:45:26,-76,D7510A57,63071,,,AA4358FB,
,,5,2025-05-27 20:45:28,-79,E2A807D7,15405,,,AA4358FB,
,,2,2025-05-27 20:45:28,-79,E2A807D7,15405,,,AA4358FB,
,,1,2025-05-27 20:45:30,-74,81D187E3,54701,,,7D769A01,
,,1,2025-05-27 20:45:31,-72,13323C65,55960,,,7D769A01,
,,5,2025-05-27 20:45:30,-65,367E0F4A,47488,,,AA4358FB,
,,2,2025-05-27 20:45:30,-65,367E0F4A,47488,,,AA4358FB,
,,1,2025-05-27 20:45:32,-73,D7510A57,64868,,,7D769A01,
,,1,2025-05-27 20:45:32,-72,13323C65,12863,,,7D769A01,
,,5,2025-05-27 20:45:30,-70,0000006E,9441,,,AA4358FB,
,,1,2025-05-27 20:45:33,-75,D7510A57,13370,,,7D769A01,
,,5,2025-05-27 20:45:34,-76,D7510A57,13370,,,AA4358FB,
,,5,2025-05-27 20:45:34,-65,367E0F4A,50485,,,AA4358FB,
,,1,2025-05-27 20:45:35,-77,B78FE24A,21363,,,7D769A01,
,,1,2025-05-27 20:45:37,-72,07F9389E,59634,,,7D769A01,
,,4,2025-05-27 20:45:37,-72,07F9389E,59634,,,7D769A01,
,,2,2025-05-27 20:45:35,-69,13323C65,25276,,,AA4358FB,
,,3,2025-05-27 20:45:35,-69,13323C65,25276,,,AA4358FB,
,,5,2025-05-27 20:45:35,-69,13323C65,25276,,,AA4358FB,
,,4,2025-05-27 20:45:35,-69,13323C65,25276,,,AA4358FB,
,,1,2025-05-27 20:45:35,-69,13323C65,25276,,,AA4358FB,
,,2,2025-05-27 20:45:35,-66,367E0F4A,736,,,AA4358FB,
,,5,2025-05-27 20:45:35,-66,367E0F4A,736,,,AA4358FB,
,,3,2025-05-27 20:45:35,-66,367E0F4A,736,,,AA4358FB,
,,1,2025-05-27 20:45:35,-66,367E0F4A,736,,,AA4358FB,
,,4,2025-05-27 20:45:35,-66,367E0F4A,736,,,AA4358FB,
,,4,2025-05-27 20:45:36,-75,D7510A57,11,,,AA4358FB,
,,2,2025-05-27 20:45:36,-75,D7510A57,11,,,AA4358FB,
,,3,2025-05-27 20:45:36,-75,D7510A57,11,,,AA4358FB,
,,5,2025-05-27 20:45:36,-75,D7510A57,11,,,AA4358FB,
,,5,2025-05-27 20:45:36,-68,0000006E,61724,,,AA4358FB,
,,3,2025-05-27 20:45:36,-68,0000006E,61724,,,AA4358FB,
,,4,2025-05-27 20:45:36,-68,0000006E,61724,,,AA4358FB,
,,1,2025-05-27 20:45:38,-80,13323C65,65322,,,7D769A01,
,,1,2025-05-27 20:45:39,-72,13323C65,64783,,,7D769A01,
,,4,2025-05-27 20:45:38,-70,59FE8D30,40163,,,AA4358FB,
,,2,2025-05-27 20:45:38,-70,59FE8D30,40163,,,AA4358FB,
,,5,2025-05-27 20:45:38,-70,59FE8D30,40163,,,AA4358FB,
,,1,2025-05-27 20:45:38,-70,59FE8D30,40163,,,AA4358FB,
,,3,2025-05-27 20:45:38,-70,59FE8D30,40163,,,AA4358FB,
,,4,2025-05-27 20:45:39,-68,13323C65,65322,,,AA4358FB,
,,3,2025-05-27 20:45:39,-68,13323C65,65322,,,AA4358FB,
,,2,2025-05-27 20:45:39,-68,13323C65,65322,,,AA4358FB,
,,5,2025-05-27 20:45:39,-68,13323C65,65322,,,AA4358FB,
,,4,2025-05-27 20:45:23,-80,D7510A57,56783,,,9CC5DC79,
,,5,2025-05-27 20:45:26,-82,59FE8D30,14059,,,9CC5DC79,
,,5,2025-05-27 20:45:30,-72,13323C65,18304,,,9CC5DC79,
,,1,2025-05-27 20:45:32,-71,367E0F4A,44403,,,9CC5DC79,
,,4,2025-05-27 20:45:32,-71,367E0F4A,44403,,,9CC5DC79,
,,1,2025-05-27 20:45:34,-75,A648A0E7,47722,,,9CC5DC79,
,,3,2025-05-27 20:45:34,-75,A648A0E7,47722,,,9CC5DC79,
,,4,2025-05-27 20:45:36,-71,870614B1,21655,,,9CC5DC79,
,,3,2025-05-27 20:45:36,-71,870614B1,21655,,,9CC5DC79,
,,5,2025-05-27 20:45:36,-71,870614B1,21655,,,9CC5DC79,
,,2,2025-05-27 20:45:36,-71,870614B1,21655,,,9CC5DC79,
,,1,2025-05-27 20:45:38,-75,D7510A57,36261,,,9CC5DC79,
,,5,2025-05-27 20:45:38,-75,D7510A57,36261,,,9CC5DC79,
,,1,2025-05-27 20:45:41,-81,59FE8D30,32605,,,9CC5DC79,
,,4,2025-05-27 20:45:44,-79,A648A0E7,32028,,,9CC5DC79,
,,1,2025-05-27 20:45:44,-79,A648A0E7,32028,,,9CC5DC79,
,,5,2025-05-27 20:45:44,-79,A648A0E7,32028,,,9CC5DC79,
,,2,2025-05-27 20:45:44,-79,A648A0E7,32028,,,9CC5DC79,
,,1,2025-05-27 20:45:44,-82,13323C65,56075,,,9CC5DC79,
,,5,2025-05-27 20:45:44,-82,13323C65,56075,,,9CC5DC79,
,,1,2025-05-27 20:45:44,-72,367E0F4A,1172,,,9CC5DC79,
,,5,2025-05-27 20:45:45,-79,D7510A57,20736,,,9CC5DC79,
,,4,2025-05-27 20:45:45,-79,D7510A57,20736,,,9CC5DC79,
,,1,2025-05-27 20:45:45,-79,D7510A57,20736,,,9CC5DC79,
,,5,2025-05-27 20:45:24,-76,A648A0E7,46135,,,7378B941,
,,4,2025-05-27 20:45:24,-76,A648A0E7,46135,,,7378B941,
,,1,2025-05-27 20:45:24,-76,A648A0E7,46135,,,7378B941,
,,1,2025-05-27 20:45:26,-77,59FE8D30,14059,,,7378B941,
,,5,2025-05-27 20:45:34,-82,E197FE3E,38312,,,7378B941,
,,5,2025-05-27 20:45:43,-76,13323C65,56075,,,7378B941,
,,5,2025-05-27 20:45:44,-81,0000006E,23065,,,7378B941,
,,1,2025-05-27 20:45:45,-75,D7510A57,20736,,,7378B941,
,,5,2025-05-27 20:45:45,-75,D7510A57,20736,,,7378B941,
,,1,2025-05-27 20:45:38,-78,59FE8D30,40163,,,4D64B5B5,
,,1,2025-05-27 20:45:48,-76,13323C65,58141,,,4D64B5B5,
,,4,2025-05-27 20:45:48,-76,13323C65,58141,,,4D64B5B5,
,,1,2025-05-27 20:45:50,-78,59FE8D30,11233,,,4D64B5B5,
,,4,2025-05-27 20:45:50,-78,59FE8D30,11233,,,4D64B5B5,
,,4,2025-05-27 20:45:51,-71,D7510A57,45879,,,4D64B5B5,
,,1,2025-05-27 20:45:51,-76,870614B1,33249,,,4D64B5B5,
,,1,2025-05-27 20:45:54,-78,59FE8D30,32143,,,4D64B5B5,
,,4,2025-05-27 20:45:54,-78,59FE8D30,32143,,,4D64B5B5,
,,5,2025-05-27 20:45:29,-67,A648A0E7,5978,,,520A3C5C,
,,3,2025-05-27 20:45:43,-70,D7510A57,6550,,,D46BA6A2,
,,4,2025-05-27 20:45:31,-70,13323C65,55960,,,520A3C5C,
,,2,2025-05-27 20:45:31,-70,13323C65,55960,,,520A3C5C,
,,1,2025-05-27 20:45:31,-70,13323C65,55960,,,520A3C5C,
,,1,2025-05-27 20:45:37,-85,81D187E3,57370,,,CB4A1EAE,
,,2,2025-05-27 20:45:34,-74,A648A0E7,47722,,,520A3C5C,
,,5,2025-05-27 20:45:34,-74,A648A0E7,47722,,,520A3C5C,
,,3,2025-05-27 20:45:35,-66,D7510A57,11,,,520A3C5C,
,,4,2025-05-27 20:45:35,-66,D7510A57,11,,,520A3C5C,
,,2,2025-05-27 20:45:35,-66,D7510A57,11,,,520A3C5C,
,,5,2025-05-27 20:45:35,-66,D7510A57,11,,,520A3C5C,
,,1,2025-05-27 20:45:43,-75,E2A807D7,34440,,,D46BA6A2,
,,3,2025-05-27 20:45:37,-71,13323C65,35226,,,520A3C5C,
,,3,2025-05-27 20:45:44,-74,D7510A57,29553,,,D46BA6A2,
,,1,2025-05-27 20:45:44,-74,D7510A57,29553,,,D46BA6A2,
,,4,2025-05-27 20:45:44,-74,D7510A57,29553,,,D46BA6A2,
,,2,2025-05-27 20:45:39,-69,D7510A57,32089,,,520A3C5C,
,,3,2025-05-27 20:45:49,-78,B78FE24A,20495,,,D46BA6A2,
,,3,2025-05-27 20:45:39,-73,23D9727E,4085,,,520A3C5C,
,,2,2025-05-27 20:45:39,-73,23D9727E,4085,,,520A3C5C,
,,5,2025-05-27 20:45:39,-73,23D9727E,4085,,,520A3C5C,
,,1,2025-05-27 20:45:43,-83,13323C65,30787,,,CB4A1EAE,
,,4,2025-05-27 20:45:43,-83,13323C65,30787,,,CB4A1EAE,
,,4,2025-05-27 20:45:40,-76,81D187E3,27259,,,520A3C5C,
,,5,2025-05-27 20:45:40,-76,81D187E3,27259,,,520A3C5C,
,,3,2025-05-27 20:45:40,-76,81D187E3,27259,,,520A3C5C,
,,2,2025-05-27 20:45:40,-76,81D187E3,27259,,,520A3C5C,
,,3,2025-05-27 20:45:42,-68,870614B1,27666,,,520A3C5C,
,,2,2025-05-27 20:45:42,-68,870614B1,27666,,,520A3C5C,
,,3,2025-05-27 20:45:51,-80,A648A0E7,32602,,,D46BA6A2,
,,2,2025-05-27 20:45:51,-80,A648A0E7,32602,,,D46BA6A2,
,,1,2025-05-27 20:45:51,-80,A648A0E7,32602,,,D46BA6A2,
,,5,2025-05-27 20:45:51,-80,A648A0E7,32602,,,D46BA6A2,
,,4,2025-05-27 20:45:51,-80,A648A0E7,32602,,,D46BA6A2,
,,3,2025-05-27 20:45:52,-75,D7510A57,45346,,,D46BA6A2,
,,2,2025-05-27 20:45:52,-75,D7510A57,45346,,,D46BA6A2,
,,5,2025-05-27 20:45:44,-76,59FE8D30,33764,,,520A3C5C,
,,2,2025-05-27 20:45:45,-73,367E0F4A,47700,,,520A3C5C,
,,3,2025-05-27 20:45:45,-73,367E0F4A,47700,,,520A3C5C,
,,5,2025-05-27 20:45:45,-73,367E0F4A,47700,,,520A3C5C,
,,4,2025-05-27 20:45:45,-73,367E0F4A,47700,,,520A3C5C,
,,2,2025-05-27 20:45:53,-67,0000006E,31283,,,D46BA6A2,
,,3,2025-05-27 20:45:46,-79,E2A807D7,40540,,,520A3C5C,
,,5,2025-05-27 20:45:46,-79,E2A807D7,40540,,,520A3C5C,
,,2,2025-05-27 20:45:46,-79,E2A807D7,40540,,,520A3C5C,
,,4,2025-05-27 20:45:46,-79,E2A807D7,40540,,,520A3C5C,
,,2,2025-05-27 20:45:47,-73,07F9389E,45429,,,520A3C5C,
,,4,2025-05-27 20:45:47,-73,07F9389E,45429,,,520A3C5C,
,,1,2025-05-27 20:45:54,-78,B78FE24A,2483,,,D46BA6A2,
,,3,2025-05-27 20:45:54,-78,B78FE24A,2483,,,D46BA6A2,
,,4,2025-05-27 20:45:54,-78,B78FE24A,2483,,,D46BA6A2,
,,3,2025-05-27 20:45:48,-74,13323C65,58141,,,520A3C5C,
,,2,2025-05-27 20:45:48,-74,13323C65,58141,,,520A3C5C,
,,4,2025-05-27 20:45:48,-74,13323C65,58141,,,520A3C5C,
,,5,2025-05-27 20:45:48,-74,13323C65,58141,,,520A3C5C,
,,1,2025-05-27 20:45:54,-78,A648A0E7,7171,,,D46BA6A2,
,,4,2025-05-27 20:45:55,-77,13323C65,53751,,,D46BA6A2,
,,1,2025-05-27 20:45:55,-77,13323C65,53751,,,D46BA6A2,
,,4,2025-05-27 20:45:48,-71,D7510A57,4912,,,520A3C5C,
,,5,2025-05-27 20:45:48,-71,D7510A57,4912,,,520A3C5C,
,,1,2025-05-27 20:45:54,-79,A648A0E7,39920,,,CB4A1EAE,
,,4,2025-05-27 20:45:54,-79,A648A0E7,39920,,,CB4A1EAE,
,,2,2025-05-27 20:45:50,-75,367E0F4A,6922,,,520A3C5C,
,,3,2025-05-27 20:45:50,-75,367E0F4A,6922,,,520A3C5C,
,,5,2025-05-27 20:45:51,-75,59FE8D30,51404,,,520A3C5C,
,,4,2025-05-27 20:45:54,-79,59FE8D30,32143,,,CB4A1EAE,
,,1,2025-05-27 20:45:54,-79,59FE8D30,32143,,,CB4A1EAE,
,,5,2025-05-27 20:45:51,-70,D7510A57,45879,,,520A3C5C,
,,2,2025-05-27 20:45:51,-70,D7510A57,45879,,,520A3C5C,
,,3,2025-05-27 20:45:51,-70,D7510A57,45879,,,520A3C5C,
,,4,2025-05-27 20:45:51,-70,D7510A57,45879,,,520A3C5C,
,,4,2025-05-27 20:45:57,-79,367E0F4A,22731,,,CB4A1EAE,
,,1,2025-05-27 20:45:57,-79,367E0F4A,22731,,,CB4A1EAE,
,,4,2025-05-27 20:45:58,-79,A648A0E7,34931,,,CB4A1EAE,
,,1,2025-05-27 20:45:58,-79,A648A0E7,34931,,,CB4A1EAE,
,,2,2025-05-27 20:45:52,-81,A648A0E7,32602,,,520A3C5C,
,,5,2025-05-27 20:45:52,-81,A648A0E7,32602,,,520A3C5C,
,,3,2025-05-27 20:45:52,-81,A648A0E7,32602,,,520A3C5C,
,,4,2025-05-27 20:45:52,-81,A648A0E7,32602,,,520A3C5C,
,,2,2025-05-27 20:45:52,-67,D7510A57,45346,,,520A3C5C,
,,3,2025-05-27 20:45:52,-67,D7510A57,45346,,,520A3C5C,
,,4,2025-05-27 20:45:59,-80,59FE8D30,49126,,,CB4A1EAE,
,,5,2025-05-27 20:45:54,-65,870614B1,10118,,,520A3C5C,
,,1,2025-05-27 20:45:59,-69,13323C65,9875,,,D46BA6A2,
,,5,2025-05-27 20:45:54,-76,59FE8D30,32143,,,520A3C5C,
,,4,2025-05-27 20:45:59,-72,367E0F4A,1368,,,D46BA6A2,
,,2,2025-05-27 20:45:59,-72,367E0F4A,1368,,,D46BA6A2,
,,1,2025-05-27 20:45:59,-72,367E0F4A,1368,,,D46BA6A2,
,,3,2025-05-27 20:45:59,-72,367E0F4A,1368,,,D46BA6A2,
,,2,2025-05-27 20:45:55,-83,B78FE24A,2483,,,520A3C5C,
,,3,2025-05-27 20:45:55,-83,B78FE24A,2483,,,520A3C5C,
,,1,2025-05-27 20:45:59,-76,B78FE24A,60073,,,D46BA6A2,
,,3,2025-05-27 20:45:55,-67,A648A0E7,7171,,,520A3C5C,
,,5,2025-05-27 20:45:55,-67,A648A0E7,7171,,,520A3C5C,
,,5,2025-05-27 20:45:59,-68,0000006E,39545,,,D46BA6A2,
,,1,2025-05-27 20:45:59,-68,0000006E,39545,,,D46BA6A2,
,,1,2025-05-27 20:46:00,-68,59FE8D30,6038,,,D46BA6A2,
,,3,2025-05-27 20:46:00,-68,59FE8D30,6038,,,D46BA6A2,
,,4,2025-05-27 20:46:00,-68,59FE8D30,6038,,,D46BA6A2,
,,3,2025-05-27 20:45:56,-67,A648A0E7,29137,,,520A3C5C,
,,5,2025-05-27 20:45:56,-67,A648A0E7,29137,,,520A3C5C,
,,4,2025-05-27 20:45:56,-67,A648A0E7,29137,,,520A3C5C,
,,2,2025-05-27 20:45:56,-67,A648A0E7,29137,,,520A3C5C,
,,5,2025-05-27 20:45:56,-75,81D187E3,9495,,,520A3C5C,
,,3,2025-05-27 20:45:56,-75,81D187E3,9495,,,520A3C5C,
,,4,2025-05-27 20:45:56,-75,81D187E3,9495,,,520A3C5C,
,,2,2025-05-27 20:45:56,-75,81D187E3,9495,,,520A3C5C,
,,1,2025-05-27 20:45:46,-76,E2A807D7,40540,,,7D769A01,
,,1,2025-05-27 20:45:47,-68,D7510A57,39207,,,7D769A01,
,,1,2025-05-27 20:45:50,-74,A648A0E7,15557,,,7D769A01,
,,1,2025-05-27 20:45:53,-65,367E0F4A,59750,,,7D769A01,
,,1,2025-05-27 20:45:54,-65,367E0F4A,2372,,,7D769A01,
,,1,2025-05-27 20:45:54,-69,D7510A57,11480,,,7D769A01,
,,1,2025-05-27 20:45:57,-69,D7510A57,13356,,,7D769A01,
,,1,2025-05-27 20:45:58,-67,367E0F4A,32943,,,7D769A01,
,,1,2025-05-27 20:45:58,-69,D7510A57,16806,,,7D769A01,
,,5,2025-05-27 20:45:40,-68,13323C65,64783,,,AA4358FB,
,,4,2025-05-27 20:45:41,-68,81D187E3,17605,,,AA4358FB,
,,3,2025-05-27 20:45:41,-68,81D187E3,17605,,,AA4358FB,
,,5,2025-05-27 20:45:41,-68,81D187E3,17605,,,AA4358FB,
,,2,2025-05-27 20:45:41,-68,81D187E3,17605,,,AA4358FB,
,,5,2025-05-27 20:45:42,-65,367E0F4A,52460,,,AA4358FB,
,,5,2025-05-27 20:45:43,-75,A648A0E7,56829,,,AA4358FB,
,,2,2025-05-27 20:45:43,-75,A648A0E7,56829,,,AA4358FB,
,,3,2025-05-27 20:45:43,-75,A648A0E7,56829,,,AA4358FB,
,,5,2025-05-27 20:45:45,-65,367E0F4A,47700,,,AA4358FB,
,,2,2025-05-27 20:45:45,-65,367E0F4A,47700,,,AA4358FB,
,,1,2025-05-27 20:45:45,-65,367E0F4A,47700,,,AA4358FB,
,,4,2025-05-27 20:45:45,-65,367E0F4A,47700,,,AA4358FB,
,,3,2025-05-27 20:45:45,-65,367E0F4A,47700,,,AA4358FB,
,,5,2025-05-27 20:45:48,-79,59FE8D30,56779,,,AA4358FB,
,,5,2025-05-27 20:45:52,-76,870614B1,33249,,,AA4358FB,
,,5,2025-05-27 20:45:52,-78,E197FE3E,37981,,,AA4358FB,
,,2,2025-05-27 20:45:52,-78,E197FE3E,37981,,,AA4358FB,
,,1,2025-05-27 20:45:52,-78,E197FE3E,37981,,,AA4358FB,
,,4,2025-05-27 20:45:52,-78,E197FE3E,37981,,,AA4358FB,
,,3,2025-05-27 20:45:52,-78,E197FE3E,37981,,,AA4358FB,
,,3,2025-05-27 20:45:52,-63,367E0F4A,26258,,,AA4358FB,
,,5,2025-05-27 20:45:52,-63,367E0F4A,26258,,,AA4358FB,
,,5,2025-05-27 20:45:53,-78,D7510A57,45346,,,AA4358FB,
,,5,2025-05-27 20:45:54,-75,D7510A57,39776,,,AA4358FB,
,,3,2025-05-27 20:45:54,-75,D7510A57,39776,,,AA4358FB,
,,4,2025-05-27 20:45:54,-75,D7510A57,39776,,,AA4358FB,
,,2,2025-05-27 20:45:54,-75,D7510A57,39776,,,AA4358FB,
,,1,2025-05-27 20:45:54,-75,D7510A57,39776,,,AA4358FB,
,,2,2025-05-27 20:45:55,-67,367E0F4A,2372,,,AA4358FB,
,,1,2025-05-27 20:45:55,-67,367E0F4A,2372,,,AA4358FB,
,,3,2025-05-27 20:45:55,-67,367E0F4A,2372,,,AA4358FB,
,,4,2025-05-27 20:45:55,-67,367E0F4A,2372,,,AA4358FB,
,,5,2025-05-27 20:45:55,-67,367E0F4A,2372,,,AA4358FB,
,,2,2025-05-27 20:45:56,-63,367E0F4A,54947,,,AA4358FB,
,,3,2025-05-27 20:45:56,-63,367E0F4A,54947,,,AA4358FB,
,,5,2025-05-27 20:45:56,-63,367E0F4A,54947,,,AA4358FB,
,,3,2025-05-27 20:45:56,-77,A648A0E7,29137,,,AA4358FB,
,,2,2025-05-27 20:45:56,-77,A648A0E7,29137,,,AA4358FB,
,,3,2025-05-27 20:45:56,-72,81D187E3,9495,,,AA4358FB,
,,2,2025-05-27 20:45:56,-72,81D187E3,9495,,,AA4358FB,
,,5,2025-05-27 20:45:56,-72,81D187E3,9495,,,AA4358FB,
,,1,2025-05-27 20:45:57,-63,367E0F4A,61143,,,AA4358FB,
,,5,2025-05-27 20:45:59,-75,A648A0E7,38593,,,AA4358FB,
,,3,2025-05-27 20:46:03,-63,367E0F4A,51562,,,AA4358FB,
,,3,2025-05-27 20:46:04,-80,D7510A57,52437,,,AA4358FB,
,,2,2025-05-27 20:46:04,-80,D7510A57,52437,,,AA4358FB,
,,1,2025-05-27 20:46:04,-81,A648A0E7,54424,,,B995250B,
,,1,2025-05-27 20:45:47,-81,59FE8D30,37757,,,9CC5DC79,
,,1,2025-05-27 20:45:48,-83,59FE8D30,56779,,,9CC5DC79,
,,5,2025-05-27 20:45:50,-72,367E0F4A,6922,,,9CC5DC79,
,,5,2025-05-27 20:45:51,-83,D7510A57,45879,,,9CC5DC79,
,,5,2025-05-27 20:45:55,-85,D7510A57,58375,,,9CC5DC79,
,,1,2025-05-27 20:45:55,-85,D7510A57,58375,,,9CC5DC79,
,,4,2025-05-27 20:45:55,-85,D7510A57,58375,,,9CC5DC79,
,,2,2025-05-27 20:45:55,-85,D7510A57,58375,,,9CC5DC79,
,,3,2025-05-27 20:45:55,-85,D7510A57,58375,,,9CC5DC79,
,,1,2025-05-27 20:45:56,-72,367E0F4A,61143,,,9CC5DC79,
,,4,2025-05-27 20:45:56,-72,367E0F4A,61143,,,9CC5DC79,
,,3,2025-05-27 20:45:56,-72,367E0F4A,61143,,,9CC5DC79,
,,2,2025-05-27 20:45:56,-72,367E0F4A,61143,,,9CC5DC79,
,,5,2025-05-27 20:45:56,-72,367E0F4A,61143,,,9CC5DC79,
,,4,2025-05-27 20:45:59,-72,13323C65,9875,,,9CC5DC79,
,,3,2025-05-27 20:45:59,-72,13323C65,9875,,,9CC5DC79,
,,5,2025-05-27 20:45:59,-72,13323C65,9875,,,9CC5DC79,
,,1,2025-05-27 20:45:59,-72,13323C65,9875,,,9CC5DC79,
,,1,2025-05-27 20:46:05,-72,13323C65,23430,,,9CC5DC79,
,,5,2025-05-27 20:46:05,-72,13323C65,23430,,,9CC5DC79,
,,4,2025-05-27 20:46:05,-72,13323C65,23430,,,9CC5DC79,
,,3,2025-05-27 20:46:05,-72,13323C65,23430,,,9CC5DC79,
,,1,2025-05-27 20:46:06,-80,0000006E,43790,,,9CC5DC79,
,,5,2025-05-27 20:46:06,-82,81D187E3,53574,,,9CC5DC79,
,,3,2025-05-27 20:46:06,-82,81D187E3,53574,,,9CC5DC79,
,,2,2025-05-27 20:46:06,-82,81D187E3,53574,,,9CC5DC79,
,,5,2025-05-27 20:46:07,-71,367E0F4A,5199,,,9CC5DC79,
,,1,2025-05-27 20:46:07,-71,367E0F4A,5199,,,9CC5DC79,
,,1,2025-05-27 20:46:09,-72,13323C65,57732,,,9CC5DC79,
,,1,2025-05-27 20:46:13,-82,59FE8D30,65503,,,9CC5DC79,
,,4,2025-05-27 20:46:13,-82,59FE8D30,65503,,,9CC5DC79,
,,1,2025-05-27 20:46:14,-82,81D187E3,35346,,,9CC5DC79,
,,5,2025-05-27 20:46:15,-80,0000006E,46713,,,9CC5DC79,
,,5,2025-05-27 20:46:15,-75,A648A0E7,18879,,,9CC5DC79,
,,1,2025-05-27 20:46:15,-75,A648A0E7,18879,,,9CC5DC79,
,,1,2025-05-27 20:46:16,-82,81D187E3,38382,,,9CC5DC79,
,,4,2025-05-27 20:46:16,-82,81D187E3,38382,,,9CC5DC79,
,,5,2025-05-27 20:46:17,-77,D7510A57,22684,,,9CC5DC79,
,,1,2025-05-27 20:46:17,-77,07F9389E,21258,,,9CC5DC79,
,,2,2025-05-27 20:45:56,-83,19836CFF,53188,,,520A3C5C,
,,3,2025-05-27 20:45:56,-83,19836CFF,53188,,,520A3C5C,
,,4,2025-05-27 20:45:56,-83,19836CFF,53188,,,520A3C5C,
,,5,2025-05-27 20:45:56,-83,19836CFF,53188,,,520A3C5C,
,,1,2025-05-27 20:45:56,-83,19836CFF,53188,,,520A3C5C,
,,2,2025-05-27 20:45:58,-75,13323C65,49698,,,520A3C5C,
,,3,2025-05-27 20:45:58,-75,13323C65,49698,,,520A3C5C,
,,4,2025-05-27 20:45:58,-75,13323C65,49698,,,520A3C5C,
,,3,2025-05-27 20:45:58,-69,D7510A57,16806,,,520A3C5C,
,,5,2025-05-27 20:45:58,-69,D7510A57,16806,,,520A3C5C,
,,4,2025-05-27 20:45:58,-69,D7510A57,16806,,,520A3C5C,
,,2,2025-05-27 20:45:58,-69,D7510A57,16806,,,520A3C5C,
,,4,2025-05-27 20:45:59,-71,D7510A57,19741,,,520A3C5C,
,,1,2025-05-27 20:45:59,-71,D7510A57,19741,,,520A3C5C,
,,2,2025-05-27 20:45:59,-71,D7510A57,19741,,,520A3C5C,
,,3,2025-05-27 20:45:59,-71,D7510A57,19741,,,520A3C5C,
,,5,2025-05-27 20:45:59,-71,D7510A57,19741,,,520A3C5C,
,,5,2025-05-27 20:46:00,-73,A648A0E7,4763,,,520A3C5C,
,,5,2025-05-27 20:46:00,-67,13323C65,50921,,,520A3C5C,
,,2,2025-05-27 20:46:00,-67,13323C65,50921,,,520A3C5C,
,,3,2025-05-27 20:46:00,-67,13323C65,50921,,,520A3C5C,
,,4,2025-05-27 20:46:01,-76,59FE8D30,6038,,,520A3C5C,
,,2,2025-05-27 20:46:01,-76,59FE8D30,6038,,,520A3C5C,
,,4,2025-05-27 20:46:06,-73,0000006E,43790,,,520A3C5C,
,,2,2025-05-27 20:46:06,-73,0000006E,43790,,,520A3C5C,
,,3,2025-05-27 20:46:06,-73,0000006E,43790,,,520A3C5C,
,,5,2025-05-27 20:46:06,-73,0000006E,43790,,,520A3C5C,
,,2,2025-05-27 20:46:06,-73,A648A0E7,1478,,,520A3C5C,
,,5,2025-05-27 20:46:07,-68,A648A0E7,20354,,,520A3C5C,
,,3,2025-05-27 20:46:07,-68,A648A0E7,20354,,,520A3C5C,
,,2,2025-05-27 20:46:07,-68,A648A0E7,20354,,,520A3C5C,
,,4,2025-05-27 20:46:07,-72,07F9389E,20388,,,520A3C5C,
,,3,2025-05-27 20:46:07,-72,07F9389E,20388,,,520A3C5C,
,,5,2025-05-27 20:46:07,-72,07F9389E,20388,,,520A3C5C,
,,2,2025-05-27 20:46:07,-72,07F9389E,20388,,,520A3C5C,
,,4,2025-05-27 20:46:08,-76,59FE8D30,45466,,,520A3C5C,
,,3,2025-05-27 20:46:08,-76,59FE8D30,45466,,,520A3C5C,
,,5,2025-05-27 20:46:08,-76,59FE8D30,45466,,,520A3C5C,
,,2,2025-05-27 20:46:08,-76,59FE8D30,45466,,,520A3C5C,
,,2,2025-05-27 20:46:08,-71,13323C65,59720,,,520A3C5C,
,,5,2025-05-27 20:46:08,-71,13323C65,59720,,,520A3C5C,
,,3,2025-05-27 20:46:08,-71,13323C65,59720,,,520A3C5C,
,,5,2025-05-27 20:46:11,-75,81D187E3,7015,,,520A3C5C,
,,4,2025-05-27 20:46:12,-81,A648A0E7,40755,,,520A3C5C,
,,3,2025-05-27 20:46:12,-81,A648A0E7,40755,,,520A3C5C,
,,2,2025-05-27 20:46:12,-81,A648A0E7,40755,,,520A3C5C,
,,5,2025-05-27 20:46:12,-81,A648A0E7,40755,,,520A3C5C,
,,1,2025-05-27 20:46:12,-81,A648A0E7,40755,,,520A3C5C,
,,5,2025-05-27 20:46:14,-76,81D187E3,35346,,,520A3C5C,
,,5,2025-05-27 20:46:15,-67,A648A0E7,18879,,,520A3C5C,
,,4,2025-05-27 20:46:15,-67,D7510A57,21854,,,520A3C5C,
,,3,2025-05-27 20:46:15,-67,D7510A57,21854,,,520A3C5C,
,,5,2025-05-27 20:46:15,-67,D7510A57,21854,,,520A3C5C,
,,2,2025-05-27 20:46:15,-67,D7510A57,21854,,,520A3C5C,
,,2,2025-05-27 20:46:16,-77,81D187E3,38382,,,520A3C5C,
,,5,2025-05-27 20:46:16,-77,81D187E3,38382,,,520A3C5C,
,,3,2025-05-27 20:46:16,-77,81D187E3,38382,,,520A3C5C,
,,3,2025-05-27 20:46:17,-77,59FE8D30,21605,,,520A3C5C,
,,3,2025-05-27 20:46:18,-71,367E0F4A,35263,,,520A3C5C,
,,2,2025-05-27 20:46:18,-71,367E0F4A,35263,,,520A3C5C,
,,5,2025-05-27 20:46:18,-71,367E0F4A,35263,,,520A3C5C,
,,2,2025-05-27 20:46:18,-69,13323C65,27316,,,520A3C5C,
,,5,2025-05-27 20:46:18,-69,13323C65,27316,,,520A3C5C,
,,5,2025-05-27 20:46:19,-69,13323C65,31094,,,520A3C5C,
,,2,2025-05-27 20:46:22,-76,59FE8D30,34695,,,520A3C5C,
,,3,2025-05-27 20:46:22,-76,59FE8D30,34695,,,520A3C5C,
,,5,2025-05-27 20:46:22,-76,59FE8D30,34695,,,520A3C5C,
,,4,2025-05-27 20:46:22,-76,59FE8D30,34695,,,520A3C5C,
,,1,2025-05-27 20:46:02,-71,367E0F4A,51562,,,D46BA6A2,
,,4,2025-05-27 20:46:03,-80,A648A0E7,8386,,,4D64B5B5,
,,1,2025-05-27 20:46:03,-80,A648A0E7,8386,,,4D64B5B5,
,,2,2025-05-27 20:46:03,-78,E197FE3E,18136,,,D46BA6A2,
,,3,2025-05-27 20:46:03,-78,E197FE3E,18136,,,D46BA6A2,
,,4,2025-05-27 20:46:03,-78,E197FE3E,18136,,,D46BA6A2,
,,3,2025-05-27 20:46:03,-77,23D9727E,26523,,,D46BA6A2,
,,2,2025-05-27 20:46:03,-77,23D9727E,26523,,,D46BA6A2,
,,4,2025-05-27 20:46:03,-77,23D9727E,26523,,,D46BA6A2,
,,4,2025-05-27 20:46:06,-80,B78FE24A,35471,,,4D64B5B5,
,,1,2025-05-27 20:46:05,-69,0000006E,43790,,,D46BA6A2,
,,3,2025-05-27 20:46:05,-69,0000006E,43790,,,D46BA6A2,
,,4,2025-05-27 20:46:05,-69,0000006E,43790,,,D46BA6A2,
,,5,2025-05-27 20:46:05,-69,0000006E,43790,,,D46BA6A2,
,,2,2025-05-27 20:46:06,-78,B78FE24A,35471,,,D46BA6A2,
,,4,2025-05-27 20:46:06,-78,B78FE24A,35471,,,D46BA6A2,
,,4,2025-05-27 20:46:07,-74,D7510A57,61398,,,D46BA6A2,
,,1,2025-05-27 20:46:07,-74,D7510A57,61398,,,D46BA6A2,
,,3,2025-05-27 20:46:07,-74,D7510A57,61398,,,D46BA6A2,
,,3,2025-05-27 20:46:08,-65,59FE8D30,32953,,,D46BA6A2,
,,1,2025-05-27 20:46:08,-65,59FE8D30,32953,,,D46BA6A2,
,,4,2025-05-27 20:46:08,-65,59FE8D30,32953,,,D46BA6A2,
,,3,2025-05-27 20:46:12,-69,13323C65,10255,,,D46BA6A2,
,,4,2025-05-27 20:46:12,-69,13323C65,10255,,,D46BA6A2,
,,3,2025-05-27 20:46:13,-69,59FE8D30,65503,,,D46BA6A2,
,,4,2025-05-27 20:45:47,-74,07F9389E,45429,,,7378B941,
,,1,2025-05-27 20:45:47,-74,07F9389E,45429,,,7378B941,
,,5,2025-05-27 20:45:47,-74,07F9389E,45429,,,7378B941,
,,4,2025-05-27 20:46:18,-72,367E0F4A,35263,,,4D64B5B5,
,,4,2025-05-27 20:45:48,-75,D7510A57,4912,,,7378B941,
,,5,2025-05-27 20:45:48,-75,D7510A57,4912,,,7378B941,
,,1,2025-05-27 20:45:48,-75,D7510A57,4912,,,7378B941,
,,3,2025-05-27 20:46:14,-77,B78FE24A,50629,,,D46BA6A2,
,,4,2025-05-27 20:46:18,-75,81D187E3,42580,,,4D64B5B5,
,,2,2025-05-27 20:46:15,-76,D7510A57,21854,,,D46BA6A2,
,,4,2025-05-27 20:46:15,-76,D7510A57,21854,,,D46BA6A2,
,,3,2025-05-27 20:46:15,-76,D7510A57,21854,,,D46BA6A2,
,,1,2025-05-27 20:46:15,-76,D7510A57,21854,,,D46BA6A2,
,,4,2025-05-27 20:45:51,-77,A648A0E7,15557,,,7378B941,
,,1,2025-05-27 20:45:51,-77,A648A0E7,15557,,,7378B941,
,,5,2025-05-27 20:45:51,-77,A648A0E7,15557,,,7378B941,
,,2,2025-05-27 20:46:07,-82,B78FE24A,35471,,,AA4358FB,
,,3,2025-05-27 20:46:07,-82,B78FE24A,35471,,,AA4358FB,
,,5,2025-05-27 20:46:07,-82,B78FE24A,35471,,,AA4358FB,
,,4,2025-05-27 20:46:07,-82,B78FE24A,35471,,,AA4358FB,
,,1,2025-05-27 20:46:07,-82,B78FE24A,35471,,,AA4358FB,
,,4,2025-05-27 20:46:07,-80,D7510A57,9411,,,AA4358FB,
,,3,2025-05-27 20:46:07,-80,D7510A57,9411,,,AA4358FB,
,,5,2025-05-27 20:46:07,-80,D7510A57,9411,,,AA4358FB,
,,2,2025-05-27 20:46:07,-80,D7510A57,9411,,,AA4358FB,
,,2,2025-05-27 20:46:07,-70,367E0F4A,12777,,,AA4358FB,
,,1,2025-05-27 20:46:06,-68,D7510A57,9411,,,7D769A01,
,,3,2025-05-27 20:46:17,-69,59FE8D30,21605,,,D46BA6A2,
,,5,2025-05-27 20:46:17,-69,59FE8D30,21605,,,D46BA6A2,
,,3,2025-05-27 20:46:08,-67,367E0F4A,5199,,,AA4358FB,
,,2,2025-05-27 20:46:08,-67,367E0F4A,5199,,,AA4358FB,
,,3,2025-05-27 20:46:09,-69,13323C65,59720,,,AA4358FB,
,,1,2025-05-27 20:45:54,-78,870614B1,10118,,,7378B941,
,,5,2025-05-27 20:45:54,-77,59FE8D30,32143,,,7378B941,
,,1,2025-05-27 20:46:22,-77,59FE8D30,27806,,,4D64B5B5,
,,3,2025-05-27 20:46:18,-76,13323C65,27316,,,D46BA6A2,
,,4,2025-05-27 20:46:09,-76,A648A0E7,57362,,,AA4358FB,
,,3,2025-05-27 20:46:09,-76,A648A0E7,57362,,,AA4358FB,
,,2,2025-05-27 20:46:09,-76,A648A0E7,57362,,,AA4358FB,
,,5,2025-05-27 20:46:09,-76,A648A0E7,57362,,,AA4358FB,
,,4,2025-05-27 20:46:10,-68,13323C65,57732,,,AA4358FB,
,,2,2025-05-27 20:46:10,-68,13323C65,57732,,,AA4358FB,
,,3,2025-05-27 20:46:10,-68,13323C65,57732,,,AA4358FB,
,,5,2025-05-27 20:46:10,-68,13323C65,57732,,,AA4358FB,
,,1,2025-05-27 20:46:10,-68,13323C65,57732,,,AA4358FB,
,,4,2025-05-27 20:46:19,-71,A648A0E7,44451,,,D46BA6A2,
,,1,2025-05-27 20:46:19,-71,A648A0E7,44451,,,D46BA6A2,
,,4,2025-05-27 20:46:24,-71,367E0F4A,7084,,,4D64B5B5,
,,1,2025-05-27 20:46:11,-68,D7510A57,36969,,,7D769A01,
,,4,2025-05-27 20:46:20,-68,0000006E,35708,,,D46BA6A2,
,,3,2025-05-27 20:46:20,-68,0000006E,35708,,,D46BA6A2,
,,1,2025-05-27 20:46:20,-68,0000006E,35708,,,D46BA6A2,
,,4,2025-05-27 20:46:21,-68,870614B1,9378,,,D46BA6A2,
,,3,2025-05-27 20:46:21,-68,870614B1,9378,,,D46BA6A2,
,,2,2025-05-27 20:46:15,-76,D7510A57,43742,,,AA4358FB,
,,4,2025-05-27 20:46:15,-76,D7510A57,43742,,,AA4358FB,
,,3,2025-05-27 20:46:15,-76,D7510A57,43742,,,AA4358FB,
,,5,2025-05-27 20:46:15,-76,D7510A57,43742,,,AA4358FB,
,,1,2025-05-27 20:46:15,-76,D7510A57,43742,,,AA4358FB,
,,1,2025-05-27 20:46:13,-78,59FE8D30,65503,,,7D769A01,
,,3,2025-05-27 20:46:23,-70,59FE8D30,58315,,,D46BA6A2,
,,4,2025-05-27 20:46:17,-78,59FE8D30,21605,,,AA4358FB,
,,2,2025-05-27 20:46:18,-70,13323C65,23595,,,AA4358FB,
,,4,2025-05-27 20:46:18,-70,13323C65,23595,,,AA4358FB,
,,3,2025-05-27 20:46:18,-70,13323C65,23595,,,AA4358FB,
,,5,2025-05-27 20:46:18,-70,13323C65,23595,,,AA4358FB,
,,5,2025-05-27 20:46:18,-75,07F9389E,21258,,,AA4358FB,
,,1,2025-05-27 20:46:15,-72,870614B1,691,,,7D769A01,
,,2,2025-05-27 20:46:19,-69,13323C65,27316,,,AA4358FB,
,,1,2025-05-27 20:46:16,-77,59FE8D30,50765,,,7D769A01,
,,4,2025-05-27 20:46:19,-69,13323C65,27316,,,AA4358FB,
,,3,2025-05-27 20:46:19,-65,367E0F4A,41410,,,AA4358FB,
,,5,2025-05-27 20:46:19,-65,367E0F4A,41410,,,AA4358FB,
,,4,2025-05-27 20:46:19,-65,367E0F4A,41410,,,AA4358FB,
,,2,2025-05-27 20:46:19,-65,367E0F4A,41410,,,AA4358FB,
,,5,2025-05-27 20:46:19,-79,59FE8D30,55442,,,AA4358FB,
,,5,2025-05-27 20:46:19,-72,81D187E3,54946,,,AA4358FB,
,,3,2025-05-27 20:46:19,-72,81D187E3,54946,,,AA4358FB,
,,3,2025-05-27 20:46:20,-84,B78FE24A,15365,,,AA4358FB,
,,2,2025-05-27 20:46:20,-84,B78FE24A,15365,,,AA4358FB,
,,5,2025-05-27 20:46:20,-84,B78FE24A,15365,,,AA4358FB,
,,5,2025-05-27 20:46:20,-70,13323C65,31094,,,AA4358FB,
,,3,2025-05-27 20:46:20,-70,13323C65,31094,,,AA4358FB,
,,4,2025-05-27 20:46:10,-77,D7510A57,54043,,,7378B941,
,,5,2025-05-27 20:46:10,-77,D7510A57,54043,,,7378B941,
,,1,2025-05-27 20:46:10,-77,D7510A57,54043,,,7378B941,
,,2,2025-05-27 20:46:20,-66,367E0F4A,53001,,,AA4358FB,
,,5,2025-05-27 20:46:20,-66,367E0F4A,53001,,,AA4358FB,
,,4,2025-05-27 20:46:20,-66,367E0F4A,53001,,,AA4358FB,
,,1,2025-05-27 20:46:20,-66,367E0F4A,53001,,,AA4358FB,
,,3,2025-05-27 20:46:20,-66,367E0F4A,53001,,,AA4358FB,
,,5,2025-05-27 20:46:14,-76,13323C65,42241,,,7378B941,
,,1,2025-05-27 20:46:14,-76,13323C65,42241,,,7378B941,
,,2,2025-05-27 20:46:20,-66,81D187E3,5748,,,AA4358FB,
,,4,2025-05-27 20:46:20,-66,81D187E3,5748,,,AA4358FB,
,,5,2025-05-27 20:46:20,-66,81D187E3,5748,,,AA4358FB,
,,1,2025-05-27 20:46:20,-66,81D187E3,5748,,,AA4358FB,
,,3,2025-05-27 20:46:20,-66,81D187E3,5748,,,AA4358FB,
,,3,2025-05-27 20:46:21,-66,367E0F4A,21308,,,AA4358FB,
,,2,2025-05-27 20:46:21,-66,367E0F4A,21308,,,AA4358FB,
,,4,2025-05-27 20:46:21,-66,367E0F4A,21308,,,AA4358FB,
,,5,2025-05-27 20:46:21,-66,367E0F4A,21308,,,AA4358FB,
,,2,2025-05-27 20:46:21,-77,B78FE24A,9505,,,AA4358FB,
,,4,2025-05-27 20:46:21,-77,B78FE24A,9505,,,AA4358FB,
,,5,2025-05-27 20:46:21,-77,B78FE24A,9505,,,AA4358FB,
,,3,2025-05-27 20:46:21,-77,B78FE24A,9505,,,AA4358FB,
,,1,2025-05-27 20:46:22,-75,870614B1,9378,,,AA4358FB,
,,1,2025-05-27 20:46:20,-81,B78FE24A,9505,,,7D769A01,
,,2,2025-05-27 20:46:22,-66,367E0F4A,63489,,,AA4358FB,
,,5,2025-05-27 20:46:22,-66,367E0F4A,63489,,,AA4358FB,
,,3,2025-05-27 20:46:22,-66,367E0F4A,63489,,,AA4358FB,
,,4,2025-05-27 20:46:22,-66,367E0F4A,63489,,,AA4358FB,
,,1,2025-05-27 20:46:21,-68,367E0F4A,63489,,,7D769A01,
,,1,2025-05-27 20:46:19,-77,59FE8D30,55442,,,7378B941,
,,5,2025-05-27 20:46:24,-67,367E0F4A,7084,,,AA4358FB,
,,3,2025-05-27 20:46:24,-67,367E0F4A,7084,,,AA4358FB,
,,2,2025-05-27 20:46:24,-67,367E0F4A,7084,,,AA4358FB,
,,5,2025-05-27 20:46:21,-77,A648A0E7,7366,,,7378B941,
,,3,2025-05-27 20:46:25,-63,367E0F4A,39241,,,AA4358FB,
,,5,2025-05-27 20:46:26,-71,81D187E3,40579,,,AA4358FB,
,,4,2025-05-27 20:46:26,-71,81D187E3,40579,,,AA4358FB,
,,2,2025-05-27 20:46:26,-71,81D187E3,40579,,,AA4358FB,
,,3,2025-05-27 20:46:26,-71,81D187E3,40579,,,AA4358FB,
,,1,2025-05-27 20:46:23,-67,367E0F4A,7084,,,7D769A01,
,,1,2025-05-27 20:46:14,-80,D7510A57,43742,,,B995250B,
,,4,2025-05-27 20:46:14,-80,D7510A57,43742,,,B995250B,
,,4,2025-05-27 20:46:01,-84,A648A0E7,8324,,,CB4A1EAE,
,,1,2025-05-27 20:46:01,-84,A648A0E7,8324,,,CB4A1EAE,
,,4,2025-05-27 20:46:03,-81,A648A0E7,8386,,,CB4A1EAE,
,,1,2025-05-27 20:46:03,-81,A648A0E7,8386,,,CB4A1EAE,
,,4,2025-05-27 20:46:17,-72,59FE8D30,21605,,,B995250B,
,,1,2025-05-27 20:46:17,-72,59FE8D30,21605,,,B995250B,
,,4,2025-05-27 20:46:09,-80,59FE8D30,32953,,,CB4A1EAE,
,,1,2025-05-27 20:46:09,-80,59FE8D30,32953,,,CB4A1EAE,
,,1,2025-05-27 20:46:20,-80,A648A0E7,43179,,,CB4A1EAE,
,,4,2025-05-27 20:46:29,-77,59FE8D30,29004,,,B995250B,
,,1,2025-05-27 20:46:29,-77,59FE8D30,29004,,,B995250B,
,,1,2025-05-27 20:46:30,-73,D7510A57,42698,,,B995250B,
,,4,2025-05-27 20:46:30,-73,D7510A57,42698,,,B995250B,
,,4,2025-05-27 20:46:23,-68,0000006E,21789,,,D46BA6A2,
,,1,2025-05-27 20:46:23,-68,0000006E,21789,,,D46BA6A2,
,,5,2025-05-27 20:46:23,-68,0000006E,21789,,,D46BA6A2,
,,3,2025-05-27 20:46:23,-68,0000006E,21789,,,D46BA6A2,
,,1,2025-05-27 20:46:27,-72,870614B1,27890,,,7D769A01,
,,4,2025-05-27 20:46:24,-67,870614B1,4584,,,D46BA6A2,
,,3,2025-05-27 20:46:24,-67,870614B1,4584,,,D46BA6A2,
,,3,2025-05-27 20:46:25,-77,B78FE24A,29897,,,D46BA6A2,
,,4,2025-05-27 20:46:26,-68,0000006E,43586,,,D46BA6A2,
,,3,2025-05-27 20:46:26,-68,0000006E,43586,,,D46BA6A2,
,,5,2025-05-27 20:46:26,-68,0000006E,43586,,,D46BA6A2,
,,2,2025-05-27 20:46:26,-71,367E0F4A,49209,,,D46BA6A2,
,,4,2025-05-27 20:46:26,-71,367E0F4A,49209,,,D46BA6A2,
,,1,2025-05-27 20:46:26,-71,367E0F4A,49209,,,D46BA6A2,
,,3,2025-05-27 20:46:26,-71,367E0F4A,49209,,,D46BA6A2,
,,1,2025-05-27 20:46:29,-71,59FE8D30,11380,,,7D769A01,
,,2,2025-05-27 20:46:27,-70,59FE8D30,23522,,,D46BA6A2,
,,4,2025-05-27 20:46:27,-70,59FE8D30,23522,,,D46BA6A2,
,,1,2025-05-27 20:46:27,-70,59FE8D30,23522,,,D46BA6A2,
,,3,2025-05-27 20:46:27,-70,59FE8D30,23522,,,D46BA6A2,
,,5,2025-05-27 20:46:27,-70,59FE8D30,23522,,,D46BA6A2,
,,1,2025-05-27 20:46:30,-74,81D187E3,62671,,,7D769A01,
,,2,2025-05-27 20:46:27,-73,D7510A57,39654,,,D46BA6A2,
,,5,2025-05-27 20:46:27,-73,D7510A57,39654,,,D46BA6A2,
,,4,2025-05-27 20:46:27,-73,D7510A57,39654,,,D46BA6A2,
,,1,2025-05-27 20:46:27,-73,D7510A57,39654,,,D46BA6A2,
,,1,2025-05-27 20:46:30,-68,D7510A57,42698,,,7D769A01,
,,1,2025-05-27 20:46:32,-66,367E0F4A,4060,,,7D769A01,
,,3,2025-05-27 20:46:32,-79,E2A807D7,1259,,,D46BA6A2,
,,2,2025-05-27 20:46:34,-70,13323C65,16950,,,D46BA6A2,
,,3,2025-05-27 20:46:34,-70,13323C65,16950,,,D46BA6A2,
,,5,2025-05-27 20:46:34,-70,13323C65,16950,,,D46BA6A2,
,,4,2025-05-27 20:46:34,-70,13323C65,16950,,,D46BA6A2,
,,1,2025-05-27 20:46:34,-70,13323C65,16950,,,D46BA6A2,
,,1,2025-05-27 20:46:34,-75,81D187E3,14064,,,7D769A01,
,,1,2025-05-27 20:46:35,-72,367E0F4A,25607,,,D46BA6A2,
,,1,2025-05-27 20:46:35,-72,59FE8D30,65311,,,7D769A01,
,,1,2025-05-27 20:46:35,-67,367E0F4A,35868,,,7D769A01,
,,4,2025-05-27 20:46:39,-67,D7510A57,58205,,,D46BA6A2,
,,3,2025-05-27 20:46:39,-67,D7510A57,58205,,,D46BA6A2,
,,1,2025-05-27 20:46:38,-73,59FE8D30,47362,,,7D769A01,
,,4,2025-05-27 20:46:40,-70,59FE8D30,48797,,,D46BA6A2,
,,1,2025-05-27 20:46:40,-70,59FE8D30,48797,,,D46BA6A2,
,,2,2025-05-27 20:46:40,-70,59FE8D30,48797,,,D46BA6A2,
,,5,2025-05-27 20:46:40,-70,59FE8D30,48797,,,D46BA6A2,
,,3,2025-05-27 20:46:40,-70,59FE8D30,48797,,,D46BA6A2,
,,1,2025-05-27 20:46:39,-85,E85FB74C,7863,,,7D769A01,
,,1,2025-05-27 20:46:40,-77,81D187E3,8742,,,D46BA6A2,
,,1,2025-05-27 20:46:41,-66,D7510A57,46975,,,D46BA6A2,
,,4,2025-05-27 20:46:41,-66,D7510A57,46975,,,D46BA6A2,
,,1,2025-05-27 20:46:42,-71,367E0F4A,19996,,,D46BA6A2,
,,4,2025-05-27 20:46:42,-71,367E0F4A,19996,,,D46BA6A2,
,,5,2025-05-27 20:46:42,-71,367E0F4A,19996,,,D46BA6A2,
,,3,2025-05-27 20:46:42,-71,367E0F4A,19996,,,D46BA6A2,
,,2,2025-05-27 20:46:42,-71,367E0F4A,19996,,,D46BA6A2,
,,1,2025-05-27 20:46:40,-74,A648A0E7,24312,,,7D769A01,
,,3,2025-05-27 20:46:23,-70,D7510A57,14409,,,520A3C5C,
,,2,2025-05-27 20:46:23,-70,D7510A57,14409,,,520A3C5C,
,,2,2025-05-27 20:46:24,-74,0000006E,21789,,,520A3C5C,
,,5,2025-05-27 20:46:24,-74,0000006E,21789,,,520A3C5C,
,,3,2025-05-27 20:46:24,-74,0000006E,21789,,,520A3C5C,
,,4,2025-05-27 20:46:24,-73,367E0F4A,7084,,,520A3C5C,
,,5,2025-05-27 20:46:24,-73,367E0F4A,7084,,,520A3C5C,
,,3,2025-05-27 20:46:24,-73,367E0F4A,7084,,,520A3C5C,
,,2,2025-05-27 20:46:24,-73,367E0F4A,7084,,,520A3C5C,
,,5,2025-05-27 20:46:42,-69,59FE8D30,54634,,,D46BA6A2,
,,3,2025-05-27 20:46:42,-69,59FE8D30,54634,,,D46BA6A2,
,,4,2025-05-27 20:46:24,-71,D7510A57,39110,,,520A3C5C,
,,5,2025-05-27 20:46:24,-71,D7510A57,39110,,,520A3C5C,
,,2,2025-05-27 20:46:24,-71,D7510A57,39110,,,520A3C5C,
,,3,2025-05-27 20:46:24,-71,D7510A57,39110,,,520A3C5C,
,,4,2025-05-27 20:46:24,-71,13323C65,54705,,,520A3C5C,
,,5,2025-05-27 20:46:24,-71,13323C65,54705,,,520A3C5C,
,,3,2025-05-27 20:46:24,-71,13323C65,54705,,,520A3C5C,
,,2,2025-05-27 20:46:24,-71,13323C65,54705,,,520A3C5C,
,,3,2025-05-27 20:46:25,-74,367E0F4A,39241,,,520A3C5C,
,,1,2025-05-27 20:46:43,-69,D7510A57,60296,,,7D769A01,
,,1,2025-05-27 20:46:43,-72,59FE8D30,8011,,,7D769A01,
,,3,2025-05-27 20:46:25,-76,59FE8D30,49101,,,520A3C5C,
,,5,2025-05-27 20:46:25,-76,59FE8D30,49101,,,520A3C5C,
,,2,2025-05-27 20:46:25,-76,59FE8D30,49101,,,520A3C5C,
,,4,2025-05-27 20:46:31,-69,59FE8D30,23635,,,520A3C5C,
,,3,2025-05-27 20:46:32,-71,07F9389E,47028,,,520A3C5C,
,,2,2025-05-27 20:46:32,-71,07F9389E,47028,,,520A3C5C,
,,2,2025-05-27 20:46:33,-69,13323C65,60132,,,520A3C5C,
,,3,2025-05-27 20:46:34,-84,E2A807D7,4357,,,520A3C5C,
,,2,2025-05-27 20:46:34,-70,59FE8D30,60278,,,520A3C5C,
,,3,2025-05-27 20:46:34,-70,59FE8D30,60278,,,520A3C5C,
,,2,2025-05-27 20:46:35,-71,D7510A57,10599,,,520A3C5C,
,,5,2025-05-27 20:46:35,-71,D7510A57,10599,,,520A3C5C,
,,1,2025-05-27 20:46:35,-71,D7510A57,10599,,,520A3C5C,
,,3,2025-05-27 20:46:35,-71,D7510A57,10599,,,520A3C5C,
,,4,2025-05-27 20:46:35,-71,D7510A57,10599,,,520A3C5C,
,,1,2025-05-27 20:46:36,-70,367E0F4A,35868,,,520A3C5C,
,,5,2025-05-27 20:46:36,-70,367E0F4A,35868,,,520A3C5C,
,,2,2025-05-27 20:46:36,-70,367E0F4A,35868,,,520A3C5C,
,,3,2025-05-27 20:46:36,-70,367E0F4A,35868,,,520A3C5C,
,,4,2025-05-27 20:46:36,-70,367E0F4A,35868,,,520A3C5C,
,,5,2025-05-27 20:46:38,-77,81D187E3,22481,,,520A3C5C,
,,2,2025-05-27 20:46:38,-77,81D187E3,22481,,,520A3C5C,
,,3,2025-05-27 20:46:38,-77,81D187E3,22481,,,520A3C5C,
,,4,2025-05-27 20:46:38,-77,81D187E3,22481,,,520A3C5C,
,,5,2025-05-27 20:46:39,-68,870614B1,41803,,,520A3C5C,
,,3,2025-05-27 20:46:42,-70,D7510A57,31297,,,520A3C5C,
,,4,2025-05-27 20:46:42,-70,D7510A57,31297,,,520A3C5C,
,,1,2025-05-27 20:46:42,-70,D7510A57,31297,,,520A3C5C,
,,2,2025-05-27 20:46:42,-70,D7510A57,31297,,,520A3C5C,
,,5,2025-05-27 20:46:42,-70,D7510A57,31297,,,520A3C5C,
,,3,2025-05-27 20:46:27,-71,870614B1,27890,,,9CC5DC79,
,,5,2025-05-27 20:46:27,-71,870614B1,27890,,,9CC5DC79,
,,1,2025-05-27 20:46:27,-71,870614B1,27890,,,9CC5DC79,
,,2,2025-05-27 20:46:27,-71,870614B1,27890,,,9CC5DC79,
,,5,2025-05-27 20:46:43,-71,13323C65,41224,,,520A3C5C,
,,3,2025-05-27 20:46:43,-70,D7510A57,60296,,,520A3C5C,
,,5,2025-05-27 20:46:43,-70,D7510A57,60296,,,520A3C5C,
,,2,2025-05-27 20:46:43,-70,D7510A57,60296,,,520A3C5C,
,,4,2025-05-27 20:46:43,-70,D7510A57,60296,,,520A3C5C,
,,5,2025-05-27 20:46:32,-78,59FE8D30,11935,,,9CC5DC79,
,,2,2025-05-27 20:46:32,-78,59FE8D30,11935,,,9CC5DC79,
,,1,2025-05-27 20:46:32,-78,59FE8D30,11935,,,9CC5DC79,
,,4,2025-05-27 20:46:32,-78,59FE8D30,11935,,,9CC5DC79,
,,3,2025-05-27 20:46:32,-78,59FE8D30,11935,,,9CC5DC79,
,,5,2025-05-27 20:46:36,-82,13323C65,3513,,,9CC5DC79,
,,3,2025-05-27 20:46:36,-82,13323C65,3513,,,9CC5DC79,
,,2,2025-05-27 20:46:36,-82,13323C65,3513,,,9CC5DC79,
,,4,2025-05-27 20:46:36,-72,367E0F4A,35868,,,9CC5DC79,
,,5,2025-05-27 20:46:36,-72,367E0F4A,35868,,,9CC5DC79,
,,1,2025-05-27 20:46:36,-72,367E0F4A,35868,,,9CC5DC79,
,,2,2025-05-27 20:46:36,-72,367E0F4A,35868,,,9CC5DC79,
,,3,2025-05-27 20:46:36,-72,367E0F4A,35868,,,9CC5DC79,
,,5,2025-05-27 20:46:36,-79,E197FE3E,26793,,,9CC5DC79,
,,2,2025-05-27 20:46:36,-79,E197FE3E,26793,,,9CC5DC79,
,,3,2025-05-27 20:46:36,-79,E197FE3E,26793,,,9CC5DC79,
,,4,2025-05-27 20:46:36,-79,E197FE3E,26793,,,9CC5DC79,
,,3,2025-05-27 20:46:32,-67,367E0F4A,12697,,,AA4358FB,
,,2,2025-05-27 20:46:32,-67,367E0F4A,12697,,,AA4358FB,
,,5,2025-05-27 20:46:44,-77,13323C65,24137,,,9CC5DC79,
,,3,2025-05-27 20:46:36,-77,D7510A57,10599,,,AA4358FB,
,,5,2025-05-27 20:46:36,-77,D7510A57,10599,,,AA4358FB,
,,3,2025-05-27 20:46:45,-76,0000006E,21112,,,9CC5DC79,
,,4,2025-05-27 20:46:45,-76,0000006E,21112,,,9CC5DC79,
,,5,2025-05-27 20:46:45,-76,0000006E,21112,,,9CC5DC79,
,,3,2025-05-27 20:46:36,-71,59FE8D30,65311,,,AA4358FB,
,,5,2025-05-27 20:46:36,-71,59FE8D30,65311,,,AA4358FB,
,,4,2025-05-27 20:46:36,-71,59FE8D30,65311,,,AA4358FB,
,,2,2025-05-27 20:46:36,-71,59FE8D30,65311,,,AA4358FB,
,,5,2025-05-27 20:46:45,-84,13323C65,64060,,,9CC5DC79,
,,1,2025-05-27 20:46:36,-69,13323C65,3513,,,AA4358FB,
,,5,2025-05-27 20:46:36,-69,13323C65,3513,,,AA4358FB,
,,5,2025-05-27 20:46:36,-67,367E0F4A,35868,,,AA4358FB,
,,4,2025-05-27 20:46:36,-67,367E0F4A,35868,,,AA4358FB,
,,2,2025-05-27 20:46:36,-67,367E0F4A,35868,,,AA4358FB,
,,3,2025-05-27 20:46:36,-67,367E0F4A,35868,,,AA4358FB,
,,1,2025-05-27 20:46:36,-67,367E0F4A,35868,,,AA4358FB,
,,3,2025-05-27 20:46:46,-72,367E0F4A,38795,,,9CC5DC79,
,,1,2025-05-27 20:46:46,-72,367E0F4A,38795,,,9CC5DC79,
,,5,2025-05-27 20:46:46,-72,367E0F4A,38795,,,9CC5DC79,
,,2,2025-05-27 20:46:46,-72,367E0F4A,38795,,,9CC5DC79,
,,4,2025-05-27 20:46:46,-72,367E0F4A,38795,,,9CC5DC79,
,,5,2025-05-27 20:46:40,-78,D7510A57,58205,,,AA4358FB,
,,3,2025-05-27 20:46:41,-78,59FE8D30,18669,,,AA4358FB,
,,4,2025-05-27 20:46:41,-78,59FE8D30,18669,,,AA4358FB,
,,3,2025-05-27 20:46:42,-73,A648A0E7,19615,,,AA4358FB,
,,4,2025-05-27 20:46:42,-73,A648A0E7,19615,,,AA4358FB,
,,5,2025-05-27 20:46:42,-73,A648A0E7,19615,,,AA4358FB,
,,4,2025-05-27 20:46:42,-83,E2A807D7,11021,,,AA4358FB,
,,2,2025-05-27 20:46:42,-83,E2A807D7,11021,,,AA4358FB,
,,5,2025-05-27 20:46:42,-83,E2A807D7,11021,,,AA4358FB,
,,3,2025-05-27 20:46:42,-83,E2A807D7,11021,,,AA4358FB,
,,3,2025-05-27 20:46:42,-65,367E0F4A,19996,,,AA4358FB,
,,5,2025-05-27 20:46:42,-65,367E0F4A,19996,,,AA4358FB,
,,4,2025-05-27 20:46:42,-65,367E0F4A,19996,,,AA4358FB,
,,3,2025-05-27 20:46:43,-72,81D187E3,33093,,,AA4358FB,
,,5,2025-05-27 20:46:44,-70,13323C65,24137,,,AA4358FB,
,,2,2025-05-27 20:46:44,-70,13323C65,24137,,,AA4358FB,
,,4,2025-05-27 20:46:44,-70,13323C65,24137,,,AA4358FB,
,,3,2025-05-27 20:46:44,-70,13323C65,24137,,,AA4358FB,
,,3,2025-05-27 20:46:44,-75,E85FB74C,60498,,,AA4358FB,
,,2,2025-05-27 20:46:44,-63,367E0F4A,7748,,,AA4358FB,
,,3,2025-05-27 20:46:44,-63,367E0F4A,7748,,,AA4358FB,
,,5,2025-05-27 20:46:44,-63,367E0F4A,7748,,,AA4358FB,
,,3,2025-05-27 20:46:45,-73,81D187E3,21163,,,AA4358FB,
,,4,2025-05-27 20:46:45,-73,81D187E3,21163,,,AA4358FB,
,,2,2025-05-27 20:46:45,-73,81D187E3,21163,,,AA4358FB,
,,5,2025-05-27 20:46:45,-73,81D187E3,21163,,,AA4358FB,
,,1,2025-05-27 20:46:28,-85,13323C65,26915,,,4D64B5B5,
,,4,2025-05-27 20:46:28,-85,13323C65,26915,,,4D64B5B5,
,,4,2025-05-27 20:46:28,-71,D7510A57,65094,,,4D64B5B5,
,,4,2025-05-27 20:46:30,-72,367E0F4A,12173,,,4D64B5B5,
,,1,2025-05-27 20:46:30,-72,367E0F4A,12173,,,4D64B5B5,
,,4,2025-05-27 20:46:32,-83,13323C65,55502,,,4D64B5B5,
,,1,2025-05-27 20:46:32,-83,13323C65,55502,,,4D64B5B5,
,,4,2025-05-27 20:46:32,-72,367E0F4A,12697,,,4D64B5B5,
,,4,2025-05-27 20:46:32,-72,81D187E3,4682,,,4D64B5B5,
,,4,2025-05-27 20:46:34,-77,59FE8D30,60278,,,4D64B5B5,
,,1,2025-05-27 20:46:34,-77,59FE8D30,60278,,,4D64B5B5,
,,1,2025-05-27 20:46:36,-78,13323C65,3513,,,4D64B5B5,
,,4,2025-05-27 20:46:42,-71,D7510A57,31297,,,4D64B5B5,
,,1,2025-05-27 20:46:42,-71,D7510A57,31297,,,4D64B5B5,
,,5,2025-05-27 20:46:24,-77,870614B1,4584,,,7378B941,
,,4,2025-05-27 20:46:48,-77,59FE8D30,10801,,,4D64B5B5,
,,5,2025-05-27 20:46:25,-77,59FE8D30,49101,,,7378B941,
,,5,2025-05-27 20:46:26,-82,0000006E,43586,,,7378B941,
,,4,2025-05-27 20:46:37,-79,59FE8D30,5500,,,7378B941,
,,1,2025-05-27 20:46:37,-79,59FE8D30,5500,,,7378B941,
,,5,2025-05-27 20:46:37,-79,59FE8D30,5500,,,7378B941,
,,1,2025-05-27 20:46:39,-78,59FE8D30,47362,,,7378B941,
,,5,2025-05-27 20:46:40,-77,A648A0E7,24312,,,7378B941,
,,4,2025-05-27 20:46:40,-77,A648A0E7,24312,,,7378B941,
,,1,2025-05-27 20:46:40,-77,A648A0E7,24312,,,7378B941,
,,1,2025-05-27 20:46:41,-80,59FE8D30,33964,,,7378B941,
,,5,2025-05-27 20:46:44,-77,59FE8D30,43634,,,7378B941,
,,1,2025-05-27 20:46:44,-77,59FE8D30,43634,,,7378B941,
,,5,2025-05-27 20:46:51,-74,870614B1,13945,,,7378B941,
,,4,2025-05-27 20:46:51,-74,870614B1,13945,,,7378B941,
,,1,2025-05-27 20:46:51,-74,870614B1,13945,,,7378B941,
,,1,2025-05-27 20:46:53,-78,59FE8D30,51502,,,7378B941,
,,4,2025-05-27 20:46:53,-78,59FE8D30,51502,,,7378B941,
,,1,2025-05-27 20:46:44,-70,A648A0E7,36556,,,D46BA6A2,
,,4,2025-05-27 20:46:45,-76,B78FE24A,4591,,,D46BA6A2,
,,1,2025-05-27 20:46:45,-76,B78FE24A,4591,,,D46BA6A2,
,,2,2025-05-27 20:46:45,-76,B78FE24A,4591,,,D46BA6A2,
,,5,2025-05-27 20:46:45,-76,B78FE24A,4591,,,D46BA6A2,
,,3,2025-05-27 20:46:45,-76,B78FE24A,4591,,,D46BA6A2,
,,3,2025-05-27 20:46:47,-70,0000006E,45495,,,D46BA6A2,
,,4,2025-05-27 20:46:47,-70,0000006E,45495,,,D46BA6A2,
,,1,2025-05-27 20:46:47,-70,0000006E,45495,,,D46BA6A2,
,,3,2025-05-27 20:46:47,-69,13323C65,15379,,,D46BA6A2,
,,4,2025-05-27 20:46:48,-78,81D187E3,4903,,,D46BA6A2,
,,1,2025-05-27 20:46:48,-78,81D187E3,4903,,,D46BA6A2,
,,2,2025-05-27 20:46:48,-78,81D187E3,4903,,,D46BA6A2,
,,5,2025-05-27 20:46:48,-78,81D187E3,4903,,,D46BA6A2,
,,3,2025-05-27 20:46:48,-78,81D187E3,4903,,,D46BA6A2,
,,5,2025-05-27 20:46:48,-71,367E0F4A,31003,,,D46BA6A2,
,,3,2025-05-27 20:46:48,-71,367E0F4A,31003,,,D46BA6A2,
,,4,2025-05-27 20:46:48,-71,367E0F4A,31003,,,D46BA6A2,
,,1,2025-05-27 20:46:48,-71,367E0F4A,31003,,,D46BA6A2,
,,3,2025-05-27 20:46:49,-76,B78FE24A,17785,,,D46BA6A2,
,,4,2025-05-27 20:46:49,-76,B78FE24A,17785,,,D46BA6A2,
,,1,2025-05-27 20:46:49,-76,B78FE24A,17785,,,D46BA6A2,
,,5,2025-05-27 20:46:49,-78,E197FE3E,15284,,,D46BA6A2,
,,3,2025-05-27 20:46:49,-78,E197FE3E,15284,,,D46BA6A2,
,,4,2025-05-27 20:46:49,-78,E197FE3E,15284,,,D46BA6A2,
,,1,2025-05-27 20:46:49,-78,E197FE3E,15284,,,D46BA6A2,
,,2,2025-05-27 20:46:49,-78,E197FE3E,15284,,,D46BA6A2,
,,1,2025-05-27 20:46:50,-71,367E0F4A,20887,,,D46BA6A2,
,,3,2025-05-27 20:46:52,-77,23D9727E,22150,,,D46BA6A2,
,,4,2025-05-27 20:46:57,-74,367E0F4A,32418,,,D46BA6A2,
,,1,2025-05-27 20:46:57,-74,367E0F4A,32418,,,D46BA6A2,
,,3,2025-05-27 20:46:57,-74,367E0F4A,32418,,,D46BA6A2,
,,2,2025-05-27 20:46:57,-74,367E0F4A,32418,,,D46BA6A2,
,,1,2025-05-27 20:46:58,-68,59FE8D30,34340,,,D46BA6A2,
,,5,2025-05-27 20:46:58,-68,59FE8D30,34340,,,D46BA6A2,
,,2,2025-05-27 20:46:58,-68,59FE8D30,34340,,,D46BA6A2,
,,3,2025-05-27 20:46:58,-68,59FE8D30,34340,,,D46BA6A2,
,,4,2025-05-27 20:46:58,-68,59FE8D30,34340,,,D46BA6A2,
,,1,2025-05-27 20:46:59,-77,81D187E3,20907,,,D46BA6A2,
,,3,2025-05-27 20:46:59,-77,81D187E3,20907,,,D46BA6A2,
,,4,2025-05-27 20:46:59,-77,81D187E3,20907,,,D46BA6A2,
,,4,2025-05-27 20:46:59,-74,D7510A57,40700,,,D46BA6A2,
,,1,2025-05-27 20:46:59,-74,D7510A57,40700,,,D46BA6A2,
,,3,2025-05-27 20:46:59,-74,D7510A57,40700,,,D46BA6A2,
,,1,2025-05-27 20:46:46,-69,D7510A57,61510,,,7D769A01,
,,1,2025-05-27 20:46:42,-79,A648A0E7,19615,,,B995250B,
,,4,2025-05-27 20:46:42,-79,A648A0E7,19615,,,B995250B,
,,3,2025-05-27 20:47:00,-67,870614B1,20223,,,D46BA6A2,
,,1,2025-05-27 20:46:49,-78,59FE8D30,40406,,,7D769A01,
,,3,2025-05-27 20:47:00,-79,A648A0E7,57950,,,D46BA6A2,
,,4,2025-05-27 20:47:00,-79,A648A0E7,57950,,,D46BA6A2,
,,1,2025-05-27 20:46:49,-65,367E0F4A,770,,,7D769A01,
,,4,2025-05-27 20:47:01,-69,13323C65,25886,,,D46BA6A2,
,,3,2025-05-27 20:47:01,-69,13323C65,25886,,,D46BA6A2,
,,2,2025-05-27 20:47:01,-69,13323C65,25886,,,D46BA6A2,
,,2,2025-05-27 20:47:02,-69,59FE8D30,8329,,,D46BA6A2,
,,5,2025-05-27 20:47:02,-69,59FE8D30,8329,,,D46BA6A2,
,,1,2025-05-27 20:47:02,-69,59FE8D30,8329,,,D46BA6A2,
,,4,2025-05-27 20:47:02,-69,59FE8D30,8329,,,D46BA6A2,
,,3,2025-05-27 20:47:02,-69,59FE8D30,8329,,,D46BA6A2,
,,1,2025-05-27 20:46:50,-77,0000006E,55486,,,7D769A01,
,,1,2025-05-27 20:46:46,-79,A648A0E7,39407,,,B995250B,
,,4,2025-05-27 20:46:46,-79,A648A0E7,39407,,,B995250B,
,,1,2025-05-27 20:46:52,-79,81D187E3,33916,,,7D769A01,
,,1,2025-05-27 20:46:54,-74,A648A0E7,41374,,,7D769A01,
,,4,2025-05-27 20:46:48,-79,59FE8D30,10801,,,B995250B,
,,1,2025-05-27 20:46:48,-79,59FE8D30,10801,,,B995250B,
,,1,2025-05-27 20:47:00,-77,81D187E3,40652,,,7D769A01,
,,1,2025-05-27 20:47:01,-73,A648A0E7,22597,,,7D769A01,
,,1,2025-05-27 20:47:02,-68,D7510A57,26958,,,7D769A01,
,,1,2025-05-27 20:47:02,-64,367E0F4A,11081,,,7D769A01,
,,1,2025-05-27 20:47:03,-68,D7510A57,25347,,,7D769A01,
,,4,2025-05-27 20:46:44,-69,D7510A57,58971,,,520A3C5C,
,,1,2025-05-27 20:46:44,-69,D7510A57,58971,,,520A3C5C,
,,2,2025-05-27 20:46:44,-69,D7510A57,58971,,,520A3C5C,
,,5,2025-05-27 20:46:44,-69,D7510A57,58971,,,520A3C5C,
,,3,2025-05-27 20:46:44,-69,D7510A57,58971,,,520A3C5C,
,,3,2025-05-27 20:46:44,-77,59FE8D30,43634,,,520A3C5C,
,,4,2025-05-27 20:46:44,-77,59FE8D30,43634,,,520A3C5C,
,,2,2025-05-27 20:46:44,-77,59FE8D30,43634,,,520A3C5C,
,,5,2025-05-27 20:46:44,-77,59FE8D30,43634,,,520A3C5C,
,,4,2025-05-27 20:46:45,-70,13323C65,64060,,,520A3C5C,
,,2,2025-05-27 20:46:45,-70,13323C65,64060,,,520A3C5C,
,,1,2025-05-27 20:46:45,-70,13323C65,64060,,,520A3C5C,
,,5,2025-05-27 20:46:45,-70,13323C65,64060,,,520A3C5C,
,,3,2025-05-27 20:46:45,-70,13323C65,64060,,,520A3C5C,
,,5,2025-05-27 20:46:46,-67,D7510A57,61510,,,520A3C5C,
,,3,2025-05-27 20:46:46,-67,D7510A57,61510,,,520A3C5C,
,,2,2025-05-27 20:46:46,-67,D7510A57,61510,,,520A3C5C,
,,4,2025-05-27 20:46:46,-67,D7510A57,61510,,,520A3C5C,
,,5,2025-05-27 20:46:48,-71,13323C65,15379,,,520A3C5C,
,,1,2025-05-27 20:46:48,-71,13323C65,15379,,,520A3C5C,
,,2,2025-05-27 20:46:48,-71,13323C65,15379,,,520A3C5C,
,,3,2025-05-27 20:46:48,-71,13323C65,15379,,,520A3C5C,
,,4,2025-05-27 20:46:48,-71,13323C65,15379,,,520A3C5C,
,,3,2025-05-27 20:46:49,-74,367E0F4A,770,,,520A3C5C,
,,4,2025-05-27 20:46:49,-74,367E0F4A,770,,,520A3C5C,
,,5,2025-05-27 20:46:49,-74,367E0F4A,770,,,520A3C5C,
,,2,2025-05-27 20:46:49,-74,367E0F4A,770,,,520A3C5C,
,,4,2025-05-27 20:46:51,-69,870614B1,13945,,,520A3C5C,
,,2,2025-05-27 20:46:51,-69,870614B1,13945,,,520A3C5C,
,,5,2025-05-27 20:46:51,-69,870614B1,13945,,,520A3C5C,
,,5,2025-05-27 20:46:52,-75,367E0F4A,34987,,,520A3C5C,
,,3,2025-05-27 20:46:52,-75,367E0F4A,34987,,,520A3C5C,
,,4,2025-05-27 20:46:52,-75,367E0F4A,34987,,,520A3C5C,
,,2,2025-05-27 20:46:52,-75,367E0F4A,34987,,,520A3C5C,
,,5,2025-05-27 20:46:54,-76,59FE8D30,8020,,,520A3C5C,
,,5,2025-05-27 20:46:55,-70,59FE8D30,19784,,,520A3C5C,
,,5,2025-05-27 20:46:57,-71,367E0F4A,32418,,,520A3C5C,
,,3,2025-05-27 20:46:57,-71,367E0F4A,32418,,,520A3C5C,
,,2,2025-05-27 20:46:57,-71,367E0F4A,32418,,,520A3C5C,
,,4,2025-05-27 20:46:57,-71,367E0F4A,32418,,,520A3C5C,
,,4,2025-05-27 20:46:58,-75,59FE8D30,34340,,,520A3C5C,
,,5,2025-05-27 20:46:58,-75,59FE8D30,34340,,,520A3C5C,
,,3,2025-05-27 20:46:58,-75,59FE8D30,34340,,,520A3C5C,
,,2,2025-05-27 20:46:58,-75,59FE8D30,34340,,,520A3C5C,
,,2,2025-05-27 20:46:59,-68,A648A0E7,38810,,,520A3C5C,
,,4,2025-05-27 20:46:59,-68,A648A0E7,38810,,,520A3C5C,
,,3,2025-05-27 20:46:59,-68,A648A0E7,38810,,,520A3C5C,
,,5,2025-05-27 20:46:59,-68,A648A0E7,38810,,,520A3C5C,
,,2,2025-05-27 20:46:59,-69,13323C65,47427,,,520A3C5C,
,,4,2025-05-27 20:46:59,-69,13323C65,47427,,,520A3C5C,
,,3,2025-05-27 20:46:59,-69,13323C65,47427,,,520A3C5C,
,,5,2025-05-27 20:46:59,-69,13323C65,47427,,,520A3C5C,
,,5,2025-05-27 20:46:59,-70,D7510A57,40700,,,520A3C5C,
,,3,2025-05-27 20:47:01,-71,13323C65,25886,,,520A3C5C,
,,2,2025-05-27 20:47:01,-71,13323C65,25886,,,520A3C5C,
,,4,2025-05-27 20:47:01,-71,13323C65,25886,,,520A3C5C,
,,4,2025-05-27 20:47:02,-70,D7510A57,26958,,,520A3C5C,
,,1,2025-05-27 20:47:02,-70,D7510A57,26958,,,520A3C5C,
,,5,2025-05-27 20:47:02,-70,D7510A57,26958,,,520A3C5C,
,,2,2025-05-27 20:47:03,-68,D7510A57,25347,,,520A3C5C,
,,5,2025-05-27 20:47:03,-68,D7510A57,25347,,,520A3C5C,
,,3,2025-05-27 20:47:03,-68,D7510A57,25347,,,520A3C5C,
,,2,2025-05-27 20:47:04,-83,19836CFF,62012,,,520A3C5C,
,,5,2025-05-27 20:47:04,-83,19836CFF,62012,,,520A3C5C,
,,3,2025-05-27 20:47:04,-83,19836CFF,62012,,,520A3C5C,
,,3,2025-05-27 20:47:04,-79,23D9727E,25319,,,520A3C5C,
,,5,2025-05-27 20:47:04,-79,23D9727E,25319,,,520A3C5C,
,,4,2025-05-27 20:47:04,-79,23D9727E,25319,,,520A3C5C,
,,2,2025-05-27 20:47:04,-79,23D9727E,25319,,,520A3C5C,
,,2,2025-05-27 20:47:04,-70,D7510A57,31212,,,520A3C5C,
,,4,2025-05-27 20:47:06,-75,0000006E,65054,,,520A3C5C,
,,5,2025-05-27 20:47:06,-75,0000006E,65054,,,520A3C5C,
,,2,2025-05-27 20:47:06,-75,0000006E,65054,,,520A3C5C,
,,3,2025-05-27 20:47:06,-75,0000006E,65054,,,520A3C5C,
,,4,2025-05-27 20:47:06,-70,59FE8D30,37312,,,520A3C5C,
,,5,2025-05-27 20:47:06,-70,59FE8D30,37312,,,520A3C5C,
,,2,2025-05-27 20:47:06,-70,59FE8D30,37312,,,520A3C5C,
,,3,2025-05-27 20:47:06,-70,59FE8D30,37312,,,520A3C5C,
,,2,2025-05-27 20:47:06,-67,A648A0E7,22219,,,520A3C5C,
,,3,2025-05-27 20:47:06,-67,A648A0E7,22219,,,520A3C5C,
,,4,2025-05-27 20:47:06,-67,A648A0E7,22219,,,520A3C5C,
,,5,2025-05-27 20:47:06,-71,367E0F4A,5626,,,520A3C5C,
,,2,2025-05-27 20:47:06,-71,367E0F4A,5626,,,520A3C5C,
,,3,2025-05-27 20:47:06,-71,367E0F4A,5626,,,520A3C5C,
,,5,2025-05-27 20:47:07,-75,13323C65,46683,,,520A3C5C,
,,2,2025-05-27 20:47:07,-75,13323C65,46683,,,520A3C5C,
,,3,2025-05-27 20:47:07,-65,D7510A57,39322,,,520A3C5C,
,,1,2025-05-27 20:47:07,-65,D7510A57,39322,,,520A3C5C,
,,5,2025-05-27 20:47:07,-65,D7510A57,39322,,,520A3C5C,
,,4,2025-05-27 20:47:07,-65,D7510A57,39322,,,520A3C5C,
,,2,2025-05-27 20:47:07,-65,D7510A57,39322,,,520A3C5C,
,,2,2025-05-27 20:47:07,-71,07F9389E,16795,,,520A3C5C,
,,3,2025-05-27 20:47:07,-71,07F9389E,16795,,,520A3C5C,
,,5,2025-05-27 20:47:08,-74,A648A0E7,37278,,,520A3C5C,
,,4,2025-05-27 20:47:08,-74,A648A0E7,37278,,,520A3C5C,
,,2,2025-05-27 20:47:08,-74,A648A0E7,37278,,,520A3C5C,
,,3,2025-05-27 20:47:08,-74,A648A0E7,37278,,,520A3C5C,
,,5,2025-05-27 20:47:08,-76,59FE8D30,25222,,,520A3C5C,
,,2,2025-05-27 20:47:08,-76,59FE8D30,25222,,,520A3C5C,
,,3,2025-05-27 20:47:08,-76,59FE8D30,25222,,,520A3C5C,
,,1,2025-05-27 20:46:45,-78,367E0F4A,11726,,,CB4A1EAE,
,,4,2025-05-27 20:46:57,-77,A648A0E7,1386,,,CB4A1EAE,
,,1,2025-05-27 20:46:57,-77,A648A0E7,1386,,,CB4A1EAE,
,,1,2025-05-27 20:46:57,-83,870614B1,26714,,,CB4A1EAE,
,,1,2025-05-27 20:46:58,-84,A648A0E7,21942,,,CB4A1EAE,
,,1,2025-05-27 20:47:06,-80,59FE8D30,37312,,,CB4A1EAE,
,,4,2025-05-27 20:47:06,-80,59FE8D30,37312,,,CB4A1EAE,
,,5,2025-05-27 20:46:51,-68,13323C65,22019,,,AA4358FB,
,,5,2025-05-27 20:46:52,-67,81D187E3,54008,,,AA4358FB,
,,5,2025-05-27 20:46:52,-76,59FE8D30,58463,,,AA4358FB,
,,2,2025-05-27 20:46:54,-73,81D187E3,21372,,,AA4358FB,
,,1,2025-05-27 20:46:54,-73,81D187E3,21372,,,AA4358FB,
,,5,2025-05-27 20:46:54,-73,81D187E3,21372,,,AA4358FB,
,,3,2025-05-27 20:46:54,-78,D7510A57,45984,,,AA4358FB,
,,4,2025-05-27 20:46:54,-70,0000006E,35696,,,AA4358FB,
,,5,2025-05-27 20:46:54,-70,0000006E,35696,,,AA4358FB,
,,2,2025-05-27 20:46:54,-70,0000006E,35696,,,AA4358FB,
,,3,2025-05-27 20:46:54,-70,0000006E,35696,,,AA4358FB,
,,1,2025-05-27 20:46:54,-70,0000006E,35696,,,AA4358FB,
,,3,2025-05-27 20:46:54,-77,E2A807D7,43190,,,AA4358FB,
,,5,2025-05-27 20:46:54,-77,E2A807D7,43190,,,AA4358FB,
,,5,2025-05-27 20:46:55,-77,D7510A57,41889,,,AA4358FB,
,,5,2025-05-27 20:46:57,-71,0000006E,48004,,,AA4358FB,
,,5,2025-05-27 20:46:58,-65,367E0F4A,32418,,,AA4358FB,
,,3,2025-05-27 20:46:58,-65,367E0F4A,32418,,,AA4358FB,
,,5,2025-05-27 20:46:59,-77,59FE8D30,34340,,,AA4358FB,
,,3,2025-05-27 20:46:59,-77,59FE8D30,34340,,,AA4358FB,
,,5,2025-05-27 20:47:00,-71,13323C65,58380,,,AA4358FB,
,,4,2025-05-27 20:47:01,-78,870614B1,20223,,,AA4358FB,
,,3,2025-05-27 20:47:01,-78,870614B1,20223,,,AA4358FB,
,,5,2025-05-27 20:47:01,-78,870614B1,20223,,,AA4358FB,
,,5,2025-05-27 20:47:02,-74,A648A0E7,22597,,,AA4358FB,
,,1,2025-05-27 20:46:52,-78,D7510A57,4667,,,9CC5DC79,
,,4,2025-05-27 20:46:52,-78,D7510A57,4667,,,9CC5DC79,
,,3,2025-05-27 20:47:02,-77,59FE8D30,8329,,,AA4358FB,
,,5,2025-05-27 20:47:02,-77,59FE8D30,8329,,,AA4358FB,
,,4,2025-05-27 20:47:02,-77,59FE8D30,8329,,,AA4358FB,
,,1,2025-05-27 20:47:04,-72,81D187E3,61807,,,AA4358FB,
,,3,2025-05-27 20:47:05,-73,81D187E3,36303,,,AA4358FB,
,,3,2025-05-27 20:47:06,-68,81D187E3,15248,,,AA4358FB,
,,4,2025-05-27 20:47:06,-68,81D187E3,15248,,,AA4358FB,
,,5,2025-05-27 20:47:06,-68,81D187E3,15248,,,AA4358FB,
,,2,2025-05-27 20:46:58,-79,23D9727E,30951,,,9CC5DC79,
,,3,2025-05-27 20:46:58,-79,23D9727E,30951,,,9CC5DC79,
,,1,2025-05-27 20:46:58,-79,23D9727E,30951,,,9CC5DC79,
,,5,2025-05-27 20:47:07,-65,367E0F4A,5626,,,AA4358FB,
,,3,2025-05-27 20:47:07,-65,367E0F4A,5626,,,AA4358FB,
,,1,2025-05-27 20:46:58,-72,367E0F4A,63937,,,9CC5DC79,
,,5,2025-05-27 20:46:59,-75,A648A0E7,38810,,,9CC5DC79,
,,5,2025-05-27 20:47:09,-77,59FE8D30,25222,,,AA4358FB,
,,5,2025-05-27 20:47:10,-76,870614B1,34471,,,AA4358FB,
,,3,2025-05-27 20:47:10,-76,870614B1,34471,,,AA4358FB,
,,5,2025-05-27 20:47:11,-79,D7510A57,50159,,,AA4358FB,
,,1,2025-05-27 20:47:02,-82,367E0F4A,11081,,,9CC5DC79,
,,5,2025-05-27 20:47:02,-82,367E0F4A,11081,,,9CC5DC79,
,,1,2025-05-27 20:47:04,-72,367E0F4A,50764,,,9CC5DC79,
,,5,2025-05-27 20:47:06,-76,A648A0E7,22219,,,9CC5DC79,
,,2,2025-05-27 20:47:06,-71,870614B1,25199,,,9CC5DC79,
,,5,2025-05-27 20:47:06,-71,870614B1,25199,,,9CC5DC79,
,,3,2025-05-27 20:47:06,-71,870614B1,25199,,,9CC5DC79,
,,1,2025-05-27 20:47:06,-71,870614B1,25199,,,9CC5DC79,
,,4,2025-05-27 20:47:06,-71,870614B1,25199,,,9CC5DC79,
,,3,2025-05-27 20:47:07,-73,13323C65,46683,,,9CC5DC79,
,,1,2025-05-27 20:47:07,-73,13323C65,46683,,,9CC5DC79,
,,4,2025-05-27 20:47:07,-73,13323C65,46683,,,9CC5DC79,
,,2,2025-05-27 20:47:07,-73,13323C65,46683,,,9CC5DC79,
,,4,2025-05-27 20:47:07,-80,81D187E3,49036,,,9CC5DC79,
,,5,2025-05-27 20:47:07,-80,81D187E3,49036,,,9CC5DC79,
,,2,2025-05-27 20:47:07,-80,81D187E3,49036,,,9CC5DC79,
,,3,2025-05-27 20:47:07,-80,81D187E3,49036,,,9CC5DC79,
,,1,2025-05-27 20:47:07,-80,81D187E3,49036,,,9CC5DC79,
,,1,2025-05-27 20:47:08,-78,59FE8D30,25222,,,9CC5DC79,
,,5,2025-05-27 20:47:08,-78,59FE8D30,25222,,,9CC5DC79,
,,1,2025-05-27 20:47:09,-79,A648A0E7,31663,,,9CC5DC79,
,,1,2025-05-27 20:47:10,-78,59FE8D30,62504,,,7D769A01,
,,1,2025-05-27 20:47:12,-74,81D187E3,46501,,,7D769A01,
,,1,2025-05-27 20:47:12,-72,13323C65,45819,,,7D769A01,
,,1,2025-05-27 20:47:13,-73,13323C65,45418,,,7D769A01,
,,1,2025-05-27 20:47:13,-76,E2A807D7,24118,,,7D769A01,
,,1,2025-05-27 20:47:13,-65,367E0F4A,5417,,,7D769A01,
,,1,2025-05-27 20:47:13,-73,A648A0E7,10475,,,7D769A01,
,,1,2025-05-27 20:47:14,-71,59FE8D30,18688,,,7D769A01,
,,1,2025-05-27 20:47:17,-73,59FE8D30,55840,,,7D769A01,
,,1,2025-05-27 20:47:21,-72,870614B1,3643,,,7D769A01,
,,1,2025-05-27 20:46:57,-81,A648A0E7,1386,,,4D64B5B5,
,,4,2025-05-27 20:46:57,-81,A648A0E7,1386,,,4D64B5B5,
,,1,2025-05-27 20:46:59,-78,81D187E3,20907,,,4D64B5B5,
,,4,2025-05-27 20:46:59,-78,81D187E3,20907,,,4D64B5B5,
,,4,2025-05-27 20:47:03,-72,07F9389E,62435,,,4D64B5B5,
,,1,2025-05-27 20:47:03,-72,07F9389E,62435,,,4D64B5B5,
,,1,2025-05-27 20:47:03,-80,13323C65,56970,,,4D64B5B5,
,,1,2025-05-27 20:47:04,-78,367E0F4A,17484,,,4D64B5B5,
,,1,2025-05-27 20:47:07,-71,D7510A57,39322,,,4D64B5B5,
,,4,2025-05-27 20:47:13,-73,07F9389E,62546,,,4D64B5B5,
,,1,2025-05-27 20:47:13,-73,07F9389E,62546,,,4D64B5B5,
,,1,2025-05-27 20:47:14,-72,D7510A57,15304,,,4D64B5B5,
,,4,2025-05-27 20:47:14,-72,D7510A57,15304,,,4D64B5B5,
,,1,2025-05-27 20:47:16,-76,870614B1,19279,,,4D64B5B5,
,,4,2025-05-27 20:47:16,-76,870614B1,19279,,,4D64B5B5,
,,4,2025-05-27 20:47:03,-66,D7510A57,25347,,,D46BA6A2,
,,1,2025-05-27 20:47:03,-66,D7510A57,25347,,,D46BA6A2,
,,3,2025-05-27 20:47:03,-66,D7510A57,25347,,,D46BA6A2,
,,4,2025-05-27 20:47:03,-68,870614B1,22376,,,D46BA6A2,
,,1,2025-05-27 20:47:03,-68,870614B1,22376,,,D46BA6A2,
,,3,2025-05-27 20:47:03,-68,870614B1,22376,,,D46BA6A2,
,,1,2025-05-27 20:47:04,-68,59FE8D30,47157,,,D46BA6A2,
,,3,2025-05-27 20:47:04,-68,59FE8D30,47157,,,D46BA6A2,
,,5,2025-05-27 20:47:04,-68,59FE8D30,47157,,,D46BA6A2,
,,2,2025-05-27 20:47:04,-68,59FE8D30,47157,,,D46BA6A2,
,,4,2025-05-27 20:47:04,-68,59FE8D30,47157,,,D46BA6A2,
,,4,2025-05-27 20:47:17,-72,D7510A57,37041,,,4D64B5B5,
,,1,2025-05-27 20:47:17,-72,D7510A57,37041,,,4D64B5B5,
,,2,2025-05-27 20:47:04,-81,E197FE3E,48865,,,D46BA6A2,
,,5,2025-05-27 20:47:04,-81,E197FE3E,48865,,,D46BA6A2,
,,1,2025-05-27 20:47:04,-81,E197FE3E,48865,,,D46BA6A2,
,,4,2025-05-27 20:47:04,-81,E197FE3E,48865,,,D46BA6A2,
,,3,2025-05-27 20:47:04,-81,E197FE3E,48865,,,D46BA6A2,
,,3,2025-05-27 20:47:05,-66,0000006E,65054,,,D46BA6A2,
,,2,2025-05-27 20:47:05,-66,0000006E,65054,,,D46BA6A2,
,,4,2025-05-27 20:47:22,-76,870614B1,3643,,,4D64B5B5,
,,4,2025-05-27 20:47:07,-78,B78FE24A,20499,,,D46BA6A2,
,,2,2025-05-27 20:47:07,-78,B78FE24A,20499,,,D46BA6A2,
,,1,2025-05-27 20:47:07,-78,B78FE24A,20499,,,D46BA6A2,
,,5,2025-05-27 20:47:07,-78,B78FE24A,20499,,,D46BA6A2,
,,3,2025-05-27 20:47:07,-78,B78FE24A,20499,,,D46BA6A2,
,,3,2025-05-27 20:47:07,-71,07F9389E,16795,,,D46BA6A2,
,,3,2025-05-27 20:47:08,-69,13323C65,38848,,,D46BA6A2,
,,4,2025-05-27 20:47:08,-69,13323C65,38848,,,D46BA6A2,
,,2,2025-05-27 20:47:08,-69,13323C65,38848,,,D46BA6A2,
,,5,2025-05-27 20:47:08,-69,13323C65,38848,,,D46BA6A2,
,,1,2025-05-27 20:47:08,-69,13323C65,38848,,,D46BA6A2,
,,1,2025-05-27 20:47:12,-70,A648A0E7,17200,,,D46BA6A2,
,,2,2025-05-27 20:47:13,-70,367E0F4A,5417,,,D46BA6A2,
,,4,2025-05-27 20:47:13,-70,367E0F4A,5417,,,D46BA6A2,
,,1,2025-05-27 20:47:13,-70,367E0F4A,5417,,,D46BA6A2,
,,3,2025-05-27 20:47:13,-70,367E0F4A,5417,,,D46BA6A2,
,,3,2025-05-27 20:47:13,-71,A648A0E7,10475,,,D46BA6A2,
,,5,2025-05-27 20:47:14,-72,0000006E,22226,,,D46BA6A2,
,,3,2025-05-27 20:47:14,-72,0000006E,22226,,,D46BA6A2,
,,1,2025-05-27 20:47:14,-72,0000006E,22226,,,D46BA6A2,
,,4,2025-05-27 20:47:14,-72,0000006E,22226,,,D46BA6A2,
,,3,2025-05-27 20:47:15,-69,13323C65,20277,,,D46BA6A2,
,,1,2025-05-27 20:47:19,-78,E2A807D7,65316,,,D46BA6A2,
,,1,2025-05-27 20:47:22,-67,D7510A57,8187,,,D46BA6A2,
,,1,2025-05-27 20:47:23,-66,D7510A57,50838,,,D46BA6A2,
,,1,2025-05-27 20:47:24,-76,B78FE24A,43672,,,D46BA6A2,
,,3,2025-05-27 20:47:25,-71,A648A0E7,55494,,,D46BA6A2,
,,1,2025-05-27 20:47:26,-78,A648A0E7,38993,,,D46BA6A2,
,,3,2025-05-27 20:47:27,-68,59FE8D30,44486,,,D46BA6A2,
,,1,2025-05-27 20:47:01,-75,59FE8D30,12969,,,7378B941,
,,2,2025-05-27 20:47:27,-67,D7510A57,22248,,,D46BA6A2,
,,1,2025-05-27 20:47:27,-67,D7510A57,22248,,,D46BA6A2,
,,4,2025-05-27 20:47:27,-67,D7510A57,22248,,,D46BA6A2,
,,3,2025-05-27 20:47:27,-67,D7510A57,22248,,,D46BA6A2,
,,5,2025-05-27 20:47:09,-76,59FE8D30,33433,,,520A3C5C,
,,2,2025-05-27 20:47:10,-76,81D187E3,11410,,,520A3C5C,
,,5,2025-05-27 20:47:10,-76,81D187E3,11410,,,520A3C5C,
,,4,2025-05-27 20:47:10,-76,81D187E3,11410,,,520A3C5C,
,,3,2025-05-27 20:47:10,-76,81D187E3,11410,,,520A3C5C,
,,5,2025-05-27 20:47:10,-71,D7510A57,50159,,,520A3C5C,
,,5,2025-05-27 20:47:10,-77,59FE8D30,62504,,,520A3C5C,
,,4,2025-05-27 20:47:10,-77,59FE8D30,62504,,,520A3C5C,
,,3,2025-05-27 20:47:10,-77,59FE8D30,62504,,,520A3C5C,
,,2,2025-05-27 20:47:10,-77,59FE8D30,62504,,,520A3C5C,
,,1,2025-05-27 20:47:04,-77,13323C65,150,,,7378B941,
,,1,2025-05-27 20:47:12,-70,13323C65,45819,,,520A3C5C,
,,4,2025-05-27 20:47:12,-70,13323C65,45819,,,520A3C5C,
,,5,2025-05-27 20:47:13,-74,367E0F4A,26784,,,520A3C5C,
,,3,2025-05-27 20:47:13,-76,13323C65,45418,,,520A3C5C,
,,2,2025-05-27 20:47:13,-76,13323C65,45418,,,520A3C5C,
,,4,2025-05-27 20:47:13,-76,13323C65,45418,,,520A3C5C,
,,5,2025-05-27 20:47:13,-76,13323C65,45418,,,520A3C5C,
,,2,2025-05-27 20:47:14,-75,367E0F4A,5417,,,520A3C5C,
,,3,2025-05-27 20:47:14,-75,367E0F4A,5417,,,520A3C5C,
,,4,2025-05-27 20:47:14,-75,367E0F4A,5417,,,520A3C5C,
,,5,2025-05-27 20:47:14,-70,D7510A57,15304,,,520A3C5C,
,,2,2025-05-27 20:47:14,-70,D7510A57,15304,,,520A3C5C,
,,3,2025-05-27 20:47:14,-70,D7510A57,15304,,,520A3C5C,
,,2,2025-05-27 20:47:15,-74,0000006E,22226,,,520A3C5C,
,,3,2025-05-27 20:47:15,-74,0000006E,22226,,,520A3C5C,
,,4,2025-05-27 20:47:15,-74,0000006E,22226,,,520A3C5C,
,,5,2025-05-27 20:47:15,-74,0000006E,22226,,,520A3C5C,
,,2,2025-05-27 20:47:15,-68,13323C65,20277,,,520A3C5C,
,,3,2025-05-27 20:47:15,-68,13323C65,20277,,,520A3C5C,
,,4,2025-05-27 20:47:15,-68,13323C65,20277,,,520A3C5C,
,,5,2025-05-27 20:47:15,-68,13323C65,20277,,,520A3C5C,
,,5,2025-05-27 20:47:11,-77,59FE8D30,14255,,,7378B941,
,,5,2025-05-27 20:47:15,-65,870614B1,19279,,,520A3C5C,
,,2,2025-05-27 20:47:15,-65,870614B1,19279,,,520A3C5C,
,,3,2025-05-27 20:47:15,-65,870614B1,19279,,,520A3C5C,
,,4,2025-05-27 20:47:15,-65,870614B1,19279,,,520A3C5C,
,,1,2025-05-27 20:47:15,-65,870614B1,19279,,,520A3C5C,
,,5,2025-05-27 20:47:16,-84,19836CFF,18768,,,520A3C5C,
,,4,2025-05-27 20:47:17,-69,13323C65,47239,,,520A3C5C,
,,5,2025-05-27 20:47:17,-69,13323C65,47239,,,520A3C5C,
,,3,2025-05-27 20:47:17,-71,07F9389E,22056,,,520A3C5C,
,,4,2025-05-27 20:47:17,-71,07F9389E,22056,,,520A3C5C,
,,1,2025-05-27 20:47:17,-71,07F9389E,22056,,,520A3C5C,
,,5,2025-05-27 20:47:17,-71,07F9389E,22056,,,520A3C5C,
,,2,2025-05-27 20:47:17,-71,07F9389E,22056,,,520A3C5C,
,,5,2025-05-27 20:47:15,-77,A648A0E7,28134,,,7378B941,
,,5,2025-05-27 20:47:18,-74,0000006E,51220,,,520A3C5C,
,,2,2025-05-27 20:47:18,-74,0000006E,51220,,,520A3C5C,
,,4,2025-05-27 20:47:18,-74,0000006E,51220,,,520A3C5C,
,,3,2025-05-27 20:47:18,-74,0000006E,51220,,,520A3C5C,
,,3,2025-05-27 20:47:18,-76,13323C65,24674,,,520A3C5C,
,,5,2025-05-27 20:47:18,-76,13323C65,24674,,,520A3C5C,
,,2,2025-05-27 20:47:18,-76,13323C65,24674,,,520A3C5C,
,,1,2025-05-27 20:47:18,-76,13323C65,24674,,,520A3C5C,
,,4,2025-05-27 20:47:18,-76,13323C65,24674,,,520A3C5C,
,,5,2025-05-27 20:47:18,-65,870614B1,19261,,,520A3C5C,
,,2,2025-05-27 20:47:18,-65,870614B1,19261,,,520A3C5C,
,,3,2025-05-27 20:47:18,-65,870614B1,19261,,,520A3C5C,
,,1,2025-05-27 20:47:17,-81,81D187E3,40040,,,7378B941,
,,5,2025-05-27 20:47:17,-81,81D187E3,40040,,,7378B941,
,,5,2025-05-27 20:47:19,-71,D7510A57,51749,,,520A3C5C,
,,5,2025-05-27 20:47:17,-74,07F9389E,22056,,,7378B941,
,,1,2025-05-27 20:47:17,-74,07F9389E,22056,,,7378B941,
,,4,2025-05-27 20:47:17,-74,07F9389E,22056,,,7378B941,
,,4,2025-05-27 20:47:22,-67,D7510A57,8187,,,520A3C5C,
,,2,2025-05-27 20:47:22,-67,D7510A57,8187,,,520A3C5C,
,,5,2025-05-27 20:47:22,-67,D7510A57,8187,,,520A3C5C,
,,3,2025-05-27 20:47:22,-67,D7510A57,8187,,,520A3C5C,
,,3,2025-05-27 20:47:22,-76,59FE8D30,32514,,,520A3C5C,
,,1,2025-05-27 20:47:22,-76,59FE8D30,32514,,,520A3C5C,
,,4,2025-05-27 20:47:22,-76,59FE8D30,32514,,,520A3C5C,
,,2,2025-05-27 20:47:22,-76,59FE8D30,32514,,,520A3C5C,
,,5,2025-05-27 20:47:22,-76,59FE8D30,32514,,,520A3C5C,
,,5,2025-05-27 20:47:17,-79,367E0F4A,30269,,,7378B941,
,,4,2025-05-27 20:47:23,-76,59FE8D30,52137,,,520A3C5C,
,,2,2025-05-27 20:47:23,-76,59FE8D30,52137,,,520A3C5C,
,,3,2025-05-27 20:47:23,-76,59FE8D30,52137,,,520A3C5C,
,,5,2025-05-27 20:47:23,-76,59FE8D30,52137,,,520A3C5C,
,,5,2025-05-27 20:47:24,-72,367E0F4A,18918,,,520A3C5C,
,,5,2025-05-27 20:47:24,-76,870614B1,49389,,,7378B941,
,,5,2025-05-27 20:47:25,-81,367E0F4A,23191,,,7378B941,
,,1,2025-05-27 20:47:25,-81,367E0F4A,23191,,,7378B941,
,,3,2025-05-27 20:47:27,-65,870614B1,24987,,,520A3C5C,
,,2,2025-05-27 20:47:27,-65,870614B1,24987,,,520A3C5C,
,,1,2025-05-27 20:47:27,-65,870614B1,24987,,,520A3C5C,
,,4,2025-05-27 20:47:27,-65,870614B1,24987,,,520A3C5C,
,,2,2025-05-27 20:47:28,-74,23D9727E,10492,,,520A3C5C,
,,5,2025-05-27 20:47:28,-74,23D9727E,10492,,,520A3C5C,
,,3,2025-05-27 20:47:28,-74,23D9727E,10492,,,520A3C5C,
,,5,2025-05-27 20:47:27,-77,A648A0E7,39321,,,7378B941,
,,4,2025-05-27 20:47:30,-77,81D187E3,36649,,,520A3C5C,
,,5,2025-05-27 20:47:27,-78,870614B1,24987,,,7378B941,
,,1,2025-05-27 20:47:16,-79,13323C65,61974,,,B995250B,
,,4,2025-05-27 20:47:16,-79,13323C65,61974,,,B995250B,
,,4,2025-05-27 20:47:26,-80,A648A0E7,38993,,,B995250B,
,,1,2025-05-27 20:47:26,-80,A648A0E7,38993,,,B995250B,
,,1,2025-05-27 20:47:33,-73,D7510A57,2822,,,B995250B,
,,4,2025-05-27 20:47:33,-73,D7510A57,2822,,,B995250B,
,,1,2025-05-27 20:47:24,-76,81D187E3,32552,,,7D769A01,
,,1,2025-05-27 20:47:25,-67,367E0F4A,1369,,,7D769A01,
,,1,2025-05-27 20:47:26,-73,81D187E3,35281,,,7D769A01,
,,1,2025-05-27 20:47:26,-74,0000006E,29871,,,7D769A01,
,,1,2025-05-27 20:47:26,-67,367E0F4A,36584,,,7D769A01,
,,1,2025-05-27 20:47:27,-82,E2A807D7,33351,,,7D769A01,
,,1,2025-05-27 20:47:29,-76,81D187E3,54173,,,7D769A01,
,,1,2025-05-27 20:47:25,-80,A648A0E7,55494,,,CB4A1EAE,
,,4,2025-05-27 20:47:25,-80,A648A0E7,55494,,,CB4A1EAE,
,,1,2025-05-27 20:47:25,-82,D7510A57,941,,,CB4A1EAE,
,,4,2025-05-27 20:47:25,-82,D7510A57,941,,,CB4A1EAE,
,,1,2025-05-27 20:47:30,-76,E2A807D7,17639,,,7D769A01,
,,1,2025-05-27 20:47:29,-74,D7510A57,29595,,,CB4A1EAE,
,,4,2025-05-27 20:47:29,-74,D7510A57,29595,,,CB4A1EAE,
,,1,2025-05-27 20:47:35,-80,B78FE24A,46057,,,7D769A01,
,,1,2025-05-27 20:47:36,-76,E2A807D7,25262,,,7D769A01,
,,4,2025-05-27 20:47:35,-80,13323C65,31750,,,CB4A1EAE,
,,1,2025-05-27 20:47:35,-78,367E0F4A,58890,,,CB4A1EAE,
,,1,2025-05-27 20:47:37,-67,367E0F4A,22059,,,7D769A01,
,,4,2025-05-27 20:47:36,-84,D7510A57,57775,,,CB4A1EAE,
,,1,2025-05-27 20:47:36,-84,D7510A57,57775,,,CB4A1EAE,
,,1,2025-05-27 20:47:37,-78,367E0F4A,22059,,,CB4A1EAE,
,,4,2025-05-27 20:47:37,-78,367E0F4A,22059,,,CB4A1EAE,
,,1,2025-05-27 20:47:38,-78,367E0F4A,45655,,,CB4A1EAE,
,,4,2025-05-27 20:47:38,-78,367E0F4A,45655,,,CB4A1EAE,
,,1,2025-05-27 20:47:39,-78,367E0F4A,13399,,,CB4A1EAE,
,,1,2025-05-27 20:47:39,-83,D7510A57,60055,,,CB4A1EAE,
,,4,2025-05-27 20:47:39,-83,D7510A57,60055,,,CB4A1EAE,
,,1,2025-05-27 20:47:41,-69,D7510A57,20369,,,7D769A01,
,,4,2025-05-27 20:47:13,-67,81D187E3,46501,,,AA4358FB,
,,2,2025-05-27 20:47:13,-67,81D187E3,46501,,,AA4358FB,
,,3,2025-05-27 20:47:13,-67,81D187E3,46501,,,AA4358FB,
,,5,2025-05-27 20:47:13,-67,81D187E3,46501,,,AA4358FB,
,,5,2025-05-27 20:47:14,-68,13323C65,45418,,,AA4358FB,
,,2,2025-05-27 20:47:14,-75,D7510A57,4306,,,AA4358FB,
,,3,2025-05-27 20:47:14,-75,D7510A57,4306,,,AA4358FB,
,,4,2025-05-27 20:47:14,-75,D7510A57,4306,,,AA4358FB,
,,5,2025-05-27 20:47:14,-75,D7510A57,4306,,,AA4358FB,
,,5,2025-05-27 20:47:15,-68,81D187E3,64540,,,AA4358FB,
,,2,2025-05-27 20:47:15,-68,81D187E3,64540,,,AA4358FB,
,,3,2025-05-27 20:47:15,-68,81D187E3,64540,,,AA4358FB,
,,2,2025-05-27 20:47:15,-64,0000006E,22226,,,AA4358FB,
,,3,2025-05-27 20:47:15,-64,0000006E,22226,,,AA4358FB,
,,5,2025-05-27 20:47:15,-64,0000006E,22226,,,AA4358FB,
,,5,2025-05-27 20:47:17,-76,D7510A57,14968,,,AA4358FB,
,,5,2025-05-27 20:47:18,-65,367E0F4A,30269,,,AA4358FB,
,,5,2025-05-27 20:47:18,-78,A648A0E7,8783,,,AA4358FB,
,,5,2025-05-27 20:47:19,-78,E85FB74C,63330,,,AA4358FB,
,,5,2025-05-27 20:47:21,-66,0000006E,29315,,,AA4358FB,
,,4,2025-05-27 20:47:22,-77,D7510A57,47941,,,AA4358FB,
,,3,2025-05-27 20:47:22,-77,D7510A57,47941,,,AA4358FB,
,,1,2025-05-27 20:47:22,-77,D7510A57,47941,,,AA4358FB,
,,2,2025-05-27 20:47:25,-63,367E0F4A,23191,,,AA4358FB,
,,4,2025-05-27 20:47:25,-63,367E0F4A,23191,,,AA4358FB,
,,5,2025-05-27 20:47:25,-63,367E0F4A,23191,,,AA4358FB,
,,3,2025-05-27 20:47:25,-63,367E0F4A,23191,,,AA4358FB,
,,2,2025-05-27 20:47:18,-83,81D187E3,20680,,,9CC5DC79,
,,4,2025-05-27 20:47:18,-83,81D187E3,20680,,,9CC5DC79,
,,5,2025-05-27 20:47:18,-83,81D187E3,20680,,,9CC5DC79,
,,3,2025-05-27 20:47:18,-83,81D187E3,20680,,,9CC5DC79,
,,1,2025-05-27 20:47:18,-83,81D187E3,20680,,,9CC5DC79,
,,2,2025-05-27 20:47:26,-65,367E0F4A,1369,,,AA4358FB,
,,5,2025-05-27 20:47:26,-65,367E0F4A,1369,,,AA4358FB,
,,3,2025-05-27 20:47:26,-65,367E0F4A,1369,,,AA4358FB,
,,1,2025-05-27 20:47:22,-72,367E0F4A,26853,,,9CC5DC79,
,,5,2025-05-27 20:47:24,-71,870614B1,49389,,,9CC5DC79,
,,1,2025-05-27 20:47:24,-71,870614B1,49389,,,9CC5DC79,
,,5,2025-05-27 20:47:27,-64,0000006E,29871,,,AA4358FB,
,,3,2025-05-27 20:47:27,-64,0000006E,29871,,,AA4358FB,
,,5,2025-05-27 20:47:26,-73,13323C65,34455,,,9CC5DC79,
,,1,2025-05-27 20:47:27,-79,59FE8D30,44486,,,9CC5DC79,
,,5,2025-05-27 20:47:28,-77,D7510A57,22248,,,AA4358FB,
,,1,2025-05-27 20:47:27,-76,07F9389E,38994,,,9CC5DC79,
,,1,2025-05-27 20:47:30,-69,13323C65,7195,,,AA4358FB,
,,1,2025-05-27 20:47:30,-79,59FE8D30,32973,,,9CC5DC79,
,,3,2025-05-27 20:47:30,-79,59FE8D30,32973,,,9CC5DC79,
,,4,2025-05-27 20:47:30,-79,59FE8D30,32973,,,9CC5DC79,
,,5,2025-05-27 20:47:31,-81,B78FE24A,46960,,,AA4358FB,
,,2,2025-05-27 20:47:31,-81,B78FE24A,46960,,,AA4358FB,
,,5,2025-05-27 20:47:31,-66,367E0F4A,41156,,,AA4358FB,
,,5,2025-05-27 20:47:34,-72,367E0F4A,22001,,,9CC5DC79,
,,5,2025-05-27 20:47:34,-76,D7510A57,17402,,,9CC5DC79,
,,1,2025-05-27 20:47:24,-78,81D187E3,32552,,,4D64B5B5,
,,3,2025-05-27 20:47:35,-79,A648A0E7,30058,,,9CC5DC79,
,,5,2025-05-27 20:47:35,-79,A648A0E7,30058,,,9CC5DC79,
,,4,2025-05-27 20:47:35,-79,A648A0E7,30058,,,9CC5DC79,
,,1,2025-05-27 20:47:35,-79,A648A0E7,30058,,,9CC5DC79,
,,3,2025-05-27 20:47:34,-71,81D187E3,45842,,,AA4358FB,
,,4,2025-05-27 20:47:34,-71,81D187E3,45842,,,AA4358FB,
,,2,2025-05-27 20:47:34,-71,81D187E3,45842,,,AA4358FB,
,,5,2025-05-27 20:47:34,-71,81D187E3,45842,,,AA4358FB,
,,2,2025-05-27 20:47:36,-71,367E0F4A,39621,,,9CC5DC79,
,,5,2025-05-27 20:47:36,-71,367E0F4A,39621,,,9CC5DC79,
,,4,2025-05-27 20:47:36,-71,367E0F4A,39621,,,9CC5DC79,
,,1,2025-05-27 20:47:36,-71,367E0F4A,39621,,,9CC5DC79,
,,3,2025-05-27 20:47:36,-71,367E0F4A,39621,,,9CC5DC79,
,,1,2025-05-27 20:47:34,-65,367E0F4A,22001,,,AA4358FB,
,,5,2025-05-27 20:47:35,-68,81D187E3,36440,,,AA4358FB,
,,1,2025-05-27 20:47:35,-68,81D187E3,36440,,,AA4358FB,
,,3,2025-05-27 20:47:37,-84,13323C65,61006,,,9CC5DC79,
,,5,2025-05-27 20:47:37,-84,13323C65,61006,,,9CC5DC79,
,,5,2025-05-27 20:47:37,-82,81D187E3,9527,,,9CC5DC79,
,,3,2025-05-27 20:47:37,-82,81D187E3,9527,,,9CC5DC79,
,,4,2025-05-27 20:47:37,-82,81D187E3,9527,,,9CC5DC79,
,,1,2025-05-27 20:47:37,-82,81D187E3,9527,,,9CC5DC79,
,,2,2025-05-27 20:47:37,-82,81D187E3,9527,,,9CC5DC79,
,,5,2025-05-27 20:47:37,-69,81D187E3,45833,,,AA4358FB,
,,3,2025-05-27 20:47:37,-69,81D187E3,45833,,,AA4358FB,
,,4,2025-05-27 20:47:37,-69,81D187E3,45833,,,AA4358FB,
,,1,2025-05-27 20:47:37,-69,81D187E3,45833,,,AA4358FB,
,,2,2025-05-27 20:47:37,-69,81D187E3,45833,,,AA4358FB,
,,2,2025-05-27 20:47:38,-73,13323C65,44327,,,9CC5DC79,
,,4,2025-05-27 20:47:38,-73,13323C65,44327,,,9CC5DC79,
,,5,2025-05-27 20:47:38,-73,13323C65,44327,,,9CC5DC79,
,,3,2025-05-27 20:47:38,-73,13323C65,44327,,,9CC5DC79,
,,1,2025-05-27 20:47:38,-73,13323C65,44327,,,9CC5DC79,
,,1,2025-05-27 20:47:28,-71,D7510A57,7949,,,4D64B5B5,
,,4,2025-05-27 20:47:28,-71,D7510A57,7949,,,4D64B5B5,
,,1,2025-05-27 20:47:39,-77,D7510A57,60055,,,9CC5DC79,
,,2,2025-05-27 20:47:39,-77,D7510A57,60055,,,9CC5DC79,
,,5,2025-05-27 20:47:39,-77,D7510A57,60055,,,9CC5DC79,
,,1,2025-05-27 20:47:40,-79,23D9727E,536,,,9CC5DC79,
,,5,2025-05-27 20:47:41,-84,59FE8D30,14088,,,9CC5DC79,
,,2,2025-05-27 20:47:41,-84,59FE8D30,14088,,,9CC5DC79,
,,1,2025-05-27 20:47:41,-84,59FE8D30,14088,,,9CC5DC79,
,,3,2025-05-27 20:47:41,-84,59FE8D30,14088,,,9CC5DC79,
,,4,2025-05-27 20:47:41,-84,59FE8D30,14088,,,9CC5DC79,
,,4,2025-05-27 20:47:33,-71,367E0F4A,14322,,,4D64B5B5,
,,1,2025-05-27 20:47:33,-71,367E0F4A,14322,,,4D64B5B5,
,,3,2025-05-27 20:47:43,-77,07F9389E,38022,,,9CC5DC79,
,,1,2025-05-27 20:47:43,-77,07F9389E,38022,,,9CC5DC79,
,,4,2025-05-27 20:47:43,-77,07F9389E,38022,,,9CC5DC79,
,,5,2025-05-27 20:47:43,-77,07F9389E,38022,,,9CC5DC79,
,,2,2025-05-27 20:47:43,-77,07F9389E,38022,,,9CC5DC79,
,,1,2025-05-27 20:47:43,-78,59FE8D30,60403,,,9CC5DC79,
,,4,2025-05-27 20:47:33,-69,D7510A57,2822,,,4D64B5B5,
,,1,2025-05-27 20:47:33,-69,D7510A57,2822,,,4D64B5B5,
,,1,2025-05-27 20:47:43,-82,81D187E3,27497,,,9CC5DC79,
,,1,2025-05-27 20:47:34,-72,D7510A57,17402,,,4D64B5B5,
,,4,2025-05-27 20:47:39,-72,81D187E3,32564,,,4D64B5B5,
,,4,2025-05-27 20:47:40,-75,81D187E3,58323,,,4D64B5B5,
,,1,2025-05-27 20:47:40,-75,81D187E3,58323,,,4D64B5B5,
,,4,2025-05-27 20:47:46,-77,13323C65,46871,,,4D64B5B5,
,,2,2025-05-27 20:47:28,-66,D7510A57,7949,,,D46BA6A2,
,,5,2025-05-27 20:47:28,-66,D7510A57,7949,,,D46BA6A2,
,,3,2025-05-27 20:47:28,-66,D7510A57,7949,,,D46BA6A2,
,,1,2025-05-27 20:47:28,-66,D7510A57,7949,,,D46BA6A2,
,,4,2025-05-27 20:47:28,-66,D7510A57,7949,,,D46BA6A2,
,,5,2025-05-27 20:47:32,-79,E2A807D7,12336,,,520A3C5C,
,,4,2025-05-27 20:47:32,-79,E2A807D7,12336,,,520A3C5C,
,,2,2025-05-27 20:47:32,-79,E2A807D7,12336,,,520A3C5C,
,,3,2025-05-27 20:47:32,-79,E2A807D7,12336,,,520A3C5C,
,,2,2025-05-27 20:47:33,-71,13323C65,31262,,,520A3C5C,
,,5,2025-05-27 20:47:33,-71,13323C65,31262,,,520A3C5C,
,,4,2025-05-27 20:47:33,-71,13323C65,31262,,,520A3C5C,
,,3,2025-05-27 20:47:33,-71,13323C65,31262,,,520A3C5C,
,,1,2025-05-27 20:47:30,-71,870614B1,54496,,,D46BA6A2,
,,3,2025-05-27 20:47:35,-67,13323C65,31750,,,520A3C5C,
,,5,2025-05-27 20:47:35,-67,13323C65,31750,,,520A3C5C,
,,1,2025-05-27 20:47:35,-67,13323C65,31750,,,520A3C5C,
,,2,2025-05-27 20:47:35,-67,13323C65,31750,,,520A3C5C,
,,4,2025-05-27 20:47:35,-67,13323C65,31750,,,520A3C5C,
,,5,2025-05-27 20:47:35,-68,A648A0E7,30058,,,520A3C5C,
,,4,2025-05-27 20:47:35,-68,A648A0E7,30058,,,520A3C5C,
,,4,2025-05-27 20:47:31,-67,D7510A57,42819,,,D46BA6A2,
,,3,2025-05-27 20:47:31,-67,D7510A57,42819,,,D46BA6A2,
,,5,2025-05-27 20:47:31,-67,D7510A57,42819,,,D46BA6A2,
,,2,2025-05-27 20:47:31,-67,D7510A57,42819,,,D46BA6A2,
,,1,2025-05-27 20:47:31,-67,D7510A57,42819,,,D46BA6A2,
,,1,2025-05-27 20:47:32,-69,13323C65,31262,,,D46BA6A2,
,,3,2025-05-27 20:47:37,-70,13323C65,61006,,,520A3C5C,
,,4,2025-05-27 20:47:37,-70,13323C65,61006,,,520A3C5C,
,,2,2025-05-27 20:47:37,-70,13323C65,61006,,,520A3C5C,
,,5,2025-05-27 20:47:37,-70,13323C65,61006,,,520A3C5C,
,,5,2025-05-27 20:47:37,-70,367E0F4A,22059,,,520A3C5C,
,,2,2025-05-27 20:47:37,-70,367E0F4A,22059,,,520A3C5C,
,,3,2025-05-27 20:47:37,-70,367E0F4A,22059,,,520A3C5C,
,,4,2025-05-27 20:47:37,-70,367E0F4A,22059,,,520A3C5C,
,,3,2025-05-27 20:47:35,-77,A648A0E7,30058,,,D46BA6A2,
,,3,2025-05-27 20:47:37,-74,A648A0E7,19081,,,520A3C5C,
,,1,2025-05-27 20:47:35,-67,D7510A57,12230,,,D46BA6A2,
,,3,2025-05-27 20:47:35,-67,D7510A57,12230,,,D46BA6A2,
,,2,2025-05-27 20:47:35,-67,D7510A57,12230,,,D46BA6A2,
,,4,2025-05-27 20:47:35,-67,D7510A57,12230,,,D46BA6A2,
,,5,2025-05-27 20:47:35,-67,D7510A57,12230,,,D46BA6A2,
,,3,2025-05-27 20:47:35,-65,59FE8D30,43372,,,D46BA6A2,
,,2,2025-05-27 20:47:35,-65,59FE8D30,43372,,,D46BA6A2,
,,2,2025-05-27 20:47:36,-71,367E0F4A,39621,,,D46BA6A2,
,,5,2025-05-27 20:47:36,-71,367E0F4A,39621,,,D46BA6A2,
,,3,2025-05-27 20:47:36,-78,81D187E3,45833,,,D46BA6A2,
,,1,2025-05-27 20:47:36,-78,81D187E3,45833,,,D46BA6A2,
,,5,2025-05-27 20:47:36,-78,81D187E3,45833,,,D46BA6A2,
,,4,2025-05-27 20:47:36,-78,81D187E3,45833,,,D46BA6A2,
,,2,2025-05-27 20:47:36,-78,81D187E3,45833,,,D46BA6A2,
,,4,2025-05-27 20:47:39,-71,367E0F4A,13399,,,520A3C5C,
,,1,2025-05-27 20:47:38,-69,0000006E,18264,,,D46BA6A2,
,,5,2025-05-27 20:47:41,-73,0000006E,17700,,,520A3C5C,
,,5,2025-05-27 20:47:39,-68,59FE8D30,3965,,,D46BA6A2,
,,1,2025-05-27 20:47:39,-68,59FE8D30,3965,,,D46BA6A2,
,,4,2025-05-27 20:47:39,-68,59FE8D30,3965,,,D46BA6A2,
,,3,2025-05-27 20:47:39,-68,59FE8D30,3965,,,D46BA6A2,
,,4,2025-05-27 20:47:43,-68,13323C65,14750,,,520A3C5C,
,,3,2025-05-27 20:47:43,-78,59FE8D30,60403,,,520A3C5C,
,,5,2025-05-27 20:47:43,-78,59FE8D30,60403,,,520A3C5C,
,,3,2025-05-27 20:47:41,-82,367E0F4A,53177,,,D46BA6A2,
,,1,2025-05-27 20:47:43,-68,A648A0E7,61863,,,520A3C5C,
,,2,2025-05-27 20:47:43,-68,A648A0E7,61863,,,520A3C5C,
,,4,2025-05-27 20:47:43,-68,A648A0E7,61863,,,520A3C5C,
,,5,2025-05-27 20:47:43,-68,A648A0E7,61863,,,520A3C5C,
,,3,2025-05-27 20:47:43,-68,A648A0E7,61863,,,520A3C5C,
,,4,2025-05-27 20:47:41,-77,59FE8D30,14088,,,D46BA6A2,
,,2,2025-05-27 20:47:41,-77,59FE8D30,14088,,,D46BA6A2,
,,1,2025-05-27 20:47:41,-77,59FE8D30,14088,,,D46BA6A2,
,,5,2025-05-27 20:47:41,-77,59FE8D30,14088,,,D46BA6A2,
,,3,2025-05-27 20:47:41,-77,59FE8D30,14088,,,D46BA6A2,
,,5,2025-05-27 20:47:43,-68,D7510A57,43365,,,520A3C5C,
,,2,2025-05-27 20:47:43,-68,D7510A57,43365,,,520A3C5C,
,,1,2025-05-27 20:47:44,-72,367E0F4A,47444,,,520A3C5C,
,,2,2025-05-27 20:47:44,-72,367E0F4A,47444,,,520A3C5C,
,,4,2025-05-27 20:47:44,-72,367E0F4A,47444,,,520A3C5C,
,,5,2025-05-27 20:47:44,-72,367E0F4A,47444,,,520A3C5C,
,,3,2025-05-27 20:47:44,-72,367E0F4A,47444,,,520A3C5C,
,,2,2025-05-27 20:47:44,-67,D7510A57,55841,,,520A3C5C,
,,5,2025-05-27 20:47:44,-67,D7510A57,55841,,,520A3C5C,
,,3,2025-05-27 20:47:44,-67,D7510A57,55841,,,520A3C5C,
,,4,2025-05-27 20:47:44,-67,D7510A57,55841,,,520A3C5C,
,,1,2025-05-27 20:47:43,-69,13323C65,19419,,,D46BA6A2,
,,3,2025-05-27 20:47:43,-69,13323C65,19419,,,D46BA6A2,
,,4,2025-05-27 20:47:45,-77,81D187E3,43799,,,520A3C5C,
,,1,2025-05-27 20:47:45,-76,81D187E3,43799,,,D46BA6A2,
,,5,2025-05-27 20:47:45,-76,81D187E3,43799,,,D46BA6A2,
,,3,2025-05-27 20:47:45,-76,81D187E3,43799,,,D46BA6A2,
,,4,2025-05-27 20:47:45,-76,81D187E3,43799,,,D46BA6A2,
,,1,2025-05-27 20:47:45,-69,13323C65,46871,,,D46BA6A2,
,,5,2025-05-27 20:47:48,-71,07F9389E,57922,,,520A3C5C,
,,2,2025-05-27 20:47:48,-70,13323C65,5892,,,520A3C5C,
,,4,2025-05-27 20:47:48,-70,13323C65,5892,,,520A3C5C,
,,1,2025-05-27 20:47:48,-70,13323C65,5892,,,520A3C5C,
,,3,2025-05-27 20:47:48,-70,13323C65,5892,,,520A3C5C,
,,5,2025-05-27 20:47:48,-70,13323C65,5892,,,520A3C5C,
,,5,2025-05-27 20:47:50,-73,0000006E,64161,,,520A3C5C,
,,3,2025-05-27 20:47:50,-73,0000006E,64161,,,520A3C5C,
,,2,2025-05-27 20:47:50,-73,0000006E,64161,,,520A3C5C,
,,4,2025-05-27 20:47:50,-73,0000006E,64161,,,520A3C5C,
,,4,2025-05-27 20:47:51,-83,19836CFF,31062,,,520A3C5C,
,,3,2025-05-27 20:47:51,-75,367E0F4A,62705,,,520A3C5C,
,,5,2025-05-27 20:47:51,-75,367E0F4A,62705,,,520A3C5C,
,,2,2025-05-27 20:47:51,-75,367E0F4A,62705,,,520A3C5C,
,,4,2025-05-27 20:47:51,-75,367E0F4A,62705,,,520A3C5C,
,,5,2025-05-27 20:47:52,-76,81D187E3,45702,,,520A3C5C,
,,1,2025-05-27 20:47:37,-81,D7510A57,33640,,,B995250B,
,,1,2025-05-27 20:47:38,-78,367E0F4A,45655,,,B995250B,
,,4,2025-05-27 20:47:42,-78,0000006E,17700,,,B995250B,
,,1,2025-05-27 20:47:45,-78,59FE8D30,59721,,,B995250B,
,,2,2025-05-27 20:47:38,-71,13323C65,44327,,,AA4358FB,
,,5,2025-05-27 20:47:38,-71,13323C65,44327,,,AA4358FB,
,,3,2025-05-27 20:47:38,-71,13323C65,44327,,,AA4358FB,
,,1,2025-05-27 20:47:43,-66,367E0F4A,51134,,,7D769A01,
,,1,2025-05-27 20:47:50,-80,13323C65,42607,,,B995250B,
,,4,2025-05-27 20:47:50,-80,13323C65,42607,,,B995250B,
,,1,2025-05-27 20:47:44,-74,81D187E3,58027,,,7D769A01,
,,1,2025-05-27 20:47:50,-83,A648A0E7,57364,,,B995250B,
,,4,2025-05-27 20:47:50,-83,A648A0E7,57364,,,B995250B,
,,1,2025-05-27 20:47:40,-70,367E0F4A,13399,,,AA4358FB,
,,3,2025-05-27 20:47:40,-77,D7510A57,60055,,,AA4358FB,
,,2,2025-05-27 20:47:40,-77,D7510A57,60055,,,AA4358FB,
,,5,2025-05-27 20:47:40,-71,59FE8D30,3965,,,AA4358FB,
,,3,2025-05-27 20:47:41,-63,367E0F4A,56404,,,AA4358FB,
,,2,2025-05-27 20:47:41,-63,367E0F4A,56404,,,AA4358FB,
,,5,2025-05-27 20:47:41,-63,367E0F4A,56404,,,AA4358FB,
,,1,2025-05-27 20:47:46,-65,367E0F4A,2580,,,7D769A01,
,,1,2025-05-27 20:47:47,-74,81D187E3,59078,,,7D769A01,
,,5,2025-05-27 20:47:42,-72,81D187E3,33307,,,AA4358FB,
,,1,2025-05-27 20:47:53,-78,59FE8D30,40489,,,B995250B,
,,1,2025-05-27 20:47:47,-78,07F9389E,57922,,,7D769A01,
,,4,2025-05-27 20:47:55,-72,D7510A57,26296,,,B995250B,
,,1,2025-05-27 20:47:55,-72,D7510A57,26296,,,B995250B,
,,1,2025-05-27 20:47:48,-67,367E0F4A,52673,,,7D769A01,
,,3,2025-05-27 20:47:43,-76,D7510A57,27996,,,AA4358FB,
,,5,2025-05-27 20:47:43,-76,D7510A57,27996,,,AA4358FB,
,,2,2025-05-27 20:47:43,-76,D7510A57,27996,,,AA4358FB,
,,1,2025-05-27 20:47:48,-71,13323C65,15039,,,7D769A01,
,,5,2025-05-27 20:47:44,-76,59FE8D30,60403,,,AA4358FB,
,,5,2025-05-27 20:47:44,-72,81D187E3,27497,,,AA4358FB,
,,3,2025-05-27 20:47:44,-63,367E0F4A,51134,,,AA4358FB,
,,2,2025-05-27 20:47:44,-63,367E0F4A,51134,,,AA4358FB,
,,5,2025-05-27 20:47:44,-63,367E0F4A,51134,,,AA4358FB,
,,4,2025-05-27 20:47:44,-63,367E0F4A,51134,,,AA4358FB,
,,1,2025-05-27 20:47:44,-63,367E0F4A,51134,,,AA4358FB,
,,1,2025-05-27 20:47:45,-79,A648A0E7,37713,,,AA4358FB,
,,3,2025-05-27 20:47:46,-78,59FE8D30,10015,,,AA4358FB,
,,2,2025-05-27 20:47:46,-78,59FE8D30,10015,,,AA4358FB,
,,5,2025-05-27 20:47:46,-78,59FE8D30,10015,,,AA4358FB,
,,4,2025-05-27 20:47:46,-78,59FE8D30,10015,,,AA4358FB,
,,1,2025-05-27 20:47:46,-78,59FE8D30,10015,,,AA4358FB,
,,1,2025-05-27 20:47:50,-72,59FE8D30,23838,,,7D769A01,
,,1,2025-05-27 20:47:47,-65,367E0F4A,2580,,,AA4358FB,
,,5,2025-05-27 20:47:48,-62,367E0F4A,355,,,AA4358FB,
,,5,2025-05-27 20:47:50,-72,81D187E3,13936,,,AA4358FB,
,,4,2025-05-27 20:47:51,-67,367E0F4A,1069,,,AA4358FB,
,,5,2025-05-27 20:47:51,-67,367E0F4A,1069,,,AA4358FB,
,,3,2025-05-27 20:47:51,-67,367E0F4A,1069,,,AA4358FB,
,,3,2025-05-27 20:47:51,-70,13323C65,22154,,,AA4358FB,
,,5,2025-05-27 20:47:51,-70,13323C65,22154,,,AA4358FB,
,,5,2025-05-27 20:47:52,-67,367E0F4A,62705,,,AA4358FB,
,,1,2025-05-27 20:47:57,-68,367E0F4A,3422,,,7D769A01,
,,1,2025-05-27 20:47:59,-75,E2A807D7,20227,,,7D769A01,
,,2,2025-05-27 20:47:55,-70,870614B1,46177,,,AA4358FB,
,,5,2025-05-27 20:47:55,-69,13323C65,18596,,,AA4358FB,
,,3,2025-05-27 20:47:56,-77,A648A0E7,15728,,,AA4358FB,
,,5,2025-05-27 20:47:56,-77,A648A0E7,15728,,,AA4358FB,
,,2,2025-05-27 20:47:56,-77,A648A0E7,15728,,,AA4358FB,
,,5,2025-05-27 20:47:56,-68,13323C65,16280,,,AA4358FB,
,,1,2025-05-27 20:48:00,-73,59FE8D30,56267,,,7D769A01,
,,5,2025-05-27 20:47:57,-68,81D187E3,47491,,,AA4358FB,
,,3,2025-05-27 20:47:57,-68,81D187E3,47491,,,AA4358FB,
,,1,2025-05-27 20:48:00,-66,367E0F4A,45279,,,7D769A01,
,,3,2025-05-27 20:48:00,-69,367E0F4A,2808,,,AA4358FB,
,,5,2025-05-27 20:48:00,-69,367E0F4A,2808,,,AA4358FB,
,,3,2025-05-27 20:48:01,-76,59FE8D30,56267,,,AA4358FB,
,,5,2025-05-27 20:48:01,-76,59FE8D30,56267,,,AA4358FB,
,,1,2025-05-27 20:47:50,-78,81D187E3,5264,,,D46BA6A2,
,,1,2025-05-27 20:47:50,-70,0000006E,64161,,,D46BA6A2,
,,1,2025-05-27 20:47:46,-73,81D187E3,9358,,,4D64B5B5,
,,1,2025-05-27 20:47:52,-69,13323C65,58013,,,D46BA6A2,
,,1,2025-05-27 20:47:48,-69,D7510A57,28920,,,4D64B5B5,
,,4,2025-05-27 20:47:49,-74,81D187E3,13936,,,4D64B5B5,
,,4,2025-05-27 20:47:53,-79,367E0F4A,17215,,,4D64B5B5,
,,1,2025-05-27 20:47:53,-79,367E0F4A,17215,,,4D64B5B5,
,,4,2025-05-27 20:47:54,-81,59FE8D30,35607,,,4D64B5B5,
,,1,2025-05-27 20:47:54,-81,59FE8D30,35607,,,4D64B5B5,
,,1,2025-05-27 20:48:02,-69,59FE8D30,31798,,,D46BA6A2,
,,1,2025-05-27 20:48:03,-69,367E0F4A,48160,,,D46BA6A2,
,,1,2025-05-27 20:47:55,-83,23D9727E,28490,,,4D64B5B5,
,,4,2025-05-27 20:47:55,-83,23D9727E,28490,,,4D64B5B5,
,,4,2025-05-27 20:47:57,-75,0000006E,27089,,,4D64B5B5,
,,1,2025-05-27 20:47:57,-75,0000006E,27089,,,4D64B5B5,
,,4,2025-05-27 20:47:57,-75,A648A0E7,8589,,,4D64B5B5,
,,4,2025-05-27 20:48:00,-79,A648A0E7,51582,,,4D64B5B5,
,,1,2025-05-27 20:48:02,-73,367E0F4A,34780,,,4D64B5B5,
,,1,2025-05-27 20:48:03,-69,D7510A57,27634,,,4D64B5B5,
,,4,2025-05-27 20:48:05,-73,81D187E3,51340,,,4D64B5B5,
,,1,2025-05-27 20:48:05,-73,81D187E3,51340,,,4D64B5B5,
,,4,2025-05-27 20:47:41,-80,367E0F4A,53177,,,CB4A1EAE,
,,1,2025-05-27 20:47:41,-80,367E0F4A,53177,,,CB4A1EAE,
,,1,2025-05-27 20:47:43,-83,D7510A57,43365,,,CB4A1EAE,
,,4,2025-05-27 20:47:43,-83,D7510A57,43365,,,CB4A1EAE,
,,4,2025-05-27 20:47:50,-84,A648A0E7,57364,,,CB4A1EAE,
,,1,2025-05-27 20:47:50,-84,A648A0E7,57364,,,CB4A1EAE,
,,1,2025-05-27 20:47:52,-85,81D187E3,45702,,,CB4A1EAE,
,,4,2025-05-27 20:47:52,-85,81D187E3,45702,,,CB4A1EAE,
,,1,2025-05-27 20:47:58,-78,A648A0E7,30816,,,CB4A1EAE,
,,4,2025-05-27 20:47:58,-78,A648A0E7,30816,,,CB4A1EAE,
,,1,2025-05-27 20:48:00,-78,367E0F4A,2808,,,CB4A1EAE,
,,3,2025-05-27 20:47:47,-79,13323C65,53810,,,9CC5DC79,
,,2,2025-05-27 20:47:47,-79,13323C65,53810,,,9CC5DC79,
,,4,2025-05-27 20:47:47,-79,13323C65,53810,,,9CC5DC79,
,,1,2025-05-27 20:47:47,-79,13323C65,53810,,,9CC5DC79,
,,4,2025-05-27 20:47:48,-72,13323C65,5892,,,9CC5DC79,
,,1,2025-05-27 20:47:48,-72,13323C65,5892,,,9CC5DC79,
,,3,2025-05-27 20:47:48,-72,13323C65,5892,,,9CC5DC79,
,,2,2025-05-27 20:47:48,-72,13323C65,5892,,,9CC5DC79,
,,5,2025-05-27 20:47:48,-72,13323C65,5892,,,9CC5DC79,
,,4,2025-05-27 20:47:49,-84,59FE8D30,22685,,,9CC5DC79,
,,3,2025-05-27 20:47:49,-84,59FE8D30,22685,,,9CC5DC79,
,,1,2025-05-27 20:47:49,-84,59FE8D30,22685,,,9CC5DC79,
,,2,2025-05-27 20:47:49,-84,59FE8D30,22685,,,9CC5DC79,
,,5,2025-05-27 20:47:49,-84,59FE8D30,22685,,,9CC5DC79,
,,5,2025-05-27 20:47:49,-79,23D9727E,31774,,,9CC5DC79,
,,1,2025-05-27 20:47:50,-72,13323C65,42607,,,9CC5DC79,
,,4,2025-05-27 20:47:50,-72,13323C65,42607,,,9CC5DC79,
,,2,2025-05-27 20:47:50,-72,13323C65,42607,,,9CC5DC79,
,,3,2025-05-27 20:47:50,-72,13323C65,42607,,,9CC5DC79,
,,5,2025-05-27 20:47:50,-72,13323C65,42607,,,9CC5DC79,
,,1,2025-05-27 20:48:05,-84,D7510A57,40198,,,CB4A1EAE,
,,3,2025-05-27 20:47:51,-72,13323C65,22154,,,9CC5DC79,
,,5,2025-05-27 20:47:51,-72,13323C65,22154,,,9CC5DC79,
,,1,2025-05-27 20:47:51,-72,13323C65,22154,,,9CC5DC79,
,,4,2025-05-27 20:47:51,-72,13323C65,22154,,,9CC5DC79,
,,3,2025-05-27 20:47:52,-71,367E0F4A,17215,,,9CC5DC79,
,,2,2025-05-27 20:47:52,-71,367E0F4A,17215,,,9CC5DC79,
,,5,2025-05-27 20:47:54,-82,D7510A57,26296,,,9CC5DC79,
,,2,2025-05-27 20:47:54,-82,D7510A57,26296,,,9CC5DC79,
,,1,2025-05-27 20:47:54,-82,D7510A57,26296,,,9CC5DC79,
,,3,2025-05-27 20:47:54,-82,D7510A57,26296,,,9CC5DC79,
,,4,2025-05-27 20:47:54,-82,D7510A57,26296,,,9CC5DC79,
,,5,2025-05-27 20:47:55,-80,A648A0E7,15728,,,9CC5DC79,
,,1,2025-05-27 20:47:55,-80,A648A0E7,15728,,,9CC5DC79,
,,5,2025-05-27 20:47:55,-77,D7510A57,31953,,,9CC5DC79,
,,3,2025-05-27 20:47:55,-77,D7510A57,31953,,,9CC5DC79,
,,1,2025-05-27 20:47:55,-77,D7510A57,31953,,,9CC5DC79,
,,4,2025-05-27 20:47:55,-77,D7510A57,31953,,,9CC5DC79,
,,1,2025-05-27 20:48:11,-81,A648A0E7,9078,,,CB4A1EAE,
,,4,2025-05-27 20:48:11,-81,A648A0E7,9078,,,CB4A1EAE,
,,1,2025-05-27 20:47:57,-74,A648A0E7,8589,,,9CC5DC79,
,,5,2025-05-27 20:47:57,-71,870614B1,30324,,,9CC5DC79,
,,1,2025-05-27 20:47:58,-76,07F9389E,23334,,,9CC5DC79,
,,2,2025-05-27 20:47:58,-76,07F9389E,23334,,,9CC5DC79,
,,4,2025-05-27 20:47:58,-76,07F9389E,23334,,,9CC5DC79,
,,5,2025-05-27 20:47:58,-76,07F9389E,23334,,,9CC5DC79,
,,3,2025-05-27 20:47:58,-76,07F9389E,23334,,,9CC5DC79,
,,3,2025-05-27 20:47:59,-81,81D187E3,53439,,,9CC5DC79,
,,1,2025-05-27 20:47:59,-81,81D187E3,53439,,,9CC5DC79,
,,4,2025-05-27 20:48:00,-71,367E0F4A,2808,,,9CC5DC79,
,,5,2025-05-27 20:48:00,-71,367E0F4A,2808,,,9CC5DC79,
,,3,2025-05-27 20:48:00,-71,367E0F4A,2808,,,9CC5DC79,
,,1,2025-05-27 20:48:00,-71,367E0F4A,2808,,,9CC5DC79,
,,2,2025-05-27 20:48:00,-71,367E0F4A,2808,,,9CC5DC79,
,,5,2025-05-27 20:48:01,-82,367E0F4A,45279,,,9CC5DC79,
,,3,2025-05-27 20:48:01,-82,367E0F4A,45279,,,9CC5DC79,
,,1,2025-05-27 20:48:01,-82,367E0F4A,45279,,,9CC5DC79,
,,2,2025-05-27 20:48:01,-82,367E0F4A,45279,,,9CC5DC79,
,,4,2025-05-27 20:48:01,-82,367E0F4A,45279,,,9CC5DC79,
,,1,2025-05-27 20:48:03,-82,81D187E3,28595,,,9CC5DC79,
,,1,2025-05-27 20:48:06,-72,367E0F4A,15084,,,9CC5DC79,
,,4,2025-05-27 20:48:06,-72,367E0F4A,15084,,,9CC5DC79,
,,3,2025-05-27 20:48:06,-80,870614B1,31224,,,9CC5DC79,
,,5,2025-05-27 20:48:06,-80,870614B1,31224,,,9CC5DC79,
,,2,2025-05-27 20:48:06,-80,870614B1,31224,,,9CC5DC79,
,,5,2025-05-27 20:48:07,-80,23D9727E,36668,,,9CC5DC79,
,,2,2025-05-27 20:48:08,-77,0000006E,18820,,,9CC5DC79,
,,3,2025-05-27 20:48:08,-77,0000006E,18820,,,9CC5DC79,
,,5,2025-05-27 20:48:08,-77,0000006E,18820,,,9CC5DC79,
,,2,2025-05-27 20:48:09,-78,D7510A57,252,,,9CC5DC79,
,,3,2025-05-27 20:48:09,-78,D7510A57,252,,,9CC5DC79,
,,5,2025-05-27 20:48:09,-78,D7510A57,252,,,9CC5DC79,
,,1,2025-05-27 20:48:09,-78,D7510A57,252,,,9CC5DC79,
,,4,2025-05-27 20:48:09,-78,D7510A57,252,,,9CC5DC79,
,,5,2025-05-27 20:48:10,-71,870614B1,10854,,,9CC5DC79,
,,4,2025-05-27 20:48:10,-71,870614B1,10854,,,9CC5DC79,
,,3,2025-05-27 20:48:10,-71,870614B1,10854,,,9CC5DC79,
,,1,2025-05-27 20:48:10,-71,870614B1,10854,,,9CC5DC79,
,,3,2025-05-27 20:48:10,-78,13323C65,7583,,,9CC5DC79,
,,2,2025-05-27 20:48:10,-78,13323C65,7583,,,9CC5DC79,
,,3,2025-05-27 20:48:11,-75,A648A0E7,9078,,,9CC5DC79,
,,2,2025-05-27 20:48:11,-75,A648A0E7,9078,,,9CC5DC79,
,,4,2025-05-27 20:48:11,-82,81D187E3,24282,,,9CC5DC79,
,,1,2025-05-27 20:48:11,-82,81D187E3,24282,,,9CC5DC79,
,,3,2025-05-27 20:48:11,-82,81D187E3,24282,,,9CC5DC79,
,,5,2025-05-27 20:48:11,-82,81D187E3,24282,,,9CC5DC79,
,,2,2025-05-27 20:48:11,-82,81D187E3,24282,,,9CC5DC79,
,,2,2025-05-27 20:47:53,-77,59FE8D30,40489,,,520A3C5C,
,,3,2025-05-27 20:47:53,-77,59FE8D30,40489,,,520A3C5C,
,,5,2025-05-27 20:47:53,-77,59FE8D30,40489,,,520A3C5C,
,,4,2025-05-27 20:47:54,-69,13323C65,21651,,,520A3C5C,
,,1,2025-05-27 20:47:54,-67,A648A0E7,20171,,,520A3C5C,
,,2,2025-05-27 20:47:56,-68,13323C65,16280,,,520A3C5C,
,,2,2025-05-27 20:47:59,-76,59FE8D30,20175,,,520A3C5C,
,,1,2025-05-27 20:47:59,-76,59FE8D30,20175,,,520A3C5C,
,,4,2025-05-27 20:47:59,-76,59FE8D30,20175,,,520A3C5C,
,,5,2025-05-27 20:47:59,-76,59FE8D30,20175,,,520A3C5C,
,,3,2025-05-27 20:47:59,-76,59FE8D30,20175,,,520A3C5C,
,,4,2025-05-27 20:48:00,-76,59FE8D30,56267,,,520A3C5C,
,,5,2025-05-27 20:48:01,-69,870614B1,5540,,,520A3C5C,
,,4,2025-05-27 20:48:01,-69,870614B1,5540,,,520A3C5C,
,,3,2025-05-27 20:48:01,-69,870614B1,5540,,,520A3C5C,
,,2,2025-05-27 20:48:01,-69,870614B1,5540,,,520A3C5C,
,,4,2025-05-27 20:48:01,-69,13323C65,19590,,,520A3C5C,
,,4,2025-05-27 20:48:01,-69,59FE8D30,53876,,,520A3C5C,
,,2,2025-05-27 20:48:01,-69,59FE8D30,53876,,,520A3C5C,
,,5,2025-05-27 20:48:01,-69,59FE8D30,53876,,,520A3C5C,
,,3,2025-05-27 20:48:01,-69,59FE8D30,53876,,,520A3C5C,
,,4,2025-05-27 20:48:02,-78,0000006E,11482,,,520A3C5C,
,,3,2025-05-27 20:48:07,-69,59FE8D30,44937,,,520A3C5C,
,,2,2025-05-27 20:48:07,-69,59FE8D30,44937,,,520A3C5C,
,,4,2025-05-27 20:48:07,-67,D7510A57,23509,,,520A3C5C,
,,5,2025-05-27 20:48:07,-67,D7510A57,23509,,,520A3C5C,
,,3,2025-05-27 20:48:07,-67,D7510A57,23509,,,520A3C5C,
,,5,2025-05-27 20:48:07,-67,A648A0E7,14179,,,520A3C5C,
,,3,2025-05-27 20:48:07,-67,A648A0E7,14179,,,520A3C5C,
,,2,2025-05-27 20:48:07,-67,A648A0E7,14179,,,520A3C5C,
,,4,2025-05-27 20:48:07,-67,A648A0E7,14179,,,520A3C5C,
,,4,2025-05-27 20:48:08,-77,0000006E,18820,,,520A3C5C,
,,3,2025-05-27 20:48:08,-77,0000006E,18820,,,520A3C5C,
,,5,2025-05-27 20:48:08,-77,0000006E,18820,,,520A3C5C,
,,2,2025-05-27 20:48:08,-77,0000006E,18820,,,520A3C5C,
,,3,2025-05-27 20:48:09,-67,D7510A57,252,,,520A3C5C,
,,5,2025-05-27 20:48:09,-67,D7510A57,252,,,520A3C5C,
,,2,2025-05-27 20:48:09,-67,D7510A57,252,,,520A3C5C,
,,4,2025-05-27 20:48:09,-67,D7510A57,252,,,520A3C5C,
,,1,2025-05-27 20:48:09,-67,D7510A57,252,,,520A3C5C,
,,2,2025-05-27 20:48:10,-65,870614B1,10854,,,520A3C5C,
,,3,2025-05-27 20:48:11,-68,A648A0E7,9078,,,520A3C5C,
,,2,2025-05-27 20:48:11,-68,A648A0E7,9078,,,520A3C5C,
,,2,2025-05-27 20:48:11,-67,59FE8D30,30135,,,520A3C5C,
,,5,2025-05-27 20:48:11,-67,59FE8D30,30135,,,520A3C5C,
,,4,2025-05-27 20:48:11,-67,59FE8D30,30135,,,520A3C5C,
,,3,2025-05-27 20:48:11,-67,59FE8D30,30135,,,520A3C5C,
,,3,2025-05-27 20:48:11,-69,13323C65,8039,,,520A3C5C,
,,2,2025-05-27 20:48:11,-69,13323C65,8039,,,520A3C5C,
,,5,2025-05-27 20:48:11,-69,13323C65,8039,,,520A3C5C,
,,5,2025-05-27 20:48:12,-75,367E0F4A,23386,,,520A3C5C,
,,4,2025-05-27 20:48:12,-75,367E0F4A,23386,,,520A3C5C,
,,3,2025-05-27 20:48:12,-75,367E0F4A,23386,,,520A3C5C,
,,2,2025-05-27 20:48:12,-75,367E0F4A,23386,,,520A3C5C,
,,4,2025-05-27 20:48:14,-75,59FE8D30,23825,,,520A3C5C,
,,2,2025-05-27 20:48:14,-75,59FE8D30,23825,,,520A3C5C,
,,3,2025-05-27 20:48:14,-75,59FE8D30,23825,,,520A3C5C,
,,5,2025-05-27 20:48:14,-75,59FE8D30,23825,,,520A3C5C,
,,4,2025-05-27 20:48:14,-69,D7510A57,5822,,,520A3C5C,
,,1,2025-05-27 20:48:15,-71,0000006E,5251,,,520A3C5C,
,,2,2025-05-27 20:48:15,-71,0000006E,5251,,,520A3C5C,
,,3,2025-05-27 20:48:15,-71,0000006E,5251,,,520A3C5C,
,,4,2025-05-27 20:48:15,-71,0000006E,5251,,,520A3C5C,
,,5,2025-05-27 20:48:15,-71,0000006E,5251,,,520A3C5C,
,,4,2025-05-27 20:48:15,-74,A648A0E7,37267,,,520A3C5C,
,,4,2025-05-27 20:48:15,-67,59FE8D30,28866,,,520A3C5C,
,,5,2025-05-27 20:48:15,-67,59FE8D30,28866,,,520A3C5C,
,,2,2025-05-27 20:48:15,-67,59FE8D30,28866,,,520A3C5C,
,,3,2025-05-27 20:48:15,-67,59FE8D30,28866,,,520A3C5C,
,,5,2025-05-27 20:48:03,-68,367E0F4A,49762,,,AA4358FB,
,,3,2025-05-27 20:48:03,-68,367E0F4A,49762,,,AA4358FB,
,,2,2025-05-27 20:48:03,-68,367E0F4A,49762,,,AA4358FB,
,,5,2025-05-27 20:48:04,-68,81D187E3,28595,,,AA4358FB,
,,3,2025-05-27 20:48:04,-68,81D187E3,28595,,,AA4358FB,
,,4,2025-05-27 20:48:04,-68,81D187E3,28595,,,AA4358FB,
,,2,2025-05-27 20:48:04,-76,E85FB74C,47667,,,AA4358FB,
,,1,2025-05-27 20:48:02,-77,07F9389E,60702,,,7D769A01,
,,1,2025-05-27 20:48:05,-65,367E0F4A,59444,,,AA4358FB,
,,3,2025-05-27 20:48:05,-65,367E0F4A,59444,,,AA4358FB,
,,4,2025-05-27 20:48:05,-65,367E0F4A,59444,,,AA4358FB,
,,5,2025-05-27 20:48:05,-65,367E0F4A,59444,,,AA4358FB,
,,2,2025-05-27 20:48:05,-65,367E0F4A,59444,,,AA4358FB,
,,1,2025-05-27 20:48:03,-74,A648A0E7,50687,,,7D769A01,
,,3,2025-05-27 20:48:06,-65,367E0F4A,15084,,,AA4358FB,
,,1,2025-05-27 20:48:05,-67,367E0F4A,15084,,,7D769A01,
,,5,2025-05-27 20:48:07,-68,81D187E3,28598,,,AA4358FB,
,,3,2025-05-27 20:48:07,-68,81D187E3,28598,,,AA4358FB,
,,2,2025-05-27 20:48:07,-68,81D187E3,28598,,,AA4358FB,
,,1,2025-05-27 20:48:06,-73,870614B1,31224,,,7D769A01,
,,1,2025-05-27 20:48:06,-77,E2A807D7,32157,,,7D769A01,
,,1,2025-05-27 20:48:08,-74,81D187E3,6704,,,7D769A01,
,,4,2025-05-27 20:48:10,-74,D7510A57,252,,,AA4358FB,
,,5,2025-05-27 20:48:10,-74,D7510A57,252,,,AA4358FB,
,,1,2025-05-27 20:48:10,-74,D7510A57,252,,,AA4358FB,
,,2,2025-05-27 20:48:10,-74,D7510A57,252,,,AA4358FB,
,,3,2025-05-27 20:48:10,-74,D7510A57,252,,,AA4358FB,
,,1,2025-05-27 20:48:08,-66,367E0F4A,47585,,,7D769A01,
,,1,2025-05-27 20:48:09,-72,870614B1,10854,,,7D769A01,
,,5,2025-05-27 20:48:10,-77,E2A807D7,23078,,,AA4358FB,
,,2,2025-05-27 20:48:10,-77,E2A807D7,23078,,,AA4358FB,
,,3,2025-05-27 20:48:10,-77,E2A807D7,23078,,,AA4358FB,
,,1,2025-05-27 20:48:10,-77,E2A807D7,23078,,,AA4358FB,
,,4,2025-05-27 20:48:10,-77,E2A807D7,23078,,,AA4358FB,
,,1,2025-05-27 20:48:10,-77,81D187E3,56999,,,7D769A01,
,,5,2025-05-27 20:48:11,-74,D7510A57,6629,,,AA4358FB,
,,3,2025-05-27 20:48:11,-74,D7510A57,6629,,,AA4358FB,
,,2,2025-05-27 20:48:11,-77,A648A0E7,9078,,,AA4358FB,
,,5,2025-05-27 20:48:11,-77,A648A0E7,9078,,,AA4358FB,
,,3,2025-05-27 20:48:11,-77,A648A0E7,9078,,,AA4358FB,
,,4,2025-05-27 20:48:11,-77,A648A0E7,9078,,,AA4358FB,
,,1,2025-05-27 20:48:12,-76,870614B1,28935,,,7D769A01,
,,1,2025-05-27 20:48:13,-71,13323C65,7941,,,7D769A01,
,,5,2025-05-27 20:48:12,-65,367E0F4A,23386,,,AA4358FB,
,,2,2025-05-27 20:48:12,-65,367E0F4A,23386,,,AA4358FB,
,,3,2025-05-27 20:48:12,-65,367E0F4A,23386,,,AA4358FB,
,,5,2025-05-27 20:48:13,-74,59FE8D30,9253,,,AA4358FB,
,,2,2025-05-27 20:48:13,-74,59FE8D30,9253,,,AA4358FB,
,,3,2025-05-27 20:48:13,-74,59FE8D30,9253,,,AA4358FB,
,,4,2025-05-27 20:48:13,-75,870614B1,28935,,,AA4358FB,
,,3,2025-05-27 20:48:13,-75,870614B1,28935,,,AA4358FB,
,,2,2025-05-27 20:48:13,-75,870614B1,28935,,,AA4358FB,
,,5,2025-05-27 20:48:13,-75,870614B1,28935,,,AA4358FB,
,,1,2025-05-27 20:48:13,-75,870614B1,28935,,,AA4358FB,
,,5,2025-05-27 20:48:13,-67,367E0F4A,60666,,,AA4358FB,
,,1,2025-05-27 20:48:15,-75,D7510A57,5822,,,AA4358FB,
,,5,2025-05-27 20:48:16,-72,81D187E3,27128,,,AA4358FB,
,,1,2025-05-27 20:48:15,-78,59FE8D30,28866,,,7D769A01,
,,1,2025-05-27 20:48:15,-68,870614B1,16420,,,7D769A01,
,,2,2025-05-27 20:48:16,-79,A648A0E7,29957,,,AA4358FB,
,,3,2025-05-27 20:48:16,-79,A648A0E7,29957,,,AA4358FB,
,,1,2025-05-27 20:48:17,-65,367E0F4A,52623,,,AA4358FB,
,,1,2025-05-27 20:48:16,-68,367E0F4A,52623,,,7D769A01,
,,5,2025-05-27 20:48:18,-68,0000006E,4411,,,AA4358FB,
,,2,2025-05-27 20:48:18,-68,0000006E,4411,,,AA4358FB,
,,3,2025-05-27 20:48:18,-68,0000006E,4411,,,AA4358FB,
,,1,2025-05-27 20:48:17,-75,0000006E,4411,,,7D769A01,
,,3,2025-05-27 20:48:18,-70,367E0F4A,5945,,,AA4358FB,
,,1,2025-05-27 20:48:18,-70,367E0F4A,5945,,,AA4358FB,
,,5,2025-05-27 20:48:18,-70,367E0F4A,5945,,,AA4358FB,
,,4,2025-05-27 20:48:18,-70,367E0F4A,5945,,,AA4358FB,
,,2,2025-05-27 20:48:18,-70,367E0F4A,5945,,,AA4358FB,
,,1,2025-05-27 20:48:18,-81,E2A807D7,35226,,,7D769A01,
,,3,2025-05-27 20:48:21,-72,81D187E3,32237,,,AA4358FB,
,,2,2025-05-27 20:48:21,-72,81D187E3,32237,,,AA4358FB,
,,5,2025-05-27 20:48:21,-72,81D187E3,32237,,,AA4358FB,
,,4,2025-05-27 20:48:21,-72,81D187E3,32237,,,AA4358FB,
,,5,2025-05-27 20:48:21,-71,13323C65,60843,,,AA4358FB,
,,4,2025-05-27 20:48:21,-71,13323C65,60843,,,AA4358FB,
,,3,2025-05-27 20:48:21,-71,13323C65,60843,,,AA4358FB,
,,1,2025-05-27 20:48:20,-78,E2A807D7,13768,,,7D769A01,
,,1,2025-05-27 20:48:21,-79,E2A807D7,19035,,,7D769A01,
,,1,2025-05-27 20:48:23,-65,367E0F4A,2725,,,7D769A01,
,,2,2025-05-27 20:48:22,-69,13323C65,15847,,,AA4358FB,
,,4,2025-05-27 20:48:22,-69,13323C65,15847,,,AA4358FB,
,,3,2025-05-27 20:48:22,-69,13323C65,15847,,,AA4358FB,
,,2,2025-05-27 20:48:22,-72,59FE8D30,30807,,,AA4358FB,
,,3,2025-05-27 20:48:22,-72,59FE8D30,30807,,,AA4358FB,
,,5,2025-05-27 20:48:22,-72,59FE8D30,30807,,,AA4358FB,
,,1,2025-05-27 20:48:24,-68,D7510A57,27759,,,7D769A01,
,,1,2025-05-27 20:48:25,-67,367E0F4A,16577,,,7D769A01,
,,1,2025-05-27 20:48:25,-72,59FE8D30,25296,,,7D769A01,
,,1,2025-05-27 20:48:26,-69,D7510A57,34720,,,7D769A01,
,,1,2025-05-27 20:48:26,-71,13323C65,59633,,,7D769A01,
,,1,2025-05-27 20:48:02,-73,367E0F4A,34780,,,B995250B,
,,1,2025-05-27 20:48:04,-79,59FE8D30,55549,,,B995250B,
,,4,2025-05-27 20:48:04,-79,59FE8D30,55549,,,B995250B,
,,1,2025-05-27 20:48:05,-74,59FE8D30,25408,,,B995250B,
,,4,2025-05-27 20:48:05,-74,59FE8D30,25408,,,B995250B,
,,1,2025-05-27 20:48:07,-71,870614B1,31224,,,B995250B,
,,4,2025-05-27 20:48:07,-71,870614B1,31224,,,B995250B,
,,4,2025-05-27 20:48:07,-80,59FE8D30,44937,,,B995250B,
,,1,2025-05-27 20:48:07,-80,59FE8D30,44937,,,B995250B,
,,1,2025-05-27 20:48:08,-80,13323C65,19821,,,B995250B,
,,1,2025-05-27 20:48:09,-78,0000006E,18820,,,B995250B,
,,4,2025-05-27 20:48:09,-78,0000006E,18820,,,B995250B,
,,1,2025-05-27 20:48:11,-79,A648A0E7,9078,,,4D64B5B5,
,,4,2025-05-27 20:48:11,-79,A648A0E7,9078,,,4D64B5B5,
,,1,2025-05-27 20:48:11,-80,13323C65,8039,,,4D64B5B5,
,,4,2025-05-27 20:48:11,-80,13323C65,8039,,,4D64B5B5,
,,1,2025-05-27 20:48:23,-74,367E0F4A,2725,,,B995250B,
,,4,2025-05-27 20:48:12,-81,0000006E,51305,,,4D64B5B5,
,,4,2025-05-27 20:48:28,-73,D7510A57,11329,,,B995250B,
,,1,2025-05-27 20:48:28,-73,D7510A57,11329,,,B995250B,
,,1,2025-05-27 20:48:30,-73,367E0F4A,172,,,B995250B,
,,4,2025-05-27 20:48:20,-73,81D187E3,32237,,,4D64B5B5,
,,1,2025-05-27 20:48:21,-73,81D187E3,5437,,,4D64B5B5,
,,1,2025-05-27 20:48:25,-72,D7510A57,27759,,,4D64B5B5,
,,4,2025-05-27 20:48:28,-78,59FE8D30,56540,,,4D64B5B5,
,,4,2025-05-27 20:48:29,-78,23D9727E,56565,,,4D64B5B5,
,,1,2025-05-27 20:48:29,-78,23D9727E,56565,,,4D64B5B5,
,,5,2025-05-27 20:48:15,-81,81D187E3,27128,,,9CC5DC79,
,,1,2025-05-27 20:48:16,-82,81D187E3,42958,,,9CC5DC79,
,,4,2025-05-27 20:48:16,-76,D7510A57,61902,,,9CC5DC79,
,,1,2025-05-27 20:48:16,-76,D7510A57,61902,,,9CC5DC79,
,,2,2025-05-27 20:48:16,-76,D7510A57,61902,,,9CC5DC79,
,,3,2025-05-27 20:48:16,-76,D7510A57,61902,,,9CC5DC79,
,,5,2025-05-27 20:48:16,-76,D7510A57,61902,,,9CC5DC79,
,,5,2025-05-27 20:48:17,-76,D7510A57,49379,,,9CC5DC79,
,,1,2025-05-27 20:48:17,-76,D7510A57,49379,,,9CC5DC79,
,,2,2025-05-27 20:48:17,-76,D7510A57,49379,,,9CC5DC79,
,,3,2025-05-27 20:48:17,-76,D7510A57,49379,,,9CC5DC79,
,,4,2025-05-27 20:48:17,-76,D7510A57,49379,,,9CC5DC79,
,,1,2025-05-27 20:48:18,-82,13323C65,19890,,,9CC5DC79,
,,3,2025-05-27 20:48:18,-82,13323C65,19890,,,9CC5DC79,
,,2,2025-05-27 20:48:18,-82,13323C65,19890,,,9CC5DC79,
,,5,2025-05-27 20:48:18,-82,13323C65,19890,,,9CC5DC79,
,,2,2025-05-27 20:48:19,-82,367E0F4A,61765,,,9CC5DC79,
,,4,2025-05-27 20:48:19,-82,367E0F4A,61765,,,9CC5DC79,
,,1,2025-05-27 20:48:19,-82,367E0F4A,61765,,,9CC5DC79,
,,5,2025-05-27 20:48:19,-82,367E0F4A,61765,,,9CC5DC79,
,,1,2025-05-27 20:48:21,-78,59FE8D30,60726,,,9CC5DC79,
,,1,2025-05-27 20:48:21,-73,13323C65,15847,,,9CC5DC79,
,,3,2025-05-27 20:48:22,-77,13323C65,10504,,,9CC5DC79,
,,1,2025-05-27 20:48:22,-77,13323C65,10504,,,9CC5DC79,
,,2,2025-05-27 20:48:22,-77,13323C65,10504,,,9CC5DC79,
,,1,2025-05-27 20:48:24,-82,81D187E3,32255,,,9CC5DC79,
,,3,2025-05-27 20:48:26,-79,0000006E,11920,,,9CC5DC79,
,,2,2025-05-27 20:48:26,-79,0000006E,11920,,,9CC5DC79,
,,5,2025-05-27 20:48:26,-79,0000006E,11920,,,9CC5DC79,
,,4,2025-05-27 20:48:26,-79,0000006E,11920,,,9CC5DC79,
,,1,2025-05-27 20:48:26,-79,0000006E,11920,,,9CC5DC79,
,,5,2025-05-27 20:48:26,-73,13323C65,59633,,,9CC5DC79,
,,5,2025-05-27 20:48:27,-75,A648A0E7,36006,,,9CC5DC79,
,,3,2025-05-27 20:48:27,-71,367E0F4A,30180,,,9CC5DC79,
,,5,2025-05-27 20:48:27,-71,367E0F4A,30180,,,9CC5DC79,
,,5,2025-05-27 20:48:28,-78,59FE8D30,56540,,,9CC5DC79,
,,4,2025-05-27 20:48:28,-78,59FE8D30,56540,,,9CC5DC79,
,,3,2025-05-27 20:48:28,-78,59FE8D30,56540,,,9CC5DC79,
,,1,2025-05-27 20:48:28,-78,59FE8D30,56540,,,9CC5DC79,
,,3,2025-05-27 20:48:28,-71,367E0F4A,5891,,,9CC5DC79,
,,5,2025-05-27 20:48:28,-71,367E0F4A,5891,,,9CC5DC79,
,,2,2025-05-27 20:48:29,-72,367E0F4A,63279,,,9CC5DC79,
,,3,2025-05-27 20:48:29,-72,367E0F4A,63279,,,9CC5DC79,
,,4,2025-05-27 20:48:29,-72,367E0F4A,63279,,,9CC5DC79,
,,5,2025-05-27 20:48:29,-72,367E0F4A,63279,,,9CC5DC79,
,,1,2025-05-27 20:48:29,-72,367E0F4A,63279,,,9CC5DC79,
,,3,2025-05-27 20:48:30,-72,367E0F4A,172,,,9CC5DC79,
,,5,2025-05-27 20:48:30,-72,367E0F4A,172,,,9CC5DC79,
,,5,2025-05-27 20:48:30,-78,D7510A57,64782,,,9CC5DC79,
,,2,2025-05-27 20:48:30,-78,D7510A57,64782,,,9CC5DC79,
,,3,2025-05-27 20:48:30,-78,D7510A57,64782,,,9CC5DC79,
,,1,2025-05-27 20:48:31,-71,367E0F4A,11526,,,9CC5DC79,
,,1,2025-05-27 20:48:32,-72,13323C65,63816,,,9CC5DC79,
,,1,2025-05-27 20:48:32,-75,A648A0E7,27649,,,9CC5DC79,
,,1,2025-05-27 20:48:33,-73,367E0F4A,51216,,,9CC5DC79,
,,5,2025-05-27 20:48:33,-73,367E0F4A,51216,,,9CC5DC79,
,,4,2025-05-27 20:48:33,-73,367E0F4A,51216,,,9CC5DC79,
,,3,2025-05-27 20:48:34,-82,59FE8D30,11573,,,9CC5DC79,
,,4,2025-05-27 20:48:34,-82,59FE8D30,11573,,,9CC5DC79,
,,5,2025-05-27 20:48:34,-82,59FE8D30,11573,,,9CC5DC79,
,,1,2025-05-27 20:48:34,-82,59FE8D30,11573,,,9CC5DC79,
,,2,2025-05-27 20:48:34,-82,59FE8D30,11573,,,9CC5DC79,
,,3,2025-05-27 20:48:34,-71,367E0F4A,35870,,,9CC5DC79,
,,5,2025-05-27 20:48:34,-71,367E0F4A,35870,,,9CC5DC79,
,,4,2025-05-27 20:48:34,-71,367E0F4A,35870,,,9CC5DC79,
,,1,2025-05-27 20:48:34,-71,367E0F4A,35870,,,9CC5DC79,
,,2,2025-05-27 20:48:34,-71,367E0F4A,35870,,,9CC5DC79,
,,1,2025-05-27 20:48:35,-79,23D9727E,63295,,,9CC5DC79,
,,5,2025-05-27 20:48:35,-79,A648A0E7,24051,,,9CC5DC79,
,,3,2025-05-27 20:48:37,-70,870614B1,5751,,,9CC5DC79,
,,2,2025-05-27 20:48:37,-70,870614B1,5751,,,9CC5DC79,
,,4,2025-05-27 20:48:37,-70,870614B1,5751,,,9CC5DC79,
,,5,2025-05-27 20:48:37,-70,870614B1,5751,,,9CC5DC79,
,,4,2025-05-27 20:48:15,-82,59FE8D30,28866,,,CB4A1EAE,
,,5,2025-05-27 20:48:16,-71,13323C65,34613,,,520A3C5C,
,,2,2025-05-27 20:48:16,-71,13323C65,34613,,,520A3C5C,
,,3,2025-05-27 20:48:17,-79,E2A807D7,47431,,,520A3C5C,
,,1,2025-05-27 20:48:17,-79,E2A807D7,47431,,,520A3C5C,
,,5,2025-05-27 20:48:17,-79,E2A807D7,47431,,,520A3C5C,
,,2,2025-05-27 20:48:17,-79,E2A807D7,47431,,,520A3C5C,
,,4,2025-05-27 20:48:17,-79,E2A807D7,47431,,,520A3C5C,
,,1,2025-05-27 20:48:17,-80,59FE8D30,31517,,,CB4A1EAE,
,,3,2025-05-27 20:48:19,-71,D7510A57,41769,,,520A3C5C,
,,2,2025-05-27 20:48:19,-71,D7510A57,41769,,,520A3C5C,
,,4,2025-05-27 20:48:20,-78,367E0F4A,11885,,,CB4A1EAE,
,,1,2025-05-27 20:48:20,-78,367E0F4A,11885,,,CB4A1EAE,
,,2,2025-05-27 20:48:21,-75,0000006E,43416,,,520A3C5C,
,,5,2025-05-27 20:48:21,-75,0000006E,43416,,,520A3C5C,
,,3,2025-05-27 20:48:21,-75,0000006E,43416,,,520A3C5C,
,,4,2025-05-27 20:48:21,-75,0000006E,43416,,,520A3C5C,
,,3,2025-05-27 20:48:21,-69,13323C65,15847,,,520A3C5C,
,,2,2025-05-27 20:48:21,-69,13323C65,15847,,,520A3C5C,
,,5,2025-05-27 20:48:24,-70,367E0F4A,52633,,,520A3C5C,
,,3,2025-05-27 20:48:24,-70,367E0F4A,52633,,,520A3C5C,
,,4,2025-05-27 20:48:24,-70,367E0F4A,52633,,,520A3C5C,
,,2,2025-05-27 20:48:24,-70,367E0F4A,52633,,,520A3C5C,
,,2,2025-05-27 20:48:25,-83,E2A807D7,11659,,,520A3C5C,
,,4,2025-05-27 20:48:25,-83,E2A807D7,11659,,,520A3C5C,
,,5,2025-05-27 20:48:25,-83,E2A807D7,11659,,,520A3C5C,
,,3,2025-05-27 20:48:25,-83,E2A807D7,11659,,,520A3C5C,
,,3,2025-05-27 20:48:26,-70,367E0F4A,46048,,,520A3C5C,
,,4,2025-05-27 20:48:26,-71,D7510A57,34720,,,520A3C5C,
,,2,2025-05-27 20:48:26,-71,D7510A57,34720,,,520A3C5C,
,,5,2025-05-27 20:48:26,-71,D7510A57,34720,,,520A3C5C,
,,3,2025-05-27 20:48:26,-71,D7510A57,34720,,,520A3C5C,
,,5,2025-05-27 20:48:26,-69,13323C65,59633,,,520A3C5C,
,,3,2025-05-27 20:48:26,-69,13323C65,59633,,,520A3C5C,
,,2,2025-05-27 20:48:26,-69,13323C65,59633,,,520A3C5C,
,,3,2025-05-27 20:48:27,-74,A648A0E7,36006,,,520A3C5C,
,,3,2025-05-27 20:48:28,-81,A648A0E7,2788,,,520A3C5C,
,,2,2025-05-27 20:48:28,-81,A648A0E7,2788,,,520A3C5C,
,,2,2025-05-27 20:48:28,-76,59FE8D30,56540,,,520A3C5C,
,,4,2025-05-27 20:48:28,-76,59FE8D30,56540,,,520A3C5C,
,,3,2025-05-27 20:48:28,-76,59FE8D30,56540,,,520A3C5C,
,,2,2025-05-27 20:48:30,-71,367E0F4A,172,,,520A3C5C,
,,4,2025-05-27 20:48:30,-71,367E0F4A,172,,,520A3C5C,
,,3,2025-05-27 20:48:30,-71,367E0F4A,172,,,520A3C5C,
,,5,2025-05-27 20:48:30,-71,367E0F4A,172,,,520A3C5C,
,,4,2025-05-27 20:48:30,-78,A648A0E7,23214,,,CB4A1EAE,
,,3,2025-05-27 20:48:32,-76,13323C65,63816,,,520A3C5C,
,,4,2025-05-27 20:48:32,-76,13323C65,63816,,,520A3C5C,
,,5,2025-05-27 20:48:32,-76,13323C65,63816,,,520A3C5C,
,,2,2025-05-27 20:48:32,-76,13323C65,63816,,,520A3C5C,
,,5,2025-05-27 20:48:32,-69,D7510A57,10558,,,520A3C5C,
,,2,2025-05-27 20:48:32,-69,D7510A57,10558,,,520A3C5C,
,,1,2025-05-27 20:48:32,-69,D7510A57,10558,,,520A3C5C,
,,3,2025-05-27 20:48:32,-69,D7510A57,10558,,,520A3C5C,
,,4,2025-05-27 20:48:32,-69,D7510A57,10558,,,520A3C5C,
,,5,2025-05-27 20:48:33,-84,19836CFF,50811,,,520A3C5C,
,,4,2025-05-27 20:48:34,-81,E2A807D7,57475,,,520A3C5C,
,,3,2025-05-27 20:48:34,-81,E2A807D7,57475,,,520A3C5C,
,,5,2025-05-27 20:48:34,-81,E2A807D7,57475,,,520A3C5C,
,,2,2025-05-27 20:48:34,-81,E2A807D7,57475,,,520A3C5C,
,,1,2025-05-27 20:48:35,-68,13323C65,18410,,,520A3C5C,
,,4,2025-05-27 20:48:35,-68,13323C65,18410,,,520A3C5C,
,,3,2025-05-27 20:48:35,-75,367E0F4A,56689,,,520A3C5C,
,,4,2025-05-27 20:48:35,-75,367E0F4A,56689,,,520A3C5C,
,,5,2025-05-27 20:48:35,-75,367E0F4A,56689,,,520A3C5C,
,,2,2025-05-27 20:48:35,-75,367E0F4A,56689,,,520A3C5C,
,,3,2025-05-27 20:48:36,-84,19836CFF,585,,,520A3C5C,
,,4,2025-05-27 20:48:36,-84,19836CFF,585,,,520A3C5C,
,,2,2025-05-27 20:48:36,-84,19836CFF,585,,,520A3C5C,
,,5,2025-05-27 20:48:36,-84,19836CFF,585,,,520A3C5C,
,,1,2025-05-27 20:48:36,-76,59FE8D30,13255,,,520A3C5C,
,,3,2025-05-27 20:48:36,-76,59FE8D30,13255,,,520A3C5C,
,,4,2025-05-27 20:48:36,-76,59FE8D30,13255,,,520A3C5C,
,,2,2025-05-27 20:48:36,-76,59FE8D30,13255,,,520A3C5C,
,,5,2025-05-27 20:48:36,-76,59FE8D30,13255,,,520A3C5C,
,,3,2025-05-27 20:48:36,-70,D7510A57,373,,,520A3C5C,
,,4,2025-05-27 20:48:36,-70,D7510A57,373,,,520A3C5C,
,,2,2025-05-27 20:48:36,-70,D7510A57,373,,,520A3C5C,
,,5,2025-05-27 20:48:36,-70,D7510A57,373,,,520A3C5C,
,,1,2025-05-27 20:48:38,-74,D7510A57,51904,,,CB4A1EAE,
,,4,2025-05-27 20:48:38,-74,D7510A57,51904,,,CB4A1EAE,
,,4,2025-05-27 20:48:37,-68,13323C65,19955,,,520A3C5C,
,,2,2025-05-27 20:48:37,-68,13323C65,19955,,,520A3C5C,
,,5,2025-05-27 20:48:37,-68,13323C65,19955,,,520A3C5C,
,,3,2025-05-27 20:48:37,-68,13323C65,19955,,,520A3C5C,
,,5,2025-05-27 20:48:38,-69,13323C65,11085,,,520A3C5C,
,,1,2025-05-27 20:48:38,-69,13323C65,11085,,,520A3C5C,
,,3,2025-05-27 20:48:38,-69,13323C65,11085,,,520A3C5C,
,,2,2025-05-27 20:48:38,-69,13323C65,11085,,,520A3C5C,
,,4,2025-05-27 20:48:38,-69,13323C65,11085,,,520A3C5C,
,,5,2025-05-27 20:48:38,-66,D7510A57,22893,,,520A3C5C,
,,2,2025-05-27 20:48:38,-66,D7510A57,22893,,,520A3C5C,
,,3,2025-05-27 20:48:38,-70,0000006E,50223,,,520A3C5C,
,,2,2025-05-27 20:48:38,-70,0000006E,50223,,,520A3C5C,
,,5,2025-05-27 20:48:38,-70,0000006E,50223,,,520A3C5C,
,,4,2025-05-27 20:48:24,-76,E85FB74C,35887,,,AA4358FB,
,,5,2025-05-27 20:48:24,-76,E85FB74C,35887,,,AA4358FB,
,,3,2025-05-27 20:48:24,-76,E85FB74C,35887,,,AA4358FB,
,,2,2025-05-27 20:48:24,-76,E85FB74C,35887,,,AA4358FB,
,,1,2025-05-27 20:48:24,-68,81D187E3,37289,,,AA4358FB,
,,3,2025-05-27 20:48:24,-67,367E0F4A,52633,,,AA4358FB,
,,2,2025-05-27 20:48:24,-67,367E0F4A,52633,,,AA4358FB,
,,1,2025-05-27 20:48:24,-67,367E0F4A,52633,,,AA4358FB,
,,5,2025-05-27 20:48:24,-67,367E0F4A,52633,,,AA4358FB,
,,4,2025-05-27 20:48:24,-67,367E0F4A,52633,,,AA4358FB,
,,3,2025-05-27 20:48:25,-65,367E0F4A,16577,,,AA4358FB,
,,2,2025-05-27 20:48:25,-65,367E0F4A,16577,,,AA4358FB,
,,1,2025-05-27 20:48:25,-65,367E0F4A,16577,,,AA4358FB,
,,5,2025-05-27 20:48:25,-65,367E0F4A,16577,,,AA4358FB,
,,4,2025-05-27 20:48:25,-65,367E0F4A,16577,,,AA4358FB,
,,3,2025-05-27 20:48:26,-63,367E0F4A,46048,,,AA4358FB,
,,5,2025-05-27 20:48:26,-63,367E0F4A,46048,,,AA4358FB,
,,5,2025-05-27 20:48:27,-77,D7510A57,34720,,,AA4358FB,
,,3,2025-05-27 20:48:27,-77,D7510A57,34720,,,AA4358FB,
,,3,2025-05-27 20:48:27,-65,0000006E,11920,,,AA4358FB,
,,5,2025-05-27 20:48:27,-65,0000006E,11920,,,AA4358FB,
,,5,2025-05-27 20:48:28,-77,07F9389E,38392,,,AA4358FB,
,,3,2025-05-27 20:48:28,-77,07F9389E,38392,,,AA4358FB,
,,1,2025-05-27 20:48:28,-77,07F9389E,38392,,,AA4358FB,
,,2,2025-05-27 20:48:28,-77,07F9389E,38392,,,AA4358FB,
,,4,2025-05-27 20:48:28,-77,07F9389E,38392,,,AA4358FB,
,,3,2025-05-27 20:48:28,-78,59FE8D30,56540,,,AA4358FB,
,,2,2025-05-27 20:48:28,-78,59FE8D30,56540,,,AA4358FB,
,,3,2025-05-27 20:48:29,-65,367E0F4A,5891,,,AA4358FB,
,,2,2025-05-27 20:48:29,-65,367E0F4A,5891,,,AA4358FB,
,,5,2025-05-27 20:48:29,-65,367E0F4A,5891,,,AA4358FB,
,,4,2025-05-27 20:48:30,-68,81D187E3,19207,,,AA4358FB,
,,5,2025-05-27 20:48:30,-68,81D187E3,19207,,,AA4358FB,
,,3,2025-05-27 20:48:30,-68,81D187E3,19207,,,AA4358FB,
,,1,2025-05-27 20:48:30,-68,81D187E3,19207,,,AA4358FB,
,,2,2025-05-27 20:48:30,-68,81D187E3,19207,,,AA4358FB,
,,1,2025-05-27 20:48:31,-76,A648A0E7,15499,,,AA4358FB,
,,1,2025-05-27 20:48:32,-63,367E0F4A,11526,,,AA4358FB,
,,3,2025-05-27 20:48:32,-63,367E0F4A,11526,,,AA4358FB,
,,2,2025-05-27 20:48:32,-63,367E0F4A,11526,,,AA4358FB,
,,4,2025-05-27 20:48:32,-63,367E0F4A,11526,,,AA4358FB,
,,5,2025-05-27 20:48:32,-63,367E0F4A,11526,,,AA4358FB,
,,1,2025-05-27 20:48:32,-70,59FE8D30,31629,,,AA4358FB,
,,2,2025-05-27 20:48:34,-67,367E0F4A,51216,,,AA4358FB,
,,4,2025-05-27 20:48:34,-67,367E0F4A,51216,,,AA4358FB,
,,3,2025-05-27 20:48:34,-67,367E0F4A,51216,,,AA4358FB,
,,5,2025-05-27 20:48:34,-67,367E0F4A,51216,,,AA4358FB,
,,2,2025-05-27 20:48:34,-75,A648A0E7,42225,,,AA4358FB,
,,3,2025-05-27 20:48:34,-75,A648A0E7,42225,,,AA4358FB,
,,5,2025-05-27 20:48:34,-75,A648A0E7,42225,,,AA4358FB,
,,4,2025-05-27 20:48:35,-70,13323C65,18410,,,AA4358FB,
,,3,2025-05-27 20:48:35,-70,13323C65,18410,,,AA4358FB,
,,5,2025-05-27 20:48:35,-70,13323C65,18410,,,AA4358FB,
,,2,2025-05-27 20:48:35,-70,13323C65,18410,,,AA4358FB,
,,3,2025-05-27 20:48:36,-82,B78FE24A,21621,,,AA4358FB,
,,5,2025-05-27 20:48:36,-82,B78FE24A,21621,,,AA4358FB,
,,2,2025-05-27 20:48:36,-82,B78FE24A,21621,,,AA4358FB,
,,5,2025-05-27 20:48:36,-74,0000006E,25204,,,AA4358FB,
,,3,2025-05-27 20:48:37,-75,59FE8D30,13255,,,AA4358FB,
,,1,2025-05-27 20:48:37,-75,59FE8D30,13255,,,AA4358FB,
,,2,2025-05-27 20:48:37,-75,59FE8D30,13255,,,AA4358FB,
,,5,2025-05-27 20:48:37,-75,59FE8D30,13255,,,AA4358FB,
,,4,2025-05-27 20:48:37,-75,59FE8D30,13255,,,AA4358FB,
,,1,2025-05-27 20:48:37,-69,13323C65,19955,,,AA4358FB,
,,1,2025-05-27 20:48:37,-76,A648A0E7,57216,,,AA4358FB,
,,5,2025-05-27 20:48:38,-63,367E0F4A,45098,,,AA4358FB,
,,2,2025-05-27 20:48:38,-63,367E0F4A,45098,,,AA4358FB,
,,3,2025-05-27 20:48:38,-63,367E0F4A,45098,,,AA4358FB,
,,5,2025-05-27 20:48:38,-69,13323C65,11085,,,AA4358FB,
,,3,2025-05-27 20:48:38,-69,13323C65,11085,,,AA4358FB,
,,5,2025-05-27 20:48:41,-72,81D187E3,40202,,,AA4358FB,
,,3,2025-05-27 20:48:41,-72,81D187E3,40202,,,AA4358FB,
,,1,2025-05-27 20:48:41,-72,81D187E3,40202,,,AA4358FB,
,,4,2025-05-27 20:48:41,-72,81D187E3,40202,,,AA4358FB,
,,2,2025-05-27 20:48:41,-72,81D187E3,40202,,,AA4358FB,
,,3,2025-05-27 20:48:43,-66,07F9389E,51653,,,AA4358FB,
,,2,2025-05-27 20:48:43,-66,07F9389E,51653,,,AA4358FB,
,,5,2025-05-27 20:48:43,-66,07F9389E,51653,,,AA4358FB,
,,1,2025-05-27 20:48:26,-74,A648A0E7,36006,,,7D769A01,
,,1,2025-05-27 20:48:28,-68,D7510A57,41275,,,7D769A01,
,,1,2025-05-27 20:48:30,-71,13323C65,9131,,,7D769A01,
,,1,2025-05-27 20:48:33,-67,367E0F4A,51216,,,7D769A01,
,,1,2025-05-27 20:48:36,-75,A648A0E7,57216,,,7D769A01,
,,1,2025-05-27 20:48:37,-67,367E0F4A,45098,,,7D769A01,
,,1,2025-05-27 20:48:39,-71,59FE8D30,1004,,,7D769A01,
,,1,2025-05-27 20:48:41,-71,13323C65,45525,,,7D769A01,
,,1,2025-05-27 20:48:42,-72,59FE8D30,44208,,,7D769A01,
,,1,2025-05-27 20:48:42,-78,07F9389E,51653,,,7D769A01,
,,1,2025-05-27 20:48:44,-73,59FE8D30,55999,,,7D769A01,
,,1,2025-05-27 20:48:44,-78,0000006E,39309,,,7D769A01,
,,4,2025-05-27 20:48:33,-72,367E0F4A,51216,,,4D64B5B5,
,,1,2025-05-27 20:48:33,-72,367E0F4A,51216,,,4D64B5B5,
,,1,2025-05-27 20:48:37,-75,A648A0E7,57216,,,4D64B5B5,
,,4,2025-05-27 20:48:37,-75,A648A0E7,57216,,,4D64B5B5,
,,4,2025-05-27 20:48:37,-73,81D187E3,8136,,,4D64B5B5,
,,1,2025-05-27 20:48:37,-73,81D187E3,8136,,,4D64B5B5,
,,1,2025-05-27 20:48:37,-79,59FE8D30,62831,,,4D64B5B5,
,,4,2025-05-27 20:48:37,-79,59FE8D30,62831,,,4D64B5B5,
,,4,2025-05-27 20:48:38,-77,13323C65,11085,,,4D64B5B5,
,,4,2025-05-27 20:48:42,-72,367E0F4A,39434,,,4D64B5B5,
,,4,2025-05-27 20:48:44,-70,367E0F4A,31644,,,4D64B5B5,
,,4,2025-05-27 20:48:45,-73,81D187E3,28407,,,4D64B5B5,
,,1,2025-05-27 20:48:47,-71,D7510A57,6724,,,4D64B5B5,
,,4,2025-05-27 20:48:47,-71,D7510A57,6724,,,4D64B5B5,
,,1,2025-05-27 20:48:50,-72,D7510A57,63167,,,4D64B5B5,
,,1,2025-05-27 20:48:55,-70,367E0F4A,14332,,,4D64B5B5,
,,3,2025-05-27 20:48:40,-69,59FE8D30,37938,,,520A3C5C,
,,2,2025-05-27 20:48:40,-69,59FE8D30,37938,,,520A3C5C,
,,4,2025-05-27 20:48:40,-69,59FE8D30,37938,,,520A3C5C,
,,5,2025-05-27 20:48:40,-69,59FE8D30,37938,,,520A3C5C,
,,2,2025-05-27 20:48:40,-79,E2A807D7,42979,,,520A3C5C,
,,4,2025-05-27 20:48:40,-79,E2A807D7,42979,,,520A3C5C,
,,5,2025-05-27 20:48:40,-79,E2A807D7,42979,,,520A3C5C,
,,3,2025-05-27 20:48:40,-79,E2A807D7,42979,,,520A3C5C,
,,4,2025-05-27 20:48:41,-74,0000006E,4659,,,520A3C5C,
,,3,2025-05-27 20:48:41,-74,0000006E,4659,,,520A3C5C,
,,2,2025-05-27 20:48:41,-74,0000006E,4659,,,520A3C5C,
,,5,2025-05-27 20:48:41,-74,0000006E,4659,,,520A3C5C,
,,4,2025-05-27 20:48:42,-70,13323C65,45525,,,520A3C5C,
,,3,2025-05-27 20:48:42,-70,13323C65,45525,,,520A3C5C,
,,1,2025-05-27 20:48:42,-70,13323C65,45525,,,520A3C5C,
,,5,2025-05-27 20:48:42,-70,13323C65,45525,,,520A3C5C,
,,5,2025-05-27 20:48:42,-70,59FE8D30,44208,,,520A3C5C,
,,2,2025-05-27 20:48:42,-70,59FE8D30,44208,,,520A3C5C,
,,5,2025-05-27 20:48:42,-77,81D187E3,26045,,,520A3C5C,
,,3,2025-05-27 20:48:42,-77,81D187E3,26045,,,520A3C5C,
,,4,2025-05-27 20:48:42,-77,81D187E3,26045,,,520A3C5C,
,,2,2025-05-27 20:48:42,-77,81D187E3,26045,,,520A3C5C,
,,5,2025-05-27 20:48:42,-68,D7510A57,58258,,,520A3C5C,
,,3,2025-05-27 20:48:42,-68,D7510A57,58258,,,520A3C5C,
,,2,2025-05-27 20:48:42,-68,D7510A57,58258,,,520A3C5C,
,,5,2025-05-27 20:48:43,-77,81D187E3,34292,,,520A3C5C,
,,2,2025-05-27 20:48:43,-77,81D187E3,34292,,,520A3C5C,
,,3,2025-05-27 20:48:43,-77,81D187E3,34292,,,520A3C5C,
,,5,2025-05-27 20:48:44,-73,23D9727E,59535,,,520A3C5C,
,,2,2025-05-27 20:48:44,-73,23D9727E,59535,,,520A3C5C,
,,3,2025-05-27 20:48:44,-73,23D9727E,59535,,,520A3C5C,
,,4,2025-05-27 20:48:44,-73,23D9727E,59535,,,520A3C5C,
,,1,2025-05-27 20:48:44,-74,0000006E,39309,,,520A3C5C,
,,5,2025-05-27 20:48:44,-74,0000006E,39309,,,520A3C5C,
,,2,2025-05-27 20:48:44,-74,0000006E,39309,,,520A3C5C,
,,3,2025-05-27 20:48:44,-74,0000006E,39309,,,520A3C5C,
,,4,2025-05-27 20:48:44,-74,0000006E,39309,,,520A3C5C,
,,2,2025-05-27 20:48:44,-76,367E0F4A,61915,,,520A3C5C,
,,3,2025-05-27 20:48:44,-76,367E0F4A,61915,,,520A3C5C,
,,4,2025-05-27 20:48:44,-76,367E0F4A,61915,,,520A3C5C,
,,5,2025-05-27 20:48:46,-67,A648A0E7,6574,,,520A3C5C,
,,5,2025-05-27 20:48:46,-70,59FE8D30,35059,,,520A3C5C,
,,2,2025-05-27 20:48:46,-70,59FE8D30,35059,,,520A3C5C,
,,3,2025-05-27 20:48:46,-70,59FE8D30,35059,,,520A3C5C,
,,5,2025-05-27 20:48:46,-70,D7510A57,6724,,,520A3C5C,
,,2,2025-05-27 20:48:46,-70,D7510A57,6724,,,520A3C5C,
,,3,2025-05-27 20:48:46,-70,D7510A57,6724,,,520A3C5C,
,,5,2025-05-27 20:48:47,-79,19836CFF,44373,,,520A3C5C,
,,4,2025-05-27 20:48:47,-79,19836CFF,44373,,,520A3C5C,
,,2,2025-05-27 20:48:47,-79,19836CFF,44373,,,520A3C5C,
,,3,2025-05-27 20:48:47,-79,19836CFF,44373,,,520A3C5C,
,,2,2025-05-27 20:48:48,-68,A648A0E7,41701,,,520A3C5C,
,,5,2025-05-27 20:48:48,-68,A648A0E7,41701,,,520A3C5C,
,,3,2025-05-27 20:48:49,-76,81D187E3,57407,,,520A3C5C,
,,4,2025-05-27 20:48:51,-67,A648A0E7,22075,,,520A3C5C,
,,2,2025-05-27 20:48:51,-67,A648A0E7,22075,,,520A3C5C,
,,1,2025-05-27 20:48:51,-67,A648A0E7,22075,,,520A3C5C,
,,5,2025-05-27 20:48:51,-67,A648A0E7,22075,,,520A3C5C,
,,3,2025-05-27 20:48:51,-67,A648A0E7,22075,,,520A3C5C,
,,2,2025-05-27 20:48:52,-64,870614B1,48406,,,520A3C5C,
,,3,2025-05-27 20:48:52,-64,870614B1,48406,,,520A3C5C,
,,1,2025-05-27 20:48:52,-64,870614B1,48406,,,520A3C5C,
,,5,2025-05-27 20:48:52,-64,870614B1,48406,,,520A3C5C,
,,4,2025-05-27 20:48:52,-64,870614B1,48406,,,520A3C5C,
,,4,2025-05-27 20:48:53,-78,E2A807D7,29791,,,520A3C5C,
,,2,2025-05-27 20:48:53,-78,E2A807D7,29791,,,520A3C5C,
,,3,2025-05-27 20:48:53,-78,E2A807D7,29791,,,520A3C5C,
,,5,2025-05-27 20:48:53,-78,E2A807D7,29791,,,520A3C5C,
,,2,2025-05-27 20:48:53,-71,D7510A57,25734,,,520A3C5C,
,,4,2025-05-27 20:48:53,-71,D7510A57,25734,,,520A3C5C,
,,3,2025-05-27 20:48:53,-71,D7510A57,25734,,,520A3C5C,
,,5,2025-05-27 20:48:53,-71,D7510A57,25734,,,520A3C5C,
,,3,2025-05-27 20:48:54,-79,B78FE24A,22796,,,520A3C5C,
,,5,2025-05-27 20:48:54,-79,B78FE24A,22796,,,520A3C5C,
,,4,2025-05-27 20:48:54,-79,B78FE24A,22796,,,520A3C5C,
,,2,2025-05-27 20:48:56,-70,59FE8D30,4575,,,520A3C5C,
,,3,2025-05-27 20:48:56,-70,59FE8D30,4575,,,520A3C5C,
,,5,2025-05-27 20:48:56,-70,59FE8D30,4575,,,520A3C5C,
,,4,2025-05-27 20:48:56,-67,A648A0E7,52438,,,520A3C5C,
,,1,2025-05-27 20:48:56,-67,A648A0E7,52438,,,520A3C5C,
,,2,2025-05-27 20:48:56,-67,A648A0E7,52438,,,520A3C5C,
,,3,2025-05-27 20:48:56,-67,A648A0E7,52438,,,520A3C5C,
,,5,2025-05-27 20:48:56,-67,A648A0E7,52438,,,520A3C5C,
,,1,2025-05-27 20:48:57,-70,59FE8D30,39729,,,520A3C5C,
,,2,2025-05-27 20:48:57,-70,59FE8D30,39729,,,520A3C5C,
,,3,2025-05-27 20:48:57,-70,59FE8D30,39729,,,520A3C5C,
,,5,2025-05-27 20:48:57,-70,59FE8D30,39729,,,520A3C5C,
,,4,2025-05-27 20:48:57,-70,59FE8D30,39729,,,520A3C5C,
,,3,2025-05-27 20:48:57,-71,13323C65,3449,,,520A3C5C,
,,5,2025-05-27 20:48:57,-71,13323C65,3449,,,520A3C5C,
,,4,2025-05-27 20:48:57,-71,13323C65,3449,,,520A3C5C,
,,2,2025-05-27 20:48:57,-71,13323C65,3449,,,520A3C5C,
,,2,2025-05-27 20:48:58,-70,13323C65,27136,,,520A3C5C,
,,3,2025-05-27 20:48:58,-70,13323C65,27136,,,520A3C5C,
,,5,2025-05-27 20:48:58,-70,13323C65,27136,,,520A3C5C,
,,4,2025-05-27 20:48:58,-70,13323C65,27136,,,520A3C5C,
,,1,2025-05-27 20:48:58,-70,13323C65,27136,,,520A3C5C,
,,2,2025-05-27 20:48:59,-72,0000006E,53882,,,520A3C5C,
,,3,2025-05-27 20:48:59,-72,0000006E,53882,,,520A3C5C,
,,5,2025-05-27 20:48:59,-72,0000006E,53882,,,520A3C5C,
,,2,2025-05-27 20:49:00,-76,367E0F4A,4888,,,520A3C5C,
,,3,2025-05-27 20:49:00,-76,367E0F4A,4888,,,520A3C5C,
,,5,2025-05-27 20:49:00,-76,367E0F4A,4888,,,520A3C5C,
,,1,2025-05-27 20:49:00,-67,D7510A57,5498,,,520A3C5C,
,,4,2025-05-27 20:49:00,-67,D7510A57,5498,,,520A3C5C,
,,3,2025-05-27 20:49:01,-70,59FE8D30,60544,,,520A3C5C,
,,4,2025-05-27 20:49:01,-70,59FE8D30,60544,,,520A3C5C,
,,4,2025-05-27 20:49:02,-79,E2A807D7,3055,,,520A3C5C,
,,1,2025-05-27 20:49:02,-74,0000006E,36511,,,520A3C5C,
,,2,2025-05-27 20:49:02,-74,0000006E,36511,,,520A3C5C,
,,4,2025-05-27 20:49:02,-74,0000006E,36511,,,520A3C5C,
,,3,2025-05-27 20:49:02,-74,0000006E,36511,,,520A3C5C,
,,5,2025-05-27 20:49:02,-74,0000006E,36511,,,520A3C5C,
,,2,2025-05-27 20:49:02,-71,D7510A57,50248,,,520A3C5C,
,,4,2025-05-27 20:49:03,-76,59FE8D30,5046,,,520A3C5C,
,,3,2025-05-27 20:49:03,-76,59FE8D30,5046,,,520A3C5C,
,,5,2025-05-27 20:49:03,-76,59FE8D30,5046,,,520A3C5C,
,,2,2025-05-27 20:49:03,-76,59FE8D30,5046,,,520A3C5C,
,,2,2025-05-27 20:49:03,-82,E85FB74C,2865,,,520A3C5C,
,,1,2025-05-27 20:48:34,-71,367E0F4A,35870,,,B995250B,
,,1,2025-05-27 20:48:37,-71,367E0F4A,45098,,,9CC5DC79,
,,4,2025-05-27 20:48:37,-71,367E0F4A,45098,,,9CC5DC79,
,,1,2025-05-27 20:48:45,-78,367E0F4A,61915,,,B995250B,
,,5,2025-05-27 20:48:38,-81,81D187E3,61208,,,9CC5DC79,
,,4,2025-05-27 20:48:46,-75,D7510A57,29437,,,B995250B,
,,1,2025-05-27 20:48:46,-75,D7510A57,29437,,,B995250B,
,,1,2025-05-27 20:48:39,-80,A648A0E7,44816,,,9CC5DC79,
,,1,2025-05-27 20:48:47,-74,367E0F4A,35942,,,B995250B,
,,4,2025-05-27 20:48:47,-74,367E0F4A,35942,,,B995250B,
,,1,2025-05-27 20:48:42,-73,13323C65,45525,,,9CC5DC79,
,,4,2025-05-27 20:48:42,-73,13323C65,45525,,,9CC5DC79,
,,5,2025-05-27 20:48:42,-73,13323C65,45525,,,9CC5DC79,
,,5,2025-05-27 20:48:43,-71,870614B1,21871,,,9CC5DC79,
,,3,2025-05-27 20:48:43,-78,13323C65,47868,,,9CC5DC79,
,,1,2025-05-27 20:48:43,-78,13323C65,47868,,,9CC5DC79,
,,4,2025-05-27 20:48:43,-78,13323C65,47868,,,9CC5DC79,
,,5,2025-05-27 20:48:43,-78,13323C65,47868,,,9CC5DC79,
,,2,2025-05-27 20:48:43,-78,13323C65,47868,,,9CC5DC79,
,,1,2025-05-27 20:48:51,-73,D7510A57,41499,,,B995250B,
,,4,2025-05-27 20:48:51,-73,D7510A57,41499,,,B995250B,
,,1,2025-05-27 20:48:43,-82,81D187E3,34292,,,9CC5DC79,
,,4,2025-05-27 20:48:43,-82,81D187E3,34292,,,9CC5DC79,
,,2,2025-05-27 20:48:43,-82,81D187E3,34292,,,9CC5DC79,
,,5,2025-05-27 20:48:43,-82,81D187E3,34292,,,9CC5DC79,
,,3,2025-05-27 20:48:43,-82,81D187E3,34292,,,9CC5DC79,
,,2,2025-05-27 20:48:48,-75,07F9389E,30483,,,9CC5DC79,
,,1,2025-05-27 20:48:48,-75,07F9389E,30483,,,9CC5DC79,
,,3,2025-05-27 20:48:48,-75,07F9389E,30483,,,9CC5DC79,
,,5,2025-05-27 20:48:48,-75,07F9389E,30483,,,9CC5DC79,
,,4,2025-05-27 20:48:48,-75,07F9389E,30483,,,9CC5DC79,
,,1,2025-05-27 20:48:48,-72,367E0F4A,26445,,,9CC5DC79,
,,5,2025-05-27 20:48:49,-78,13323C65,25055,,,9CC5DC79,
,,3,2025-05-27 20:48:49,-78,13323C65,25055,,,9CC5DC79,
,,4,2025-05-27 20:48:49,-71,367E0F4A,56736,,,9CC5DC79,
,,5,2025-05-27 20:48:49,-71,367E0F4A,56736,,,9CC5DC79,
,,3,2025-05-27 20:48:50,-80,23D9727E,29339,,,9CC5DC79,
,,4,2025-05-27 20:48:50,-80,23D9727E,29339,,,9CC5DC79,
,,5,2025-05-27 20:48:50,-80,23D9727E,29339,,,9CC5DC79,
,,5,2025-05-27 20:48:50,-80,A648A0E7,45149,,,9CC5DC79,
,,4,2025-05-27 20:48:50,-84,0000006E,47814,,,9CC5DC79,
,,3,2025-05-27 20:48:50,-84,0000006E,47814,,,9CC5DC79,
,,1,2025-05-27 20:48:50,-84,0000006E,47814,,,9CC5DC79,
,,5,2025-05-27 20:48:50,-84,0000006E,47814,,,9CC5DC79,
,,2,2025-05-27 20:48:50,-84,0000006E,47814,,,9CC5DC79,
,,1,2025-05-27 20:48:51,-78,59FE8D30,41706,,,9CC5DC79,
,,5,2025-05-27 20:48:52,-75,A648A0E7,64063,,,9CC5DC79,
,,1,2025-05-27 20:48:52,-75,A648A0E7,64063,,,9CC5DC79,
,,2,2025-05-27 20:48:53,-78,D7510A57,25734,,,9CC5DC79,
,,3,2025-05-27 20:48:53,-78,D7510A57,25734,,,9CC5DC79,
,,5,2025-05-27 20:48:53,-78,D7510A57,25734,,,9CC5DC79,
,,5,2025-05-27 20:48:55,-72,367E0F4A,14332,,,9CC5DC79,
,,1,2025-05-27 20:49:07,-73,870614B1,544,,,B995250B,
,,4,2025-05-27 20:48:38,-79,13323C65,11085,,,CB4A1EAE,
,,1,2025-05-27 20:48:38,-79,13323C65,11085,,,CB4A1EAE,
,,5,2025-05-27 20:48:55,-73,13323C65,5491,,,9CC5DC79,
,,3,2025-05-27 20:48:55,-73,13323C65,5491,,,9CC5DC79,
,,5,2025-05-27 20:48:56,-73,13323C65,59246,,,9CC5DC79,
,,1,2025-05-27 20:48:56,-73,13323C65,59246,,,9CC5DC79,
,,2,2025-05-27 20:48:56,-73,13323C65,59246,,,9CC5DC79,
,,4,2025-05-27 20:48:56,-73,13323C65,59246,,,9CC5DC79,
,,4,2025-05-27 20:48:38,-78,367E0F4A,39182,,,CB4A1EAE,
,,3,2025-05-27 20:48:57,-75,A648A0E7,58318,,,9CC5DC79,
,,4,2025-05-27 20:48:57,-75,A648A0E7,58318,,,9CC5DC79,
,,5,2025-05-27 20:48:57,-75,A648A0E7,58318,,,9CC5DC79,
,,2,2025-05-27 20:48:57,-75,A648A0E7,58318,,,9CC5DC79,
,,1,2025-05-27 20:48:57,-75,A648A0E7,58318,,,9CC5DC79,
,,1,2025-05-27 20:48:59,-72,367E0F4A,42390,,,9CC5DC79,
,,3,2025-05-27 20:49:00,-72,367E0F4A,4888,,,9CC5DC79,
,,5,2025-05-27 20:49:00,-72,367E0F4A,4888,,,9CC5DC79,
,,4,2025-05-27 20:49:00,-82,81D187E3,2853,,,9CC5DC79,
,,2,2025-05-27 20:49:00,-82,81D187E3,2853,,,9CC5DC79,
,,1,2025-05-27 20:49:00,-82,81D187E3,2853,,,9CC5DC79,
,,3,2025-05-27 20:49:00,-82,81D187E3,2853,,,9CC5DC79,
,,5,2025-05-27 20:49:00,-82,81D187E3,2853,,,9CC5DC79,
,,5,2025-05-27 20:49:02,-81,E2A807D7,3055,,,9CC5DC79,
,,5,2025-05-27 20:49:03,-71,367E0F4A,20601,,,9CC5DC79,
,,5,2025-05-27 20:49:04,-79,13323C65,18874,,,9CC5DC79,
,,3,2025-05-27 20:49:04,-79,13323C65,18874,,,9CC5DC79,
,,4,2025-05-27 20:48:44,-81,59FE8D30,55999,,,CB4A1EAE,
,,4,2025-05-27 20:48:46,-78,367E0F4A,4002,,,CB4A1EAE,
,,3,2025-05-27 20:49:05,-80,A648A0E7,63013,,,9CC5DC79,
,,5,2025-05-27 20:49:05,-80,A648A0E7,63013,,,9CC5DC79,
,,4,2025-05-27 20:49:05,-80,A648A0E7,63013,,,9CC5DC79,
,,1,2025-05-27 20:49:05,-80,A648A0E7,63013,,,9CC5DC79,
,,2,2025-05-27 20:49:05,-80,A648A0E7,63013,,,9CC5DC79,
,,5,2025-05-27 20:49:06,-82,81D187E3,12606,,,9CC5DC79,
,,1,2025-05-27 20:48:46,-80,A648A0E7,6574,,,CB4A1EAE,
,,5,2025-05-27 20:49:07,-82,870614B1,544,,,9CC5DC79,
,,4,2025-05-27 20:49:07,-82,870614B1,544,,,9CC5DC79,
,,3,2025-05-27 20:49:07,-82,870614B1,544,,,9CC5DC79,
,,2,2025-05-27 20:49:07,-82,870614B1,544,,,9CC5DC79,
,,1,2025-05-27 20:48:47,-82,59FE8D30,14709,,,CB4A1EAE,
,,5,2025-05-27 20:49:07,-72,13323C65,6338,,,9CC5DC79,
,,1,2025-05-27 20:49:07,-72,13323C65,6338,,,9CC5DC79,
,,4,2025-05-27 20:48:51,-85,A648A0E7,22075,,,CB4A1EAE,
,,1,2025-05-27 20:48:51,-85,A648A0E7,22075,,,CB4A1EAE,
,,1,2025-05-27 20:48:52,-79,367E0F4A,44237,,,CB4A1EAE,
,,1,2025-05-27 20:48:55,-80,59FE8D30,41411,,,CB4A1EAE,
,,1,2025-05-27 20:48:55,-82,13323C65,5491,,,CB4A1EAE,
,,4,2025-05-27 20:48:55,-82,13323C65,5491,,,CB4A1EAE,
,,1,2025-05-27 20:48:56,-80,59FE8D30,4575,,,CB4A1EAE,
,,1,2025-05-27 20:49:01,-73,D7510A57,15820,,,CB4A1EAE,
,,4,2025-05-27 20:49:01,-73,D7510A57,15820,,,CB4A1EAE,
,,1,2025-05-27 20:49:03,-80,59FE8D30,5046,,,CB4A1EAE,
,,4,2025-05-27 20:49:03,-80,59FE8D30,5046,,,CB4A1EAE,
,,1,2025-05-27 20:49:04,-78,A648A0E7,47184,,,CB4A1EAE,
,,1,2025-05-27 20:48:52,-77,81D187E3,55497,,,7D769A01,
,,1,2025-05-27 20:48:54,-65,367E0F4A,14332,,,7D769A01,
,,1,2025-05-27 20:48:54,-72,870614B1,13342,,,7D769A01,
,,1,2025-05-27 20:48:55,-73,13323C65,59246,,,7D769A01,
,,1,2025-05-27 20:48:57,-69,D7510A57,50578,,,7D769A01,
,,1,2025-05-27 20:48:57,-81,07F9389E,39318,,,7D769A01,
,,1,2025-05-27 20:48:57,-71,13323C65,27136,,,7D769A01,
,,1,2025-05-27 20:48:58,-84,19836CFF,15280,,,7D769A01,
,,1,2025-05-27 20:49:00,-67,D7510A57,5498,,,7D769A01,
,,1,2025-05-27 20:49:00,-73,870614B1,21951,,,7D769A01,
,,1,2025-05-27 20:49:00,-77,B78FE24A,20162,,,7D769A01,
,,1,2025-05-27 20:49:01,-74,81D187E3,6208,,,7D769A01,
,,1,2025-05-27 20:49:02,-77,0000006E,36511,,,7D769A01,
,,1,2025-05-27 20:49:03,-67,367E0F4A,28267,,,7D769A01,
,,1,2025-05-27 20:49:06,-67,367E0F4A,13549,,,7D769A01,
,,1,2025-05-27 20:49:07,-71,13323C65,6338,,,7D769A01,
,,1,2025-05-27 20:49:09,-77,81D187E3,1716,,,7D769A01,
,,1,2025-05-27 20:49:14,-76,81D187E3,47376,,,7D769A01,
,,1,2025-05-27 20:49:15,-66,367E0F4A,25496,,,7D769A01,
,,1,2025-05-27 20:49:15,-74,81D187E3,55485,,,7D769A01,
,,1,2025-05-27 20:49:16,-65,367E0F4A,30665,,,7D769A01,
,,4,2025-05-27 20:48:57,-83,13323C65,3449,,,4D64B5B5,
,,1,2025-05-27 20:48:57,-83,13323C65,3449,,,4D64B5B5,
,,4,2025-05-27 20:48:58,-75,870614B1,30696,,,4D64B5B5,
,,1,2025-05-27 20:48:58,-75,870614B1,30696,,,4D64B5B5,
,,4,2025-05-27 20:48:58,-82,13323C65,27136,,,4D64B5B5,
,,1,2025-05-27 20:48:58,-82,13323C65,27136,,,4D64B5B5,
,,1,2025-05-27 20:49:04,-77,13323C65,18874,,,4D64B5B5,
,,4,2025-05-27 20:49:04,-77,13323C65,18874,,,4D64B5B5,
,,1,2025-05-27 20:49:04,-79,A648A0E7,47184,,,4D64B5B5,
,,1,2025-05-27 20:49:05,-78,59FE8D30,58552,,,4D64B5B5,
,,4,2025-05-27 20:49:06,-71,367E0F4A,58736,,,4D64B5B5,
,,1,2025-05-27 20:49:07,-72,D7510A57,2269,,,4D64B5B5,
,,4,2025-05-27 20:49:10,-75,81D187E3,1716,,,4D64B5B5,
,,1,2025-05-27 20:49:11,-77,59FE8D30,31368,,,4D64B5B5,
,,4,2025-05-27 20:49:11,-77,59FE8D30,31368,,,4D64B5B5,
,,4,2025-05-27 20:49:13,-78,59FE8D30,58264,,,4D64B5B5,
,,1,2025-05-27 20:49:19,-72,D7510A57,7525,,,4D64B5B5,
,,4,2025-05-27 20:49:19,-72,D7510A57,7525,,,4D64B5B5,
,,1,2025-05-27 20:49:20,-71,D7510A57,48851,,,4D64B5B5,
,,4,2025-05-27 20:49:20,-71,D7510A57,48851,,,4D64B5B5,
,,1,2025-05-27 20:49:21,-82,13323C65,25472,,,4D64B5B5,
,,4,2025-05-27 20:49:21,-82,13323C65,25472,,,4D64B5B5,
,,5,2025-05-27 20:49:04,-77,59FE8D30,29132,,,520A3C5C,
,,3,2025-05-27 20:49:04,-77,59FE8D30,29132,,,520A3C5C,
,,4,2025-05-27 20:49:04,-77,59FE8D30,29132,,,520A3C5C,
,,2,2025-05-27 20:49:04,-77,59FE8D30,29132,,,520A3C5C,
,,5,2025-05-27 20:49:04,-67,A648A0E7,47184,,,520A3C5C,
,,3,2025-05-27 20:49:04,-67,A648A0E7,47184,,,520A3C5C,
,,1,2025-05-27 20:49:04,-67,A648A0E7,47184,,,520A3C5C,
,,4,2025-05-27 20:49:04,-67,A648A0E7,47184,,,520A3C5C,
,,2,2025-05-27 20:49:04,-67,A648A0E7,47184,,,520A3C5C,
,,5,2025-05-27 20:49:04,-76,81D187E3,37521,,,520A3C5C,
,,2,2025-05-27 20:49:04,-76,81D187E3,37521,,,520A3C5C,
,,5,2025-05-27 20:49:04,-77,59FE8D30,58552,,,520A3C5C,
,,3,2025-05-27 20:49:04,-77,59FE8D30,58552,,,520A3C5C,
,,1,2025-05-27 20:49:04,-77,59FE8D30,58552,,,520A3C5C,
,,4,2025-05-27 20:49:04,-77,59FE8D30,58552,,,520A3C5C,
,,2,2025-05-27 20:49:04,-77,59FE8D30,58552,,,520A3C5C,
,,5,2025-05-27 20:49:05,-67,A648A0E7,63013,,,520A3C5C,
,,3,2025-05-27 20:49:05,-67,A648A0E7,63013,,,520A3C5C,
,,2,2025-05-27 20:49:05,-67,A648A0E7,63013,,,520A3C5C,
,,2,2025-05-27 20:49:05,-66,D7510A57,37895,,,520A3C5C,
,,4,2025-05-27 20:49:05,-66,D7510A57,37895,,,520A3C5C,
,,5,2025-05-27 20:49:05,-66,D7510A57,37895,,,520A3C5C,
,,3,2025-05-27 20:49:05,-66,D7510A57,37895,,,520A3C5C,
,,4,2025-05-27 20:49:08,-67,D7510A57,48003,,,520A3C5C,
,,5,2025-05-27 20:49:08,-67,D7510A57,48003,,,520A3C5C,
,,2,2025-05-27 20:49:08,-67,D7510A57,48003,,,520A3C5C,
,,3,2025-05-27 20:49:08,-67,D7510A57,48003,,,520A3C5C,
,,2,2025-05-27 20:49:09,-70,13323C65,16311,,,520A3C5C,
,,3,2025-05-27 20:49:09,-70,13323C65,16311,,,520A3C5C,
,,5,2025-05-27 20:49:09,-70,13323C65,16311,,,520A3C5C,
,,2,2025-05-27 20:49:11,-67,A648A0E7,11090,,,520A3C5C,
,,2,2025-05-27 20:49:11,-68,D7510A57,1637,,,520A3C5C,
,,4,2025-05-27 20:49:11,-68,D7510A57,1637,,,520A3C5C,
,,3,2025-05-27 20:49:11,-68,D7510A57,1637,,,520A3C5C,
,,5,2025-05-27 20:49:12,-69,13323C65,21593,,,520A3C5C,
,,3,2025-05-27 20:49:12,-76,59FE8D30,10408,,,520A3C5C,
,,4,2025-05-27 20:49:12,-76,59FE8D30,10408,,,520A3C5C,
,,4,2025-05-27 20:49:12,-67,D7510A57,20413,,,520A3C5C,
,,3,2025-05-27 20:49:12,-67,D7510A57,20413,,,520A3C5C,
,,4,2025-05-27 20:49:13,-68,870614B1,17956,,,520A3C5C,
,,5,2025-05-27 20:49:13,-68,870614B1,17956,,,520A3C5C,
,,4,2025-05-27 20:49:14,-80,19836CFF,14774,,,520A3C5C,
,,3,2025-05-27 20:49:14,-80,19836CFF,14774,,,520A3C5C,
,,2,2025-05-27 20:49:14,-80,19836CFF,14774,,,520A3C5C,
,,3,2025-05-27 20:49:15,-76,59FE8D30,59734,,,520A3C5C,
,,2,2025-05-27 20:49:15,-76,59FE8D30,59734,,,520A3C5C,
,,5,2025-05-27 20:49:15,-76,59FE8D30,59734,,,520A3C5C,
,,1,2025-05-27 20:49:15,-76,59FE8D30,59734,,,520A3C5C,
,,4,2025-05-27 20:49:15,-76,59FE8D30,59734,,,520A3C5C,
,,5,2025-05-27 20:49:15,-69,D7510A57,62933,,,520A3C5C,
,,1,2025-05-27 20:49:15,-69,D7510A57,62933,,,520A3C5C,
,,4,2025-05-27 20:49:15,-69,D7510A57,62933,,,520A3C5C,
,,3,2025-05-27 20:49:15,-69,D7510A57,62933,,,520A3C5C,
,,2,2025-05-27 20:49:15,-69,D7510A57,62933,,,520A3C5C,
,,3,2025-05-27 20:49:15,-74,A648A0E7,18373,,,520A3C5C,
,,2,2025-05-27 20:49:15,-74,A648A0E7,18373,,,520A3C5C,
,,3,2025-05-27 20:49:17,-77,59FE8D30,27887,,,520A3C5C,
,,2,2025-05-27 20:49:17,-77,59FE8D30,27887,,,520A3C5C,
,,2,2025-05-27 20:49:17,-74,0000006E,27513,,,520A3C5C,
,,5,2025-05-27 20:49:17,-74,0000006E,27513,,,520A3C5C,
,,5,2025-05-27 20:49:18,-71,07F9389E,30166,,,520A3C5C,
,,3,2025-05-27 20:49:18,-71,07F9389E,30166,,,520A3C5C,
,,1,2025-05-27 20:49:18,-71,07F9389E,30166,,,520A3C5C,
,,4,2025-05-27 20:49:18,-71,07F9389E,30166,,,520A3C5C,
,,2,2025-05-27 20:49:18,-71,07F9389E,30166,,,520A3C5C,
,,5,2025-05-27 20:49:18,-71,D7510A57,7525,,,520A3C5C,
,,2,2025-05-27 20:49:18,-71,D7510A57,7525,,,520A3C5C,
,,3,2025-05-27 20:49:18,-71,D7510A57,7525,,,520A3C5C,
,,4,2025-05-27 20:49:18,-71,D7510A57,7525,,,520A3C5C,
,,5,2025-05-27 20:49:19,-64,870614B1,54605,,,520A3C5C,
,,3,2025-05-27 20:49:19,-64,870614B1,54605,,,520A3C5C,
,,2,2025-05-27 20:49:19,-64,870614B1,54605,,,520A3C5C,
,,3,2025-05-27 20:49:20,-81,23D9727E,1309,,,520A3C5C,
,,2,2025-05-27 20:49:20,-81,23D9727E,1309,,,520A3C5C,
,,4,2025-05-27 20:49:20,-81,23D9727E,1309,,,520A3C5C,
,,5,2025-05-27 20:49:20,-81,23D9727E,1309,,,520A3C5C,
,,2,2025-05-27 20:49:20,-80,E2A807D7,30052,,,520A3C5C,
,,5,2025-05-27 20:49:20,-80,E2A807D7,30052,,,520A3C5C,
,,4,2025-05-27 20:49:20,-80,E2A807D7,30052,,,520A3C5C,
,,1,2025-05-27 20:49:20,-80,E2A807D7,30052,,,520A3C5C,
,,3,2025-05-27 20:49:20,-80,E2A807D7,30052,,,520A3C5C,
,,3,2025-05-27 20:49:20,-67,D7510A57,63713,,,520A3C5C,
,,2,2025-05-27 20:49:20,-67,D7510A57,63713,,,520A3C5C,
,,5,2025-05-27 20:49:20,-67,D7510A57,63713,,,520A3C5C,
,,4,2025-05-27 20:49:20,-67,D7510A57,63713,,,520A3C5C,
,,1,2025-05-27 20:49:20,-67,D7510A57,63713,,,520A3C5C,
,,5,2025-05-27 20:49:20,-78,81D187E3,43806,,,520A3C5C,
,,4,2025-05-27 20:49:20,-78,81D187E3,43806,,,520A3C5C,
,,2,2025-05-27 20:49:21,-69,13323C65,55809,,,520A3C5C,
,,4,2025-05-27 20:49:21,-69,13323C65,55809,,,520A3C5C,
,,5,2025-05-27 20:49:21,-69,13323C65,55809,,,520A3C5C,
,,3,2025-05-27 20:49:21,-69,13323C65,55809,,,520A3C5C,
,,4,2025-05-27 20:49:22,-76,59FE8D30,56746,,,520A3C5C,
,,3,2025-05-27 20:49:22,-76,59FE8D30,56746,,,520A3C5C,
,,1,2025-05-27 20:49:22,-76,59FE8D30,56746,,,520A3C5C,
,,2,2025-05-27 20:49:22,-76,59FE8D30,56746,,,520A3C5C,
,,5,2025-05-27 20:49:22,-76,59FE8D30,56746,,,520A3C5C,
,,4,2025-05-27 20:49:22,-79,19836CFF,33335,,,520A3C5C,
,,3,2025-05-27 20:49:22,-79,19836CFF,33335,,,520A3C5C,
,,1,2025-05-27 20:49:22,-79,19836CFF,33335,,,520A3C5C,
,,2,2025-05-27 20:49:22,-79,19836CFF,33335,,,520A3C5C,
,,5,2025-05-27 20:49:22,-79,19836CFF,33335,,,520A3C5C,
,,2,2025-05-27 20:49:22,-68,13323C65,27856,,,520A3C5C,
,,5,2025-05-27 20:49:22,-68,13323C65,27856,,,520A3C5C,
,,4,2025-05-27 20:49:22,-68,13323C65,27856,,,520A3C5C,
,,3,2025-05-27 20:49:22,-68,13323C65,27856,,,520A3C5C,
,,3,2025-05-27 20:49:22,-70,D7510A57,25804,,,520A3C5C,
,,4,2025-05-27 20:49:22,-70,D7510A57,25804,,,520A3C5C,
,,1,2025-05-27 20:49:22,-70,D7510A57,25804,,,520A3C5C,
,,2,2025-05-27 20:49:22,-70,D7510A57,25804,,,520A3C5C,
,,5,2025-05-27 20:49:22,-70,D7510A57,25804,,,520A3C5C,
,,5,2025-05-27 20:49:23,-70,59FE8D30,3077,,,520A3C5C,
,,2,2025-05-27 20:49:23,-70,59FE8D30,3077,,,520A3C5C,
,,4,2025-05-27 20:49:23,-70,59FE8D30,3077,,,520A3C5C,
,,3,2025-05-27 20:49:23,-70,59FE8D30,3077,,,520A3C5C,
,,1,2025-05-27 20:49:23,-70,59FE8D30,3077,,,520A3C5C,
,,2,2025-05-27 20:49:23,-67,A648A0E7,51239,,,520A3C5C,
,,5,2025-05-27 20:49:23,-67,A648A0E7,51239,,,520A3C5C,
,,3,2025-05-27 20:49:24,-76,367E0F4A,62106,,,520A3C5C,
,,2,2025-05-27 20:49:24,-76,367E0F4A,62106,,,520A3C5C,
,,4,2025-05-27 20:49:24,-76,367E0F4A,62106,,,520A3C5C,
,,5,2025-05-27 20:49:24,-76,367E0F4A,62106,,,520A3C5C,
,,1,2025-05-27 20:49:24,-76,367E0F4A,62106,,,520A3C5C,
,,3,2025-05-27 20:49:24,-77,81D187E3,59049,,,520A3C5C,
,,2,2025-05-27 20:49:24,-77,81D187E3,59049,,,520A3C5C,
,,5,2025-05-27 20:49:24,-77,81D187E3,59049,,,520A3C5C,
,,5,2025-05-27 20:49:25,-73,13323C65,59995,,,520A3C5C,
,,3,2025-05-27 20:49:25,-73,13323C65,59995,,,520A3C5C,
,,2,2025-05-27 20:49:25,-73,13323C65,59995,,,520A3C5C,
,,4,2025-05-27 20:49:25,-73,13323C65,59995,,,520A3C5C,
,,5,2025-05-27 20:49:26,-74,A648A0E7,22136,,,520A3C5C,
,,2,2025-05-27 20:49:26,-74,A648A0E7,22136,,,520A3C5C,
,,3,2025-05-27 20:49:26,-74,A648A0E7,22136,,,520A3C5C,
,,1,2025-05-27 20:49:16,-68,D7510A57,59002,,,7D769A01,
,,1,2025-05-27 20:49:17,-67,367E0F4A,40051,,,7D769A01,
,,1,2025-05-27 20:49:18,-75,A648A0E7,34163,,,7D769A01,
,,1,2025-05-27 20:49:18,-72,870614B1,54605,,,7D769A01,
,,1,2025-05-27 20:49:20,-73,59FE8D30,10316,,,7D769A01,
,,1,2025-05-27 20:49:21,-68,367E0F4A,23216,,,7D769A01,
,,1,2025-05-27 20:49:21,-78,B78FE24A,44315,,,7D769A01,
,,1,2025-05-27 20:49:22,-71,D7510A57,25804,,,7D769A01,
,,1,2025-05-27 20:49:10,-72,367E0F4A,52744,,,9CC5DC79,
,,3,2025-05-27 20:49:10,-77,13323C65,59716,,,9CC5DC79,
,,5,2025-05-27 20:49:10,-77,13323C65,59716,,,9CC5DC79,
,,1,2025-05-27 20:49:10,-77,13323C65,59716,,,9CC5DC79,
,,2,2025-05-27 20:49:10,-77,13323C65,59716,,,9CC5DC79,
,,4,2025-05-27 20:49:10,-77,13323C65,59716,,,9CC5DC79,
,,1,2025-05-27 20:49:22,-71,59FE8D30,3077,,,7D769A01,
,,1,2025-05-27 20:49:23,-74,0000006E,14318,,,7D769A01,
,,1,2025-05-27 20:49:23,-68,D7510A57,40735,,,7D769A01,
,,2,2025-05-27 20:49:11,-83,E2A807D7,42343,,,9CC5DC79,
,,4,2025-05-27 20:49:11,-83,E2A807D7,42343,,,9CC5DC79,
,,3,2025-05-27 20:49:11,-83,E2A807D7,42343,,,9CC5DC79,
,,1,2025-05-27 20:49:23,-72,59FE8D30,47671,,,7D769A01,
,,2,2025-05-27 20:49:11,-80,A648A0E7,11090,,,9CC5DC79,
,,5,2025-05-27 20:49:11,-80,A648A0E7,11090,,,9CC5DC79,
,,4,2025-05-27 20:49:11,-80,A648A0E7,11090,,,9CC5DC79,
,,1,2025-05-27 20:49:11,-80,A648A0E7,11090,,,9CC5DC79,
,,1,2025-05-27 20:49:24,-75,A648A0E7,36685,,,7D769A01,
,,3,2025-05-27 20:49:12,-83,13323C65,21593,,,9CC5DC79,
,,4,2025-05-27 20:49:12,-83,13323C65,21593,,,9CC5DC79,
,,1,2025-05-27 20:49:12,-83,13323C65,21593,,,9CC5DC79,
,,5,2025-05-27 20:49:12,-83,13323C65,21593,,,9CC5DC79,
,,2,2025-05-27 20:49:12,-83,13323C65,21593,,,9CC5DC79,
,,2,2025-05-27 20:49:12,-77,D7510A57,20413,,,9CC5DC79,
,,5,2025-05-27 20:49:12,-77,D7510A57,20413,,,9CC5DC79,
,,3,2025-05-27 20:49:12,-77,D7510A57,20413,,,9CC5DC79,
,,4,2025-05-27 20:49:12,-77,D7510A57,20413,,,9CC5DC79,
,,1,2025-05-27 20:49:25,-72,13323C65,59995,,,7D769A01,
,,4,2025-05-27 20:49:13,-84,59FE8D30,58264,,,9CC5DC79,
,,1,2025-05-27 20:49:13,-84,59FE8D30,58264,,,9CC5DC79,
,,5,2025-05-27 20:49:14,-80,23D9727E,5313,,,9CC5DC79,
,,3,2025-05-27 20:49:14,-80,23D9727E,5313,,,9CC5DC79,
,,5,2025-05-27 20:49:14,-83,81D187E3,47376,,,9CC5DC79,
,,1,2025-05-27 20:49:14,-83,81D187E3,47376,,,9CC5DC79,
,,1,2025-05-27 20:49:27,-65,367E0F4A,47818,,,7D769A01,
,,1,2025-05-27 20:49:27,-72,870614B1,63775,,,7D769A01,
,,1,2025-05-27 20:49:15,-80,81D187E3,55485,,,9CC5DC79,
,,1,2025-05-27 20:49:28,-75,81D187E3,59941,,,7D769A01,
,,1,2025-05-27 20:49:16,-71,367E0F4A,30665,,,9CC5DC79,
,,5,2025-05-27 20:49:16,-71,367E0F4A,30665,,,9CC5DC79,
,,1,2025-05-27 20:49:16,-72,13323C65,37305,,,9CC5DC79,
,,4,2025-05-27 20:49:16,-72,13323C65,37305,,,9CC5DC79,
,,3,2025-05-27 20:49:16,-72,13323C65,37305,,,9CC5DC79,
,,5,2025-05-27 20:49:16,-72,13323C65,37305,,,9CC5DC79,
,,2,2025-05-27 20:49:16,-72,13323C65,37305,,,9CC5DC79,
,,1,2025-05-27 20:49:29,-69,D7510A57,18867,,,7D769A01,
,,1,2025-05-27 20:49:17,-71,367E0F4A,40051,,,9CC5DC79,
,,1,2025-05-27 20:49:29,-77,B78FE24A,62929,,,7D769A01,
,,3,2025-05-27 20:49:18,-72,367E0F4A,32237,,,9CC5DC79,
,,4,2025-05-27 20:49:18,-72,367E0F4A,32237,,,9CC5DC79,
,,5,2025-05-27 20:49:18,-72,367E0F4A,32237,,,9CC5DC79,
,,1,2025-05-27 20:49:31,-66,D7510A57,49646,,,7D769A01,
,,2,2025-05-27 20:49:19,-72,367E0F4A,18662,,,9CC5DC79,
,,5,2025-05-27 20:49:19,-72,367E0F4A,18662,,,9CC5DC79,
,,5,2025-05-27 20:49:19,-81,81D187E3,55223,,,9CC5DC79,
,,4,2025-05-27 20:49:19,-81,81D187E3,55223,,,9CC5DC79,
,,1,2025-05-27 20:49:31,-78,B78FE24A,12167,,,7D769A01,
,,3,2025-05-27 20:49:19,-80,D7510A57,48851,,,9CC5DC79,
,,2,2025-05-27 20:49:19,-80,D7510A57,48851,,,9CC5DC79,
,,1,2025-05-27 20:49:32,-77,59FE8D30,5876,,,7D769A01,
,,3,2025-05-27 20:49:20,-77,13323C65,25472,,,9CC5DC79,
,,5,2025-05-27 20:49:20,-77,13323C65,25472,,,9CC5DC79,
,,2,2025-05-27 20:49:20,-77,13323C65,25472,,,9CC5DC79,
,,4,2025-05-27 20:49:20,-77,13323C65,25472,,,9CC5DC79,
,,1,2025-05-27 20:49:33,-77,B78FE24A,31872,,,7D769A01,
,,4,2025-05-27 20:49:21,-81,367E0F4A,23216,,,9CC5DC79,
,,3,2025-05-27 20:49:21,-81,367E0F4A,23216,,,9CC5DC79,
,,5,2025-05-27 20:49:21,-81,367E0F4A,23216,,,9CC5DC79,
,,2,2025-05-27 20:49:21,-81,367E0F4A,23216,,,9CC5DC79,
,,5,2025-05-27 20:49:22,-73,13323C65,27856,,,9CC5DC79,
,,3,2025-05-27 20:49:22,-75,D7510A57,25804,,,9CC5DC79,
,,5,2025-05-27 20:49:22,-75,D7510A57,25804,,,9CC5DC79,
,,4,2025-05-27 20:49:22,-75,D7510A57,25804,,,9CC5DC79,
,,1,2025-05-27 20:49:33,-71,59FE8D30,13952,,,7D769A01,
,,4,2025-05-27 20:49:22,-81,81D187E3,26483,,,9CC5DC79,
,,1,2025-05-27 20:49:22,-81,81D187E3,26483,,,9CC5DC79,
,,5,2025-05-27 20:49:23,-79,59FE8D30,3077,,,9CC5DC79,
,,5,2025-05-27 20:49:23,-85,D7510A57,40735,,,9CC5DC79,
,,5,2025-05-27 20:49:24,-73,367E0F4A,62106,,,9CC5DC79,
,,2,2025-05-27 20:49:24,-73,367E0F4A,62106,,,9CC5DC79,
,,4,2025-05-27 20:49:25,-71,870614B1,35802,,,9CC5DC79,
,,3,2025-05-27 20:49:25,-71,870614B1,35802,,,9CC5DC79,
,,5,2025-05-27 20:49:25,-71,870614B1,35802,,,9CC5DC79,
,,2,2025-05-27 20:49:25,-71,870614B1,35802,,,9CC5DC79,
,,1,2025-05-27 20:49:25,-71,870614B1,35802,,,9CC5DC79,
,,3,2025-05-27 20:49:25,-71,367E0F4A,19395,,,9CC5DC79,
,,5,2025-05-27 20:49:25,-71,367E0F4A,19395,,,9CC5DC79,
,,2,2025-05-27 20:49:25,-71,367E0F4A,19395,,,9CC5DC79,
,,1,2025-05-27 20:49:25,-71,367E0F4A,19395,,,9CC5DC79,
,,4,2025-05-27 20:49:25,-71,367E0F4A,19395,,,9CC5DC79,
,,5,2025-05-27 20:49:26,-72,367E0F4A,58732,,,9CC5DC79,
,,4,2025-05-27 20:49:27,-81,367E0F4A,47818,,,9CC5DC79,
,,1,2025-05-27 20:49:27,-81,367E0F4A,47818,,,9CC5DC79,
,,3,2025-05-27 20:49:27,-81,367E0F4A,47818,,,9CC5DC79,
,,5,2025-05-27 20:49:27,-81,367E0F4A,47818,,,9CC5DC79,
,,2,2025-05-27 20:49:27,-81,367E0F4A,47818,,,9CC5DC79,
,,1,2025-05-27 20:49:28,-72,367E0F4A,5695,,,9CC5DC79,
,,1,2025-05-27 20:49:29,-82,0000006E,891,,,9CC5DC79,
,,4,2025-05-27 20:49:29,-82,0000006E,891,,,9CC5DC79,
,,5,2025-05-27 20:49:29,-82,0000006E,891,,,9CC5DC79,
,,3,2025-05-27 20:49:29,-82,0000006E,891,,,9CC5DC79,
,,2,2025-05-27 20:49:29,-82,0000006E,891,,,9CC5DC79,
,,5,2025-05-27 20:49:29,-71,367E0F4A,40876,,,9CC5DC79,
,,1,2025-05-27 20:49:30,-78,D7510A57,43621,,,9CC5DC79,
,,2,2025-05-27 20:49:32,-72,367E0F4A,35774,,,9CC5DC79,
,,5,2025-05-27 20:49:33,-72,13323C65,1020,,,9CC5DC79,
,,1,2025-05-27 20:49:33,-77,07F9389E,51222,,,9CC5DC79,
,,2,2025-05-27 20:49:33,-82,59FE8D30,5876,,,9CC5DC79,
,,3,2025-05-27 20:49:33,-82,59FE8D30,5876,,,9CC5DC79,
,,5,2025-05-27 20:49:33,-82,59FE8D30,5876,,,9CC5DC79,
,,1,2025-05-27 20:49:33,-82,59FE8D30,5876,,,9CC5DC79,
,,4,2025-05-27 20:49:33,-82,59FE8D30,5876,,,9CC5DC79,
,,1,2025-05-27 20:49:12,-80,59FE8D30,10408,,,CB4A1EAE,
,,1,2025-05-27 20:49:13,-84,E85FB74C,15969,,,CB4A1EAE,
,,1,2025-05-27 20:49:15,-80,13323C65,28970,,,CB4A1EAE,
,,1,2025-05-27 20:49:18,-79,367E0F4A,32237,,,CB4A1EAE,
,,1,2025-05-27 20:49:21,-81,59FE8D30,34486,,,CB4A1EAE,
,,1,2025-05-27 20:49:21,-78,367E0F4A,23216,,,CB4A1EAE,
,,1,2025-05-27 20:49:23,-78,367E0F4A,30608,,,CB4A1EAE,
,,5,2025-05-27 20:49:23,-75,D7510A57,40735,,,CB4A1EAE,
,,4,2025-05-27 20:49:24,-79,A648A0E7,51239,,,CB4A1EAE,
,,1,2025-05-27 20:49:24,-79,A648A0E7,51239,,,CB4A1EAE,
,,3,2025-05-27 20:49:24,-79,A648A0E7,51239,,,CB4A1EAE,
,,1,2025-05-27 20:49:24,-80,367E0F4A,62106,,,CB4A1EAE,
,,4,2025-05-27 20:49:24,-80,367E0F4A,62106,,,CB4A1EAE,
,,1,2025-05-27 20:49:24,-74,D7510A57,1262,,,CB4A1EAE,
,,4,2025-05-27 20:49:25,-79,A648A0E7,36685,,,CB4A1EAE,
,,1,2025-05-27 20:49:25,-79,A648A0E7,36685,,,CB4A1EAE,
,,4,2025-05-27 20:49:26,-82,D7510A57,44148,,,CB4A1EAE,
,,1,2025-05-27 20:49:26,-82,D7510A57,44148,,,CB4A1EAE,
,,5,2025-05-27 20:49:27,-80,367E0F4A,47818,,,CB4A1EAE,
,,1,2025-05-27 20:49:27,-80,367E0F4A,47818,,,CB4A1EAE,
,,4,2025-05-27 20:49:27,-80,367E0F4A,47818,,,CB4A1EAE,
,,5,2025-05-27 20:49:28,-79,367E0F4A,5695,,,CB4A1EAE,
,,1,2025-05-27 20:49:28,-79,367E0F4A,5695,,,CB4A1EAE,
,,4,2025-05-27 20:49:28,-79,367E0F4A,5695,,,CB4A1EAE,
,,1,2025-05-27 20:49:30,-79,59FE8D30,63286,,,CB4A1EAE,
,,4,2025-05-27 20:49:30,-79,59FE8D30,63286,,,CB4A1EAE,
,,4,2025-05-27 20:49:34,-78,367E0F4A,51387,,,CB4A1EAE,
,,1,2025-05-27 20:49:34,-78,367E0F4A,51387,,,CB4A1EAE,
,,1,2025-05-27 20:49:35,-81,D7510A57,30746,,,CB4A1EAE,
,,1,2025-05-27 20:49:37,-79,367E0F4A,13515,,,CB4A1EAE,
,,4,2025-05-27 20:49:37,-79,367E0F4A,13515,,,CB4A1EAE,
,,1,2025-05-27 20:49:37,-74,D7510A57,41236,,,CB4A1EAE,
,,4,2025-05-27 20:49:38,-82,13323C65,59604,,,CB4A1EAE,
,,1,2025-05-27 20:49:38,-82,13323C65,59604,,,CB4A1EAE,
,,3,2025-05-27 20:49:38,-82,13323C65,59604,,,CB4A1EAE,
,,1,2025-05-27 20:49:39,-79,59FE8D30,60727,,,CB4A1EAE,
,,1,2025-05-27 20:49:21,-73,D7510A57,63713,,,4D64B5B5,
,,4,2025-05-27 20:49:21,-73,D7510A57,63713,,,4D64B5B5,
,,1,2025-05-27 20:49:22,-76,870614B1,1769,,,4D64B5B5,
,,4,2025-05-27 20:49:23,-72,D7510A57,25804,,,4D64B5B5,
,,1,2025-05-27 20:49:23,-72,D7510A57,25804,,,4D64B5B5,
,,4,2025-05-27 20:49:23,-80,81D187E3,26483,,,4D64B5B5,
,,1,2025-05-27 20:49:24,-71,D7510A57,40735,,,4D64B5B5,
,,4,2025-05-27 20:49:24,-71,D7510A57,40735,,,4D64B5B5,
,,1,2025-05-27 20:49:24,-82,A648A0E7,51239,,,4D64B5B5,
,,1,2025-05-27 20:49:24,-71,367E0F4A,62106,,,4D64B5B5,
,,4,2025-05-27 20:49:24,-71,367E0F4A,62106,,,4D64B5B5,
,,1,2025-05-27 20:49:26,-69,D7510A57,25741,,,4D64B5B5,
,,1,2025-05-27 20:49:26,-76,A648A0E7,22136,,,4D64B5B5,
,,4,2025-05-27 20:49:26,-76,A648A0E7,22136,,,4D64B5B5,
,,1,2025-05-27 20:49:27,-72,D7510A57,44148,,,4D64B5B5,
,,4,2025-05-27 20:49:27,-72,D7510A57,44148,,,4D64B5B5,
,,1,2025-05-27 20:49:28,-76,13323C65,38517,,,4D64B5B5,
,,4,2025-05-27 20:49:28,-76,13323C65,38517,,,4D64B5B5,
,,1,2025-05-27 20:49:28,-75,870614B1,63775,,,4D64B5B5,
,,1,2025-05-27 20:49:28,-72,367E0F4A,5695,,,4D64B5B5,
,,4,2025-05-27 20:49:28,-72,367E0F4A,5695,,,4D64B5B5,
,,1,2025-05-27 20:49:29,-76,0000006E,891,,,4D64B5B5,
,,1,2025-05-27 20:49:32,-71,D7510A57,49646,,,4D64B5B5,
,,4,2025-05-27 20:49:32,-71,D7510A57,49646,,,4D64B5B5,
,,1,2025-05-27 20:49:32,-72,367E0F4A,35774,,,4D64B5B5,
,,4,2025-05-27 20:49:32,-72,367E0F4A,35774,,,4D64B5B5,
,,1,2025-05-27 20:49:34,-73,367E0F4A,64191,,,4D64B5B5,
,,4,2025-05-27 20:49:34,-73,367E0F4A,64191,,,4D64B5B5,
,,4,2025-05-27 20:49:35,-69,D7510A57,30746,,,4D64B5B5,
,,1,2025-05-27 20:49:35,-69,D7510A57,30746,,,4D64B5B5,
,,1,2025-05-27 20:49:35,-83,23D9727E,61101,,,4D64B5B5,
,,4,2025-05-27 20:49:35,-83,23D9727E,61101,,,4D64B5B5,
,,1,2025-05-27 20:49:37,-80,13323C65,6022,,,4D64B5B5,
,,1,2025-05-27 20:49:41,-80,23D9727E,62490,,,4D64B5B5,
,,4,2025-05-27 20:49:42,-74,81D187E3,31244,,,4D64B5B5,
,,1,2025-05-27 20:49:42,-74,81D187E3,31244,,,4D64B5B5,
,,1,2025-05-27 20:49:44,-73,81D187E3,923,,,4D64B5B5,
,,3,2025-05-27 20:49:26,-74,59FE8D30,7497,,,520A3C5C,
,,4,2025-05-27 20:49:26,-74,59FE8D30,7497,,,520A3C5C,
,,2,2025-05-27 20:49:26,-74,59FE8D30,7497,,,520A3C5C,
,,5,2025-05-27 20:49:26,-74,59FE8D30,7497,,,520A3C5C,
,,1,2025-05-27 20:49:26,-74,0000006E,40739,,,520A3C5C,
,,2,2025-05-27 20:49:26,-74,0000006E,40739,,,520A3C5C,
,,5,2025-05-27 20:49:26,-74,0000006E,40739,,,520A3C5C,
,,4,2025-05-27 20:49:26,-74,0000006E,40739,,,520A3C5C,
,,3,2025-05-27 20:49:26,-74,0000006E,40739,,,520A3C5C,
,,4,2025-05-27 20:49:27,-70,59FE8D30,26738,,,520A3C5C,
,,2,2025-05-27 20:49:27,-70,59FE8D30,26738,,,520A3C5C,
,,5,2025-05-27 20:49:27,-70,59FE8D30,26738,,,520A3C5C,
,,3,2025-05-27 20:49:27,-70,59FE8D30,26738,,,520A3C5C,
,,2,2025-05-27 20:49:28,-76,59FE8D30,6886,,,520A3C5C,
,,3,2025-05-27 20:49:28,-76,59FE8D30,6886,,,520A3C5C,
,,4,2025-05-27 20:49:28,-76,59FE8D30,6886,,,520A3C5C,
,,4,2025-05-27 20:49:28,-72,D7510A57,48951,,,520A3C5C,
,,3,2025-05-27 20:49:28,-77,81D187E3,59941,,,520A3C5C,
,,4,2025-05-27 20:49:28,-77,81D187E3,59941,,,520A3C5C,
,,2,2025-05-27 20:49:28,-77,81D187E3,59941,,,520A3C5C,
,,5,2025-05-27 20:49:28,-77,81D187E3,59941,,,520A3C5C,
,,1,2025-05-27 20:49:46,-70,367E0F4A,42622,,,4D64B5B5,
,,4,2025-05-27 20:49:47,-72,D7510A57,55634,,,4D64B5B5,
,,1,2025-05-27 20:49:47,-72,D7510A57,55634,,,4D64B5B5,
,,2,2025-05-27 20:49:29,-70,59FE8D30,17626,,,520A3C5C,
,,4,2025-05-27 20:49:29,-73,23D9727E,55485,,,520A3C5C,
,,2,2025-05-27 20:49:29,-73,23D9727E,55485,,,520A3C5C,
,,5,2025-05-27 20:49:29,-73,23D9727E,55485,,,520A3C5C,
,,3,2025-05-27 20:49:29,-73,23D9727E,55485,,,520A3C5C,
,,4,2025-05-27 20:49:29,-74,0000006E,891,,,520A3C5C,
,,2,2025-05-27 20:49:29,-74,0000006E,891,,,520A3C5C,
,,3,2025-05-27 20:49:29,-74,0000006E,891,,,520A3C5C,
,,2,2025-05-27 20:49:29,-70,367E0F4A,40876,,,520A3C5C,
,,5,2025-05-27 20:49:29,-70,367E0F4A,40876,,,520A3C5C,
,,3,2025-05-27 20:49:29,-70,367E0F4A,40876,,,520A3C5C,
,,1,2025-05-27 20:49:29,-70,367E0F4A,40876,,,520A3C5C,
,,4,2025-05-27 20:49:29,-70,367E0F4A,40876,,,520A3C5C,
,,5,2025-05-27 20:49:30,-69,D7510A57,43621,,,520A3C5C,
,,4,2025-05-27 20:49:31,-68,D7510A57,49646,,,520A3C5C,
,,2,2025-05-27 20:49:31,-68,D7510A57,49646,,,520A3C5C,
,,3,2025-05-27 20:49:31,-68,D7510A57,49646,,,520A3C5C,
,,5,2025-05-27 20:49:31,-68,D7510A57,49646,,,520A3C5C,
,,2,2025-05-27 20:49:33,-68,13323C65,1020,,,520A3C5C,
,,3,2025-05-27 20:49:33,-68,13323C65,1020,,,520A3C5C,
,,5,2025-05-27 20:49:33,-76,81D187E3,63222,,,520A3C5C,
,,1,2025-05-27 20:49:33,-76,81D187E3,63222,,,520A3C5C,
,,3,2025-05-27 20:49:33,-76,81D187E3,63222,,,520A3C5C,
,,4,2025-05-27 20:49:33,-76,81D187E3,63222,,,520A3C5C,
,,2,2025-05-27 20:49:33,-76,81D187E3,63222,,,520A3C5C,
,,3,2025-05-27 20:49:36,-69,D7510A57,41236,,,520A3C5C,
,,1,2025-05-27 20:49:36,-69,D7510A57,41236,,,520A3C5C,
,,2,2025-05-27 20:49:36,-69,D7510A57,41236,,,520A3C5C,
,,4,2025-05-27 20:49:36,-69,D7510A57,41236,,,520A3C5C,
,,5,2025-05-27 20:49:36,-69,D7510A57,41236,,,520A3C5C,
,,4,2025-05-27 20:49:37,-70,13323C65,6022,,,520A3C5C,
,,5,2025-05-27 20:49:37,-70,13323C65,6022,,,520A3C5C,
,,2,2025-05-27 20:49:37,-81,A648A0E7,1269,,,520A3C5C,
,,1,2025-05-27 20:49:37,-81,A648A0E7,1269,,,520A3C5C,
,,4,2025-05-27 20:49:37,-81,A648A0E7,1269,,,520A3C5C,
,,5,2025-05-27 20:49:37,-81,A648A0E7,1269,,,520A3C5C,
,,3,2025-05-27 20:49:37,-81,A648A0E7,1269,,,520A3C5C,
,,4,2025-05-27 20:49:38,-71,07F9389E,51768,,,520A3C5C,
,,5,2025-05-27 20:49:38,-71,07F9389E,51768,,,520A3C5C,
,,3,2025-05-27 20:49:38,-71,07F9389E,51768,,,520A3C5C,
,,2,2025-05-27 20:49:38,-71,07F9389E,51768,,,520A3C5C,
,,1,2025-05-27 20:49:38,-71,07F9389E,51768,,,520A3C5C,
,,1,2025-05-27 20:49:39,-77,59FE8D30,60727,,,520A3C5C,
,,2,2025-05-27 20:49:39,-77,59FE8D30,60727,,,520A3C5C,
,,4,2025-05-27 20:49:39,-77,59FE8D30,60727,,,520A3C5C,
,,3,2025-05-27 20:49:39,-77,59FE8D30,60727,,,520A3C5C,
,,5,2025-05-27 20:49:39,-77,59FE8D30,60727,,,520A3C5C,
,,5,2025-05-27 20:49:39,-76,A648A0E7,12025,,,520A3C5C,
,,2,2025-05-27 20:49:39,-76,A648A0E7,12025,,,520A3C5C,
,,4,2025-05-27 20:49:39,-76,A648A0E7,12025,,,520A3C5C,
,,3,2025-05-27 20:49:39,-76,A648A0E7,12025,,,520A3C5C,
,,2,2025-05-27 20:49:39,-75,367E0F4A,50496,,,520A3C5C,
,,4,2025-05-27 20:49:39,-75,367E0F4A,50496,,,520A3C5C,
,,3,2025-05-27 20:49:39,-75,367E0F4A,50496,,,520A3C5C,
,,5,2025-05-27 20:49:39,-75,367E0F4A,50496,,,520A3C5C,
,,4,2025-05-27 20:49:40,-67,A648A0E7,56508,,,520A3C5C,
,,3,2025-05-27 20:49:40,-67,A648A0E7,56508,,,520A3C5C,
,,2,2025-05-27 20:49:40,-67,A648A0E7,56508,,,520A3C5C,
,,1,2025-05-27 20:49:41,-75,367E0F4A,21116,,,520A3C5C,
,,4,2025-05-27 20:49:41,-75,367E0F4A,21116,,,520A3C5C,
,,5,2025-05-27 20:49:41,-72,0000006E,31283,,,520A3C5C,
,,2,2025-05-27 20:49:41,-72,0000006E,31283,,,520A3C5C,
,,4,2025-05-27 20:49:41,-72,0000006E,31283,,,520A3C5C,
,,3,2025-05-27 20:49:41,-72,0000006E,31283,,,520A3C5C,
,,5,2025-05-27 20:49:42,-69,13323C65,30122,,,520A3C5C,
,,2,2025-05-27 20:49:42,-69,13323C65,30122,,,520A3C5C,
,,4,2025-05-27 20:49:42,-69,13323C65,30122,,,520A3C5C,
,,3,2025-05-27 20:49:42,-69,13323C65,30122,,,520A3C5C,
,,3,2025-05-27 20:49:43,-81,A648A0E7,50826,,,520A3C5C,
,,2,2025-05-27 20:49:43,-81,A648A0E7,50826,,,520A3C5C,
,,5,2025-05-27 20:49:43,-81,A648A0E7,50826,,,520A3C5C,
,,4,2025-05-27 20:49:43,-81,A648A0E7,50826,,,520A3C5C,
,,5,2025-05-27 20:49:44,-76,59FE8D30,20130,,,520A3C5C,
,,3,2025-05-27 20:49:44,-76,59FE8D30,20130,,,520A3C5C,
,,2,2025-05-27 20:49:45,-75,367E0F4A,7140,,,520A3C5C,
,,3,2025-05-27 20:49:45,-75,367E0F4A,7140,,,520A3C5C,
,,2,2025-05-27 20:49:47,-68,D7510A57,55634,,,520A3C5C,
,,5,2025-05-27 20:49:47,-68,D7510A57,55634,,,520A3C5C,
,,5,2025-05-27 20:49:47,-76,367E0F4A,47336,,,520A3C5C,
,,4,2025-05-27 20:49:47,-76,367E0F4A,47336,,,520A3C5C,
,,2,2025-05-27 20:49:47,-76,367E0F4A,47336,,,520A3C5C,
,,5,2025-05-27 20:49:47,-79,E85FB74C,32347,,,520A3C5C,
,,4,2025-05-27 20:49:47,-79,E85FB74C,32347,,,520A3C5C,
,,3,2025-05-27 20:49:47,-79,E85FB74C,32347,,,520A3C5C,
,,2,2025-05-27 20:49:47,-79,E85FB74C,32347,,,520A3C5C,
,,5,2025-05-27 20:49:48,-68,D7510A57,7355,,,520A3C5C,
,,4,2025-05-27 20:49:48,-68,D7510A57,7355,,,520A3C5C,
,,3,2025-05-27 20:49:48,-68,D7510A57,7355,,,520A3C5C,
,,2,2025-05-27 20:49:48,-68,D7510A57,7355,,,520A3C5C,
,,5,2025-05-27 20:49:48,-68,A648A0E7,53206,,,520A3C5C,
,,4,2025-05-27 20:49:48,-68,A648A0E7,53206,,,520A3C5C,
,,3,2025-05-27 20:49:48,-68,A648A0E7,53206,,,520A3C5C,
,,2,2025-05-27 20:49:48,-68,A648A0E7,53206,,,520A3C5C,
,,2,2025-05-27 20:49:48,-69,13323C65,868,,,520A3C5C,
,,5,2025-05-27 20:49:48,-69,13323C65,868,,,520A3C5C,
,,1,2025-05-27 20:49:49,-68,D7510A57,31375,,,520A3C5C,
,,5,2025-05-27 20:49:49,-68,D7510A57,31375,,,520A3C5C,
,,3,2025-05-27 20:49:49,-68,D7510A57,31375,,,520A3C5C,
,,4,2025-05-27 20:49:49,-68,D7510A57,31375,,,520A3C5C,
,,2,2025-05-27 20:49:49,-68,D7510A57,31375,,,520A3C5C,
,,3,2025-05-27 20:49:49,-80,5504D31A,19467,,,520A3C5C,
,,5,2025-05-27 20:49:49,-80,5504D31A,19467,,,520A3C5C,
,,2,2025-05-27 20:49:49,-80,5504D31A,19467,,,520A3C5C,
,,2,2025-05-27 20:49:49,-68,13323C65,17007,,,520A3C5C,
,,3,2025-05-27 20:49:50,-67,D7510A57,19102,,,520A3C5C,
,,5,2025-05-27 20:49:50,-67,D7510A57,19102,,,520A3C5C,
,,1,2025-05-27 20:49:34,-71,870614B1,65504,,,9CC5DC79,
,,4,2025-05-27 20:49:34,-82,59FE8D30,13952,,,9CC5DC79,
,,2,2025-05-27 20:49:36,-73,13323C65,6325,,,9CC5DC79,
,,5,2025-05-27 20:49:36,-73,13323C65,6325,,,9CC5DC79,
,,1,2025-05-27 20:49:36,-73,13323C65,6325,,,9CC5DC79,
,,4,2025-05-27 20:49:36,-73,13323C65,6325,,,9CC5DC79,
,,3,2025-05-27 20:49:36,-73,13323C65,6325,,,9CC5DC79,
,,1,2025-05-27 20:49:36,-71,367E0F4A,13515,,,9CC5DC79,
,,5,2025-05-27 20:49:38,-76,07F9389E,51768,,,9CC5DC79,
,,1,2025-05-27 20:49:38,-76,07F9389E,51768,,,9CC5DC79,
,,3,2025-05-27 20:49:38,-76,07F9389E,51768,,,9CC5DC79,
,,4,2025-05-27 20:49:38,-76,07F9389E,51768,,,9CC5DC79,
,,1,2025-05-27 20:49:39,-78,A648A0E7,12025,,,9CC5DC79,
,,5,2025-05-27 20:49:39,-78,A648A0E7,12025,,,9CC5DC79,
,,1,2025-05-27 20:49:40,-77,59FE8D30,60632,,,9CC5DC79,
,,5,2025-05-27 20:49:41,-79,A648A0E7,27142,,,9CC5DC79,
,,3,2025-05-27 20:49:41,-79,A648A0E7,27142,,,9CC5DC79,
,,4,2025-05-27 20:49:41,-79,A648A0E7,27142,,,9CC5DC79,
,,1,2025-05-27 20:49:41,-79,A648A0E7,27142,,,9CC5DC79,
,,1,2025-05-27 20:49:43,-81,870614B1,45994,,,9CC5DC79,
,,3,2025-05-27 20:49:43,-81,870614B1,45994,,,9CC5DC79,
,,2,2025-05-27 20:49:43,-81,870614B1,45994,,,9CC5DC79,
,,4,2025-05-27 20:49:43,-81,870614B1,45994,,,9CC5DC79,
,,5,2025-05-27 20:49:43,-81,870614B1,45994,,,9CC5DC79,
,,5,2025-05-27 20:49:43,-76,D7510A57,31982,,,9CC5DC79,
,,1,2025-05-27 20:49:44,-81,81D187E3,58237,,,9CC5DC79,
,,4,2025-05-27 20:49:45,-83,81D187E3,46001,,,9CC5DC79,
,,5,2025-05-27 20:49:45,-83,81D187E3,46001,,,9CC5DC79,
,,3,2025-05-27 20:49:45,-83,81D187E3,46001,,,9CC5DC79,
,,1,2025-05-27 20:49:45,-83,81D187E3,46001,,,9CC5DC79,
,,5,2025-05-27 20:49:47,-78,0000006E,10107,,,9CC5DC79,
,,3,2025-05-27 20:49:47,-78,0000006E,10107,,,9CC5DC79,
,,4,2025-05-27 20:49:47,-78,0000006E,10107,,,9CC5DC79,
,,1,2025-05-27 20:49:47,-78,0000006E,10107,,,9CC5DC79,
,,2,2025-05-27 20:49:48,-76,07F9389E,21346,,,9CC5DC79,
,,5,2025-05-27 20:49:48,-76,07F9389E,21346,,,9CC5DC79,
,,2,2025-05-27 20:49:48,-84,D7510A57,31375,,,9CC5DC79,
,,3,2025-05-27 20:49:49,-78,59FE8D30,52178,,,9CC5DC79,
,,4,2025-05-27 20:49:49,-78,59FE8D30,52178,,,9CC5DC79,
,,2,2025-05-27 20:49:49,-78,59FE8D30,52178,,,9CC5DC79,
,,1,2025-05-27 20:49:49,-78,59FE8D30,52178,,,9CC5DC79,
,,5,2025-05-27 20:49:49,-78,59FE8D30,52178,,,9CC5DC79,
,,1,2025-05-27 20:49:50,-72,367E0F4A,36645,,,9CC5DC79,
,,2,2025-05-27 20:49:50,-84,59FE8D30,28919,,,9CC5DC79,
,,5,2025-05-27 20:49:52,-72,367E0F4A,9440,,,9CC5DC79,
,,1,2025-05-27 20:49:52,-71,870614B1,55608,,,9CC5DC79,
,,3,2025-05-27 20:49:54,-80,A648A0E7,11602,,,9CC5DC79,
,,2,2025-05-27 20:49:54,-80,A648A0E7,11602,,,9CC5DC79,
,,1,2025-05-27 20:49:54,-80,A648A0E7,11602,,,9CC5DC79,
,,5,2025-05-27 20:49:54,-80,A648A0E7,11602,,,9CC5DC79,
,,4,2025-05-27 20:49:54,-80,A648A0E7,11602,,,9CC5DC79,
,,3,2025-05-27 20:49:56,-80,A648A0E7,32548,,,9CC5DC79,
,,2,2025-05-27 20:49:56,-80,A648A0E7,32548,,,9CC5DC79,
,,5,2025-05-27 20:49:56,-80,A648A0E7,32548,,,9CC5DC79,
,,1,2025-05-27 20:49:56,-80,A648A0E7,32548,,,9CC5DC79,
,,4,2025-05-27 20:49:56,-80,A648A0E7,32548,,,9CC5DC79,
,,2,2025-05-27 20:49:58,-78,D7510A57,50875,,,9CC5DC79,
,,3,2025-05-27 20:49:58,-78,D7510A57,50875,,,9CC5DC79,
,,5,2025-05-27 20:49:58,-78,D7510A57,50875,,,9CC5DC79,
,,1,2025-05-27 20:49:58,-78,D7510A57,50875,,,9CC5DC79,
,,5,2025-05-27 20:49:58,-82,870614B1,25144,,,9CC5DC79,
,,3,2025-05-27 20:49:58,-82,870614B1,25144,,,9CC5DC79,
,,4,2025-05-27 20:49:58,-82,870614B1,25144,,,9CC5DC79,
,,1,2025-05-27 20:49:58,-82,870614B1,25144,,,9CC5DC79,
,,2,2025-05-27 20:49:58,-82,870614B1,25144,,,9CC5DC79,
,,5,2025-05-27 20:49:58,-78,13323C65,27545,,,9CC5DC79,
,,1,2025-05-27 20:49:58,-78,13323C65,27545,,,9CC5DC79,
,,1,2025-05-27 20:49:59,-82,81D187E3,56427,,,9CC5DC79,
,,5,2025-05-27 20:49:59,-82,81D187E3,56427,,,9CC5DC79,
,,3,2025-05-27 20:49:59,-82,81D187E3,56427,,,9CC5DC79,
,,4,2025-05-27 20:49:59,-82,81D187E3,56427,,,9CC5DC79,
,,4,2025-05-27 20:50:00,-72,367E0F4A,22301,,,9CC5DC79,
,,2,2025-05-27 20:50:00,-72,367E0F4A,22301,,,9CC5DC79,
,,5,2025-05-27 20:50:00,-72,367E0F4A,22301,,,9CC5DC79,
,,3,2025-05-27 20:50:00,-72,367E0F4A,22301,,,9CC5DC79,
,,1,2025-05-27 20:50:00,-72,367E0F4A,22301,,,9CC5DC79,
,,5,2025-05-27 20:50:00,-82,81D187E3,48031,,,9CC5DC79,
,,2,2025-05-27 20:50:00,-82,81D187E3,48031,,,9CC5DC79,
,,3,2025-05-27 20:50:00,-82,81D187E3,48031,,,9CC5DC79,
,,1,2025-05-27 20:50:00,-82,81D187E3,48031,,,9CC5DC79,
,,5,2025-05-27 20:50:01,-75,A648A0E7,8944,,,9CC5DC79,
,,4,2025-05-27 20:50:02,-71,367E0F4A,2765,,,9CC5DC79,
,,1,2025-05-27 20:50:02,-71,367E0F4A,2765,,,9CC5DC79,
,,2,2025-05-27 20:50:02,-71,367E0F4A,2765,,,9CC5DC79,
,,5,2025-05-27 20:50:02,-71,367E0F4A,2765,,,9CC5DC79,
,,3,2025-05-27 20:50:02,-71,367E0F4A,2765,,,9CC5DC79,
,,4,2025-05-27 20:49:50,-76,367E0F4A,36645,,,520A3C5C,
,,1,2025-05-27 20:49:50,-76,367E0F4A,36645,,,520A3C5C,
,,3,2025-05-27 20:49:50,-76,367E0F4A,36645,,,520A3C5C,
,,5,2025-05-27 20:49:50,-76,367E0F4A,36645,,,520A3C5C,
,,2,2025-05-27 20:49:50,-76,367E0F4A,36645,,,520A3C5C,
,,5,2025-05-27 20:49:50,-71,59FE8D30,28919,,,520A3C5C,
,,3,2025-05-27 20:49:50,-71,59FE8D30,28919,,,520A3C5C,
,,2,2025-05-27 20:49:50,-71,59FE8D30,28919,,,520A3C5C,
,,2,2025-05-27 20:49:51,-68,D7510A57,27095,,,520A3C5C,
,,4,2025-05-27 20:49:51,-68,D7510A57,27095,,,520A3C5C,
,,1,2025-05-27 20:49:51,-68,D7510A57,27095,,,520A3C5C,
,,3,2025-05-27 20:49:51,-68,D7510A57,27095,,,520A3C5C,
,,5,2025-05-27 20:49:51,-68,D7510A57,27095,,,520A3C5C,
,,4,2025-05-27 20:49:52,-68,870614B1,55608,,,520A3C5C,
,,1,2025-05-27 20:49:52,-68,870614B1,55608,,,520A3C5C,
,,5,2025-05-27 20:49:52,-68,870614B1,55608,,,520A3C5C,
,,3,2025-05-27 20:49:52,-68,870614B1,55608,,,520A3C5C,
,,2,2025-05-27 20:49:52,-68,870614B1,55608,,,520A3C5C,
,,4,2025-05-27 20:49:53,-67,D7510A57,63155,,,520A3C5C,
,,5,2025-05-27 20:49:53,-72,07F9389E,8261,,,520A3C5C,
,,5,2025-05-27 20:49:53,-80,23D9727E,45515,,,520A3C5C,
,,3,2025-05-27 20:49:53,-80,23D9727E,45515,,,520A3C5C,
,,2,2025-05-27 20:49:53,-80,23D9727E,45515,,,520A3C5C,
,,4,2025-05-27 20:49:53,-80,23D9727E,45515,,,520A3C5C,
,,2,2025-05-27 20:49:54,-72,D7510A57,35049,,,520A3C5C,
,,5,2025-05-27 20:49:54,-73,A648A0E7,11602,,,520A3C5C,
,,4,2025-05-27 20:49:54,-73,A648A0E7,11602,,,520A3C5C,
,,1,2025-05-27 20:49:54,-73,A648A0E7,11602,,,520A3C5C,
,,3,2025-05-27 20:49:54,-73,A648A0E7,11602,,,520A3C5C,
,,2,2025-05-27 20:49:54,-73,A648A0E7,11602,,,520A3C5C,
,,2,2025-05-27 20:49:54,-70,13323C65,64120,,,520A3C5C,
,,5,2025-05-27 20:49:54,-70,13323C65,64120,,,520A3C5C,
,,4,2025-05-27 20:49:54,-70,13323C65,64120,,,520A3C5C,
,,1,2025-05-27 20:49:54,-70,13323C65,64120,,,520A3C5C,
,,3,2025-05-27 20:49:54,-70,13323C65,64120,,,520A3C5C,
,,2,2025-05-27 20:49:55,-75,870614B1,11804,,,520A3C5C,
,,3,2025-05-27 20:49:55,-75,870614B1,11804,,,520A3C5C,
,,5,2025-05-27 20:49:55,-75,870614B1,11804,,,520A3C5C,
,,4,2025-05-27 20:49:56,-67,D7510A57,13669,,,520A3C5C,
,,5,2025-05-27 20:49:56,-67,D7510A57,13669,,,520A3C5C,
,,5,2025-05-27 20:49:57,-70,59FE8D30,56156,,,520A3C5C,
,,3,2025-05-27 20:49:57,-70,59FE8D30,56156,,,520A3C5C,
,,2,2025-05-27 20:49:57,-70,59FE8D30,56156,,,520A3C5C,
,,5,2025-05-27 20:49:57,-76,81D187E3,40253,,,520A3C5C,
,,1,2025-05-27 20:49:57,-76,81D187E3,40253,,,520A3C5C,
,,4,2025-05-27 20:49:57,-76,81D187E3,40253,,,520A3C5C,
,,3,2025-05-27 20:49:57,-76,81D187E3,40253,,,520A3C5C,
,,2,2025-05-27 20:49:57,-76,81D187E3,40253,,,520A3C5C,
,,4,2025-05-27 20:49:58,-72,D7510A57,50875,,,520A3C5C,
,,2,2025-05-27 20:49:58,-72,D7510A57,50875,,,520A3C5C,
,,5,2025-05-27 20:49:58,-72,D7510A57,50875,,,520A3C5C,
,,3,2025-05-27 20:49:58,-72,D7510A57,50875,,,520A3C5C,
,,1,2025-05-27 20:49:58,-72,D7510A57,50875,,,520A3C5C,
,,4,2025-05-27 20:49:58,-72,07F9389E,65297,,,520A3C5C,
,,2,2025-05-27 20:49:58,-72,07F9389E,65297,,,520A3C5C,
,,5,2025-05-27 20:49:58,-72,07F9389E,65297,,,520A3C5C,
,,3,2025-05-27 20:49:58,-72,07F9389E,65297,,,520A3C5C,
,,5,2025-05-27 20:49:58,-71,367E0F4A,18129,,,520A3C5C,
,,3,2025-05-27 20:49:58,-71,367E0F4A,18129,,,520A3C5C,
,,2,2025-05-27 20:49:58,-71,367E0F4A,18129,,,520A3C5C,
,,4,2025-05-27 20:49:58,-71,367E0F4A,18129,,,520A3C5C,
,,2,2025-05-27 20:49:58,-75,13323C65,27545,,,520A3C5C,
,,1,2025-05-27 20:49:58,-75,13323C65,27545,,,520A3C5C,
,,4,2025-05-27 20:49:58,-75,13323C65,27545,,,520A3C5C,
,,5,2025-05-27 20:49:58,-75,13323C65,27545,,,520A3C5C,
,,3,2025-05-27 20:49:58,-75,13323C65,27545,,,520A3C5C,
,,4,2025-05-27 20:49:59,-68,13323C65,53829,,,520A3C5C,
,,5,2025-05-27 20:49:59,-68,13323C65,53829,,,520A3C5C,
,,3,2025-05-27 20:49:59,-68,13323C65,53829,,,520A3C5C,
,,2,2025-05-27 20:49:59,-68,13323C65,53829,,,520A3C5C,
,,5,2025-05-27 20:49:59,-76,59FE8D30,20072,,,520A3C5C,
,,2,2025-05-27 20:49:59,-76,59FE8D30,20072,,,520A3C5C,
,,3,2025-05-27 20:50:00,-67,D7510A57,59379,,,520A3C5C,
,,2,2025-05-27 20:50:00,-67,D7510A57,59379,,,520A3C5C,
,,1,2025-05-27 20:50:00,-67,D7510A57,59379,,,520A3C5C,
,,4,2025-05-27 20:50:00,-67,D7510A57,59379,,,520A3C5C,
,,5,2025-05-27 20:50:00,-67,D7510A57,59379,,,520A3C5C,
,,1,2025-05-27 20:50:00,-74,A648A0E7,32777,,,520A3C5C,
,,4,2025-05-27 20:50:00,-74,A648A0E7,32777,,,520A3C5C,
,,3,2025-05-27 20:50:00,-74,A648A0E7,32777,,,520A3C5C,
,,2,2025-05-27 20:50:00,-74,A648A0E7,32777,,,520A3C5C,
,,5,2025-05-27 20:50:00,-74,A648A0E7,32777,,,520A3C5C,
,,4,2025-05-27 20:50:01,-70,D7510A57,56054,,,520A3C5C,
,,5,2025-05-27 20:50:01,-70,D7510A57,56054,,,520A3C5C,
,,2,2025-05-27 20:50:01,-70,D7510A57,56054,,,520A3C5C,
,,3,2025-05-27 20:50:01,-70,D7510A57,56054,,,520A3C5C,
,,5,2025-05-27 20:50:01,-67,A648A0E7,8944,,,520A3C5C,
,,2,2025-05-27 20:50:01,-67,A648A0E7,8944,,,520A3C5C,
,,3,2025-05-27 20:50:01,-67,A648A0E7,8944,,,520A3C5C,
,,4,2025-05-27 20:50:01,-67,A648A0E7,8944,,,520A3C5C,
,,3,2025-05-27 20:50:01,-75,59FE8D30,37176,,,520A3C5C,
,,4,2025-05-27 20:50:01,-75,59FE8D30,37176,,,520A3C5C,
,,2,2025-05-27 20:50:01,-75,59FE8D30,37176,,,520A3C5C,
,,5,2025-05-27 20:50:01,-75,59FE8D30,37176,,,520A3C5C,
,,2,2025-05-27 20:50:02,-72,D7510A57,2478,,,520A3C5C,
,,2,2025-05-27 20:50:02,-70,367E0F4A,2765,,,520A3C5C,
,,5,2025-05-27 20:50:02,-70,367E0F4A,2765,,,520A3C5C,
,,3,2025-05-27 20:50:02,-70,367E0F4A,2765,,,520A3C5C,
,,4,2025-05-27 20:50:02,-70,367E0F4A,2765,,,520A3C5C,
,,4,2025-05-27 20:50:02,-76,13323C65,58233,,,520A3C5C,
,,2,2025-05-27 20:50:02,-76,13323C65,58233,,,520A3C5C,
,,5,2025-05-27 20:50:02,-76,13323C65,58233,,,520A3C5C,
,,4,2025-05-27 20:50:02,-79,E85FB74C,49922,,,520A3C5C,
,,1,2025-05-27 20:50:02,-79,E85FB74C,49922,,,520A3C5C,
,,2,2025-05-27 20:50:02,-79,E85FB74C,49922,,,520A3C5C,
,,5,2025-05-27 20:50:02,-79,E85FB74C,49922,,,520A3C5C,
,,3,2025-05-27 20:50:02,-79,E85FB74C,49922,,,520A3C5C,
,,4,2025-05-27 20:49:49,-69,D7510A57,31375,,,4D64B5B5,
,,1,2025-05-27 20:49:49,-69,D7510A57,31375,,,4D64B5B5,
,,4,2025-05-27 20:50:03,-71,07F9389E,17773,,,520A3C5C,
,,2,2025-05-27 20:50:03,-71,07F9389E,17773,,,520A3C5C,
,,3,2025-05-27 20:50:03,-71,07F9389E,17773,,,520A3C5C,
,,5,2025-05-27 20:50:03,-71,07F9389E,17773,,,520A3C5C,
,,4,2025-05-27 20:50:03,-75,A648A0E7,51177,,,520A3C5C,
,,2,2025-05-27 20:50:03,-75,A648A0E7,51177,,,520A3C5C,
,,5,2025-05-27 20:50:03,-75,A648A0E7,51177,,,520A3C5C,
,,3,2025-05-27 20:50:03,-75,A648A0E7,51177,,,520A3C5C,
,,4,2025-05-27 20:49:49,-77,5504D31A,19467,,,4D64B5B5,
,,1,2025-05-27 20:49:49,-77,5504D31A,19467,,,4D64B5B5,
,,5,2025-05-27 20:50:04,-68,A648A0E7,15859,,,520A3C5C,
,,3,2025-05-27 20:50:04,-68,A648A0E7,15859,,,520A3C5C,
,,4,2025-05-27 20:50:04,-68,A648A0E7,15859,,,520A3C5C,
,,2,2025-05-27 20:50:04,-68,A648A0E7,15859,,,520A3C5C,
,,1,2025-05-27 20:50:04,-68,A648A0E7,15859,,,520A3C5C,
,,4,2025-05-27 20:50:05,-70,D7510A57,50866,,,520A3C5C,
,,2,2025-05-27 20:50:05,-70,D7510A57,50866,,,520A3C5C,
,,5,2025-05-27 20:50:05,-70,D7510A57,50866,,,520A3C5C,
,,1,2025-05-27 20:50:05,-70,D7510A57,50866,,,520A3C5C,
,,3,2025-05-27 20:50:05,-70,D7510A57,50866,,,520A3C5C,
,,4,2025-05-27 20:50:06,-69,D7510A57,25965,,,520A3C5C,
,,2,2025-05-27 20:50:06,-69,D7510A57,25965,,,520A3C5C,
,,5,2025-05-27 20:50:06,-69,D7510A57,25965,,,520A3C5C,
,,3,2025-05-27 20:50:06,-69,D7510A57,25965,,,520A3C5C,
,,5,2025-05-27 20:50:06,-71,367E0F4A,16381,,,520A3C5C,
,,2,2025-05-27 20:50:07,-68,870614B1,4091,,,520A3C5C,
,,5,2025-05-27 20:50:07,-68,870614B1,4091,,,520A3C5C,
,,1,2025-05-27 20:50:07,-68,870614B1,4091,,,520A3C5C,
,,3,2025-05-27 20:50:07,-68,870614B1,4091,,,520A3C5C,
,,4,2025-05-27 20:50:07,-68,870614B1,4091,,,520A3C5C,
,,2,2025-05-27 20:50:07,-71,367E0F4A,52473,,,520A3C5C,
,,5,2025-05-27 20:50:07,-71,367E0F4A,52473,,,520A3C5C,
,,2,2025-05-27 20:50:07,-72,A648A0E7,38094,,,520A3C5C,
,,4,2025-05-27 20:50:07,-72,A648A0E7,38094,,,520A3C5C,
,,5,2025-05-27 20:50:07,-72,A648A0E7,38094,,,520A3C5C,
,,1,2025-05-27 20:50:07,-72,A648A0E7,38094,,,520A3C5C,
,,3,2025-05-27 20:50:07,-72,A648A0E7,38094,,,520A3C5C,
,,1,2025-05-27 20:49:50,-76,A648A0E7,11184,,,4D64B5B5,
,,2,2025-05-27 20:50:08,-70,D7510A57,48755,,,520A3C5C,
,,5,2025-05-27 20:50:08,-70,D7510A57,48755,,,520A3C5C,
,,1,2025-05-27 20:49:50,-82,23D9727E,36288,,,4D64B5B5,
,,2,2025-05-27 20:50:08,-75,0000006E,3361,,,520A3C5C,
,,5,2025-05-27 20:50:08,-75,0000006E,3361,,,520A3C5C,
,,4,2025-05-27 20:49:41,-78,367E0F4A,21116,,,CB4A1EAE,
,,1,2025-05-27 20:49:41,-78,367E0F4A,21116,,,CB4A1EAE,
,,3,2025-05-27 20:50:09,-83,19836CFF,36989,,,520A3C5C,
,,5,2025-05-27 20:50:09,-83,19836CFF,36989,,,520A3C5C,
,,1,2025-05-27 20:50:09,-75,59FE8D30,7964,,,520A3C5C,
,,3,2025-05-27 20:50:09,-75,59FE8D30,7964,,,520A3C5C,
,,2,2025-05-27 20:50:09,-75,59FE8D30,7964,,,520A3C5C,
,,4,2025-05-27 20:50:09,-75,59FE8D30,7964,,,520A3C5C,
,,5,2025-05-27 20:50:09,-75,59FE8D30,7964,,,520A3C5C,
,,4,2025-05-27 20:49:53,-78,59FE8D30,32888,,,4D64B5B5,
,,1,2025-05-27 20:49:53,-78,59FE8D30,32888,,,4D64B5B5,
,,1,2025-05-27 20:49:42,-81,59FE8D30,23634,,,CB4A1EAE,
,,3,2025-05-27 20:50:10,-67,D7510A57,7385,,,520A3C5C,
,,2,2025-05-27 20:50:10,-67,D7510A57,7385,,,520A3C5C,
,,1,2025-05-27 20:49:44,-82,0000006E,3425,,,CB4A1EAE,
,,4,2025-05-27 20:49:44,-82,0000006E,3425,,,CB4A1EAE,
,,4,2025-05-27 20:49:46,-86,81D187E3,46001,,,CB4A1EAE,
,,1,2025-05-27 20:49:46,-86,81D187E3,46001,,,CB4A1EAE,
,,1,2025-05-27 20:50:10,-70,13323C65,33352,,,520A3C5C,
,,5,2025-05-27 20:50:10,-70,13323C65,33352,,,520A3C5C,
,,3,2025-05-27 20:50:10,-70,13323C65,33352,,,520A3C5C,
,,4,2025-05-27 20:50:10,-70,13323C65,33352,,,520A3C5C,
,,2,2025-05-27 20:50:10,-70,13323C65,33352,,,520A3C5C,
,,4,2025-05-27 20:49:54,-76,A648A0E7,11602,,,4D64B5B5,
,,1,2025-05-27 20:49:54,-76,A648A0E7,11602,,,4D64B5B5,
,,4,2025-05-27 20:49:46,-78,367E0F4A,42622,,,CB4A1EAE,
,,1,2025-05-27 20:49:46,-78,367E0F4A,42622,,,CB4A1EAE,
,,2,2025-05-27 20:50:10,-71,59FE8D30,36535,,,520A3C5C,
,,4,2025-05-27 20:50:10,-71,59FE8D30,36535,,,520A3C5C,
,,5,2025-05-27 20:50:10,-71,59FE8D30,36535,,,520A3C5C,
,,3,2025-05-27 20:50:10,-71,59FE8D30,36535,,,520A3C5C,
,,1,2025-05-27 20:50:10,-71,59FE8D30,36535,,,520A3C5C,
,,1,2025-05-27 20:49:55,-71,D7510A57,58211,,,4D64B5B5,
,,4,2025-05-27 20:49:55,-71,D7510A57,58211,,,4D64B5B5,
,,4,2025-05-27 20:49:55,-72,367E0F4A,31367,,,4D64B5B5,
,,1,2025-05-27 20:49:55,-72,367E0F4A,31367,,,4D64B5B5,
,,1,2025-05-27 20:49:46,-85,870614B1,55021,,,CB4A1EAE,
,,1,2025-05-27 20:49:49,-83,5504D31A,19467,,,CB4A1EAE,
,,4,2025-05-27 20:49:49,-83,5504D31A,19467,,,CB4A1EAE,
,,4,2025-05-27 20:49:49,-77,367E0F4A,20118,,,CB4A1EAE,
,,1,2025-05-27 20:49:49,-77,367E0F4A,20118,,,CB4A1EAE,
,,4,2025-05-27 20:49:57,-71,367E0F4A,8365,,,4D64B5B5,
,,1,2025-05-27 20:49:57,-71,367E0F4A,8365,,,4D64B5B5,
,,1,2025-05-27 20:49:50,-74,D7510A57,19102,,,CB4A1EAE,
,,4,2025-05-27 20:49:50,-74,D7510A57,19102,,,CB4A1EAE,
,,1,2025-05-27 20:49:57,-85,13323C65,25809,,,4D64B5B5,
,,4,2025-05-27 20:49:57,-85,13323C65,25809,,,4D64B5B5,
,,1,2025-05-27 20:49:58,-77,59FE8D30,56156,,,4D64B5B5,
,,4,2025-05-27 20:49:58,-77,59FE8D30,56156,,,4D64B5B5,
,,4,2025-05-27 20:49:51,-73,D7510A57,27095,,,CB4A1EAE,
,,1,2025-05-27 20:49:51,-73,D7510A57,27095,,,CB4A1EAE,
,,1,2025-05-27 20:49:58,-73,81D187E3,40253,,,4D64B5B5,
,,1,2025-05-27 20:49:59,-80,13323C65,53829,,,4D64B5B5,
,,4,2025-05-27 20:49:59,-80,13323C65,53829,,,4D64B5B5,
,,4,2025-05-27 20:49:53,-74,D7510A57,63155,,,CB4A1EAE,
,,1,2025-05-27 20:49:53,-74,D7510A57,63155,,,CB4A1EAE,
,,1,2025-05-27 20:49:54,-79,367E0F4A,54809,,,CB4A1EAE,
,,4,2025-05-27 20:49:54,-79,367E0F4A,54809,,,CB4A1EAE,
,,4,2025-05-27 20:49:55,-74,D7510A57,58211,,,CB4A1EAE,
,,1,2025-05-27 20:49:55,-74,D7510A57,58211,,,CB4A1EAE,
,,1,2025-05-27 20:50:04,-69,D7510A57,29115,,,4D64B5B5,
,,4,2025-05-27 20:50:04,-69,D7510A57,29115,,,4D64B5B5,
,,4,2025-05-27 20:50:04,-74,A648A0E7,15859,,,4D64B5B5,
,,1,2025-05-27 20:50:04,-74,A648A0E7,15859,,,4D64B5B5,
,,1,2025-05-27 20:49:58,-81,59FE8D30,23348,,,CB4A1EAE,
,,1,2025-05-27 20:50:07,-71,D7510A57,31135,,,4D64B5B5,
,,4,2025-05-27 20:50:07,-71,D7510A57,31135,,,4D64B5B5,
,,1,2025-05-27 20:49:59,-78,367E0F4A,31588,,,CB4A1EAE,
,,4,2025-05-27 20:49:59,-78,367E0F4A,31588,,,CB4A1EAE,
,,4,2025-05-27 20:50:07,-80,870614B1,4091,,,4D64B5B5,
,,1,2025-05-27 20:50:07,-80,870614B1,4091,,,4D64B5B5,
,,1,2025-05-27 20:50:08,-71,D7510A57,48755,,,4D64B5B5,
,,1,2025-05-27 20:50:04,-85,81D187E3,2333,,,CB4A1EAE,
,,4,2025-05-27 20:50:04,-85,81D187E3,2333,,,CB4A1EAE,
,,1,2025-05-27 20:50:10,-77,59FE8D30,36535,,,4D64B5B5,
,,4,2025-05-27 20:50:10,-77,59FE8D30,36535,,,4D64B5B5,
,,4,2025-05-27 20:50:04,-81,367E0F4A,39644,,,CB4A1EAE,
,,1,2025-05-27 20:50:04,-81,367E0F4A,39644,,,CB4A1EAE,
,,1,2025-05-27 20:50:11,-80,59FE8D30,30349,,,4D64B5B5,
,,4,2025-05-27 20:50:11,-80,59FE8D30,30349,,,4D64B5B5,
,,1,2025-05-27 20:50:05,-82,A648A0E7,45589,,,CB4A1EAE,
,,4,2025-05-27 20:50:05,-82,A648A0E7,45589,,,CB4A1EAE,
,,4,2025-05-27 20:50:08,-82,0000006E,3361,,,CB4A1EAE,
,,1,2025-05-27 20:50:08,-82,0000006E,3361,,,CB4A1EAE,
,,1,2025-05-27 20:50:12,-77,A648A0E7,54729,,,CB4A1EAE,
,,4,2025-05-27 20:50:12,-77,A648A0E7,54729,,,CB4A1EAE,
,,1,2025-05-27 20:50:14,-81,A648A0E7,50443,,,CB4A1EAE,
,,4,2025-05-27 20:50:14,-81,A648A0E7,50443,,,CB4A1EAE,
,,4,2025-05-27 20:50:13,-80,59FE8D30,17936,,,4D64B5B5,
,,1,2025-05-27 20:50:13,-80,59FE8D30,17936,,,4D64B5B5,
,,1,2025-05-27 20:50:14,-73,81D187E3,53277,,,4D64B5B5,
,,4,2025-05-27 20:50:14,-73,81D187E3,53277,,,4D64B5B5,
,,1,2025-05-27 20:50:16,-82,A648A0E7,3427,,,4D64B5B5,
,,4,2025-05-27 20:50:16,-82,A648A0E7,3427,,,4D64B5B5,
,,1,2025-05-27 20:50:17,-79,81D187E3,19725,,,4D64B5B5,
,,4,2025-05-27 20:50:17,-79,81D187E3,19725,,,4D64B5B5,
,,4,2025-05-27 20:50:18,-71,D7510A57,23856,,,4D64B5B5,
,,1,2025-05-27 20:50:18,-71,D7510A57,23856,,,4D64B5B5,
,,1,2025-05-27 20:50:20,-80,13323C65,18956,,,4D64B5B5,
,,4,2025-05-27 20:50:20,-80,13323C65,18956,,,4D64B5B5,
,,4,2025-05-27 20:50:21,-78,59FE8D30,4170,,,4D64B5B5,
,,1,2025-05-27 20:50:21,-78,59FE8D30,4170,,,4D64B5B5,
,,4,2025-05-27 20:50:22,-69,D7510A57,51979,,,4D64B5B5,
,,4,2025-05-27 20:50:23,-78,59FE8D30,59108,,,4D64B5B5,
,,1,2025-05-27 20:50:23,-78,59FE8D30,59108,,,4D64B5B5,
,,1,2025-05-27 20:50:23,-70,367E0F4A,54151,,,4D64B5B5,
,,4,2025-05-27 20:50:23,-70,367E0F4A,54151,,,4D64B5B5,
,,4,2025-05-27 20:50:24,-86,E2A807D7,42483,,,4D64B5B5,
,,1,2025-05-27 20:50:24,-86,E2A807D7,42483,,,4D64B5B5,
,,4,2025-05-27 20:50:24,-72,D7510A57,17152,,,4D64B5B5,
,,1,2025-05-27 20:50:24,-72,D7510A57,17152,,,4D64B5B5,
,,1,2025-05-27 20:50:25,-77,59FE8D30,31100,,,4D64B5B5,
,,4,2025-05-27 20:50:25,-77,59FE8D30,31100,,,4D64B5B5,
,,1,2025-05-27 20:50:26,-78,81D187E3,59185,,,4D64B5B5,
,,4,2025-05-27 20:50:26,-78,81D187E3,59185,,,4D64B5B5,
,,4,2025-05-27 20:50:26,-71,D7510A57,50447,,,4D64B5B5,
,,1,2025-05-27 20:50:26,-71,D7510A57,50447,,,4D64B5B5,
,,1,2025-05-27 20:50:26,-75,A648A0E7,15147,,,4D64B5B5,
,,4,2025-05-27 20:50:27,-71,367E0F4A,51706,,,4D64B5B5,
,,1,2025-05-27 20:50:27,-71,367E0F4A,51706,,,4D64B5B5,
,,4,2025-05-27 20:50:27,-80,13323C65,60739,,,4D64B5B5,
,,1,2025-05-27 20:50:27,-80,13323C65,60739,,,4D64B5B5,
,,4,2025-05-27 20:50:30,-72,D7510A57,33869,,,4D64B5B5,
,,1,2025-05-27 20:50:30,-72,D7510A57,33869,,,4D64B5B5,
,,4,2025-05-27 20:50:31,-80,13323C65,27821,,,4D64B5B5,
,,1,2025-05-27 20:50:31,-80,13323C65,27821,,,4D64B5B5,
,,4,2025-05-27 20:50:31,-77,59FE8D30,42327,,,4D64B5B5,
,,1,2025-05-27 20:50:31,-77,59FE8D30,42327,,,4D64B5B5,
,,3,2025-05-27 20:50:06,-82,367E0F4A,16381,,,9CC5DC79,
,,1,2025-05-27 20:50:06,-82,367E0F4A,16381,,,9CC5DC79,
,,5,2025-05-27 20:50:06,-82,367E0F4A,16381,,,9CC5DC79,
,,4,2025-05-27 20:50:06,-82,367E0F4A,16381,,,9CC5DC79,
,,5,2025-05-27 20:50:07,-79,A648A0E7,38094,,,9CC5DC79,
,,2,2025-05-27 20:50:08,-71,367E0F4A,42495,,,9CC5DC79,
,,3,2025-05-27 20:50:08,-71,367E0F4A,42495,,,9CC5DC79,
,,5,2025-05-27 20:50:08,-71,367E0F4A,42495,,,9CC5DC79,
,,1,2025-05-27 20:50:08,-71,367E0F4A,42495,,,9CC5DC79,
,,4,2025-05-27 20:50:08,-71,367E0F4A,42495,,,9CC5DC79,
,,5,2025-05-27 20:50:10,-77,D7510A57,7385,,,9CC5DC79,
,,4,2025-05-27 20:50:10,-72,870614B1,38781,,,9CC5DC79,
,,2,2025-05-27 20:50:10,-72,870614B1,38781,,,9CC5DC79,
,,5,2025-05-27 20:50:10,-72,870614B1,38781,,,9CC5DC79,
,,1,2025-05-27 20:50:10,-72,870614B1,38781,,,9CC5DC79,
,,3,2025-05-27 20:50:10,-72,870614B1,38781,,,9CC5DC79,
,,5,2025-05-27 20:50:10,-80,59FE8D30,36535,,,9CC5DC79,
,,3,2025-05-27 20:50:13,-79,13323C65,59287,,,9CC5DC79,
,,5,2025-05-27 20:50:13,-79,13323C65,59287,,,9CC5DC79,
,,4,2025-05-27 20:50:13,-79,13323C65,59287,,,9CC5DC79,
,,1,2025-05-27 20:50:13,-79,13323C65,59287,,,9CC5DC79,
,,2,2025-05-27 20:50:13,-79,13323C65,59287,,,9CC5DC79,
,,3,2025-05-27 20:50:14,-83,367E0F4A,14212,,,9CC5DC79,
,,5,2025-05-27 20:50:14,-83,367E0F4A,14212,,,9CC5DC79,
,,1,2025-05-27 20:50:14,-83,367E0F4A,14212,,,9CC5DC79,
,,4,2025-05-27 20:50:14,-83,367E0F4A,14212,,,9CC5DC79,
,,2,2025-05-27 20:50:14,-83,367E0F4A,14212,,,9CC5DC79,
,,1,2025-05-27 20:50:16,-75,A648A0E7,3427,,,9CC5DC79,
,,4,2025-05-27 20:50:16,-75,A648A0E7,3427,,,9CC5DC79,
,,5,2025-05-27 20:50:16,-75,A648A0E7,3427,,,9CC5DC79,
,,3,2025-05-27 20:50:16,-75,A648A0E7,3427,,,9CC5DC79,
,,2,2025-05-27 20:50:16,-71,367E0F4A,53122,,,9CC5DC79,
,,5,2025-05-27 20:50:16,-71,367E0F4A,53122,,,9CC5DC79,
,,3,2025-05-27 20:50:16,-71,367E0F4A,53122,,,9CC5DC79,
,,4,2025-05-27 20:50:16,-71,367E0F4A,53122,,,9CC5DC79,
,,1,2025-05-27 20:50:16,-71,367E0F4A,53122,,,9CC5DC79,
,,5,2025-05-27 20:50:16,-82,81D187E3,19725,,,9CC5DC79,
,,3,2025-05-27 20:50:16,-82,81D187E3,19725,,,9CC5DC79,
,,5,2025-05-27 20:50:17,-71,367E0F4A,6895,,,9CC5DC79,
,,3,2025-05-27 20:50:17,-71,367E0F4A,6895,,,9CC5DC79,
,,4,2025-05-27 20:50:17,-71,367E0F4A,6895,,,9CC5DC79,
,,1,2025-05-27 20:50:17,-71,367E0F4A,6895,,,9CC5DC79,
,,2,2025-05-27 20:50:17,-71,367E0F4A,6895,,,9CC5DC79,
,,2,2025-05-27 20:50:17,-79,23D9727E,38056,,,9CC5DC79,
,,5,2025-05-27 20:50:17,-79,23D9727E,38056,,,9CC5DC79,
,,4,2025-05-27 20:50:17,-79,23D9727E,38056,,,9CC5DC79,
,,1,2025-05-27 20:50:17,-79,23D9727E,38056,,,9CC5DC79,
,,3,2025-05-27 20:50:17,-79,23D9727E,38056,,,9CC5DC79,
,,5,2025-05-27 20:50:18,-79,13323C65,51605,,,9CC5DC79,
,,3,2025-05-27 20:50:19,-80,D7510A57,49512,,,9CC5DC79,
,,5,2025-05-27 20:50:19,-80,D7510A57,49512,,,9CC5DC79,
,,1,2025-05-27 20:50:19,-80,D7510A57,49512,,,9CC5DC79,
,,4,2025-05-27 20:50:19,-80,D7510A57,49512,,,9CC5DC79,
,,2,2025-05-27 20:50:19,-80,D7510A57,49512,,,9CC5DC79,
,,3,2025-05-27 20:50:19,-75,A648A0E7,20363,,,9CC5DC79,
,,1,2025-05-27 20:50:19,-75,A648A0E7,20363,,,9CC5DC79,
,,4,2025-05-27 20:50:19,-75,A648A0E7,20363,,,9CC5DC79,
,,2,2025-05-27 20:50:19,-75,A648A0E7,20363,,,9CC5DC79,
,,5,2025-05-27 20:50:19,-75,A648A0E7,20363,,,9CC5DC79,
,,4,2025-05-27 20:50:19,-72,367E0F4A,36327,,,9CC5DC79,
,,2,2025-05-27 20:50:19,-72,367E0F4A,36327,,,9CC5DC79,
,,3,2025-05-27 20:50:19,-72,367E0F4A,36327,,,9CC5DC79,
,,5,2025-05-27 20:50:19,-72,367E0F4A,36327,,,9CC5DC79,
,,1,2025-05-27 20:50:19,-72,367E0F4A,36327,,,9CC5DC79,
,,2,2025-05-27 20:50:19,-77,59FE8D30,56907,,,9CC5DC79,
,,3,2025-05-27 20:50:20,-84,D7510A57,48947,,,9CC5DC79,
,,5,2025-05-27 20:50:20,-84,D7510A57,48947,,,9CC5DC79,
,,2,2025-05-27 20:50:20,-84,D7510A57,48947,,,9CC5DC79,
,,1,2025-05-27 20:50:20,-84,D7510A57,48947,,,9CC5DC79,
,,4,2025-05-27 20:50:20,-84,D7510A57,48947,,,9CC5DC79,
,,5,2025-05-27 20:50:20,-77,0000006E,11839,,,9CC5DC79,
,,2,2025-05-27 20:50:20,-77,0000006E,11839,,,9CC5DC79,
,,2,2025-05-27 20:50:20,-73,13323C65,31327,,,9CC5DC79,
,,5,2025-05-27 20:50:21,-81,367E0F4A,26460,,,9CC5DC79,
,,2,2025-05-27 20:50:21,-81,367E0F4A,26460,,,9CC5DC79,
,,5,2025-05-27 20:50:23,-79,0000006E,26860,,,9CC5DC79,
,,2,2025-05-27 20:50:23,-79,0000006E,26860,,,9CC5DC79,
,,1,2025-05-27 20:50:23,-79,0000006E,26860,,,9CC5DC79,
,,4,2025-05-27 20:50:23,-79,0000006E,26860,,,9CC5DC79,
,,3,2025-05-27 20:50:23,-79,0000006E,26860,,,9CC5DC79,
,,4,2025-05-27 20:50:23,-72,367E0F4A,54151,,,9CC5DC79,
,,1,2025-05-27 20:50:23,-72,367E0F4A,54151,,,9CC5DC79,
,,3,2025-05-27 20:50:23,-72,367E0F4A,54151,,,9CC5DC79,
,,5,2025-05-27 20:50:23,-72,367E0F4A,54151,,,9CC5DC79,
,,2,2025-05-27 20:50:23,-79,13323C65,35327,,,9CC5DC79,
,,1,2025-05-27 20:50:23,-79,13323C65,35327,,,9CC5DC79,
,,3,2025-05-27 20:50:23,-79,13323C65,35327,,,9CC5DC79,
,,4,2025-05-27 20:50:23,-79,13323C65,35327,,,9CC5DC79,
,,5,2025-05-27 20:50:23,-79,13323C65,35327,,,9CC5DC79,
,,1,2025-05-27 20:50:26,-83,81D187E3,59185,,,9CC5DC79,
,,3,2025-05-27 20:50:26,-83,81D187E3,59185,,,9CC5DC79,
,,4,2025-05-27 20:50:26,-83,81D187E3,59185,,,9CC5DC79,
,,5,2025-05-27 20:50:26,-83,81D187E3,59185,,,9CC5DC79,
,,5,2025-05-27 20:50:27,-79,D7510A57,28293,,,9CC5DC79,
,,4,2025-05-27 20:50:27,-71,367E0F4A,131,,,9CC5DC79,
,,5,2025-05-27 20:50:27,-71,367E0F4A,131,,,9CC5DC79,
,,2,2025-05-27 20:50:27,-71,367E0F4A,131,,,9CC5DC79,
,,3,2025-05-27 20:50:27,-71,367E0F4A,131,,,9CC5DC79,
,,1,2025-05-27 20:50:27,-71,367E0F4A,131,,,9CC5DC79,
,,5,2025-05-27 20:50:28,-72,367E0F4A,15096,,,9CC5DC79,
,,5,2025-05-27 20:50:29,-78,D7510A57,2609,,,9CC5DC79,
,,1,2025-05-27 20:50:29,-81,59FE8D30,24677,,,9CC5DC79,
,,4,2025-05-27 20:50:29,-81,59FE8D30,24677,,,9CC5DC79,
,,5,2025-05-27 20:50:29,-81,59FE8D30,24677,,,9CC5DC79,
,,2,2025-05-27 20:50:29,-81,59FE8D30,24677,,,9CC5DC79,
,,3,2025-05-27 20:50:29,-81,59FE8D30,24677,,,9CC5DC79,
,,5,2025-05-27 20:50:29,-79,A648A0E7,33479,,,9CC5DC79,
,,3,2025-05-27 20:50:30,-71,367E0F4A,38202,,,9CC5DC79,
,,5,2025-05-27 20:50:30,-71,367E0F4A,38202,,,9CC5DC79,
,,1,2025-05-27 20:50:30,-71,367E0F4A,38202,,,9CC5DC79,
,,4,2025-05-27 20:50:30,-71,367E0F4A,38202,,,9CC5DC79,
,,2,2025-05-27 20:50:31,-82,81D187E3,3888,,,9CC5DC79,
,,4,2025-05-27 20:50:31,-82,81D187E3,3888,,,9CC5DC79,
,,3,2025-05-27 20:50:31,-82,81D187E3,3888,,,9CC5DC79,
,,1,2025-05-27 20:50:31,-82,81D187E3,3888,,,9CC5DC79,
,,5,2025-05-27 20:50:31,-82,81D187E3,3888,,,9CC5DC79,
,,3,2025-05-27 20:50:31,-70,367E0F4A,64368,,,9CC5DC79,
,,2,2025-05-27 20:50:31,-70,367E0F4A,64368,,,9CC5DC79,
,,5,2025-05-27 20:50:31,-70,367E0F4A,64368,,,9CC5DC79,
,,1,2025-05-27 20:50:31,-70,367E0F4A,64368,,,9CC5DC79,
,,4,2025-05-27 20:50:31,-70,367E0F4A,64368,,,9CC5DC79,
,,5,2025-05-27 20:50:32,-80,A648A0E7,38856,,,9CC5DC79,
,,2,2025-05-27 20:50:33,-75,A648A0E7,30995,,,9CC5DC79,
,,3,2025-05-27 20:50:33,-75,A648A0E7,30995,,,9CC5DC79,
,,5,2025-05-27 20:50:33,-75,A648A0E7,30995,,,9CC5DC79,
,,1,2025-05-27 20:50:33,-75,A648A0E7,30995,,,9CC5DC79,
,,4,2025-05-27 20:50:33,-75,A648A0E7,30995,,,9CC5DC79,
,,5,2025-05-27 20:50:34,-72,367E0F4A,8991,,,9CC5DC79,
,,5,2025-05-27 20:50:34,-77,59FE8D30,39176,,,9CC5DC79,
,,1,2025-05-27 20:50:34,-77,59FE8D30,39176,,,9CC5DC79,
,,4,2025-05-27 20:50:34,-77,59FE8D30,39176,,,9CC5DC79,
,,2,2025-05-27 20:50:34,-77,59FE8D30,39176,,,9CC5DC79,
,,3,2025-05-27 20:50:34,-77,59FE8D30,39176,,,9CC5DC79,
,,5,2025-05-27 20:50:37,-72,367E0F4A,59172,,,9CC5DC79,
,,5,2025-05-27 20:50:37,-78,13323C65,21133,,,9CC5DC79,
,,3,2025-05-27 20:50:37,-78,13323C65,21133,,,9CC5DC79,
,,1,2025-05-27 20:50:37,-78,13323C65,21133,,,9CC5DC79,
,,4,2025-05-27 20:50:37,-78,13323C65,21133,,,9CC5DC79,
,,5,2025-05-27 20:50:37,-83,59FE8D30,61839,,,9CC5DC79,
,,3,2025-05-27 20:50:38,-81,367E0F4A,61541,,,9CC5DC79,
,,5,2025-05-27 20:50:38,-81,367E0F4A,61541,,,9CC5DC79,
,,1,2025-05-27 20:50:38,-81,367E0F4A,61541,,,9CC5DC79,
,,4,2025-05-27 20:50:38,-81,367E0F4A,61541,,,9CC5DC79,
,,2,2025-05-27 20:50:38,-81,367E0F4A,61541,,,9CC5DC79,
,,2,2025-05-27 20:50:38,-83,59FE8D30,17761,,,9CC5DC79,
,,3,2025-05-27 20:50:38,-83,59FE8D30,17761,,,9CC5DC79,
,,5,2025-05-27 20:50:38,-83,59FE8D30,17761,,,9CC5DC79,
                                                                                                                                                                                                                                                                                                                                                                                                                                                                                                                                                                                                                                                                                                                                                                                                                                                                                                                                                                                                                                                                                                                                                          